dataset,image_path,filename,split,class_name,sha256,duplicate_group_size,splits_involved,classes_involved,is_new_image,risk
model1_expanded,data/processed/model1_expanded/train/capsicum/031cdbf09b_bell_pepper_blossom_end_rot_Bing_0053.jpg,031cdbf09b_bell_pepper_blossom_end_rot_Bing_0053.jpg,train,capsicum__031cdbf09b_bell_pepper_blossom_end_rot_Bing_0053.jpg,031cdbf09b1d98ddbd660b8036c81b4cf61c0d1d84f46de162fc0f9d00b9f7a9,2,train+val,capsicum__031cdbf09b_bell_pepper_blossom_end_rot_Bing_0053.jpg+capsicum__capsicum_031cdbf09b_capsicum_fruit_diseased_007237.jpg,True,MEDIUM_VAL_TRAIN_LEAKAGE
model1_expanded,data/processed/model1_expanded/val/capsicum/capsicum_031cdbf09b_capsicum_fruit_diseased_007237.jpg,capsicum_031cdbf09b_capsicum_fruit_diseased_007237.jpg,val,capsicum__capsicum_031cdbf09b_capsicum_fruit_diseased_007237.jpg,031cdbf09b1d98ddbd660b8036c81b4cf61c0d1d84f46de162fc0f9d00b9f7a9,2,train+val,capsicum__031cdbf09b_bell_pepper_blossom_end_rot_Bing_0053.jpg+capsicum__capsicum_031cdbf09b_capsicum_fruit_diseased_007237.jpg,False,MEDIUM_VAL_TRAIN_LEAKAGE
model1_expanded,data/processed/model1_expanded/train/capsicum/0719afd06e_bell_pepper_blossom_end_rot_Bing_0127.jpg,0719afd06e_bell_pepper_blossom_end_rot_Bing_0127.jpg,train,capsicum__0719afd06e_bell_pepper_blossom_end_rot_Bing_0127.jpg,0719afd06eab19018105f5da664e5c51f046672da1e8c6b3d8487786d3e87ad6,2,train,capsicum__0719afd06e_bell_pepper_blossom_end_rot_Bing_0127.jpg+capsicum__capsicum_0719afd06e_capsicum_fruit_diseased_006745.jpg,True,LOW_INTRA_SPLIT_DUPLICATE
model1_expanded,data/processed/model1_expanded/train/capsicum/capsicum_0719afd06e_capsicum_fruit_diseased_006745.jpg,capsicum_0719afd06e_capsicum_fruit_diseased_006745.jpg,train,capsicum__capsicum_0719afd06e_capsicum_fruit_diseased_006745.jpg,0719afd06eab19018105f5da664e5c51f046672da1e8c6b3d8487786d3e87ad6,2,train,capsicum__0719afd06e_bell_pepper_blossom_end_rot_Bing_0127.jpg+capsicum__capsicum_0719afd06e_capsicum_fruit_diseased_006745.jpg,False,LOW_INTRA_SPLIT_DUPLICATE
model1_expanded,data/processed/model1_expanded/train/capsicum/10f91d6568_bell_pepper_powdery_mildew_Bing_0033.jpg,10f91d6568_bell_pepper_powdery_mildew_Bing_0033.jpg,train,capsicum__10f91d6568_bell_pepper_powdery_mildew_Bing_0033.jpg,10f91d65688f178a4c8b9b0453b9eb5ec401e20a4e5bcbba7300989a171d4101,2,train,capsicum__10f91d6568_bell_pepper_powdery_mildew_Bing_0033.jpg+capsicum__capsicum_10f91d6568_capsicum_leaves_diseased_007346.jpg,True,LOW_INTRA_SPLIT_DUPLICATE
model1_expanded,data/processed/model1_expanded/train/capsicum/capsicum_10f91d6568_capsicum_leaves_diseased_007346.jpg,capsicum_10f91d6568_capsicum_leaves_diseased_007346.jpg,train,capsicum__capsicum_10f91d6568_capsicum_leaves_diseased_007346.jpg,10f91d65688f178a4c8b9b0453b9eb5ec401e20a4e5bcbba7300989a171d4101,2,train,capsicum__10f91d6568_bell_pepper_powdery_mildew_Bing_0033.jpg+capsicum__capsicum_10f91d6568_capsicum_leaves_diseased_007346.jpg,False,LOW_INTRA_SPLIT_DUPLICATE
model1_expanded,data/processed/model1_expanded/test/capsicum/capsicum_10f9e56731_capsicum_fruit_diseased_006621.jpg,capsicum_10f9e56731_capsicum_fruit_diseased_006621.jpg,test,capsicum__capsicum_10f9e56731_capsicum_fruit_diseased_006621.jpg,10f9e56731bf2486ad51b2e1ca868f9ea6d9995262a31dc25add74b50ee26189,2,test+train,capsicum__capsicum_10f9e56731_capsicum_fruit_diseased_006621.jpg+capsicum__ps_bell_pepper_blossom_end_rot_Bing_0090.jpg,False,CRITICAL_TEST_TRAIN_LEAKAGE
model1_expanded,data/processed/model1_expanded/train/capsicum/ps_bell_pepper_blossom_end_rot_Bing_0090.jpg,ps_bell_pepper_blossom_end_rot_Bing_0090.jpg,train,capsicum__ps_bell_pepper_blossom_end_rot_Bing_0090.jpg,10f9e56731bf2486ad51b2e1ca868f9ea6d9995262a31dc25add74b50ee26189,2,test+train,capsicum__capsicum_10f9e56731_capsicum_fruit_diseased_006621.jpg+capsicum__ps_bell_pepper_blossom_end_rot_Bing_0090.jpg,True,CRITICAL_TEST_TRAIN_LEAKAGE
model1_expanded,data/processed/model1_expanded/train/tobacco/tabac263_jpg.rf.3a0490038dd6636b3f9ce18d76111a9a.jpg,tabac263_jpg.rf.3a0490038dd6636b3f9ce18d76111a9a.jpg,train,tobacco__tabac263_jpg.rf.3a0490038dd6636b3f9ce18d76111a9a.jpg,1923ee3033365a886cdd8d878493673a919869147a34ef75e57d9da90524fb84,2,train,tobacco__tabac263_jpg.rf.3a0490038dd6636b3f9ce18d76111a9a.jpg+tobacco__tabac263_jpg.rf.eaa99dfa9683f6db9c49ce4593383963.jpg,True,LOW_INTRA_SPLIT_DUPLICATE
model1_expanded,data/processed/model1_expanded/train/tobacco/tabac263_jpg.rf.eaa99dfa9683f6db9c49ce4593383963.jpg,tabac263_jpg.rf.eaa99dfa9683f6db9c49ce4593383963.jpg,train,tobacco__tabac263_jpg.rf.eaa99dfa9683f6db9c49ce4593383963.jpg,1923ee3033365a886cdd8d878493673a919869147a34ef75e57d9da90524fb84,2,train,tobacco__tabac263_jpg.rf.3a0490038dd6636b3f9ce18d76111a9a.jpg+tobacco__tabac263_jpg.rf.eaa99dfa9683f6db9c49ce4593383963.jpg,True,LOW_INTRA_SPLIT_DUPLICATE
model1_expanded,data/processed/model1_expanded/train/capsicum/1a8c4d788c_bell_pepper_frogeye_leaf_spot_Google_0049.jpg,1a8c4d788c_bell_pepper_frogeye_leaf_spot_Google_0049.jpg,train,capsicum__1a8c4d788c_bell_pepper_frogeye_leaf_spot_Google_0049.jpg,1a8c4d788ca718a8b781b904a41a42c2f598a2a9cd83db7c8706f0f4cb024681,2,train,capsicum__1a8c4d788c_bell_pepper_frogeye_leaf_spot_Google_0049.jpg+capsicum__capsicum_1a8c4d788c_capsicum_leaves_diseased_006297.jpg,True,LOW_INTRA_SPLIT_DUPLICATE
model1_expanded,data/processed/model1_expanded/train/capsicum/capsicum_1a8c4d788c_capsicum_leaves_diseased_006297.jpg,capsicum_1a8c4d788c_capsicum_leaves_diseased_006297.jpg,train,capsicum__capsicum_1a8c4d788c_capsicum_leaves_diseased_006297.jpg,1a8c4d788ca718a8b781b904a41a42c2f598a2a9cd83db7c8706f0f4cb024681,2,train,capsicum__1a8c4d788c_bell_pepper_frogeye_leaf_spot_Google_0049.jpg+capsicum__capsicum_1a8c4d788c_capsicum_leaves_diseased_006297.jpg,False,LOW_INTRA_SPLIT_DUPLICATE
model1_expanded,data/processed/model1_expanded/train/capsicum/1da0ce7e96_bell_pepper_blossom_end_rot_Bing_0036.jpg,1da0ce7e96_bell_pepper_blossom_end_rot_Bing_0036.jpg,train,capsicum__1da0ce7e96_bell_pepper_blossom_end_rot_Bing_0036.jpg,1da0ce7e96d377820ee01937a6d53ecfe680be02d0c71b74d18c495abb38344f,2,train+val,capsicum__1da0ce7e96_bell_pepper_blossom_end_rot_Bing_0036.jpg+capsicum__capsicum_1da0ce7e96_capsicum_fruit_diseased_006885.jpg,True,MEDIUM_VAL_TRAIN_LEAKAGE
model1_expanded,data/processed/model1_expanded/val/capsicum/capsicum_1da0ce7e96_capsicum_fruit_diseased_006885.jpg,capsicum_1da0ce7e96_capsicum_fruit_diseased_006885.jpg,val,capsicum__capsicum_1da0ce7e96_capsicum_fruit_diseased_006885.jpg,1da0ce7e96d377820ee01937a6d53ecfe680be02d0c71b74d18c495abb38344f,2,train+val,capsicum__1da0ce7e96_bell_pepper_blossom_end_rot_Bing_0036.jpg+capsicum__capsicum_1da0ce7e96_capsicum_fruit_diseased_006885.jpg,False,MEDIUM_VAL_TRAIN_LEAKAGE
model1_expanded,data/processed/model1_expanded/train/capsicum/capsicum_1dde0429ab_capsicum_fruit_diseased_007094.jpg,capsicum_1dde0429ab_capsicum_fruit_diseased_007094.jpg,train,capsicum__capsicum_1dde0429ab_capsicum_fruit_diseased_007094.jpg,1dde0429abb0accfb172ffab144ada1d6dc8fb6f63975b22ac07b9e62df7e068,2,train,capsicum__capsicum_1dde0429ab_capsicum_fruit_diseased_007094.jpg+capsicum__ps_bell_pepper_blossom_end_rot_Bing_0133.jpg,False,LOW_INTRA_SPLIT_DUPLICATE
model1_expanded,data/processed/model1_expanded/train/capsicum/ps_bell_pepper_blossom_end_rot_Bing_0133.jpg,ps_bell_pepper_blossom_end_rot_Bing_0133.jpg,train,capsicum__ps_bell_pepper_blossom_end_rot_Bing_0133.jpg,1dde0429abb0accfb172ffab144ada1d6dc8fb6f63975b22ac07b9e62df7e068,2,train,capsicum__capsicum_1dde0429ab_capsicum_fruit_diseased_007094.jpg+capsicum__ps_bell_pepper_blossom_end_rot_Bing_0133.jpg,True,LOW_INTRA_SPLIT_DUPLICATE
model1_expanded,data/processed/model1_expanded/train/capsicum/ps_bell_pepper_frogeye_leaf_spot_Bing_0112.jpg,ps_bell_pepper_frogeye_leaf_spot_Bing_0112.jpg,train,capsicum__ps_bell_pepper_frogeye_leaf_spot_Bing_0112.jpg,1f019f956165be5724115357686bf9a426d3c0a80f66233d280dc990ef8d1b03,2,train+val,capsicum__capsicum_1f019f9561_capsicum_leaves_diseased_007327.jpg+capsicum__ps_bell_pepper_frogeye_leaf_spot_Bing_0112.jpg,True,MEDIUM_VAL_TRAIN_LEAKAGE
model1_expanded,data/processed/model1_expanded/val/capsicum/capsicum_1f019f9561_capsicum_leaves_diseased_007327.jpg,capsicum_1f019f9561_capsicum_leaves_diseased_007327.jpg,val,capsicum__capsicum_1f019f9561_capsicum_leaves_diseased_007327.jpg,1f019f956165be5724115357686bf9a426d3c0a80f66233d280dc990ef8d1b03,2,train+val,capsicum__capsicum_1f019f9561_capsicum_leaves_diseased_007327.jpg+capsicum__ps_bell_pepper_frogeye_leaf_spot_Bing_0112.jpg,False,MEDIUM_VAL_TRAIN_LEAKAGE
model1_expanded,data/processed/model1_expanded/train/capsicum/2016c97423_bell_pepper_blossom_end_rot_Bing_0039.jpg,2016c97423_bell_pepper_blossom_end_rot_Bing_0039.jpg,train,capsicum__2016c97423_bell_pepper_blossom_end_rot_Bing_0039.jpg,2016c97423fe1b0599695ad61402c86f090e31cd3e42e587733d2d19cdf9c56a,2,train,capsicum__2016c97423_bell_pepper_blossom_end_rot_Bing_0039.jpg+capsicum__capsicum_2016c97423_capsicum_fruit_diseased_006385.jpg,True,LOW_INTRA_SPLIT_DUPLICATE
model1_expanded,data/processed/model1_expanded/train/capsicum/capsicum_2016c97423_capsicum_fruit_diseased_006385.jpg,capsicum_2016c97423_capsicum_fruit_diseased_006385.jpg,train,capsicum__capsicum_2016c97423_capsicum_fruit_diseased_006385.jpg,2016c97423fe1b0599695ad61402c86f090e31cd3e42e587733d2d19cdf9c56a,2,train,capsicum__2016c97423_bell_pepper_blossom_end_rot_Bing_0039.jpg+capsicum__capsicum_2016c97423_capsicum_fruit_diseased_006385.jpg,False,LOW_INTRA_SPLIT_DUPLICATE
model1_expanded,data/processed/model1_expanded/train/capsicum/capsicum_2608cbeb59_capsicum_fruit_diseased_007150.jpg,capsicum_2608cbeb59_capsicum_fruit_diseased_007150.jpg,train,capsicum__capsicum_2608cbeb59_capsicum_fruit_diseased_007150.jpg,2608cbeb599d59ac7c996294ccf80fae48e898ee33d8a3e158585ae4b9b82f58,2,train,capsicum__capsicum_2608cbeb59_capsicum_fruit_diseased_007150.jpg+capsicum__ps_bell_pepper_blossom_end_rot_Bing_0132.jpg,False,LOW_INTRA_SPLIT_DUPLICATE
model1_expanded,data/processed/model1_expanded/train/capsicum/ps_bell_pepper_blossom_end_rot_Bing_0132.jpg,ps_bell_pepper_blossom_end_rot_Bing_0132.jpg,train,capsicum__ps_bell_pepper_blossom_end_rot_Bing_0132.jpg,2608cbeb599d59ac7c996294ccf80fae48e898ee33d8a3e158585ae4b9b82f58,2,train,capsicum__capsicum_2608cbeb59_capsicum_fruit_diseased_007150.jpg+capsicum__ps_bell_pepper_blossom_end_rot_Bing_0132.jpg,True,LOW_INTRA_SPLIT_DUPLICATE
model1_expanded,data/processed/model1_expanded/train/capsicum/capsicum_2720608b53_capsicum_fruit_diseased_006013.jpg,capsicum_2720608b53_capsicum_fruit_diseased_006013.jpg,train,capsicum__capsicum_2720608b53_capsicum_fruit_diseased_006013.jpg,2720608b53f155a87ad5a8d9145e7eca0e62c1a7b7c10dabab41f5440e18e95d,2,train,capsicum__capsicum_2720608b53_capsicum_fruit_diseased_006013.jpg+capsicum__ps_bell_pepper_blossom_end_rot_Google_0293.jpg,False,LOW_INTRA_SPLIT_DUPLICATE
model1_expanded,data/processed/model1_expanded/train/capsicum/ps_bell_pepper_blossom_end_rot_Google_0293.jpg,ps_bell_pepper_blossom_end_rot_Google_0293.jpg,train,capsicum__ps_bell_pepper_blossom_end_rot_Google_0293.jpg,2720608b53f155a87ad5a8d9145e7eca0e62c1a7b7c10dabab41f5440e18e95d,2,train,capsicum__capsicum_2720608b53_capsicum_fruit_diseased_006013.jpg+capsicum__ps_bell_pepper_blossom_end_rot_Google_0293.jpg,True,LOW_INTRA_SPLIT_DUPLICATE
model1_expanded,data/processed/model1_expanded/train/coffee/2 (39).jpg,2 (39).jpg,train,coffee__2 (39).jpg,2f47d061b169782fe519e90ec63cb138725ec95654509b77d38be225805fcbda,4,train,coffee__2 (39).jpg+coffee__2 (40).jpg+coffee__2 (48).jpg+coffee__2 (49).jpg,True,LOW_INTRA_SPLIT_DUPLICATE
model1_expanded,data/processed/model1_expanded/train/coffee/2 (40).jpg,2 (40).jpg,train,coffee__2 (40).jpg,2f47d061b169782fe519e90ec63cb138725ec95654509b77d38be225805fcbda,4,train,coffee__2 (39).jpg+coffee__2 (40).jpg+coffee__2 (48).jpg+coffee__2 (49).jpg,True,LOW_INTRA_SPLIT_DUPLICATE
model1_expanded,data/processed/model1_expanded/train/coffee/2 (48).jpg,2 (48).jpg,train,coffee__2 (48).jpg,2f47d061b169782fe519e90ec63cb138725ec95654509b77d38be225805fcbda,4,train,coffee__2 (39).jpg+coffee__2 (40).jpg+coffee__2 (48).jpg+coffee__2 (49).jpg,True,LOW_INTRA_SPLIT_DUPLICATE
model1_expanded,data/processed/model1_expanded/train/coffee/2 (49).jpg,2 (49).jpg,train,coffee__2 (49).jpg,2f47d061b169782fe519e90ec63cb138725ec95654509b77d38be225805fcbda,4,train,coffee__2 (39).jpg+coffee__2 (40).jpg+coffee__2 (48).jpg+coffee__2 (49).jpg,True,LOW_INTRA_SPLIT_DUPLICATE
model1_expanded,data/processed/model1_expanded/train/capsicum/capsicum_348e8d3dce_capsicum_fruit_diseased_006328.jpg,capsicum_348e8d3dce_capsicum_fruit_diseased_006328.jpg,train,capsicum__capsicum_348e8d3dce_capsicum_fruit_diseased_006328.jpg,348e8d3dceb1da3d631e346949a4efb76463a1ff0f83546c595b59dfd40ff518,2,train,capsicum__capsicum_348e8d3dce_capsicum_fruit_diseased_006328.jpg+capsicum__ps_bell_pepper_blossom_end_rot_Bing_0114.jpg,False,LOW_INTRA_SPLIT_DUPLICATE
model1_expanded,data/processed/model1_expanded/train/capsicum/ps_bell_pepper_blossom_end_rot_Bing_0114.jpg,ps_bell_pepper_blossom_end_rot_Bing_0114.jpg,train,capsicum__ps_bell_pepper_blossom_end_rot_Bing_0114.jpg,348e8d3dceb1da3d631e346949a4efb76463a1ff0f83546c595b59dfd40ff518,2,train,capsicum__capsicum_348e8d3dce_capsicum_fruit_diseased_006328.jpg+capsicum__ps_bell_pepper_blossom_end_rot_Bing_0114.jpg,True,LOW_INTRA_SPLIT_DUPLICATE
model1_expanded,data/processed/model1_expanded/train/capsicum/3fb73dbb7e_bell_pepper_powdery_mildew_Bing_0031.jpg,3fb73dbb7e_bell_pepper_powdery_mildew_Bing_0031.jpg,train,capsicum__3fb73dbb7e_bell_pepper_powdery_mildew_Bing_0031.jpg,3fb73dbb7e599b562f0aa573c569b94721d054fd1f49a793631272fc763bca7a,2,train,capsicum__3fb73dbb7e_bell_pepper_powdery_mildew_Bing_0031.jpg+capsicum__capsicum_3fb73dbb7e_capsicum_leaves_diseased_007330.jpg,True,LOW_INTRA_SPLIT_DUPLICATE
model1_expanded,data/processed/model1_expanded/train/capsicum/capsicum_3fb73dbb7e_capsicum_leaves_diseased_007330.jpg,capsicum_3fb73dbb7e_capsicum_leaves_diseased_007330.jpg,train,capsicum__capsicum_3fb73dbb7e_capsicum_leaves_diseased_007330.jpg,3fb73dbb7e599b562f0aa573c569b94721d054fd1f49a793631272fc763bca7a,2,train,capsicum__3fb73dbb7e_bell_pepper_powdery_mildew_Bing_0031.jpg+capsicum__capsicum_3fb73dbb7e_capsicum_leaves_diseased_007330.jpg,False,LOW_INTRA_SPLIT_DUPLICATE
model1_expanded,data/processed/model1_expanded/train/capsicum/419c8a082d_bell_pepper_frogeye_leaf_spot_Bing_0077.jpg,419c8a082d_bell_pepper_frogeye_leaf_spot_Bing_0077.jpg,train,capsicum__419c8a082d_bell_pepper_frogeye_leaf_spot_Bing_0077.jpg,419c8a082d4681cd4a5359e5d15ac462f7bcd03a1ce72bd484ec92a02bfa16bf,2,train,capsicum__419c8a082d_bell_pepper_frogeye_leaf_spot_Bing_0077.jpg+capsicum__capsicum_419c8a082d_capsicum_leaves_diseased_006531.jpg,True,LOW_INTRA_SPLIT_DUPLICATE
model1_expanded,data/processed/model1_expanded/train/capsicum/capsicum_419c8a082d_capsicum_leaves_diseased_006531.jpg,capsicum_419c8a082d_capsicum_leaves_diseased_006531.jpg,train,capsicum__capsicum_419c8a082d_capsicum_leaves_diseased_006531.jpg,419c8a082d4681cd4a5359e5d15ac462f7bcd03a1ce72bd484ec92a02bfa16bf,2,train,capsicum__419c8a082d_bell_pepper_frogeye_leaf_spot_Bing_0077.jpg+capsicum__capsicum_419c8a082d_capsicum_leaves_diseased_006531.jpg,False,LOW_INTRA_SPLIT_DUPLICATE
model1_expanded,data/processed/model1_expanded/train/capsicum/42e6cb507d_bell_pepper_blossom_end_rot_Bing_0063.jpg,42e6cb507d_bell_pepper_blossom_end_rot_Bing_0063.jpg,train,capsicum__42e6cb507d_bell_pepper_blossom_end_rot_Bing_0063.jpg,42e6cb507dc38dbc17f8ffb068626d53d2b49641413f4b5e625e042d26741cbe,2,train,capsicum__42e6cb507d_bell_pepper_blossom_end_rot_Bing_0063.jpg+capsicum__capsicum_42e6cb507d_capsicum_fruit_diseased_007200.jpg,True,LOW_INTRA_SPLIT_DUPLICATE
model1_expanded,data/processed/model1_expanded/train/capsicum/capsicum_42e6cb507d_capsicum_fruit_diseased_007200.jpg,capsicum_42e6cb507d_capsicum_fruit_diseased_007200.jpg,train,capsicum__capsicum_42e6cb507d_capsicum_fruit_diseased_007200.jpg,42e6cb507dc38dbc17f8ffb068626d53d2b49641413f4b5e625e042d26741cbe,2,train,capsicum__42e6cb507d_bell_pepper_blossom_end_rot_Bing_0063.jpg+capsicum__capsicum_42e6cb507d_capsicum_fruit_diseased_007200.jpg,False,LOW_INTRA_SPLIT_DUPLICATE
model1_expanded,data/processed/model1_expanded/train/coffee/2 (41).jpg,2 (41).jpg,train,coffee__2 (41).jpg,68d600205a513b16a364c566665c7f0b3eed73c25807e750745852cb599a02fd,4,train,coffee__2 (41).jpg+coffee__2 (42).jpg+coffee__2 (50).jpg+coffee__2 (51).jpg,True,LOW_INTRA_SPLIT_DUPLICATE
model1_expanded,data/processed/model1_expanded/train/coffee/2 (42).jpg,2 (42).jpg,train,coffee__2 (42).jpg,68d600205a513b16a364c566665c7f0b3eed73c25807e750745852cb599a02fd,4,train,coffee__2 (41).jpg+coffee__2 (42).jpg+coffee__2 (50).jpg+coffee__2 (51).jpg,True,LOW_INTRA_SPLIT_DUPLICATE
model1_expanded,data/processed/model1_expanded/train/coffee/2 (50).jpg,2 (50).jpg,train,coffee__2 (50).jpg,68d600205a513b16a364c566665c7f0b3eed73c25807e750745852cb599a02fd,4,train,coffee__2 (41).jpg+coffee__2 (42).jpg+coffee__2 (50).jpg+coffee__2 (51).jpg,True,LOW_INTRA_SPLIT_DUPLICATE
model1_expanded,data/processed/model1_expanded/train/coffee/2 (51).jpg,2 (51).jpg,train,coffee__2 (51).jpg,68d600205a513b16a364c566665c7f0b3eed73c25807e750745852cb599a02fd,4,train,coffee__2 (41).jpg+coffee__2 (42).jpg+coffee__2 (50).jpg+coffee__2 (51).jpg,True,LOW_INTRA_SPLIT_DUPLICATE
model1_expanded,data/processed/model1_expanded/train/capsicum/6ed5083b20_bell_pepper_blossom_end_rot_Bing_0058.jpg,6ed5083b20_bell_pepper_blossom_end_rot_Bing_0058.jpg,train,capsicum__6ed5083b20_bell_pepper_blossom_end_rot_Bing_0058.jpg,6ed5083b20a96445506ef1111d1f3d1550e68f7f1d00beb9180d94a4550286f1,2,train,capsicum__6ed5083b20_bell_pepper_blossom_end_rot_Bing_0058.jpg+capsicum__capsicum_6ed5083b20_capsicum_fruit_diseased_006870.jpg,True,LOW_INTRA_SPLIT_DUPLICATE
model1_expanded,data/processed/model1_expanded/train/capsicum/capsicum_6ed5083b20_capsicum_fruit_diseased_006870.jpg,capsicum_6ed5083b20_capsicum_fruit_diseased_006870.jpg,train,capsicum__capsicum_6ed5083b20_capsicum_fruit_diseased_006870.jpg,6ed5083b20a96445506ef1111d1f3d1550e68f7f1d00beb9180d94a4550286f1,2,train,capsicum__6ed5083b20_bell_pepper_blossom_end_rot_Bing_0058.jpg+capsicum__capsicum_6ed5083b20_capsicum_fruit_diseased_006870.jpg,False,LOW_INTRA_SPLIT_DUPLICATE
model1_expanded,data/processed/model1_expanded/train/capsicum/6fdc53c4a7_bell_pepper_blossom_end_rot_Bing_0047.jpg,6fdc53c4a7_bell_pepper_blossom_end_rot_Bing_0047.jpg,train,capsicum__6fdc53c4a7_bell_pepper_blossom_end_rot_Bing_0047.jpg,6fdc53c4a70643089bf2503528636b210044c7655de6e2675c5095cd1bcb2a61,2,train,capsicum__6fdc53c4a7_bell_pepper_blossom_end_rot_Bing_0047.jpg+capsicum__capsicum_6fdc53c4a7_capsicum_fruit_diseased_007050.jpg,True,LOW_INTRA_SPLIT_DUPLICATE
model1_expanded,data/processed/model1_expanded/train/capsicum/capsicum_6fdc53c4a7_capsicum_fruit_diseased_007050.jpg,capsicum_6fdc53c4a7_capsicum_fruit_diseased_007050.jpg,train,capsicum__capsicum_6fdc53c4a7_capsicum_fruit_diseased_007050.jpg,6fdc53c4a70643089bf2503528636b210044c7655de6e2675c5095cd1bcb2a61,2,train,capsicum__6fdc53c4a7_bell_pepper_blossom_end_rot_Bing_0047.jpg+capsicum__capsicum_6fdc53c4a7_capsicum_fruit_diseased_007050.jpg,False,LOW_INTRA_SPLIT_DUPLICATE
model1_expanded,data/processed/model1_expanded/test/capsicum/capsicum_74fd23e637_capsicum_fruit_diseased_007422.jpg,capsicum_74fd23e637_capsicum_fruit_diseased_007422.jpg,test,capsicum__capsicum_74fd23e637_capsicum_fruit_diseased_007422.jpg,74fd23e6374ab375a5fc8181dc60ee518a873ad305026bd7d6bf3158fec1f0cf,2,test+train,capsicum__74fd23e637_bell_pepper_blossom_end_rot_Bing_0031.jpg+capsicum__capsicum_74fd23e637_capsicum_fruit_diseased_007422.jpg,False,CRITICAL_TEST_TRAIN_LEAKAGE
model1_expanded,data/processed/model1_expanded/train/capsicum/74fd23e637_bell_pepper_blossom_end_rot_Bing_0031.jpg,74fd23e637_bell_pepper_blossom_end_rot_Bing_0031.jpg,train,capsicum__74fd23e637_bell_pepper_blossom_end_rot_Bing_0031.jpg,74fd23e6374ab375a5fc8181dc60ee518a873ad305026bd7d6bf3158fec1f0cf,2,test+train,capsicum__74fd23e637_bell_pepper_blossom_end_rot_Bing_0031.jpg+capsicum__capsicum_74fd23e637_capsicum_fruit_diseased_007422.jpg,True,CRITICAL_TEST_TRAIN_LEAKAGE
model1_expanded,data/processed/model1_expanded/train/capsicum/7ac9f7b69d_bell_pepper_powdery_mildew_Bing_0044.jpg,7ac9f7b69d_bell_pepper_powdery_mildew_Bing_0044.jpg,train,capsicum__7ac9f7b69d_bell_pepper_powdery_mildew_Bing_0044.jpg,7ac9f7b69d6bbafd262a76da6ff6a36593089274e57bf53e7248ae0bda54c062,2,train,capsicum__7ac9f7b69d_bell_pepper_powdery_mildew_Bing_0044.jpg+capsicum__capsicum_7ac9f7b69d_capsicum_leaves_diseased_006251.jpg,True,LOW_INTRA_SPLIT_DUPLICATE
model1_expanded,data/processed/model1_expanded/train/capsicum/capsicum_7ac9f7b69d_capsicum_leaves_diseased_006251.jpg,capsicum_7ac9f7b69d_capsicum_leaves_diseased_006251.jpg,train,capsicum__capsicum_7ac9f7b69d_capsicum_leaves_diseased_006251.jpg,7ac9f7b69d6bbafd262a76da6ff6a36593089274e57bf53e7248ae0bda54c062,2,train,capsicum__7ac9f7b69d_bell_pepper_powdery_mildew_Bing_0044.jpg+capsicum__capsicum_7ac9f7b69d_capsicum_leaves_diseased_006251.jpg,False,LOW_INTRA_SPLIT_DUPLICATE
model1_expanded,data/processed/model1_expanded/train/capsicum/capsicum_7dd6167a70_capsicum_leaves_diseased_006394.jpg,capsicum_7dd6167a70_capsicum_leaves_diseased_006394.jpg,train,capsicum__capsicum_7dd6167a70_capsicum_leaves_diseased_006394.jpg,7dd6167a70ef3b03cf997da7614ef1284633a322356d3f29ff4ec4f26dbc63d2,2,train,capsicum__capsicum_7dd6167a70_capsicum_leaves_diseased_006394.jpg+capsicum__ps_bell_pepper_powdery_mildew_Bing_0042.jpg,False,LOW_INTRA_SPLIT_DUPLICATE
model1_expanded,data/processed/model1_expanded/train/capsicum/ps_bell_pepper_powdery_mildew_Bing_0042.jpg,ps_bell_pepper_powdery_mildew_Bing_0042.jpg,train,capsicum__ps_bell_pepper_powdery_mildew_Bing_0042.jpg,7dd6167a70ef3b03cf997da7614ef1284633a322356d3f29ff4ec4f26dbc63d2,2,train,capsicum__capsicum_7dd6167a70_capsicum_leaves_diseased_006394.jpg+capsicum__ps_bell_pepper_powdery_mildew_Bing_0042.jpg,True,LOW_INTRA_SPLIT_DUPLICATE
model1_expanded,data/processed/model1_expanded/train/capsicum/7f3486b08a_bell_pepper_blossom_end_rot_Bing_0004.jpg,7f3486b08a_bell_pepper_blossom_end_rot_Bing_0004.jpg,train,capsicum__7f3486b08a_bell_pepper_blossom_end_rot_Bing_0004.jpg,7f3486b08aebe86abd7eb87d53ef5f7af02334f24e665f9b56c5698213ef31c7,2,train,capsicum__7f3486b08a_bell_pepper_blossom_end_rot_Bing_0004.jpg+capsicum__capsicum_7f3486b08a_capsicum_fruit_diseased_007057.jpg,True,LOW_INTRA_SPLIT_DUPLICATE
model1_expanded,data/processed/model1_expanded/train/capsicum/capsicum_7f3486b08a_capsicum_fruit_diseased_007057.jpg,capsicum_7f3486b08a_capsicum_fruit_diseased_007057.jpg,train,capsicum__capsicum_7f3486b08a_capsicum_fruit_diseased_007057.jpg,7f3486b08aebe86abd7eb87d53ef5f7af02334f24e665f9b56c5698213ef31c7,2,train,capsicum__7f3486b08a_bell_pepper_blossom_end_rot_Bing_0004.jpg+capsicum__capsicum_7f3486b08a_capsicum_fruit_diseased_007057.jpg,False,LOW_INTRA_SPLIT_DUPLICATE
model1_expanded,data/processed/model1_expanded/test/capsicum/capsicum_83657f2ca2_capsicum_fruit_diseased_006793.jpg,capsicum_83657f2ca2_capsicum_fruit_diseased_006793.jpg,test,capsicum__capsicum_83657f2ca2_capsicum_fruit_diseased_006793.jpg,83657f2ca24b2f4a94e86192f3052f550f4877e70fe8e9ca5affd5f6895a50ec,2,test+train,capsicum__83657f2ca2_bell_pepper_blossom_end_rot_Bing_0009.jpg+capsicum__capsicum_83657f2ca2_capsicum_fruit_diseased_006793.jpg,False,CRITICAL_TEST_TRAIN_LEAKAGE
model1_expanded,data/processed/model1_expanded/train/capsicum/83657f2ca2_bell_pepper_blossom_end_rot_Bing_0009.jpg,83657f2ca2_bell_pepper_blossom_end_rot_Bing_0009.jpg,train,capsicum__83657f2ca2_bell_pepper_blossom_end_rot_Bing_0009.jpg,83657f2ca24b2f4a94e86192f3052f550f4877e70fe8e9ca5affd5f6895a50ec,2,test+train,capsicum__83657f2ca2_bell_pepper_blossom_end_rot_Bing_0009.jpg+capsicum__capsicum_83657f2ca2_capsicum_fruit_diseased_006793.jpg,True,CRITICAL_TEST_TRAIN_LEAKAGE
model1_expanded,data/processed/model1_expanded/train/capsicum/853ea8d081_bell_pepper_blossom_end_rot_Bing_0010.jpg,853ea8d081_bell_pepper_blossom_end_rot_Bing_0010.jpg,train,capsicum__853ea8d081_bell_pepper_blossom_end_rot_Bing_0010.jpg,853ea8d081b62c30f9c6279610a605525a294b426794764d0e2267e8e2e9f1b2,2,train,capsicum__853ea8d081_bell_pepper_blossom_end_rot_Bing_0010.jpg+capsicum__capsicum_853ea8d081_capsicum_fruit_diseased_006243.jpg,True,LOW_INTRA_SPLIT_DUPLICATE
model1_expanded,data/processed/model1_expanded/train/capsicum/capsicum_853ea8d081_capsicum_fruit_diseased_006243.jpg,capsicum_853ea8d081_capsicum_fruit_diseased_006243.jpg,train,capsicum__capsicum_853ea8d081_capsicum_fruit_diseased_006243.jpg,853ea8d081b62c30f9c6279610a605525a294b426794764d0e2267e8e2e9f1b2,2,train,capsicum__853ea8d081_bell_pepper_blossom_end_rot_Bing_0010.jpg+capsicum__capsicum_853ea8d081_capsicum_fruit_diseased_006243.jpg,False,LOW_INTRA_SPLIT_DUPLICATE
model1_expanded,data/processed/model1_expanded/train/capsicum/capsicum_87668eee20_capsicum_leaves_diseased_006908.jpg,capsicum_87668eee20_capsicum_leaves_diseased_006908.jpg,train,capsicum__capsicum_87668eee20_capsicum_leaves_diseased_006908.jpg,87668eee20f69bb924acbe8373c19409c1ef485b478c825ac03f0ba98ca1248e,2,train,capsicum__capsicum_87668eee20_capsicum_leaves_diseased_006908.jpg+capsicum__ps_bell_pepper_frogeye_leaf_spot_Bing_0001.jpg,False,LOW_INTRA_SPLIT_DUPLICATE
model1_expanded,data/processed/model1_expanded/train/capsicum/ps_bell_pepper_frogeye_leaf_spot_Bing_0001.jpg,ps_bell_pepper_frogeye_leaf_spot_Bing_0001.jpg,train,capsicum__ps_bell_pepper_frogeye_leaf_spot_Bing_0001.jpg,87668eee20f69bb924acbe8373c19409c1ef485b478c825ac03f0ba98ca1248e,2,train,capsicum__capsicum_87668eee20_capsicum_leaves_diseased_006908.jpg+capsicum__ps_bell_pepper_frogeye_leaf_spot_Bing_0001.jpg,True,LOW_INTRA_SPLIT_DUPLICATE
model1_expanded,data/processed/model1_expanded/train/capsicum/886eb8276e_bell_pepper_powdery_mildew_Bing_0008.jpg,886eb8276e_bell_pepper_powdery_mildew_Bing_0008.jpg,train,capsicum__886eb8276e_bell_pepper_powdery_mildew_Bing_0008.jpg,886eb8276e4794e490e890d0cdf49513584d747c2ec69b4aa1fae0fbc352ffc0,2,train,capsicum__886eb8276e_bell_pepper_powdery_mildew_Bing_0008.jpg+capsicum__capsicum_886eb8276e_capsicum_leaves_diseased_007210.jpg,True,LOW_INTRA_SPLIT_DUPLICATE
model1_expanded,data/processed/model1_expanded/train/capsicum/capsicum_886eb8276e_capsicum_leaves_diseased_007210.jpg,capsicum_886eb8276e_capsicum_leaves_diseased_007210.jpg,train,capsicum__capsicum_886eb8276e_capsicum_leaves_diseased_007210.jpg,886eb8276e4794e490e890d0cdf49513584d747c2ec69b4aa1fae0fbc352ffc0,2,train,capsicum__886eb8276e_bell_pepper_powdery_mildew_Bing_0008.jpg+capsicum__capsicum_886eb8276e_capsicum_leaves_diseased_007210.jpg,False,LOW_INTRA_SPLIT_DUPLICATE
model1_expanded,data/processed/model1_expanded/train/capsicum/capsicum_91b0799abe_capsicum_leaves_diseased_006153.jpg,capsicum_91b0799abe_capsicum_leaves_diseased_006153.jpg,train,capsicum__capsicum_91b0799abe_capsicum_leaves_diseased_006153.jpg,91b0799abe5d69e3ae092a25afab54b98934029cd836670a2c51e053c7b425d6,2,train,capsicum__capsicum_91b0799abe_capsicum_leaves_diseased_006153.jpg+capsicum__ps_bell_pepper_frogeye_leaf_spot_Bing_0161.jpg,False,LOW_INTRA_SPLIT_DUPLICATE
model1_expanded,data/processed/model1_expanded/train/capsicum/ps_bell_pepper_frogeye_leaf_spot_Bing_0161.jpg,ps_bell_pepper_frogeye_leaf_spot_Bing_0161.jpg,train,capsicum__ps_bell_pepper_frogeye_leaf_spot_Bing_0161.jpg,91b0799abe5d69e3ae092a25afab54b98934029cd836670a2c51e053c7b425d6,2,train,capsicum__capsicum_91b0799abe_capsicum_leaves_diseased_006153.jpg+capsicum__ps_bell_pepper_frogeye_leaf_spot_Bing_0161.jpg,True,LOW_INTRA_SPLIT_DUPLICATE
model1_expanded,data/processed/model1_expanded/train/capsicum/95faea7874_bell_pepper_blossom_end_rot_Bing_0113.jpg,95faea7874_bell_pepper_blossom_end_rot_Bing_0113.jpg,train,capsicum__95faea7874_bell_pepper_blossom_end_rot_Bing_0113.jpg,95faea78741af5b653528058ed2f045cbc6aa81e6d7038f94a881e7bcd120deb,2,train,capsicum__95faea7874_bell_pepper_blossom_end_rot_Bing_0113.jpg+capsicum__capsicum_95faea7874_capsicum_fruit_diseased_007316.jpg,True,LOW_INTRA_SPLIT_DUPLICATE
model1_expanded,data/processed/model1_expanded/train/capsicum/capsicum_95faea7874_capsicum_fruit_diseased_007316.jpg,capsicum_95faea7874_capsicum_fruit_diseased_007316.jpg,train,capsicum__capsicum_95faea7874_capsicum_fruit_diseased_007316.jpg,95faea78741af5b653528058ed2f045cbc6aa81e6d7038f94a881e7bcd120deb,2,train,capsicum__95faea7874_bell_pepper_blossom_end_rot_Bing_0113.jpg+capsicum__capsicum_95faea7874_capsicum_fruit_diseased_007316.jpg,False,LOW_INTRA_SPLIT_DUPLICATE
model1_expanded,data/processed/model1_expanded/train/capsicum/capsicum_9662ab0e3c_capsicum_fruit_diseased_006666.jpg,capsicum_9662ab0e3c_capsicum_fruit_diseased_006666.jpg,train,capsicum__capsicum_9662ab0e3c_capsicum_fruit_diseased_006666.jpg,9662ab0e3cb3cb44bd1a4df8bccda643e3f18c647c2f24447950ae2462d359af,2,train,capsicum__capsicum_9662ab0e3c_capsicum_fruit_diseased_006666.jpg+capsicum__ps_bell_pepper_blossom_end_rot_Google_0089.jpg,False,LOW_INTRA_SPLIT_DUPLICATE
model1_expanded,data/processed/model1_expanded/train/capsicum/ps_bell_pepper_blossom_end_rot_Google_0089.jpg,ps_bell_pepper_blossom_end_rot_Google_0089.jpg,train,capsicum__ps_bell_pepper_blossom_end_rot_Google_0089.jpg,9662ab0e3cb3cb44bd1a4df8bccda643e3f18c647c2f24447950ae2462d359af,2,train,capsicum__capsicum_9662ab0e3c_capsicum_fruit_diseased_006666.jpg+capsicum__ps_bell_pepper_blossom_end_rot_Google_0089.jpg,True,LOW_INTRA_SPLIT_DUPLICATE
model1_expanded,data/processed/model1_expanded/train/cauliflower/alternaria brassicae_0_2573-SOnpid.jpeg,alternaria brassicae_0_2573-SOnpid.jpeg,train,cauliflower__alternaria brassicae_0_2573-SOnpid.jpeg,97bce487433b58f4350fc7dc09e3e91e89d4f0e79e9a372fb7b1cdfe0ebb64db,2,train,cauliflower__alternaria brassicae_0_2573-SOnpid.jpeg+cauliflower__alternaria brassicae_0_2573.jpeg,True,LOW_INTRA_SPLIT_DUPLICATE
model1_expanded,data/processed/model1_expanded/train/cauliflower/alternaria brassicae_0_2573.jpeg,alternaria brassicae_0_2573.jpeg,train,cauliflower__alternaria brassicae_0_2573.jpeg,97bce487433b58f4350fc7dc09e3e91e89d4f0e79e9a372fb7b1cdfe0ebb64db,2,train,cauliflower__alternaria brassicae_0_2573-SOnpid.jpeg+cauliflower__alternaria brassicae_0_2573.jpeg,True,LOW_INTRA_SPLIT_DUPLICATE
model1_expanded,data/processed/model1_expanded/train/coffee/2 (37).jpg,2 (37).jpg,train,coffee__2 (37).jpg,97ccf0ab8df9ee0159631cf30bb1a5be928b591e29463f4f4ca76ce0a15b3fab,4,train,coffee__2 (37).jpg+coffee__2 (38).jpg+coffee__2 (46).jpg+coffee__2 (47).jpg,True,LOW_INTRA_SPLIT_DUPLICATE
model1_expanded,data/processed/model1_expanded/train/coffee/2 (38).jpg,2 (38).jpg,train,coffee__2 (38).jpg,97ccf0ab8df9ee0159631cf30bb1a5be928b591e29463f4f4ca76ce0a15b3fab,4,train,coffee__2 (37).jpg+coffee__2 (38).jpg+coffee__2 (46).jpg+coffee__2 (47).jpg,True,LOW_INTRA_SPLIT_DUPLICATE
model1_expanded,data/processed/model1_expanded/train/coffee/2 (46).jpg,2 (46).jpg,train,coffee__2 (46).jpg,97ccf0ab8df9ee0159631cf30bb1a5be928b591e29463f4f4ca76ce0a15b3fab,4,train,coffee__2 (37).jpg+coffee__2 (38).jpg+coffee__2 (46).jpg+coffee__2 (47).jpg,True,LOW_INTRA_SPLIT_DUPLICATE
model1_expanded,data/processed/model1_expanded/train/coffee/2 (47).jpg,2 (47).jpg,train,coffee__2 (47).jpg,97ccf0ab8df9ee0159631cf30bb1a5be928b591e29463f4f4ca76ce0a15b3fab,4,train,coffee__2 (37).jpg+coffee__2 (38).jpg+coffee__2 (46).jpg+coffee__2 (47).jpg,True,LOW_INTRA_SPLIT_DUPLICATE
model1_expanded,data/processed/model1_expanded/test/capsicum/capsicum_9a5c5fec54_capsicum_fruit_diseased_007388.jpg,capsicum_9a5c5fec54_capsicum_fruit_diseased_007388.jpg,test,capsicum__capsicum_9a5c5fec54_capsicum_fruit_diseased_007388.jpg,9a5c5fec543a906972ba2dcdf04a5f3e8342e94fc22f49732121e0fac14c8b24,2,test+train,capsicum__9a5c5fec54_bell_pepper_blossom_end_rot_Google_0040.jpg+capsicum__capsicum_9a5c5fec54_capsicum_fruit_diseased_007388.jpg,False,CRITICAL_TEST_TRAIN_LEAKAGE
model1_expanded,data/processed/model1_expanded/train/capsicum/9a5c5fec54_bell_pepper_blossom_end_rot_Google_0040.jpg,9a5c5fec54_bell_pepper_blossom_end_rot_Google_0040.jpg,train,capsicum__9a5c5fec54_bell_pepper_blossom_end_rot_Google_0040.jpg,9a5c5fec543a906972ba2dcdf04a5f3e8342e94fc22f49732121e0fac14c8b24,2,test+train,capsicum__9a5c5fec54_bell_pepper_blossom_end_rot_Google_0040.jpg+capsicum__capsicum_9a5c5fec54_capsicum_fruit_diseased_007388.jpg,True,CRITICAL_TEST_TRAIN_LEAKAGE
model1_expanded,data/processed/model1_expanded/test/capsicum/capsicum_9be72660d3_capsicum_fruit_diseased_007281.jpg,capsicum_9be72660d3_capsicum_fruit_diseased_007281.jpg,test,capsicum__capsicum_9be72660d3_capsicum_fruit_diseased_007281.jpg,9be72660d356e51d70e11214ebd11a2e70ab907a2ad9a6f67e8d40ea2f4debb0,2,test+train,capsicum__capsicum_9be72660d3_capsicum_fruit_diseased_007281.jpg+capsicum__ps_bell_pepper_blossom_end_rot_Google_0396.jpg,False,CRITICAL_TEST_TRAIN_LEAKAGE
model1_expanded,data/processed/model1_expanded/train/capsicum/ps_bell_pepper_blossom_end_rot_Google_0396.jpg,ps_bell_pepper_blossom_end_rot_Google_0396.jpg,train,capsicum__ps_bell_pepper_blossom_end_rot_Google_0396.jpg,9be72660d356e51d70e11214ebd11a2e70ab907a2ad9a6f67e8d40ea2f4debb0,2,test+train,capsicum__capsicum_9be72660d3_capsicum_fruit_diseased_007281.jpg+capsicum__ps_bell_pepper_blossom_end_rot_Google_0396.jpg,True,CRITICAL_TEST_TRAIN_LEAKAGE
model1_expanded,data/processed/model1_expanded/test/capsicum/capsicum_b426ff3b6e_capsicum_fruit_diseased_007046.jpg,capsicum_b426ff3b6e_capsicum_fruit_diseased_007046.jpg,test,capsicum__capsicum_b426ff3b6e_capsicum_fruit_diseased_007046.jpg,b426ff3b6e16848187dd83dca7f79bf06ea70cbabbe29b228775c63e6cfd8b56,2,test+train,capsicum__b426ff3b6e_bell_pepper_blossom_end_rot_Bing_0196.jpg+capsicum__capsicum_b426ff3b6e_capsicum_fruit_diseased_007046.jpg,False,CRITICAL_TEST_TRAIN_LEAKAGE
model1_expanded,data/processed/model1_expanded/train/capsicum/b426ff3b6e_bell_pepper_blossom_end_rot_Bing_0196.jpg,b426ff3b6e_bell_pepper_blossom_end_rot_Bing_0196.jpg,train,capsicum__b426ff3b6e_bell_pepper_blossom_end_rot_Bing_0196.jpg,b426ff3b6e16848187dd83dca7f79bf06ea70cbabbe29b228775c63e6cfd8b56,2,test+train,capsicum__b426ff3b6e_bell_pepper_blossom_end_rot_Bing_0196.jpg+capsicum__capsicum_b426ff3b6e_capsicum_fruit_diseased_007046.jpg,True,CRITICAL_TEST_TRAIN_LEAKAGE
model1_expanded,data/processed/model1_expanded/train/capsicum/b96993d3eb_bell_pepper_blossom_end_rot_Bing_0003.jpg,b96993d3eb_bell_pepper_blossom_end_rot_Bing_0003.jpg,train,capsicum__b96993d3eb_bell_pepper_blossom_end_rot_Bing_0003.jpg,b96993d3eb430f4cf451e5148db0acd648f58dc6f71078da8ddef5f875087e42,2,train,capsicum__b96993d3eb_bell_pepper_blossom_end_rot_Bing_0003.jpg+capsicum__capsicum_b96993d3eb_capsicum_fruit_diseased_007333.jpg,True,LOW_INTRA_SPLIT_DUPLICATE
model1_expanded,data/processed/model1_expanded/train/capsicum/capsicum_b96993d3eb_capsicum_fruit_diseased_007333.jpg,capsicum_b96993d3eb_capsicum_fruit_diseased_007333.jpg,train,capsicum__capsicum_b96993d3eb_capsicum_fruit_diseased_007333.jpg,b96993d3eb430f4cf451e5148db0acd648f58dc6f71078da8ddef5f875087e42,2,train,capsicum__b96993d3eb_bell_pepper_blossom_end_rot_Bing_0003.jpg+capsicum__capsicum_b96993d3eb_capsicum_fruit_diseased_007333.jpg,False,LOW_INTRA_SPLIT_DUPLICATE
model1_expanded,data/processed/model1_expanded/train/capsicum/b98cdb03a1_bell_pepper_frogeye_leaf_spot_Bing_0007.jpg,b98cdb03a1_bell_pepper_frogeye_leaf_spot_Bing_0007.jpg,train,capsicum__b98cdb03a1_bell_pepper_frogeye_leaf_spot_Bing_0007.jpg,b98cdb03a1c572d252a17877f39a9cb58ddc5eb54b64ae70d8f5337c74c07871,2,train,capsicum__b98cdb03a1_bell_pepper_frogeye_leaf_spot_Bing_0007.jpg+capsicum__capsicum_b98cdb03a1_capsicum_leaves_diseased_006317.jpg,True,LOW_INTRA_SPLIT_DUPLICATE
model1_expanded,data/processed/model1_expanded/train/capsicum/capsicum_b98cdb03a1_capsicum_leaves_diseased_006317.jpg,capsicum_b98cdb03a1_capsicum_leaves_diseased_006317.jpg,train,capsicum__capsicum_b98cdb03a1_capsicum_leaves_diseased_006317.jpg,b98cdb03a1c572d252a17877f39a9cb58ddc5eb54b64ae70d8f5337c74c07871,2,train,capsicum__b98cdb03a1_bell_pepper_frogeye_leaf_spot_Bing_0007.jpg+capsicum__capsicum_b98cdb03a1_capsicum_leaves_diseased_006317.jpg,False,LOW_INTRA_SPLIT_DUPLICATE
model1_expanded,data/processed/model1_expanded/train/capsicum/be9abdddf0_bell_pepper_blossom_end_rot_Bing_0089.jpg,be9abdddf0_bell_pepper_blossom_end_rot_Bing_0089.jpg,train,capsicum__be9abdddf0_bell_pepper_blossom_end_rot_Bing_0089.jpg,be9abdddf0f68bfc7ba4d26ac5232b04dc611de8ea522a972ad3619bfb741500,2,train,capsicum__be9abdddf0_bell_pepper_blossom_end_rot_Bing_0089.jpg+capsicum__capsicum_be9abdddf0_capsicum_fruit_diseased_006447.jpg,True,LOW_INTRA_SPLIT_DUPLICATE
model1_expanded,data/processed/model1_expanded/train/capsicum/capsicum_be9abdddf0_capsicum_fruit_diseased_006447.jpg,capsicum_be9abdddf0_capsicum_fruit_diseased_006447.jpg,train,capsicum__capsicum_be9abdddf0_capsicum_fruit_diseased_006447.jpg,be9abdddf0f68bfc7ba4d26ac5232b04dc611de8ea522a972ad3619bfb741500,2,train,capsicum__be9abdddf0_bell_pepper_blossom_end_rot_Bing_0089.jpg+capsicum__capsicum_be9abdddf0_capsicum_fruit_diseased_006447.jpg,False,LOW_INTRA_SPLIT_DUPLICATE
model1_expanded,data/processed/model1_expanded/train/capsicum/capsicum_c2691279ad_capsicum_fruit_diseased_006133.jpg,capsicum_c2691279ad_capsicum_fruit_diseased_006133.jpg,train,capsicum__capsicum_c2691279ad_capsicum_fruit_diseased_006133.jpg,c2691279ad6dc86a5101da041dc6e7643c25cc43a1a5878ef4b6fde76d6161eb,2,train,capsicum__capsicum_c2691279ad_capsicum_fruit_diseased_006133.jpg+capsicum__ps_bell_pepper_blossom_end_rot_Google_0207.jpg,False,LOW_INTRA_SPLIT_DUPLICATE
model1_expanded,data/processed/model1_expanded/train/capsicum/ps_bell_pepper_blossom_end_rot_Google_0207.jpg,ps_bell_pepper_blossom_end_rot_Google_0207.jpg,train,capsicum__ps_bell_pepper_blossom_end_rot_Google_0207.jpg,c2691279ad6dc86a5101da041dc6e7643c25cc43a1a5878ef4b6fde76d6161eb,2,train,capsicum__capsicum_c2691279ad_capsicum_fruit_diseased_006133.jpg+capsicum__ps_bell_pepper_blossom_end_rot_Google_0207.jpg,True,LOW_INTRA_SPLIT_DUPLICATE
model1_expanded,data/processed/model1_expanded/train/capsicum/capsicum_c5e0457c0b_capsicum_fruit_diseased_006109.jpg,capsicum_c5e0457c0b_capsicum_fruit_diseased_006109.jpg,train,capsicum__capsicum_c5e0457c0b_capsicum_fruit_diseased_006109.jpg,c5e0457c0bee0be10a143fddcbed4a735ead57c46c900dc3e6470bd761e66af6,2,train,capsicum__capsicum_c5e0457c0b_capsicum_fruit_diseased_006109.jpg+capsicum__ps_bell_pepper_blossom_end_rot_Google_0116.jpg,False,LOW_INTRA_SPLIT_DUPLICATE
model1_expanded,data/processed/model1_expanded/train/capsicum/ps_bell_pepper_blossom_end_rot_Google_0116.jpg,ps_bell_pepper_blossom_end_rot_Google_0116.jpg,train,capsicum__ps_bell_pepper_blossom_end_rot_Google_0116.jpg,c5e0457c0bee0be10a143fddcbed4a735ead57c46c900dc3e6470bd761e66af6,2,train,capsicum__capsicum_c5e0457c0b_capsicum_fruit_diseased_006109.jpg+capsicum__ps_bell_pepper_blossom_end_rot_Google_0116.jpg,True,LOW_INTRA_SPLIT_DUPLICATE
model1_expanded,data/processed/model1_expanded/train/capsicum/c75778c9d9_bell_pepper_blossom_end_rot_Bing_0077.jpg,c75778c9d9_bell_pepper_blossom_end_rot_Bing_0077.jpg,train,capsicum__c75778c9d9_bell_pepper_blossom_end_rot_Bing_0077.jpg,c75778c9d97bb5766524bd8d9f6535d768b00ca5a1c4258c0a7eb89da2d0f0f4,2,train,capsicum__c75778c9d9_bell_pepper_blossom_end_rot_Bing_0077.jpg+capsicum__capsicum_c75778c9d9_capsicum_fruit_diseased_006190.jpg,True,LOW_INTRA_SPLIT_DUPLICATE
model1_expanded,data/processed/model1_expanded/train/capsicum/capsicum_c75778c9d9_capsicum_fruit_diseased_006190.jpg,capsicum_c75778c9d9_capsicum_fruit_diseased_006190.jpg,train,capsicum__capsicum_c75778c9d9_capsicum_fruit_diseased_006190.jpg,c75778c9d97bb5766524bd8d9f6535d768b00ca5a1c4258c0a7eb89da2d0f0f4,2,train,capsicum__c75778c9d9_bell_pepper_blossom_end_rot_Bing_0077.jpg+capsicum__capsicum_c75778c9d9_capsicum_fruit_diseased_006190.jpg,False,LOW_INTRA_SPLIT_DUPLICATE
model1_expanded,data/processed/model1_expanded/train/capsicum/capsicum_cc8370e5f2_capsicum_fruit_diseased_006155.jpg,capsicum_cc8370e5f2_capsicum_fruit_diseased_006155.jpg,train,capsicum__capsicum_cc8370e5f2_capsicum_fruit_diseased_006155.jpg,cc8370e5f2cc0189a5f08e2b0706c9e82644b3d0b8b305fc08087364e3b27e30,2,train,capsicum__capsicum_cc8370e5f2_capsicum_fruit_diseased_006155.jpg+capsicum__cc8370e5f2_bell_pepper_blossom_end_rot_Google_0292.jpg,False,LOW_INTRA_SPLIT_DUPLICATE
model1_expanded,data/processed/model1_expanded/train/capsicum/cc8370e5f2_bell_pepper_blossom_end_rot_Google_0292.jpg,cc8370e5f2_bell_pepper_blossom_end_rot_Google_0292.jpg,train,capsicum__cc8370e5f2_bell_pepper_blossom_end_rot_Google_0292.jpg,cc8370e5f2cc0189a5f08e2b0706c9e82644b3d0b8b305fc08087364e3b27e30,2,train,capsicum__capsicum_cc8370e5f2_capsicum_fruit_diseased_006155.jpg+capsicum__cc8370e5f2_bell_pepper_blossom_end_rot_Google_0292.jpg,True,LOW_INTRA_SPLIT_DUPLICATE
model1_expanded,data/processed/model1_expanded/train/capsicum/capsicum_cdad27ffd1_capsicum_fruit_diseased_006500.jpg,capsicum_cdad27ffd1_capsicum_fruit_diseased_006500.jpg,train,capsicum__capsicum_cdad27ffd1_capsicum_fruit_diseased_006500.jpg,cdad27ffd1f07008fe1f908b377ed7cf778eb85c3779f7a9338d11f0098d584c,2,train,capsicum__capsicum_cdad27ffd1_capsicum_fruit_diseased_006500.jpg+capsicum__cdad27ffd1_bell_pepper_blossom_end_rot_Bing_0141.jpg,False,LOW_INTRA_SPLIT_DUPLICATE
model1_expanded,data/processed/model1_expanded/train/capsicum/cdad27ffd1_bell_pepper_blossom_end_rot_Bing_0141.jpg,cdad27ffd1_bell_pepper_blossom_end_rot_Bing_0141.jpg,train,capsicum__cdad27ffd1_bell_pepper_blossom_end_rot_Bing_0141.jpg,cdad27ffd1f07008fe1f908b377ed7cf778eb85c3779f7a9338d11f0098d584c,2,train,capsicum__capsicum_cdad27ffd1_capsicum_fruit_diseased_006500.jpg+capsicum__cdad27ffd1_bell_pepper_blossom_end_rot_Bing_0141.jpg,True,LOW_INTRA_SPLIT_DUPLICATE
model1_expanded,data/processed/model1_expanded/test/capsicum/capsicum_cdf48d7939_capsicum_fruit_diseased_006125.jpg,capsicum_cdf48d7939_capsicum_fruit_diseased_006125.jpg,test,capsicum__capsicum_cdf48d7939_capsicum_fruit_diseased_006125.jpg,cdf48d7939e856cbbd0d5a474d926c42651024abdb6ca351691892c2ce0f8e25,2,test+train,capsicum__capsicum_cdf48d7939_capsicum_fruit_diseased_006125.jpg+capsicum__cdf48d7939_bell_pepper_blossom_end_rot_Bing_0112.jpg,False,CRITICAL_TEST_TRAIN_LEAKAGE
model1_expanded,data/processed/model1_expanded/train/capsicum/cdf48d7939_bell_pepper_blossom_end_rot_Bing_0112.jpg,cdf48d7939_bell_pepper_blossom_end_rot_Bing_0112.jpg,train,capsicum__cdf48d7939_bell_pepper_blossom_end_rot_Bing_0112.jpg,cdf48d7939e856cbbd0d5a474d926c42651024abdb6ca351691892c2ce0f8e25,2,test+train,capsicum__capsicum_cdf48d7939_capsicum_fruit_diseased_006125.jpg+capsicum__cdf48d7939_bell_pepper_blossom_end_rot_Bing_0112.jpg,True,CRITICAL_TEST_TRAIN_LEAKAGE
model1_expanded,data/processed/model1_expanded/train/capsicum/d4c68ce801_bell_pepper_blossom_end_rot_Bing_0195.jpg,d4c68ce801_bell_pepper_blossom_end_rot_Bing_0195.jpg,train,capsicum__d4c68ce801_bell_pepper_blossom_end_rot_Bing_0195.jpg,d4c68ce801a16ef9e0081ce77cf8b0e8310c32f227f625df49b91a26c94cf8b6,2,train+val,capsicum__capsicum_d4c68ce801_capsicum_fruit_diseased_007184.jpg+capsicum__d4c68ce801_bell_pepper_blossom_end_rot_Bing_0195.jpg,True,MEDIUM_VAL_TRAIN_LEAKAGE
model1_expanded,data/processed/model1_expanded/val/capsicum/capsicum_d4c68ce801_capsicum_fruit_diseased_007184.jpg,capsicum_d4c68ce801_capsicum_fruit_diseased_007184.jpg,val,capsicum__capsicum_d4c68ce801_capsicum_fruit_diseased_007184.jpg,d4c68ce801a16ef9e0081ce77cf8b0e8310c32f227f625df49b91a26c94cf8b6,2,train+val,capsicum__capsicum_d4c68ce801_capsicum_fruit_diseased_007184.jpg+capsicum__d4c68ce801_bell_pepper_blossom_end_rot_Bing_0195.jpg,False,MEDIUM_VAL_TRAIN_LEAKAGE
model1_expanded,data/processed/model1_expanded/train/capsicum/capsicum_d82dc596e9_capsicum_fruit_diseased_006055.jpg,capsicum_d82dc596e9_capsicum_fruit_diseased_006055.jpg,train,capsicum__capsicum_d82dc596e9_capsicum_fruit_diseased_006055.jpg,d82dc596e92bfa464fb8566ec977f3949f32507c10c37f40faf8539e74b8df08,2,train,capsicum__capsicum_d82dc596e9_capsicum_fruit_diseased_006055.jpg+capsicum__ps_bell_pepper_blossom_end_rot_Google_0081.jpg,False,LOW_INTRA_SPLIT_DUPLICATE
model1_expanded,data/processed/model1_expanded/train/capsicum/ps_bell_pepper_blossom_end_rot_Google_0081.jpg,ps_bell_pepper_blossom_end_rot_Google_0081.jpg,train,capsicum__ps_bell_pepper_blossom_end_rot_Google_0081.jpg,d82dc596e92bfa464fb8566ec977f3949f32507c10c37f40faf8539e74b8df08,2,train,capsicum__capsicum_d82dc596e9_capsicum_fruit_diseased_006055.jpg+capsicum__ps_bell_pepper_blossom_end_rot_Google_0081.jpg,True,LOW_INTRA_SPLIT_DUPLICATE
model1_expanded,data/processed/model1_expanded/train/capsicum/capsicum_e5bdd3aa7e_capsicum_fruit_diseased_007158.jpg,capsicum_e5bdd3aa7e_capsicum_fruit_diseased_007158.jpg,train,capsicum__capsicum_e5bdd3aa7e_capsicum_fruit_diseased_007158.jpg,e5bdd3aa7e99f43d384cbcfa1aec53bb373d0673244e77df37df8c2d0050caaa,2,train,capsicum__capsicum_e5bdd3aa7e_capsicum_fruit_diseased_007158.jpg+capsicum__e5bdd3aa7e_bell_pepper_blossom_end_rot_Bing_0018.jpg,False,LOW_INTRA_SPLIT_DUPLICATE
model1_expanded,data/processed/model1_expanded/train/capsicum/e5bdd3aa7e_bell_pepper_blossom_end_rot_Bing_0018.jpg,e5bdd3aa7e_bell_pepper_blossom_end_rot_Bing_0018.jpg,train,capsicum__e5bdd3aa7e_bell_pepper_blossom_end_rot_Bing_0018.jpg,e5bdd3aa7e99f43d384cbcfa1aec53bb373d0673244e77df37df8c2d0050caaa,2,train,capsicum__capsicum_e5bdd3aa7e_capsicum_fruit_diseased_007158.jpg+capsicum__e5bdd3aa7e_bell_pepper_blossom_end_rot_Bing_0018.jpg,True,LOW_INTRA_SPLIT_DUPLICATE
model1_expanded,data/processed/model1_expanded/train/capsicum/capsicum_f012514d26_capsicum_fruit_diseased_006004.jpg,capsicum_f012514d26_capsicum_fruit_diseased_006004.jpg,train,capsicum__capsicum_f012514d26_capsicum_fruit_diseased_006004.jpg,f012514d26371ec77c2ea57bf3b2b5744011bcd45b0f06605c4303d83c7db8be,2,train,capsicum__capsicum_f012514d26_capsicum_fruit_diseased_006004.jpg+capsicum__ps_bell_pepper_blossom_end_rot_Bing_0029.jpg,False,LOW_INTRA_SPLIT_DUPLICATE
model1_expanded,data/processed/model1_expanded/train/capsicum/ps_bell_pepper_blossom_end_rot_Bing_0029.jpg,ps_bell_pepper_blossom_end_rot_Bing_0029.jpg,train,capsicum__ps_bell_pepper_blossom_end_rot_Bing_0029.jpg,f012514d26371ec77c2ea57bf3b2b5744011bcd45b0f06605c4303d83c7db8be,2,train,capsicum__capsicum_f012514d26_capsicum_fruit_diseased_006004.jpg+capsicum__ps_bell_pepper_blossom_end_rot_Bing_0029.jpg,True,LOW_INTRA_SPLIT_DUPLICATE
model1_expanded,data/processed/model1_expanded/train/capsicum/fb19e7e1d8_bell_pepper_blossom_end_rot_Bing_0087.jpg,fb19e7e1d8_bell_pepper_blossom_end_rot_Bing_0087.jpg,train,capsicum__fb19e7e1d8_bell_pepper_blossom_end_rot_Bing_0087.jpg,fb19e7e1d804f21b13f6d8b489a1bdc7550d4831fe3abe3898a5c9a790446be9,2,train+val,capsicum__capsicum_fb19e7e1d8_capsicum_fruit_diseased_007061.jpg+capsicum__fb19e7e1d8_bell_pepper_blossom_end_rot_Bing_0087.jpg,True,MEDIUM_VAL_TRAIN_LEAKAGE
model1_expanded,data/processed/model1_expanded/val/capsicum/capsicum_fb19e7e1d8_capsicum_fruit_diseased_007061.jpg,capsicum_fb19e7e1d8_capsicum_fruit_diseased_007061.jpg,val,capsicum__capsicum_fb19e7e1d8_capsicum_fruit_diseased_007061.jpg,fb19e7e1d804f21b13f6d8b489a1bdc7550d4831fe3abe3898a5c9a790446be9,2,train+val,capsicum__capsicum_fb19e7e1d8_capsicum_fruit_diseased_007061.jpg+capsicum__fb19e7e1d8_bell_pepper_blossom_end_rot_Bing_0087.jpg,False,MEDIUM_VAL_TRAIN_LEAKAGE
model1_expanded,data/processed/model1_expanded/train/capsicum/fee212dea7_bell_pepper_blossom_end_rot_Bing_0012.jpg,fee212dea7_bell_pepper_blossom_end_rot_Bing_0012.jpg,train,capsicum__fee212dea7_bell_pepper_blossom_end_rot_Bing_0012.jpg,fee212dea7aa8dfe75e62d5075e7173782bcf2b490179e93cf8cc3849b1a15b9,2,train+val,capsicum__capsicum_fee212dea7_capsicum_fruit_diseased_007076.jpg+capsicum__fee212dea7_bell_pepper_blossom_end_rot_Bing_0012.jpg,True,MEDIUM_VAL_TRAIN_LEAKAGE
model1_expanded,data/processed/model1_expanded/val/capsicum/capsicum_fee212dea7_capsicum_fruit_diseased_007076.jpg,capsicum_fee212dea7_capsicum_fruit_diseased_007076.jpg,val,capsicum__capsicum_fee212dea7_capsicum_fruit_diseased_007076.jpg,fee212dea7aa8dfe75e62d5075e7173782bcf2b490179e93cf8cc3849b1a15b9,2,train+val,capsicum__capsicum_fee212dea7_capsicum_fruit_diseased_007076.jpg+capsicum__fee212dea7_bell_pepper_blossom_end_rot_Bing_0012.jpg,False,MEDIUM_VAL_TRAIN_LEAKAGE
model2_v4,data/processed/model2_v4/train/cauliflower/cauliflower_leaf_Downy Mildew/Downy Mildew. (104).jpg,Downy Mildew. (104).jpg,train,cauliflower__cauliflower_leaf_Downy Mildew,012a189512cd8e5f920dfa4a94a043b70bc35cd27731bf324863262bae37060b,2,train,cauliflower__cauliflower_leaf_Downy Mildew,True,LOW_INTRA_SPLIT_DUPLICATE
model2_v4,data/processed/model2_v4/train/cauliflower/cauliflower_leaf_Downy Mildew/Downy Mildew_10.jpg,Downy Mildew_10.jpg,train,cauliflower__cauliflower_leaf_Downy Mildew,012a189512cd8e5f920dfa4a94a043b70bc35cd27731bf324863262bae37060b,2,train,cauliflower__cauliflower_leaf_Downy Mildew,True,LOW_INTRA_SPLIT_DUPLICATE
model2_v4,data/processed/model2_v4/train/cauliflower/cauliflower_leaf_Downy Mildew/Downy Mildew. (87).jpg,Downy Mildew. (87).jpg,train,cauliflower__cauliflower_leaf_Downy Mildew,01d0ca0f18555bf00e78de1a1aa1250d9f44486654294bcaf0788600dea0fac2,2,train,cauliflower__cauliflower_leaf_Downy Mildew,True,LOW_INTRA_SPLIT_DUPLICATE
model2_v4,data/processed/model2_v4/train/cauliflower/cauliflower_leaf_Downy Mildew/Downy Mildew_132.jpg,Downy Mildew_132.jpg,train,cauliflower__cauliflower_leaf_Downy Mildew,01d0ca0f18555bf00e78de1a1aa1250d9f44486654294bcaf0788600dea0fac2,2,train,cauliflower__cauliflower_leaf_Downy Mildew,True,LOW_INTRA_SPLIT_DUPLICATE
model2_v4,data/processed/model2_v4/train/cauliflower/cauliflower_leaf_Healthy/Healthy_122.jpg,Healthy_122.jpg,train,cauliflower__cauliflower_leaf_Healthy,01f7f58272f33b827a96e147c38e1598b4b9f84bf39455a9c024638bd0c49073,2,train,cauliflower__cauliflower_leaf_Healthy,True,LOW_INTRA_SPLIT_DUPLICATE
model2_v4,data/processed/model2_v4/train/cauliflower/cauliflower_leaf_Healthy/Healthy_123.jpg,Healthy_123.jpg,train,cauliflower__cauliflower_leaf_Healthy,01f7f58272f33b827a96e147c38e1598b4b9f84bf39455a9c024638bd0c49073,2,train,cauliflower__cauliflower_leaf_Healthy,True,LOW_INTRA_SPLIT_DUPLICATE
model2_v4,data/processed/model2_v4/train/cauliflower/cauliflower_fruit_healthy/No disease. (181).jpg,No disease. (181).jpg,train,cauliflower__cauliflower_fruit_healthy,02cd77a9597ea37a112ec458a34b094b09022afcd0a0ef1e628194eed484544c,2,train,cauliflower__cauliflower_fruit_healthy+cauliflower__cauliflower_leaf_Healthy,True,LOW_INTRA_SPLIT_DUPLICATE
model2_v4,data/processed/model2_v4/train/cauliflower/cauliflower_leaf_Healthy/Healthy_251.jpg,Healthy_251.jpg,train,cauliflower__cauliflower_leaf_Healthy,02cd77a9597ea37a112ec458a34b094b09022afcd0a0ef1e628194eed484544c,2,train,cauliflower__cauliflower_fruit_healthy+cauliflower__cauliflower_leaf_Healthy,True,LOW_INTRA_SPLIT_DUPLICATE
model2_v4,data/processed/model2_v4/train/cauliflower/cauliflower_fruit_healthy/No disease. (69).jpg,No disease. (69).jpg,train,cauliflower__cauliflower_fruit_healthy,04178dc64bb8fc7fab1acc1a97f8c775015cdc48c916150a4f1c5084e4cb6363,2,train,cauliflower__cauliflower_fruit_healthy+cauliflower__cauliflower_leaf_Healthy,True,LOW_INTRA_SPLIT_DUPLICATE
model2_v4,data/processed/model2_v4/train/cauliflower/cauliflower_leaf_Healthy/Healthy_312.jpg,Healthy_312.jpg,train,cauliflower__cauliflower_leaf_Healthy,04178dc64bb8fc7fab1acc1a97f8c775015cdc48c916150a4f1c5084e4cb6363,2,train,cauliflower__cauliflower_fruit_healthy+cauliflower__cauliflower_leaf_Healthy,True,LOW_INTRA_SPLIT_DUPLICATE
model2_v4,data/processed/model2_v4/train/cauliflower/cauliflower_fruit_healthy/No disease. (50).jpg,No disease. (50).jpg,train,cauliflower__cauliflower_fruit_healthy,0437c4622eef20e0aa458f707f20fe985bb7c03da192d309e15c2e5856a12609,2,train,cauliflower__cauliflower_fruit_healthy+cauliflower__cauliflower_leaf_Healthy,True,LOW_INTRA_SPLIT_DUPLICATE
model2_v4,data/processed/model2_v4/train/cauliflower/cauliflower_leaf_Healthy/Healthy_292.jpg,Healthy_292.jpg,train,cauliflower__cauliflower_leaf_Healthy,0437c4622eef20e0aa458f707f20fe985bb7c03da192d309e15c2e5856a12609,2,train,cauliflower__cauliflower_fruit_healthy+cauliflower__cauliflower_leaf_Healthy,True,LOW_INTRA_SPLIT_DUPLICATE
model2_v4,data/processed/model2_v4/train/cauliflower/cauliflower_leaf_Downy Mildew/Downy Mildew. (92).jpg,Downy Mildew. (92).jpg,train,cauliflower__cauliflower_leaf_Downy Mildew,070afaf6cd45651d18809db8741962ff0c9882228fb12aec27615ac0b1c466ff,2,train,cauliflower__cauliflower_leaf_Downy Mildew,True,LOW_INTRA_SPLIT_DUPLICATE
model2_v4,data/processed/model2_v4/train/cauliflower/cauliflower_leaf_Downy Mildew/Downy Mildew_138.jpg,Downy Mildew_138.jpg,train,cauliflower__cauliflower_leaf_Downy Mildew,070afaf6cd45651d18809db8741962ff0c9882228fb12aec27615ac0b1c466ff,2,train,cauliflower__cauliflower_leaf_Downy Mildew,True,LOW_INTRA_SPLIT_DUPLICATE
model2_v4,data/processed/model2_v4/train/bell_pepper/Cerespora/389480c3-0209-45e3-b3ee-2447b22de68f___JR_B.Spot 9016.JPG,389480c3-0209-45e3-b3ee-2447b22de68f___JR_B.Spot 9016.JPG,train,bell_pepper__Cerespora,0737644b90d748c8cfd3f738be5ec0064059d7e28495abcac7f29fe71a62eb1f,2,train,bell_pepper__Cerespora+bell_pepper__Leaf_Curl,True,LOW_INTRA_SPLIT_DUPLICATE
model2_v4,data/processed/model2_v4/train/bell_pepper/Leaf_Curl/389480c3-0209-45e3-b3ee-2447b22de68f___JR_B.Spot 9016.JPG,389480c3-0209-45e3-b3ee-2447b22de68f___JR_B.Spot 9016.JPG,train,bell_pepper__Leaf_Curl,0737644b90d748c8cfd3f738be5ec0064059d7e28495abcac7f29fe71a62eb1f,2,train,bell_pepper__Cerespora+bell_pepper__Leaf_Curl,True,LOW_INTRA_SPLIT_DUPLICATE
model2_v4,data/processed/model2_v4/train/cauliflower/cauliflower_leaf_Healthy/Healthy_81.jpeg,Healthy_81.jpeg,train,cauliflower__cauliflower_leaf_Healthy,07b9b6576e5612a8766a7c980cfcda7c1c14226a96d98f798825ca71cfcf3cdc,2,train,cauliflower__cauliflower_leaf_Healthy,True,LOW_INTRA_SPLIT_DUPLICATE
model2_v4,data/processed/model2_v4/train/cauliflower/cauliflower_leaf_Healthy/Healthy_82.jpeg,Healthy_82.jpeg,train,cauliflower__cauliflower_leaf_Healthy,07b9b6576e5612a8766a7c980cfcda7c1c14226a96d98f798825ca71cfcf3cdc,2,train,cauliflower__cauliflower_leaf_Healthy,True,LOW_INTRA_SPLIT_DUPLICATE
model2_v4,data/processed/model2_v4/train/cauliflower/cauliflower_leaf_Healthy/Healthy_73.jpeg,Healthy_73.jpeg,train,cauliflower__cauliflower_leaf_Healthy,07db9241422998fedeef60c6fbb2e8a2323c8f70d8f8f09c9e3efefe5478d27c,2,train,cauliflower__cauliflower_leaf_Healthy,True,LOW_INTRA_SPLIT_DUPLICATE
model2_v4,data/processed/model2_v4/train/cauliflower/cauliflower_leaf_Healthy/Healthy_74.jpeg,Healthy_74.jpeg,train,cauliflower__cauliflower_leaf_Healthy,07db9241422998fedeef60c6fbb2e8a2323c8f70d8f8f09c9e3efefe5478d27c,2,train,cauliflower__cauliflower_leaf_Healthy,True,LOW_INTRA_SPLIT_DUPLICATE
model2_v4,data/processed/model2_v4/train/cauliflower/cauliflower_leaf_Alternaria Leaf Spot/Alternaria Leaf Spot_283.jpeg,Alternaria Leaf Spot_283.jpeg,train,cauliflower__cauliflower_leaf_Alternaria Leaf Spot,091caa2500f94b2745481236141f7c7d3e1653eee58792da3db27b225b550f53,2,train,cauliflower__cauliflower_leaf_Alternaria Leaf Spot+cauliflower__cauliflower_leaf_Downy Mildew,True,LOW_INTRA_SPLIT_DUPLICATE
model2_v4,data/processed/model2_v4/train/cauliflower/cauliflower_leaf_Downy Mildew/Downy Mildew. (6).jpeg,Downy Mildew. (6).jpeg,train,cauliflower__cauliflower_leaf_Downy Mildew,091caa2500f94b2745481236141f7c7d3e1653eee58792da3db27b225b550f53,2,train,cauliflower__cauliflower_leaf_Alternaria Leaf Spot+cauliflower__cauliflower_leaf_Downy Mildew,True,LOW_INTRA_SPLIT_DUPLICATE
model2_v4,data/processed/model2_v4/train/cauliflower/cauliflower_leaf_Alternaria Leaf Spot/Alternaria Leaf Spot_267.jpeg,Alternaria Leaf Spot_267.jpeg,train,cauliflower__cauliflower_leaf_Alternaria Leaf Spot,09c6e262e24c1c9588172bd79ad9964666c51a9cfaae538aa3869447e99f3e36,2,train,cauliflower__cauliflower_leaf_Alternaria Leaf Spot+cauliflower__cauliflower_leaf_Downy Mildew,True,LOW_INTRA_SPLIT_DUPLICATE
model2_v4,data/processed/model2_v4/train/cauliflower/cauliflower_leaf_Downy Mildew/Downy Mildew. (17).jpeg,Downy Mildew. (17).jpeg,train,cauliflower__cauliflower_leaf_Downy Mildew,09c6e262e24c1c9588172bd79ad9964666c51a9cfaae538aa3869447e99f3e36,2,train,cauliflower__cauliflower_leaf_Alternaria Leaf Spot+cauliflower__cauliflower_leaf_Downy Mildew,True,LOW_INTRA_SPLIT_DUPLICATE
model2_v4,data/processed/model2_v4/test/broccoli/downy_mildew/0a41ada9bc_broccoli_downy_mildew_google_0034.jpg,0a41ada9bc_broccoli_downy_mildew_google_0034.jpg,test,broccoli__downy_mildew,0a41ada9bc859a2663e2fc3a5c14e394d6a5b4379bc58f4fa58f397e6a5f87c0,2,test+train,broccoli__downy_mildew+cauliflower__cauliflower_leaf_Downy Mildew,False,CRITICAL_TEST_TRAIN_LEAKAGE
model2_v4,data/processed/model2_v4/train/cauliflower/cauliflower_leaf_Downy Mildew/Downy Mildew_149.jpg,Downy Mildew_149.jpg,train,cauliflower__cauliflower_leaf_Downy Mildew,0a41ada9bc859a2663e2fc3a5c14e394d6a5b4379bc58f4fa58f397e6a5f87c0,2,test+train,broccoli__downy_mildew+cauliflower__cauliflower_leaf_Downy Mildew,True,CRITICAL_TEST_TRAIN_LEAKAGE
model2_v4,data/processed/model2_v4/train/cauliflower/cauliflower_fruit_healthy/No disease. (12).jpg,No disease. (12).jpg,train,cauliflower__cauliflower_fruit_healthy,0b9e7f228caf753284fc201201d83d29c224ac2f25938182f66fff4bc9d4c955,2,train,cauliflower__cauliflower_fruit_healthy+cauliflower__cauliflower_leaf_Healthy,True,LOW_INTRA_SPLIT_DUPLICATE
model2_v4,data/processed/model2_v4/train/cauliflower/cauliflower_leaf_Healthy/Healthy_201.jpg,Healthy_201.jpg,train,cauliflower__cauliflower_leaf_Healthy,0b9e7f228caf753284fc201201d83d29c224ac2f25938182f66fff4bc9d4c955,2,train,cauliflower__cauliflower_fruit_healthy+cauliflower__cauliflower_leaf_Healthy,True,LOW_INTRA_SPLIT_DUPLICATE
model2_v4,data/processed/model2_v4/train/cauliflower/cauliflower_leaf_Downy Mildew/Downy Mildew. (38).jpg,Downy Mildew. (38).jpg,train,cauliflower__cauliflower_leaf_Downy Mildew,0c0c76c0fd0b34a17f797937d02600509e43722ba437ad8e58a6fa09568d3654,2,train,cauliflower__cauliflower_leaf_Downy Mildew,True,LOW_INTRA_SPLIT_DUPLICATE
model2_v4,data/processed/model2_v4/train/cauliflower/cauliflower_leaf_Downy Mildew/Downy Mildew_78.jpg,Downy Mildew_78.jpg,train,cauliflower__cauliflower_leaf_Downy Mildew,0c0c76c0fd0b34a17f797937d02600509e43722ba437ad8e58a6fa09568d3654,2,train,cauliflower__cauliflower_leaf_Downy Mildew,True,LOW_INTRA_SPLIT_DUPLICATE
model2_v4,data/processed/model2_v4/train/cauliflower/cauliflower_fruit_healthy/No disease. (53).jpg,No disease. (53).jpg,train,cauliflower__cauliflower_fruit_healthy,0c8fb1c1e33776c0dd60088731ac471eac9031f139aad0719c715dd95a9b9f22,2,train,cauliflower__cauliflower_fruit_healthy+cauliflower__cauliflower_leaf_Healthy,True,LOW_INTRA_SPLIT_DUPLICATE
model2_v4,data/processed/model2_v4/train/cauliflower/cauliflower_leaf_Healthy/Healthy_295.jpg,Healthy_295.jpg,train,cauliflower__cauliflower_leaf_Healthy,0c8fb1c1e33776c0dd60088731ac471eac9031f139aad0719c715dd95a9b9f22,2,train,cauliflower__cauliflower_fruit_healthy+cauliflower__cauliflower_leaf_Healthy,True,LOW_INTRA_SPLIT_DUPLICATE
model2_v4,data/processed/model2_v4/train/cauliflower/cauliflower_leaf_Healthy/Healthy_76.jpeg,Healthy_76.jpeg,train,cauliflower__cauliflower_leaf_Healthy,0d083170829439c04d3c36d4f6c363e70018fd1f070ef2e8b8a02e41d2859048,2,train,cauliflower__cauliflower_leaf_Healthy,True,LOW_INTRA_SPLIT_DUPLICATE
model2_v4,data/processed/model2_v4/train/cauliflower/cauliflower_leaf_Healthy/Healthy_77.jpeg,Healthy_77.jpeg,train,cauliflower__cauliflower_leaf_Healthy,0d083170829439c04d3c36d4f6c363e70018fd1f070ef2e8b8a02e41d2859048,2,train,cauliflower__cauliflower_leaf_Healthy,True,LOW_INTRA_SPLIT_DUPLICATE
model2_v4,data/processed/model2_v4/train/cauliflower/cauliflower_fruit_healthy/No disease. (94).jpg,No disease. (94).jpg,train,cauliflower__cauliflower_fruit_healthy,0d5ccd0ef667703c66a32571a544d7961653a4018182d7a195b26c95c197c0de,2,train,cauliflower__cauliflower_fruit_healthy+cauliflower__cauliflower_leaf_Healthy,True,LOW_INTRA_SPLIT_DUPLICATE
model2_v4,data/processed/model2_v4/train/cauliflower/cauliflower_leaf_Healthy/Healthy_340.jpg,Healthy_340.jpg,train,cauliflower__cauliflower_leaf_Healthy,0d5ccd0ef667703c66a32571a544d7961653a4018182d7a195b26c95c197c0de,2,train,cauliflower__cauliflower_fruit_healthy+cauliflower__cauliflower_leaf_Healthy,True,LOW_INTRA_SPLIT_DUPLICATE
model2_v4,data/processed/model2_v4/train/cauliflower/cauliflower_leaf_Downy Mildew/Downy Mildew. (123).jpg,Downy Mildew. (123).jpg,train,cauliflower__cauliflower_leaf_Downy Mildew,0de26d14458ef871f99de380879193fd1317f01d14e966ba6e958e2d0f9c7e60,4,train,cauliflower__cauliflower_leaf_Downy Mildew,True,LOW_INTRA_SPLIT_DUPLICATE
model2_v4,data/processed/model2_v4/train/cauliflower/cauliflower_leaf_Downy Mildew/Downy Mildew. (143).jpg,Downy Mildew. (143).jpg,train,cauliflower__cauliflower_leaf_Downy Mildew,0de26d14458ef871f99de380879193fd1317f01d14e966ba6e958e2d0f9c7e60,4,train,cauliflower__cauliflower_leaf_Downy Mildew,True,LOW_INTRA_SPLIT_DUPLICATE
model2_v4,data/processed/model2_v4/train/cauliflower/cauliflower_leaf_Downy Mildew/Downy Mildew_31.jpg,Downy Mildew_31.jpg,train,cauliflower__cauliflower_leaf_Downy Mildew,0de26d14458ef871f99de380879193fd1317f01d14e966ba6e958e2d0f9c7e60,4,train,cauliflower__cauliflower_leaf_Downy Mildew,True,LOW_INTRA_SPLIT_DUPLICATE
model2_v4,data/processed/model2_v4/train/cauliflower/cauliflower_leaf_Downy Mildew/Downy Mildew_51.jpg,Downy Mildew_51.jpg,train,cauliflower__cauliflower_leaf_Downy Mildew,0de26d14458ef871f99de380879193fd1317f01d14e966ba6e958e2d0f9c7e60,4,train,cauliflower__cauliflower_leaf_Downy Mildew,True,LOW_INTRA_SPLIT_DUPLICATE
model2_v4,data/processed/model2_v4/train/bell_pepper/bacterial_spot/pepper_bell_bacterial_spot1888.jpg,pepper_bell_bacterial_spot1888.jpg,train,bell_pepper__bacterial_spot,0eb3e20cc9d5e8eaaf6e17066340fec86c22b878cadb5a26ee10a5ad9593764e,2,train,bell_pepper__Cerespora+bell_pepper__bacterial_spot,True,LOW_INTRA_SPLIT_DUPLICATE
model2_v4,data/processed/model2_v4/train/bell_pepper/Cerespora/b27e9697-adcc-41bb-becb-7bc34bbf3cee___JR_B.Spot 3264.JPG,b27e9697-adcc-41bb-becb-7bc34bbf3cee___JR_B.Spot 3264.JPG,train,bell_pepper__Cerespora,0eb3e20cc9d5e8eaaf6e17066340fec86c22b878cadb5a26ee10a5ad9593764e,2,train,bell_pepper__Cerespora+bell_pepper__bacterial_spot,True,LOW_INTRA_SPLIT_DUPLICATE
model2_v4,data/processed/model2_v4/train/cauliflower/cauliflower_leaf_Healthy/Healthy_45.jpeg,Healthy_45.jpeg,train,cauliflower__cauliflower_leaf_Healthy,119ba4f579f1a5da2fe5120ac1e8326c5420eebd6da4fa69f4922508f4575b37,2,train,cauliflower__cauliflower_leaf_Healthy,True,LOW_INTRA_SPLIT_DUPLICATE
model2_v4,data/processed/model2_v4/train/cauliflower/cauliflower_leaf_Healthy/Healthy_46.jpeg,Healthy_46.jpeg,train,cauliflower__cauliflower_leaf_Healthy,119ba4f579f1a5da2fe5120ac1e8326c5420eebd6da4fa69f4922508f4575b37,2,train,cauliflower__cauliflower_leaf_Healthy,True,LOW_INTRA_SPLIT_DUPLICATE
model2_v4,data/processed/model2_v4/train/bell_pepper/Cerespora/download2 (2).jpg,download2 (2).jpg,train,bell_pepper__Cerespora,11afc6ee6c1121d0e243e0f54fa79014bd1f9f112285d892588a088079bc906b,6,train,bell_pepper__Cerespora,True,LOW_INTRA_SPLIT_DUPLICATE
model2_v4,data/processed/model2_v4/train/bell_pepper/Cerespora/download2 (30).jpg,download2 (30).jpg,train,bell_pepper__Cerespora,11afc6ee6c1121d0e243e0f54fa79014bd1f9f112285d892588a088079bc906b,6,train,bell_pepper__Cerespora,True,LOW_INTRA_SPLIT_DUPLICATE
model2_v4,data/processed/model2_v4/train/bell_pepper/Cerespora/images (13).jpg,images (13).jpg,train,bell_pepper__Cerespora,11afc6ee6c1121d0e243e0f54fa79014bd1f9f112285d892588a088079bc906b,6,train,bell_pepper__Cerespora,True,LOW_INTRA_SPLIT_DUPLICATE
model2_v4,data/processed/model2_v4/train/bell_pepper/Cerespora/images (14).jpg,images (14).jpg,train,bell_pepper__Cerespora,11afc6ee6c1121d0e243e0f54fa79014bd1f9f112285d892588a088079bc906b,6,train,bell_pepper__Cerespora,True,LOW_INTRA_SPLIT_DUPLICATE
model2_v4,data/processed/model2_v4/train/bell_pepper/Cerespora/images (22).jpg,images (22).jpg,train,bell_pepper__Cerespora,11afc6ee6c1121d0e243e0f54fa79014bd1f9f112285d892588a088079bc906b,6,train,bell_pepper__Cerespora,True,LOW_INTRA_SPLIT_DUPLICATE
model2_v4,data/processed/model2_v4/train/bell_pepper/Cerespora/images (9).jpg,images (9).jpg,train,bell_pepper__Cerespora,11afc6ee6c1121d0e243e0f54fa79014bd1f9f112285d892588a088079bc906b,6,train,bell_pepper__Cerespora,True,LOW_INTRA_SPLIT_DUPLICATE
model2_v4,data/processed/model2_v4/train/cauliflower/cauliflower_fruit_healthy/No disease. (80).jpg,No disease. (80).jpg,train,cauliflower__cauliflower_fruit_healthy,11fba91507ab47f3c4c222531888beb5714f5ad4bb95560df3e2203a03de857c,2,train,cauliflower__cauliflower_fruit_healthy+cauliflower__cauliflower_leaf_Healthy,True,LOW_INTRA_SPLIT_DUPLICATE
model2_v4,data/processed/model2_v4/train/cauliflower/cauliflower_leaf_Healthy/Healthy_325.jpg,Healthy_325.jpg,train,cauliflower__cauliflower_leaf_Healthy,11fba91507ab47f3c4c222531888beb5714f5ad4bb95560df3e2203a03de857c,2,train,cauliflower__cauliflower_fruit_healthy+cauliflower__cauliflower_leaf_Healthy,True,LOW_INTRA_SPLIT_DUPLICATE
model2_v4,data/processed/model2_v4/train/cauliflower/cauliflower_leaf_Downy Mildew/Downy Mildew. (145).jpg,Downy Mildew. (145).jpg,train,cauliflower__cauliflower_leaf_Downy Mildew,1266237ba7d7554dfa70d3241e11613a1fc288c16023ed590cd9e9cdf6e6e99a,2,train,cauliflower__cauliflower_leaf_Downy Mildew,True,LOW_INTRA_SPLIT_DUPLICATE
model2_v4,data/processed/model2_v4/train/cauliflower/cauliflower_leaf_Downy Mildew/Downy Mildew_53.jpg,Downy Mildew_53.jpg,train,cauliflower__cauliflower_leaf_Downy Mildew,1266237ba7d7554dfa70d3241e11613a1fc288c16023ed590cd9e9cdf6e6e99a,2,train,cauliflower__cauliflower_leaf_Downy Mildew,True,LOW_INTRA_SPLIT_DUPLICATE
model2_v4,data/processed/model2_v4/train/cauliflower/cauliflower_leaf_Downy Mildew/Downy Mildew. (20).jpg,Downy Mildew. (20).jpg,train,cauliflower__cauliflower_leaf_Downy Mildew,146abb047a4418e5d29ee0ed3d386ccd8c69a49ca578725a4e7237ce438892d5,2,train,cauliflower__cauliflower_leaf_Downy Mildew,True,LOW_INTRA_SPLIT_DUPLICATE
model2_v4,data/processed/model2_v4/train/cauliflower/cauliflower_leaf_Downy Mildew/Downy Mildew_59.jpg,Downy Mildew_59.jpg,train,cauliflower__cauliflower_leaf_Downy Mildew,146abb047a4418e5d29ee0ed3d386ccd8c69a49ca578725a4e7237ce438892d5,2,train,cauliflower__cauliflower_leaf_Downy Mildew,True,LOW_INTRA_SPLIT_DUPLICATE
model2_v4,data/processed/model2_v4/train/cauliflower/cauliflower_fruit_healthy/No disease. (42).jpg,No disease. (42).jpg,train,cauliflower__cauliflower_fruit_healthy,1512f53b81b345b3e5916b86a2e817c56788c0e350eddf324bc8b1c46beb9ccd,2,train,cauliflower__cauliflower_fruit_healthy+cauliflower__cauliflower_leaf_Healthy,True,LOW_INTRA_SPLIT_DUPLICATE
model2_v4,data/processed/model2_v4/train/cauliflower/cauliflower_leaf_Healthy/Healthy_285.jpg,Healthy_285.jpg,train,cauliflower__cauliflower_leaf_Healthy,1512f53b81b345b3e5916b86a2e817c56788c0e350eddf324bc8b1c46beb9ccd,2,train,cauliflower__cauliflower_fruit_healthy+cauliflower__cauliflower_leaf_Healthy,True,LOW_INTRA_SPLIT_DUPLICATE
model2_v4,data/processed/model2_v4/train/cauliflower/cauliflower_leaf_Healthy/Healthy_78.jpg,Healthy_78.jpg,train,cauliflower__cauliflower_leaf_Healthy,152b3e46c37a9d1b20f5340f641186708e7ec610b8588f776df0e90b6a23e3fd,2,train,cauliflower__cauliflower_leaf_Healthy,True,LOW_INTRA_SPLIT_DUPLICATE
model2_v4,data/processed/model2_v4/train/cauliflower/cauliflower_leaf_Healthy/Healthy_79.jpg,Healthy_79.jpg,train,cauliflower__cauliflower_leaf_Healthy,152b3e46c37a9d1b20f5340f641186708e7ec610b8588f776df0e90b6a23e3fd,2,train,cauliflower__cauliflower_leaf_Healthy,True,LOW_INTRA_SPLIT_DUPLICATE
model2_v4,data/processed/model2_v4/train/bell_pepper/Cerespora/08-656D CP NEW.jpg,08-656D CP NEW.jpg,train,bell_pepper__Cerespora,15323f3fa44043ea0b195e9c437de93d616a0429e043af102acd8b96a212f633,2,train,bell_pepper__Cerespora,True,LOW_INTRA_SPLIT_DUPLICATE
model2_v4,data/processed/model2_v4/train/bell_pepper/Cerespora/download2 (27).jpg,download2 (27).jpg,train,bell_pepper__Cerespora,15323f3fa44043ea0b195e9c437de93d616a0429e043af102acd8b96a212f633,2,train,bell_pepper__Cerespora,True,LOW_INTRA_SPLIT_DUPLICATE
model2_v4,data/processed/model2_v4/train/cauliflower/cauliflower_fruit_healthy/No disease. (14).jpg,No disease. (14).jpg,train,cauliflower__cauliflower_fruit_healthy,157c22c4056abf4748d3dff82cc2832819de0b3f5887ad34d8bd94afb255205a,2,train,cauliflower__cauliflower_fruit_healthy+cauliflower__cauliflower_leaf_Healthy,True,LOW_INTRA_SPLIT_DUPLICATE
model2_v4,data/processed/model2_v4/train/cauliflower/cauliflower_leaf_Healthy/Healthy_221.jpg,Healthy_221.jpg,train,cauliflower__cauliflower_leaf_Healthy,157c22c4056abf4748d3dff82cc2832819de0b3f5887ad34d8bd94afb255205a,2,train,cauliflower__cauliflower_fruit_healthy+cauliflower__cauliflower_leaf_Healthy,True,LOW_INTRA_SPLIT_DUPLICATE
model2_v4,data/processed/model2_v4/train/bell_pepper/bacterial_spot/efeb1a44-bc48-4099-924b-ebc42827801e___JR_B.Spot_3387.JPG,efeb1a44-bc48-4099-924b-ebc42827801e___JR_B.Spot_3387.JPG,train,bell_pepper__bacterial_spot,1597d0e25bd58718735bdc186c190dc0eb459e4c194ac2dcdab5ca33bb1dbe70,2,train,bell_pepper__Leaf_Curl+bell_pepper__bacterial_spot,True,LOW_INTRA_SPLIT_DUPLICATE
model2_v4,data/processed/model2_v4/train/bell_pepper/Leaf_Curl/efeb1a44-bc48-4099-924b-ebc42827801e___JR_B.Spot 3387.JPG,efeb1a44-bc48-4099-924b-ebc42827801e___JR_B.Spot 3387.JPG,train,bell_pepper__Leaf_Curl,1597d0e25bd58718735bdc186c190dc0eb459e4c194ac2dcdab5ca33bb1dbe70,2,train,bell_pepper__Leaf_Curl+bell_pepper__bacterial_spot,True,LOW_INTRA_SPLIT_DUPLICATE
model2_v4,data/processed/model2_v4/train/cauliflower/cauliflower_leaf_Downy Mildew/Downy Mildew. (64).jpg,Downy Mildew. (64).jpg,train,cauliflower__cauliflower_leaf_Downy Mildew,15cdbeabd5fd309a774ed2f516b4b7f54bd18ff2675d2a8015ba7ff42eb33780,2,train,cauliflower__cauliflower_leaf_Downy Mildew,True,LOW_INTRA_SPLIT_DUPLICATE
model2_v4,data/processed/model2_v4/train/cauliflower/cauliflower_leaf_Downy Mildew/Downy Mildew_107.jpg,Downy Mildew_107.jpg,train,cauliflower__cauliflower_leaf_Downy Mildew,15cdbeabd5fd309a774ed2f516b4b7f54bd18ff2675d2a8015ba7ff42eb33780,2,train,cauliflower__cauliflower_leaf_Downy Mildew,True,LOW_INTRA_SPLIT_DUPLICATE
model2_v4,data/processed/model2_v4/train/cauliflower/cauliflower_leaf_Downy Mildew/Downy Mildew. (135).jpg,Downy Mildew. (135).jpg,train,cauliflower__cauliflower_leaf_Downy Mildew,15f366ca0fa5a9cf6dac714604b0ec13f6bebee5469efaf935fb3b2f1e515aca,2,train,cauliflower__cauliflower_leaf_Downy Mildew,True,LOW_INTRA_SPLIT_DUPLICATE
model2_v4,data/processed/model2_v4/train/cauliflower/cauliflower_leaf_Downy Mildew/Downy Mildew_44.jpg,Downy Mildew_44.jpg,train,cauliflower__cauliflower_leaf_Downy Mildew,15f366ca0fa5a9cf6dac714604b0ec13f6bebee5469efaf935fb3b2f1e515aca,2,train,cauliflower__cauliflower_leaf_Downy Mildew,True,LOW_INTRA_SPLIT_DUPLICATE
model2_v4,data/processed/model2_v4/train/cauliflower/cauliflower_fruit_healthy/No disease. (26).jpg,No disease. (26).jpg,train,cauliflower__cauliflower_fruit_healthy,183412e64186e43a1c5380119af4763a9eef17fec936958e85fc5dc6e0d81795,2,train,cauliflower__cauliflower_fruit_healthy+cauliflower__cauliflower_leaf_Healthy,True,LOW_INTRA_SPLIT_DUPLICATE
model2_v4,data/processed/model2_v4/train/cauliflower/cauliflower_leaf_Healthy/Healthy_267.jpg,Healthy_267.jpg,train,cauliflower__cauliflower_leaf_Healthy,183412e64186e43a1c5380119af4763a9eef17fec936958e85fc5dc6e0d81795,2,train,cauliflower__cauliflower_fruit_healthy+cauliflower__cauliflower_leaf_Healthy,True,LOW_INTRA_SPLIT_DUPLICATE
model2_v4,data/processed/model2_v4/train/cauliflower/cauliflower_fruit_healthy/No disease. (56).jpg,No disease. (56).jpg,train,cauliflower__cauliflower_fruit_healthy,18a1410ff2ae48cdef7024354b82168ff57ea9e9bc4ecb36b9e5d18f9e90f773,2,train,cauliflower__cauliflower_fruit_healthy+cauliflower__cauliflower_leaf_Healthy,True,LOW_INTRA_SPLIT_DUPLICATE
model2_v4,data/processed/model2_v4/train/cauliflower/cauliflower_leaf_Healthy/Healthy_298.jpg,Healthy_298.jpg,train,cauliflower__cauliflower_leaf_Healthy,18a1410ff2ae48cdef7024354b82168ff57ea9e9bc4ecb36b9e5d18f9e90f773,2,train,cauliflower__cauliflower_fruit_healthy+cauliflower__cauliflower_leaf_Healthy,True,LOW_INTRA_SPLIT_DUPLICATE
model2_v4,data/processed/model2_v4/train/bell_pepper/bacterial_spot/f3fb294f-21d3-44b3-bfab-256fed2fc2c8___NREC_B.Spot_9156.JPG,f3fb294f-21d3-44b3-bfab-256fed2fc2c8___NREC_B.Spot_9156.JPG,train,bell_pepper__bacterial_spot,1940fb09d62fa09448e95570af6529fe0645d59cf55cd0dcdeaefb0c9fb92bad,2,train,bell_pepper__Leaf_Curl+bell_pepper__bacterial_spot,True,LOW_INTRA_SPLIT_DUPLICATE
model2_v4,data/processed/model2_v4/train/bell_pepper/Leaf_Curl/f3fb294f-21d3-44b3-bfab-256fed2fc2c8___NREC_B.Spot 9156.JPG,f3fb294f-21d3-44b3-bfab-256fed2fc2c8___NREC_B.Spot 9156.JPG,train,bell_pepper__Leaf_Curl,1940fb09d62fa09448e95570af6529fe0645d59cf55cd0dcdeaefb0c9fb92bad,2,train,bell_pepper__Leaf_Curl+bell_pepper__bacterial_spot,True,LOW_INTRA_SPLIT_DUPLICATE
model2_v4,data/processed/model2_v4/train/cauliflower/cauliflower_fruit_Bacterial Spot/Bacterial Spot_10.jpg,Bacterial Spot_10.jpg,train,cauliflower__cauliflower_fruit_Bacterial Spot,1954cf6f0293ad0ca674edb2c720a3bfef5401745982038b8b6b68f0a14e15ee,2,train,cauliflower__cauliflower_fruit_Bacterial Spot+cauliflower__cauliflower_fruit_Bacterial spot rot,True,LOW_INTRA_SPLIT_DUPLICATE
model2_v4,data/processed/model2_v4/train/cauliflower/cauliflower_fruit_Bacterial spot rot/Bacterial Spot. (93).jpg,Bacterial Spot. (93).jpg,train,cauliflower__cauliflower_fruit_Bacterial spot rot,1954cf6f0293ad0ca674edb2c720a3bfef5401745982038b8b6b68f0a14e15ee,2,train,cauliflower__cauliflower_fruit_Bacterial Spot+cauliflower__cauliflower_fruit_Bacterial spot rot,True,LOW_INTRA_SPLIT_DUPLICATE
model2_v4,data/processed/model2_v4/train/cauliflower/cauliflower_leaf_Alternaria Leaf Spot/Alternaria Leaf Spot_263.jpeg,Alternaria Leaf Spot_263.jpeg,train,cauliflower__cauliflower_leaf_Alternaria Leaf Spot,199a010d42f4b43f2c50e554e4ad29ad1b2ba50b078eaea4950d4fdca1bf94ee,2,train,cauliflower__cauliflower_leaf_Alternaria Leaf Spot+cauliflower__cauliflower_leaf_Downy Mildew,True,LOW_INTRA_SPLIT_DUPLICATE
model2_v4,data/processed/model2_v4/train/cauliflower/cauliflower_leaf_Downy Mildew/Downy Mildew. (10).jpeg,Downy Mildew. (10).jpeg,train,cauliflower__cauliflower_leaf_Downy Mildew,199a010d42f4b43f2c50e554e4ad29ad1b2ba50b078eaea4950d4fdca1bf94ee,2,train,cauliflower__cauliflower_leaf_Alternaria Leaf Spot+cauliflower__cauliflower_leaf_Downy Mildew,True,LOW_INTRA_SPLIT_DUPLICATE
model2_v4,data/processed/model2_v4/train/cauliflower/cauliflower_leaf_Downy Mildew/Downy Mildew. (33).jpg,Downy Mildew. (33).jpg,train,cauliflower__cauliflower_leaf_Downy Mildew,19ecb0274dccbe4d89628fb44c7ff151c265876c74942fa55f14d373d7c177fc,2,train,cauliflower__cauliflower_leaf_Downy Mildew,True,LOW_INTRA_SPLIT_DUPLICATE
model2_v4,data/processed/model2_v4/train/cauliflower/cauliflower_leaf_Downy Mildew/Downy Mildew_73.jpg,Downy Mildew_73.jpg,train,cauliflower__cauliflower_leaf_Downy Mildew,19ecb0274dccbe4d89628fb44c7ff151c265876c74942fa55f14d373d7c177fc,2,train,cauliflower__cauliflower_leaf_Downy Mildew,True,LOW_INTRA_SPLIT_DUPLICATE
model2_v4,data/processed/model2_v4/train/cauliflower/cauliflower_leaf_Healthy/Healthy_27.jpeg,Healthy_27.jpeg,train,cauliflower__cauliflower_leaf_Healthy,1a14727739c2e9eee41c5a2302eb25e39b0b57c52afdd7e30d68c7f2c2820bc9,2,train,cauliflower__cauliflower_leaf_Healthy,True,LOW_INTRA_SPLIT_DUPLICATE
model2_v4,data/processed/model2_v4/train/cauliflower/cauliflower_leaf_Healthy/Healthy_28.jpeg,Healthy_28.jpeg,train,cauliflower__cauliflower_leaf_Healthy,1a14727739c2e9eee41c5a2302eb25e39b0b57c52afdd7e30d68c7f2c2820bc9,2,train,cauliflower__cauliflower_leaf_Healthy,True,LOW_INTRA_SPLIT_DUPLICATE
model2_v4,data/processed/model2_v4/train/cauliflower/cauliflower_fruit_healthy/No disease. (10).jpg,No disease. (10).jpg,train,cauliflower__cauliflower_fruit_healthy,1a6e594f33f2be5cc694d5a8e6e345525e6298a2011fc22be61679617bd970c0,2,train,cauliflower__cauliflower_fruit_healthy+cauliflower__cauliflower_leaf_Healthy,True,LOW_INTRA_SPLIT_DUPLICATE
model2_v4,data/processed/model2_v4/train/cauliflower/cauliflower_leaf_Healthy/Healthy_181.jpg,Healthy_181.jpg,train,cauliflower__cauliflower_leaf_Healthy,1a6e594f33f2be5cc694d5a8e6e345525e6298a2011fc22be61679617bd970c0,2,train,cauliflower__cauliflower_fruit_healthy+cauliflower__cauliflower_leaf_Healthy,True,LOW_INTRA_SPLIT_DUPLICATE
model2_v4,data/processed/model2_v4/train/cauliflower/cauliflower_leaf_Downy Mildew/Downy Mildew. (44).jpg,Downy Mildew. (44).jpg,train,cauliflower__cauliflower_leaf_Downy Mildew,1b7267525144f4a71072f6ba5268a1ac51681fdd17514d6f202341837f3b5161,2,train,cauliflower__cauliflower_leaf_Downy Mildew,True,LOW_INTRA_SPLIT_DUPLICATE
model2_v4,data/processed/model2_v4/train/cauliflower/cauliflower_leaf_Downy Mildew/Downy Mildew_85.jpg,Downy Mildew_85.jpg,train,cauliflower__cauliflower_leaf_Downy Mildew,1b7267525144f4a71072f6ba5268a1ac51681fdd17514d6f202341837f3b5161,2,train,cauliflower__cauliflower_leaf_Downy Mildew,True,LOW_INTRA_SPLIT_DUPLICATE
model2_v4,data/processed/model2_v4/train/cauliflower/cauliflower_leaf_Downy Mildew/Downy Mildew. (47).jpg,Downy Mildew. (47).jpg,train,cauliflower__cauliflower_leaf_Downy Mildew,1bb2e16ff9b5d39257b95278bbeb331e34b99723c5e6f95fab69f305d09743d2,2,train,cauliflower__cauliflower_leaf_Downy Mildew,True,LOW_INTRA_SPLIT_DUPLICATE
model2_v4,data/processed/model2_v4/train/cauliflower/cauliflower_leaf_Downy Mildew/Downy Mildew_88.jpg,Downy Mildew_88.jpg,train,cauliflower__cauliflower_leaf_Downy Mildew,1bb2e16ff9b5d39257b95278bbeb331e34b99723c5e6f95fab69f305d09743d2,2,train,cauliflower__cauliflower_leaf_Downy Mildew,True,LOW_INTRA_SPLIT_DUPLICATE
model2_v4,data/processed/model2_v4/train/cauliflower/cauliflower_leaf_Downy Mildew/Downy Mildew. (65).jpg,Downy Mildew. (65).jpg,train,cauliflower__cauliflower_leaf_Downy Mildew,1bcb5a93aa1700791d6404c3d23e8db7f6dec30924de3aaada4874c641e915ce,2,train,cauliflower__cauliflower_leaf_Downy Mildew,True,LOW_INTRA_SPLIT_DUPLICATE
model2_v4,data/processed/model2_v4/train/cauliflower/cauliflower_leaf_Downy Mildew/Downy Mildew_108.jpg,Downy Mildew_108.jpg,train,cauliflower__cauliflower_leaf_Downy Mildew,1bcb5a93aa1700791d6404c3d23e8db7f6dec30924de3aaada4874c641e915ce,2,train,cauliflower__cauliflower_leaf_Downy Mildew,True,LOW_INTRA_SPLIT_DUPLICATE
model2_v4,data/processed/model2_v4/train/cauliflower/cauliflower_leaf_Downy Mildew/Downy Mildew. (107).jpg,Downy Mildew. (107).jpg,train,cauliflower__cauliflower_leaf_Downy Mildew,1c90e5df0f996f2c6d54edebf3167585d7695f76ea4077773e7ecf0e1b42e40a,2,train,cauliflower__cauliflower_leaf_Downy Mildew,True,LOW_INTRA_SPLIT_DUPLICATE
model2_v4,data/processed/model2_v4/train/cauliflower/cauliflower_leaf_Downy Mildew/Downy Mildew_13.jpg,Downy Mildew_13.jpg,train,cauliflower__cauliflower_leaf_Downy Mildew,1c90e5df0f996f2c6d54edebf3167585d7695f76ea4077773e7ecf0e1b42e40a,2,train,cauliflower__cauliflower_leaf_Downy Mildew,True,LOW_INTRA_SPLIT_DUPLICATE
model2_v4,data/processed/model2_v4/train/cauliflower/cauliflower_leaf_Healthy/Healthy_39.jpeg,Healthy_39.jpeg,train,cauliflower__cauliflower_leaf_Healthy,1dfe1ae24871261dee29745ed69c02ce83605c02708f7d05d9dead0f2f777220,2,train,cauliflower__cauliflower_leaf_Healthy,True,LOW_INTRA_SPLIT_DUPLICATE
model2_v4,data/processed/model2_v4/train/cauliflower/cauliflower_leaf_Healthy/Healthy_40.jpeg,Healthy_40.jpeg,train,cauliflower__cauliflower_leaf_Healthy,1dfe1ae24871261dee29745ed69c02ce83605c02708f7d05d9dead0f2f777220,2,train,cauliflower__cauliflower_leaf_Healthy,True,LOW_INTRA_SPLIT_DUPLICATE
model2_v4,data/processed/model2_v4/train/cauliflower/cauliflower_leaf_Downy Mildew/Downy Mildew. (1).jpg,Downy Mildew. (1).jpg,train,cauliflower__cauliflower_leaf_Downy Mildew,1e2b639c7e9501c571275045563c9907feca3ae920f5114deef6e922aaecea28,2,train,cauliflower__cauliflower_leaf_Downy Mildew,True,LOW_INTRA_SPLIT_DUPLICATE
model2_v4,data/processed/model2_v4/train/cauliflower/cauliflower_leaf_Downy Mildew/Downy Mildew_4.jpg,Downy Mildew_4.jpg,train,cauliflower__cauliflower_leaf_Downy Mildew,1e2b639c7e9501c571275045563c9907feca3ae920f5114deef6e922aaecea28,2,train,cauliflower__cauliflower_leaf_Downy Mildew,True,LOW_INTRA_SPLIT_DUPLICATE
model2_v4,data/processed/model2_v4/train/cauliflower/cauliflower_leaf_Healthy/Healthy_76.jpg,Healthy_76.jpg,train,cauliflower__cauliflower_leaf_Healthy,1ea0fd7cef928698ad76669e20b48616f2824a0526a0994169efd2daa04296f6,2,train,cauliflower__cauliflower_leaf_Healthy,True,LOW_INTRA_SPLIT_DUPLICATE
model2_v4,data/processed/model2_v4/train/cauliflower/cauliflower_leaf_Healthy/Healthy_77.jpg,Healthy_77.jpg,train,cauliflower__cauliflower_leaf_Healthy,1ea0fd7cef928698ad76669e20b48616f2824a0526a0994169efd2daa04296f6,2,train,cauliflower__cauliflower_leaf_Healthy,True,LOW_INTRA_SPLIT_DUPLICATE
model2_v4,data/processed/model2_v4/train/cauliflower/cauliflower_fruit_healthy/No disease. (20).jpg,No disease. (20).jpg,train,cauliflower__cauliflower_fruit_healthy,208ecae811eeb4a209382b4615e0f1841141bdd458dc381e001122de8c56802a,2,train,cauliflower__cauliflower_fruit_healthy+cauliflower__cauliflower_leaf_Healthy,True,LOW_INTRA_SPLIT_DUPLICATE
model2_v4,data/processed/model2_v4/train/cauliflower/cauliflower_leaf_Healthy/Healthy_261.jpg,Healthy_261.jpg,train,cauliflower__cauliflower_leaf_Healthy,208ecae811eeb4a209382b4615e0f1841141bdd458dc381e001122de8c56802a,2,train,cauliflower__cauliflower_fruit_healthy+cauliflower__cauliflower_leaf_Healthy,True,LOW_INTRA_SPLIT_DUPLICATE
model2_v4,data/processed/model2_v4/train/cauliflower/cauliflower_leaf_Downy Mildew/Downy Mildew. (12).jpeg,Downy Mildew. (12).jpeg,train,cauliflower__cauliflower_leaf_Downy Mildew,20c5c2912a0662498977e35ac099873b2b16374abafac6a9fee99fd332a410b5,2,train,cauliflower__cauliflower_leaf_Downy Mildew,True,LOW_INTRA_SPLIT_DUPLICATE
model2_v4,data/processed/model2_v4/train/cauliflower/cauliflower_leaf_Downy Mildew/Downy Mildew_2.jpeg,Downy Mildew_2.jpeg,train,cauliflower__cauliflower_leaf_Downy Mildew,20c5c2912a0662498977e35ac099873b2b16374abafac6a9fee99fd332a410b5,2,train,cauliflower__cauliflower_leaf_Downy Mildew,True,LOW_INTRA_SPLIT_DUPLICATE
model2_v4,data/processed/model2_v4/train/cauliflower/cauliflower_leaf_Downy Mildew/Downy Mildew. (56).jpg,Downy Mildew. (56).jpg,train,cauliflower__cauliflower_leaf_Downy Mildew,20f1d8825b1384980e6e0de5b58f382f29da5dfb7f1275401d1d81f1cfb2dd58,2,train,cauliflower__cauliflower_leaf_Downy Mildew,True,LOW_INTRA_SPLIT_DUPLICATE
model2_v4,data/processed/model2_v4/train/cauliflower/cauliflower_leaf_Downy Mildew/Downy Mildew_98.jpg,Downy Mildew_98.jpg,train,cauliflower__cauliflower_leaf_Downy Mildew,20f1d8825b1384980e6e0de5b58f382f29da5dfb7f1275401d1d81f1cfb2dd58,2,train,cauliflower__cauliflower_leaf_Downy Mildew,True,LOW_INTRA_SPLIT_DUPLICATE
model2_v4,data/processed/model2_v4/train/cauliflower/cauliflower_fruit_healthy/No disease. (88).jpg,No disease. (88).jpg,train,cauliflower__cauliflower_fruit_healthy,2172672e0635b64424bedb2ec167336523062b38a3a5798bb02d5ba9a8aa6999,2,train,cauliflower__cauliflower_fruit_healthy+cauliflower__cauliflower_leaf_Healthy,True,LOW_INTRA_SPLIT_DUPLICATE
model2_v4,data/processed/model2_v4/train/cauliflower/cauliflower_leaf_Healthy/Healthy_333.jpg,Healthy_333.jpg,train,cauliflower__cauliflower_leaf_Healthy,2172672e0635b64424bedb2ec167336523062b38a3a5798bb02d5ba9a8aa6999,2,train,cauliflower__cauliflower_fruit_healthy+cauliflower__cauliflower_leaf_Healthy,True,LOW_INTRA_SPLIT_DUPLICATE
model2_v4,data/processed/model2_v4/train/cauliflower/cauliflower_fruit_healthy/No disease. (128).jpg,No disease. (128).jpg,train,cauliflower__cauliflower_fruit_healthy,218635e842e4059ecb02bfb9fd62807f3b30fd1ed6857441dcccec1d803a57d5,2,train,cauliflower__cauliflower_fruit_healthy+cauliflower__cauliflower_leaf_Healthy,True,LOW_INTRA_SPLIT_DUPLICATE
model2_v4,data/processed/model2_v4/train/cauliflower/cauliflower_leaf_Healthy/Healthy_210.jpg,Healthy_210.jpg,train,cauliflower__cauliflower_leaf_Healthy,218635e842e4059ecb02bfb9fd62807f3b30fd1ed6857441dcccec1d803a57d5,2,train,cauliflower__cauliflower_fruit_healthy+cauliflower__cauliflower_leaf_Healthy,True,LOW_INTRA_SPLIT_DUPLICATE
model2_v4,data/processed/model2_v4/train/cauliflower/cauliflower_fruit_healthy/No disease. (144).jpg,No disease. (144).jpg,train,cauliflower__cauliflower_fruit_healthy,21bdd286ef37cb8b9aa1d40aab384af6b0741def0f2fc13a26c626e00ada78c3,2,train,cauliflower__cauliflower_fruit_healthy+cauliflower__cauliflower_leaf_Healthy,True,LOW_INTRA_SPLIT_DUPLICATE
model2_v4,data/processed/model2_v4/train/cauliflower/cauliflower_leaf_Healthy/Healthy_226.jpg,Healthy_226.jpg,train,cauliflower__cauliflower_leaf_Healthy,21bdd286ef37cb8b9aa1d40aab384af6b0741def0f2fc13a26c626e00ada78c3,2,train,cauliflower__cauliflower_fruit_healthy+cauliflower__cauliflower_leaf_Healthy,True,LOW_INTRA_SPLIT_DUPLICATE
model2_v4,data/processed/model2_v4/train/cauliflower/cauliflower_leaf_Healthy/Healthy_110.jpg,Healthy_110.jpg,train,cauliflower__cauliflower_leaf_Healthy,224da650831e93996b8712934db2269492e350c8ece9e446db65d7fef95907a4,2,train,cauliflower__cauliflower_leaf_Healthy,True,LOW_INTRA_SPLIT_DUPLICATE
model2_v4,data/processed/model2_v4/train/cauliflower/cauliflower_leaf_Healthy/Healthy_111.jpg,Healthy_111.jpg,train,cauliflower__cauliflower_leaf_Healthy,224da650831e93996b8712934db2269492e350c8ece9e446db65d7fef95907a4,2,train,cauliflower__cauliflower_leaf_Healthy,True,LOW_INTRA_SPLIT_DUPLICATE
model2_v4,data/processed/model2_v4/train/cauliflower/cauliflower_leaf_Downy Mildew/Downy Mildew. (84).jpg,Downy Mildew. (84).jpg,train,cauliflower__cauliflower_leaf_Downy Mildew,22b34f7e5370c9acbf636b96e441e06497bdc811293ef98ba207612a619514fd,2,train,cauliflower__cauliflower_leaf_Downy Mildew,True,LOW_INTRA_SPLIT_DUPLICATE
model2_v4,data/processed/model2_v4/train/cauliflower/cauliflower_leaf_Downy Mildew/Downy Mildew_129.jpg,Downy Mildew_129.jpg,train,cauliflower__cauliflower_leaf_Downy Mildew,22b34f7e5370c9acbf636b96e441e06497bdc811293ef98ba207612a619514fd,2,train,cauliflower__cauliflower_leaf_Downy Mildew,True,LOW_INTRA_SPLIT_DUPLICATE
model2_v4,data/processed/model2_v4/train/bell_pepper/Leaf_Curl/05c6ea65-cce4-43da-b57b-a45321b0e51b___NREC_B.Spot 9048 (1) - Copy.jpg,05c6ea65-cce4-43da-b57b-a45321b0e51b___NREC_B.Spot 9048 (1) - Copy.jpg,train,bell_pepper__Leaf_Curl,235c9d9932e7dc979487ec9458db0b3702dbba13ea9bd0f462c9a62be58006a4,2,train,bell_pepper__Leaf_Curl,True,LOW_INTRA_SPLIT_DUPLICATE
model2_v4,data/processed/model2_v4/train/bell_pepper/Leaf_Curl/05c6ea65-cce4-43da-b57b-a45321b0e51b___NREC_B.Spot 9048 - Copy.jpg,05c6ea65-cce4-43da-b57b-a45321b0e51b___NREC_B.Spot 9048 - Copy.jpg,train,bell_pepper__Leaf_Curl,235c9d9932e7dc979487ec9458db0b3702dbba13ea9bd0f462c9a62be58006a4,2,train,bell_pepper__Leaf_Curl,True,LOW_INTRA_SPLIT_DUPLICATE
model2_v4,data/processed/model2_v4/train/cauliflower/cauliflower_leaf_Alternaria Leaf Spot/Alternaria Leaf Spot_277.jpeg,Alternaria Leaf Spot_277.jpeg,train,cauliflower__cauliflower_leaf_Alternaria Leaf Spot,23774298560acf74601986e465870169ee21a3924be0c694f9f4c56248d8befe,2,train,cauliflower__cauliflower_leaf_Alternaria Leaf Spot+cauliflower__cauliflower_leaf_Downy Mildew,True,LOW_INTRA_SPLIT_DUPLICATE
model2_v4,data/processed/model2_v4/train/cauliflower/cauliflower_leaf_Downy Mildew/Downy Mildew. (28).jpeg,Downy Mildew. (28).jpeg,train,cauliflower__cauliflower_leaf_Downy Mildew,23774298560acf74601986e465870169ee21a3924be0c694f9f4c56248d8befe,2,train,cauliflower__cauliflower_leaf_Alternaria Leaf Spot+cauliflower__cauliflower_leaf_Downy Mildew,True,LOW_INTRA_SPLIT_DUPLICATE
model2_v4,data/processed/model2_v4/train/bell_pepper/Leaf_Curl/images (3).jpg,images (3).jpg,train,bell_pepper__Leaf_Curl,25ad4dc390a7cc0c8aa27d01c843e624f250ebe35f5cfaeb87121c47645e3d5b,2,train,bell_pepper__Leaf_Curl,True,LOW_INTRA_SPLIT_DUPLICATE
model2_v4,data/processed/model2_v4/train/bell_pepper/Leaf_Curl/images (7).jpg,images (7).jpg,train,bell_pepper__Leaf_Curl,25ad4dc390a7cc0c8aa27d01c843e624f250ebe35f5cfaeb87121c47645e3d5b,2,train,bell_pepper__Leaf_Curl,True,LOW_INTRA_SPLIT_DUPLICATE
model2_v4,data/processed/model2_v4/train/cauliflower/cauliflower_fruit_Bacterial Spot/Bacterial Spot_4.jpg,Bacterial Spot_4.jpg,train,cauliflower__cauliflower_fruit_Bacterial Spot,266bbf60cc4ebd517d8455db28b2259ebea671311e3305cc1bec26cd1f780f0a,2,train,cauliflower__cauliflower_fruit_Bacterial Spot+cauliflower__cauliflower_fruit_Bacterial spot rot,True,LOW_INTRA_SPLIT_DUPLICATE
model2_v4,data/processed/model2_v4/train/cauliflower/cauliflower_fruit_Bacterial spot rot/Bacterial Spot. (70).jpg,Bacterial Spot. (70).jpg,train,cauliflower__cauliflower_fruit_Bacterial spot rot,266bbf60cc4ebd517d8455db28b2259ebea671311e3305cc1bec26cd1f780f0a,2,train,cauliflower__cauliflower_fruit_Bacterial Spot+cauliflower__cauliflower_fruit_Bacterial spot rot,True,LOW_INTRA_SPLIT_DUPLICATE
model2_v4,data/processed/model2_v4/train/cauliflower/cauliflower_fruit_Bacterial Spot/Bacterial Spot_16.jpg,Bacterial Spot_16.jpg,train,cauliflower__cauliflower_fruit_Bacterial Spot,26c0fab7e0a14fab55bac55372e89c3d149ce290b3635db5ce8c7352d83e595e,2,train,cauliflower__cauliflower_fruit_Bacterial Spot+cauliflower__cauliflower_fruit_Bacterial spot rot,True,LOW_INTRA_SPLIT_DUPLICATE
model2_v4,data/processed/model2_v4/train/cauliflower/cauliflower_fruit_Bacterial spot rot/Bacterial Spot. (99).jpg,Bacterial Spot. (99).jpg,train,cauliflower__cauliflower_fruit_Bacterial spot rot,26c0fab7e0a14fab55bac55372e89c3d149ce290b3635db5ce8c7352d83e595e,2,train,cauliflower__cauliflower_fruit_Bacterial Spot+cauliflower__cauliflower_fruit_Bacterial spot rot,True,LOW_INTRA_SPLIT_DUPLICATE
model2_v4,data/processed/model2_v4/train/cauliflower/cauliflower_leaf_Alternaria Leaf Spot/Alternaria Leaf Spot_273.jpeg,Alternaria Leaf Spot_273.jpeg,train,cauliflower__cauliflower_leaf_Alternaria Leaf Spot,271c0978b33798f7f721d753b09b3eb5943ed3213bc5b97271a28cd164e39d21,2,train,cauliflower__cauliflower_leaf_Alternaria Leaf Spot+cauliflower__cauliflower_leaf_Downy Mildew,True,LOW_INTRA_SPLIT_DUPLICATE
model2_v4,data/processed/model2_v4/train/cauliflower/cauliflower_leaf_Downy Mildew/Downy Mildew. (23).jpeg,Downy Mildew. (23).jpeg,train,cauliflower__cauliflower_leaf_Downy Mildew,271c0978b33798f7f721d753b09b3eb5943ed3213bc5b97271a28cd164e39d21,2,train,cauliflower__cauliflower_leaf_Alternaria Leaf Spot+cauliflower__cauliflower_leaf_Downy Mildew,True,LOW_INTRA_SPLIT_DUPLICATE
model2_v4,data/processed/model2_v4/train/cauliflower/cauliflower_leaf_Healthy/Healthy_36.jpeg,Healthy_36.jpeg,train,cauliflower__cauliflower_leaf_Healthy,27ebee7fcb3925dc9a64e3cc7c036dee85b0c496966558f37a15af3a927b7880,2,train,cauliflower__cauliflower_leaf_Healthy,True,LOW_INTRA_SPLIT_DUPLICATE
model2_v4,data/processed/model2_v4/train/cauliflower/cauliflower_leaf_Healthy/Healthy_37.jpeg,Healthy_37.jpeg,train,cauliflower__cauliflower_leaf_Healthy,27ebee7fcb3925dc9a64e3cc7c036dee85b0c496966558f37a15af3a927b7880,2,train,cauliflower__cauliflower_leaf_Healthy,True,LOW_INTRA_SPLIT_DUPLICATE
model2_v4,data/processed/model2_v4/train/cauliflower/cauliflower_leaf_Downy Mildew/Downy Mildew. (40).jpg,Downy Mildew. (40).jpg,train,cauliflower__cauliflower_leaf_Downy Mildew,2805781a864677dfa9c2ce405f106c1e18f76e2885b2e725e811539cef66273e,2,train,cauliflower__cauliflower_leaf_Downy Mildew,True,LOW_INTRA_SPLIT_DUPLICATE
model2_v4,data/processed/model2_v4/train/cauliflower/cauliflower_leaf_Downy Mildew/Downy Mildew_81.jpg,Downy Mildew_81.jpg,train,cauliflower__cauliflower_leaf_Downy Mildew,2805781a864677dfa9c2ce405f106c1e18f76e2885b2e725e811539cef66273e,2,train,cauliflower__cauliflower_leaf_Downy Mildew,True,LOW_INTRA_SPLIT_DUPLICATE
model2_v4,data/processed/model2_v4/train/cauliflower/cauliflower_leaf_Healthy/Healthy_112.jpg,Healthy_112.jpg,train,cauliflower__cauliflower_leaf_Healthy,28748d7175614a1a61c5f50806137145004eabdccc0f3341ae240329a58a563b,2,train,cauliflower__cauliflower_leaf_Healthy,True,LOW_INTRA_SPLIT_DUPLICATE
model2_v4,data/processed/model2_v4/train/cauliflower/cauliflower_leaf_Healthy/Healthy_113.jpg,Healthy_113.jpg,train,cauliflower__cauliflower_leaf_Healthy,28748d7175614a1a61c5f50806137145004eabdccc0f3341ae240329a58a563b,2,train,cauliflower__cauliflower_leaf_Healthy,True,LOW_INTRA_SPLIT_DUPLICATE
model2_v4,data/processed/model2_v4/train/cauliflower/cauliflower_fruit_healthy/No disease. (98).jpg,No disease. (98).jpg,train,cauliflower__cauliflower_fruit_healthy,28adec28e7fd496a0fe0c25689c541d0dfe2e49c1c222b694b564abebe37ec16,2,train,cauliflower__cauliflower_fruit_healthy+cauliflower__cauliflower_leaf_Healthy,True,LOW_INTRA_SPLIT_DUPLICATE
model2_v4,data/processed/model2_v4/train/cauliflower/cauliflower_leaf_Healthy/Healthy_344.jpg,Healthy_344.jpg,train,cauliflower__cauliflower_leaf_Healthy,28adec28e7fd496a0fe0c25689c541d0dfe2e49c1c222b694b564abebe37ec16,2,train,cauliflower__cauliflower_fruit_healthy+cauliflower__cauliflower_leaf_Healthy,True,LOW_INTRA_SPLIT_DUPLICATE
model2_v4,data/processed/model2_v4/train/cauliflower/cauliflower_fruit_healthy/No disease. (82).jpg,No disease. (82).jpg,train,cauliflower__cauliflower_fruit_healthy,28e003cef650315a2ef7baa81c3c4982753f705bd9b3139743e92df55a45bf7e,2,train,cauliflower__cauliflower_fruit_healthy+cauliflower__cauliflower_leaf_Healthy,True,LOW_INTRA_SPLIT_DUPLICATE
model2_v4,data/processed/model2_v4/train/cauliflower/cauliflower_leaf_Healthy/Healthy_327.jpg,Healthy_327.jpg,train,cauliflower__cauliflower_leaf_Healthy,28e003cef650315a2ef7baa81c3c4982753f705bd9b3139743e92df55a45bf7e,2,train,cauliflower__cauliflower_fruit_healthy+cauliflower__cauliflower_leaf_Healthy,True,LOW_INTRA_SPLIT_DUPLICATE
model2_v4,data/processed/model2_v4/train/cauliflower/cauliflower_leaf_Downy Mildew/Downy Mildew. (18).jpg,Downy Mildew. (18).jpg,train,cauliflower__cauliflower_leaf_Downy Mildew,2b00d671eae02cbc72f752edf14f038cf003b2f637b639f3546b4f91e451c899,2,train,cauliflower__cauliflower_leaf_Downy Mildew,True,LOW_INTRA_SPLIT_DUPLICATE
model2_v4,data/processed/model2_v4/train/cauliflower/cauliflower_leaf_Downy Mildew/Downy Mildew_56.jpg,Downy Mildew_56.jpg,train,cauliflower__cauliflower_leaf_Downy Mildew,2b00d671eae02cbc72f752edf14f038cf003b2f637b639f3546b4f91e451c899,2,train,cauliflower__cauliflower_leaf_Downy Mildew,True,LOW_INTRA_SPLIT_DUPLICATE
model2_v4,data/processed/model2_v4/train/bell_pepper/Cerespora/712327ce-f01f-4398-802d-22af911de777___JR_B.Spot 9078.JPG,712327ce-f01f-4398-802d-22af911de777___JR_B.Spot 9078.JPG,train,bell_pepper__Cerespora,2b19f332e8ae354a3407f06a138d08c842e9f6203138bd8f18e5c1d6496a158e,2,train,bell_pepper__Cerespora+bell_pepper__Leaf_Curl,True,LOW_INTRA_SPLIT_DUPLICATE
model2_v4,data/processed/model2_v4/train/bell_pepper/Leaf_Curl/712327ce-f01f-4398-802d-22af911de777___JR_B.Spot 9078.JPG,712327ce-f01f-4398-802d-22af911de777___JR_B.Spot 9078.JPG,train,bell_pepper__Leaf_Curl,2b19f332e8ae354a3407f06a138d08c842e9f6203138bd8f18e5c1d6496a158e,2,train,bell_pepper__Cerespora+bell_pepper__Leaf_Curl,True,LOW_INTRA_SPLIT_DUPLICATE
model2_v4,data/processed/model2_v4/train/cauliflower/cauliflower_fruit_healthy/No disease. (52).jpg,No disease. (52).jpg,train,cauliflower__cauliflower_fruit_healthy,2b5208352620fa08a4a319425cba8d65ffa0b0ce14304cba29d87902434ae595,2,train,cauliflower__cauliflower_fruit_healthy+cauliflower__cauliflower_leaf_Healthy,True,LOW_INTRA_SPLIT_DUPLICATE
model2_v4,data/processed/model2_v4/train/cauliflower/cauliflower_leaf_Healthy/Healthy_294.jpg,Healthy_294.jpg,train,cauliflower__cauliflower_leaf_Healthy,2b5208352620fa08a4a319425cba8d65ffa0b0ce14304cba29d87902434ae595,2,train,cauliflower__cauliflower_fruit_healthy+cauliflower__cauliflower_leaf_Healthy,True,LOW_INTRA_SPLIT_DUPLICATE
model2_v4,data/processed/model2_v4/train/cauliflower/cauliflower_leaf_Downy Mildew/Downy Mildew. (129).jpg,Downy Mildew. (129).jpg,train,cauliflower__cauliflower_leaf_Downy Mildew,2b955b73eb3abee9b88b4bce701a92691e44ec504990d80f3fc2e553716f9b09,4,train,cauliflower__cauliflower_leaf_Downy Mildew,True,LOW_INTRA_SPLIT_DUPLICATE
model2_v4,data/processed/model2_v4/train/cauliflower/cauliflower_leaf_Downy Mildew/Downy Mildew. (142).jpg,Downy Mildew. (142).jpg,train,cauliflower__cauliflower_leaf_Downy Mildew,2b955b73eb3abee9b88b4bce701a92691e44ec504990d80f3fc2e553716f9b09,4,train,cauliflower__cauliflower_leaf_Downy Mildew,True,LOW_INTRA_SPLIT_DUPLICATE
model2_v4,data/processed/model2_v4/train/cauliflower/cauliflower_leaf_Downy Mildew/Downy Mildew_37.jpg,Downy Mildew_37.jpg,train,cauliflower__cauliflower_leaf_Downy Mildew,2b955b73eb3abee9b88b4bce701a92691e44ec504990d80f3fc2e553716f9b09,4,train,cauliflower__cauliflower_leaf_Downy Mildew,True,LOW_INTRA_SPLIT_DUPLICATE
model2_v4,data/processed/model2_v4/train/cauliflower/cauliflower_leaf_Downy Mildew/Downy Mildew_50.jpg,Downy Mildew_50.jpg,train,cauliflower__cauliflower_leaf_Downy Mildew,2b955b73eb3abee9b88b4bce701a92691e44ec504990d80f3fc2e553716f9b09,4,train,cauliflower__cauliflower_leaf_Downy Mildew,True,LOW_INTRA_SPLIT_DUPLICATE
model2_v4,data/processed/model2_v4/train/cauliflower/cauliflower_leaf_Downy Mildew/Downy Mildew. (94).jpg,Downy Mildew. (94).jpg,train,cauliflower__cauliflower_leaf_Downy Mildew,2c73cae57fe02fed2a8b19004f1fd3cc4a13a079584b02ba90a69beb34fd7736,2,train,cauliflower__cauliflower_leaf_Downy Mildew,True,LOW_INTRA_SPLIT_DUPLICATE
model2_v4,data/processed/model2_v4/train/cauliflower/cauliflower_leaf_Downy Mildew/Downy Mildew_140.jpg,Downy Mildew_140.jpg,train,cauliflower__cauliflower_leaf_Downy Mildew,2c73cae57fe02fed2a8b19004f1fd3cc4a13a079584b02ba90a69beb34fd7736,2,train,cauliflower__cauliflower_leaf_Downy Mildew,True,LOW_INTRA_SPLIT_DUPLICATE
model2_v4,data/processed/model2_v4/train/cauliflower/cauliflower_fruit_healthy/No disease. (86).jpg,No disease. (86).jpg,train,cauliflower__cauliflower_fruit_healthy,2c86404305c8acfd558aa97617bfc16090f0aec84d9e5a25708f54f8307cf26b,2,train,cauliflower__cauliflower_fruit_healthy+cauliflower__cauliflower_leaf_Healthy,True,LOW_INTRA_SPLIT_DUPLICATE
model2_v4,data/processed/model2_v4/train/cauliflower/cauliflower_leaf_Healthy/Healthy_331.jpg,Healthy_331.jpg,train,cauliflower__cauliflower_leaf_Healthy,2c86404305c8acfd558aa97617bfc16090f0aec84d9e5a25708f54f8307cf26b,2,train,cauliflower__cauliflower_fruit_healthy+cauliflower__cauliflower_leaf_Healthy,True,LOW_INTRA_SPLIT_DUPLICATE
model2_v4,data/processed/model2_v4/train/cauliflower/cauliflower_leaf_Downy Mildew/Downy Mildew. (28).jpg,Downy Mildew. (28).jpg,train,cauliflower__cauliflower_leaf_Downy Mildew,2d949e82704d0ca9d9fd973f7ae84bb78e65e59b10450de9f9f971d72fcdd5b3,2,train,cauliflower__cauliflower_leaf_Downy Mildew,True,LOW_INTRA_SPLIT_DUPLICATE
model2_v4,data/processed/model2_v4/train/cauliflower/cauliflower_leaf_Downy Mildew/Downy Mildew_67.jpg,Downy Mildew_67.jpg,train,cauliflower__cauliflower_leaf_Downy Mildew,2d949e82704d0ca9d9fd973f7ae84bb78e65e59b10450de9f9f971d72fcdd5b3,2,train,cauliflower__cauliflower_leaf_Downy Mildew,True,LOW_INTRA_SPLIT_DUPLICATE
model2_v4,data/processed/model2_v4/train/cauliflower/cauliflower_fruit_healthy/No disease. (55).jpg,No disease. (55).jpg,train,cauliflower__cauliflower_fruit_healthy,2dbd5ffe14fb6873587c6b8d2e3ca33dedd91578793c676f04c4cc4d81546641,2,train,cauliflower__cauliflower_fruit_healthy+cauliflower__cauliflower_leaf_Healthy,True,LOW_INTRA_SPLIT_DUPLICATE
model2_v4,data/processed/model2_v4/train/cauliflower/cauliflower_leaf_Healthy/Healthy_297.jpg,Healthy_297.jpg,train,cauliflower__cauliflower_leaf_Healthy,2dbd5ffe14fb6873587c6b8d2e3ca33dedd91578793c676f04c4cc4d81546641,2,train,cauliflower__cauliflower_fruit_healthy+cauliflower__cauliflower_leaf_Healthy,True,LOW_INTRA_SPLIT_DUPLICATE
model2_v4,data/processed/model2_v4/train/cauliflower/cauliflower_fruit_healthy/No disease. (163).jpg,No disease. (163).jpg,train,cauliflower__cauliflower_fruit_healthy,2e65e96fb6d6c006abfe5fb9e89631ac9402b5b736edaa288c23dab2836380e5,2,train,cauliflower__cauliflower_fruit_healthy+cauliflower__cauliflower_leaf_Healthy,True,LOW_INTRA_SPLIT_DUPLICATE
model2_v4,data/processed/model2_v4/train/cauliflower/cauliflower_leaf_Healthy/Healthy_239.jpg,Healthy_239.jpg,train,cauliflower__cauliflower_leaf_Healthy,2e65e96fb6d6c006abfe5fb9e89631ac9402b5b736edaa288c23dab2836380e5,2,train,cauliflower__cauliflower_fruit_healthy+cauliflower__cauliflower_leaf_Healthy,True,LOW_INTRA_SPLIT_DUPLICATE
model2_v4,data/processed/model2_v4/train/cauliflower/cauliflower_fruit_healthy/No disease. (114).jpg,No disease. (114).jpg,train,cauliflower__cauliflower_fruit_healthy,2ead943c02c7ff68b050779c018f145abdfb42491adac397514855ee51e3bf8b,2,train,cauliflower__cauliflower_fruit_healthy+cauliflower__cauliflower_leaf_Healthy,True,LOW_INTRA_SPLIT_DUPLICATE
model2_v4,data/processed/model2_v4/train/cauliflower/cauliflower_leaf_Healthy/Healthy_197.jpg,Healthy_197.jpg,train,cauliflower__cauliflower_leaf_Healthy,2ead943c02c7ff68b050779c018f145abdfb42491adac397514855ee51e3bf8b,2,train,cauliflower__cauliflower_fruit_healthy+cauliflower__cauliflower_leaf_Healthy,True,LOW_INTRA_SPLIT_DUPLICATE
model2_v4,data/processed/model2_v4/train/bell_pepper/bacterial_spot/f04c0c6c-ac82-4ac1-abbb-336630ea6363___JR_B.Spot_3129.JPG,f04c0c6c-ac82-4ac1-abbb-336630ea6363___JR_B.Spot_3129.JPG,train,bell_pepper__bacterial_spot,2fc392709c7fe0a72281ddfdf5addbaec599005c86676d38151980d8f949c8cf,3,train,bell_pepper__Cerespora+bell_pepper__Leaf_Curl+bell_pepper__bacterial_spot,True,LOW_INTRA_SPLIT_DUPLICATE
model2_v4,data/processed/model2_v4/train/bell_pepper/Cerespora/f04c0c6c-ac82-4ac1-abbb-336630ea6363___JR_B.Spot 3129.JPG,f04c0c6c-ac82-4ac1-abbb-336630ea6363___JR_B.Spot 3129.JPG,train,bell_pepper__Cerespora,2fc392709c7fe0a72281ddfdf5addbaec599005c86676d38151980d8f949c8cf,3,train,bell_pepper__Cerespora+bell_pepper__Leaf_Curl+bell_pepper__bacterial_spot,True,LOW_INTRA_SPLIT_DUPLICATE
model2_v4,data/processed/model2_v4/train/bell_pepper/Leaf_Curl/f04c0c6c-ac82-4ac1-abbb-336630ea6363___JR_B.Spot 3129.JPG,f04c0c6c-ac82-4ac1-abbb-336630ea6363___JR_B.Spot 3129.JPG,train,bell_pepper__Leaf_Curl,2fc392709c7fe0a72281ddfdf5addbaec599005c86676d38151980d8f949c8cf,3,train,bell_pepper__Cerespora+bell_pepper__Leaf_Curl+bell_pepper__bacterial_spot,True,LOW_INTRA_SPLIT_DUPLICATE
model2_v4,data/processed/model2_v4/train/cauliflower/cauliflower_leaf_Downy Mildew/Downy Mildew. (113).jpg,Downy Mildew. (113).jpg,train,cauliflower__cauliflower_leaf_Downy Mildew,30e5d6d2c6518fa0f410382a1d05194be04a382501eac0e075b59809dc663e9a,2,train,cauliflower__cauliflower_leaf_Downy Mildew,True,LOW_INTRA_SPLIT_DUPLICATE
model2_v4,data/processed/model2_v4/train/cauliflower/cauliflower_leaf_Downy Mildew/Downy Mildew_20.jpg,Downy Mildew_20.jpg,train,cauliflower__cauliflower_leaf_Downy Mildew,30e5d6d2c6518fa0f410382a1d05194be04a382501eac0e075b59809dc663e9a,2,train,cauliflower__cauliflower_leaf_Downy Mildew,True,LOW_INTRA_SPLIT_DUPLICATE
model2_v4,data/processed/model2_v4/train/cauliflower/cauliflower_leaf_Downy Mildew/Downy Mildew. (70).jpg,Downy Mildew. (70).jpg,train,cauliflower__cauliflower_leaf_Downy Mildew,321f1fa158b65ab0c06a988b822100fe59da219716cfb06c173ccdce34bc449d,2,train,cauliflower__cauliflower_leaf_Downy Mildew,True,LOW_INTRA_SPLIT_DUPLICATE
model2_v4,data/processed/model2_v4/train/cauliflower/cauliflower_leaf_Downy Mildew/Downy Mildew_114.jpg,Downy Mildew_114.jpg,train,cauliflower__cauliflower_leaf_Downy Mildew,321f1fa158b65ab0c06a988b822100fe59da219716cfb06c173ccdce34bc449d,2,train,cauliflower__cauliflower_leaf_Downy Mildew,True,LOW_INTRA_SPLIT_DUPLICATE
model2_v4,data/processed/model2_v4/train/cauliflower/cauliflower_fruit_healthy/No disease. (102).jpg,No disease. (102).jpg,train,cauliflower__cauliflower_fruit_healthy,3230db2aaeef7ceead66f1652990b19994ea85c4083f8e862e086fe1422e5b96,2,train,cauliflower__cauliflower_fruit_healthy+cauliflower__cauliflower_leaf_Healthy,True,LOW_INTRA_SPLIT_DUPLICATE
model2_v4,data/processed/model2_v4/train/cauliflower/cauliflower_leaf_Healthy/Healthy_184.jpg,Healthy_184.jpg,train,cauliflower__cauliflower_leaf_Healthy,3230db2aaeef7ceead66f1652990b19994ea85c4083f8e862e086fe1422e5b96,2,train,cauliflower__cauliflower_fruit_healthy+cauliflower__cauliflower_leaf_Healthy,True,LOW_INTRA_SPLIT_DUPLICATE
model2_v4,data/processed/model2_v4/train/bell_pepper/bacterial_spot/pepper_bell_bacterial_spot1918.jpg,pepper_bell_bacterial_spot1918.jpg,train,bell_pepper__bacterial_spot,32755bffadc3d510475285bf451d05453fb67dcab34ee593a7d337c6b5d65e1a,2,train,bell_pepper__Cerespora+bell_pepper__bacterial_spot,True,LOW_INTRA_SPLIT_DUPLICATE
model2_v4,data/processed/model2_v4/train/bell_pepper/Cerespora/b3f41636-2131-4a92-a65a-50ac160e9456___NREC_B.Spot 9213.JPG,b3f41636-2131-4a92-a65a-50ac160e9456___NREC_B.Spot 9213.JPG,train,bell_pepper__Cerespora,32755bffadc3d510475285bf451d05453fb67dcab34ee593a7d337c6b5d65e1a,2,train,bell_pepper__Cerespora+bell_pepper__bacterial_spot,True,LOW_INTRA_SPLIT_DUPLICATE
model2_v4,data/processed/model2_v4/train/cauliflower/cauliflower_leaf_Downy Mildew/Downy Mildew. (58).jpg,Downy Mildew. (58).jpg,train,cauliflower__cauliflower_leaf_Downy Mildew,32eda82f192455bf0072d433bb94de6ca0b9086018c3c1b0acfe23628bcd7ac2,2,train,cauliflower__cauliflower_leaf_Downy Mildew,True,LOW_INTRA_SPLIT_DUPLICATE
model2_v4,data/processed/model2_v4/train/cauliflower/cauliflower_leaf_Downy Mildew/Downy Mildew_100.jpg,Downy Mildew_100.jpg,train,cauliflower__cauliflower_leaf_Downy Mildew,32eda82f192455bf0072d433bb94de6ca0b9086018c3c1b0acfe23628bcd7ac2,2,train,cauliflower__cauliflower_leaf_Downy Mildew,True,LOW_INTRA_SPLIT_DUPLICATE
model2_v4,data/processed/model2_v4/train/bell_pepper/bacterial_spot/ef606668-5aae-4600-a788-1834b6bc3f49___NREC_B.Spot_1804.JPG,ef606668-5aae-4600-a788-1834b6bc3f49___NREC_B.Spot_1804.JPG,train,bell_pepper__bacterial_spot,345b1d6115e6e4764a7633e86e5163147f35c436a6f2738fe10aaf054c0170eb,2,train,bell_pepper__Leaf_Curl+bell_pepper__bacterial_spot,True,LOW_INTRA_SPLIT_DUPLICATE
model2_v4,data/processed/model2_v4/train/bell_pepper/Leaf_Curl/ef606668-5aae-4600-a788-1834b6bc3f49___NREC_B.Spot 1804.JPG,ef606668-5aae-4600-a788-1834b6bc3f49___NREC_B.Spot 1804.JPG,train,bell_pepper__Leaf_Curl,345b1d6115e6e4764a7633e86e5163147f35c436a6f2738fe10aaf054c0170eb,2,train,bell_pepper__Leaf_Curl+bell_pepper__bacterial_spot,True,LOW_INTRA_SPLIT_DUPLICATE
model2_v4,data/processed/model2_v4/train/bell_pepper/Cerespora/796c804e-6764-4497-8ded-dc7ac3f0112c___JR_B.Spot 9007.JPG,796c804e-6764-4497-8ded-dc7ac3f0112c___JR_B.Spot 9007.JPG,train,bell_pepper__Cerespora,372d82dded4902028a5820f9e0f3fce92083092033e5ee832b5079576444b92f,2,train,bell_pepper__Cerespora+bell_pepper__Leaf_Curl,True,LOW_INTRA_SPLIT_DUPLICATE
model2_v4,data/processed/model2_v4/train/bell_pepper/Leaf_Curl/796c804e-6764-4497-8ded-dc7ac3f0112c___JR_B.Spot 9007.JPG,796c804e-6764-4497-8ded-dc7ac3f0112c___JR_B.Spot 9007.JPG,train,bell_pepper__Leaf_Curl,372d82dded4902028a5820f9e0f3fce92083092033e5ee832b5079576444b92f,2,train,bell_pepper__Cerespora+bell_pepper__Leaf_Curl,True,LOW_INTRA_SPLIT_DUPLICATE
model2_v4,data/processed/model2_v4/train/bell_pepper/bacterial_spot/efce3447-357f-458f-b348-383a3576d33b___JR_B.Spot_8900.JPG,efce3447-357f-458f-b348-383a3576d33b___JR_B.Spot_8900.JPG,train,bell_pepper__bacterial_spot,37caf21a0da72c6d4c5cd61302080f0c2ce9328cf67f8ce3ec30bde1bb5f638d,2,train,bell_pepper__Leaf_Curl+bell_pepper__bacterial_spot,True,LOW_INTRA_SPLIT_DUPLICATE
model2_v4,data/processed/model2_v4/train/bell_pepper/Leaf_Curl/efce3447-357f-458f-b348-383a3576d33b___JR_B.Spot 8900.JPG,efce3447-357f-458f-b348-383a3576d33b___JR_B.Spot 8900.JPG,train,bell_pepper__Leaf_Curl,37caf21a0da72c6d4c5cd61302080f0c2ce9328cf67f8ce3ec30bde1bb5f638d,2,train,bell_pepper__Leaf_Curl+bell_pepper__bacterial_spot,True,LOW_INTRA_SPLIT_DUPLICATE
model2_v4,data/processed/model2_v4/train/cauliflower/cauliflower_leaf_Downy Mildew/Downy Mildew. (60).jpg,Downy Mildew. (60).jpg,train,cauliflower__cauliflower_leaf_Downy Mildew,37de7b30fe1a4469c262957dfb3e0e451dd428907e5dc689a6dd9c14cff6b1f7,2,train,cauliflower__cauliflower_leaf_Downy Mildew,True,LOW_INTRA_SPLIT_DUPLICATE
model2_v4,data/processed/model2_v4/train/cauliflower/cauliflower_leaf_Downy Mildew/Downy Mildew_103.jpg,Downy Mildew_103.jpg,train,cauliflower__cauliflower_leaf_Downy Mildew,37de7b30fe1a4469c262957dfb3e0e451dd428907e5dc689a6dd9c14cff6b1f7,2,train,cauliflower__cauliflower_leaf_Downy Mildew,True,LOW_INTRA_SPLIT_DUPLICATE
model2_v4,data/processed/model2_v4/train/bell_pepper/Leaf_Curl/images (5).jpg,images (5).jpg,train,bell_pepper__Leaf_Curl,3889c539de38637b3708c8b1a25cb9d83806ed3590c9cc52706d3ace3c7b664e,2,train,bell_pepper__Leaf_Curl,True,LOW_INTRA_SPLIT_DUPLICATE
model2_v4,data/processed/model2_v4/train/bell_pepper/Leaf_Curl/images (6).jpg,images (6).jpg,train,bell_pepper__Leaf_Curl,3889c539de38637b3708c8b1a25cb9d83806ed3590c9cc52706d3ace3c7b664e,2,train,bell_pepper__Leaf_Curl,True,LOW_INTRA_SPLIT_DUPLICATE
model2_v4,data/processed/model2_v4/train/cauliflower/cauliflower_leaf_Downy Mildew/Downy Mildew. (26).jpg,Downy Mildew. (26).jpg,train,cauliflower__cauliflower_leaf_Downy Mildew,3902e65886b92dc32ab97ddb4f3e815c51c56b8ea2765e39209203c5891f7186,2,train,cauliflower__cauliflower_leaf_Downy Mildew,True,LOW_INTRA_SPLIT_DUPLICATE
model2_v4,data/processed/model2_v4/train/cauliflower/cauliflower_leaf_Downy Mildew/Downy Mildew_65.jpg,Downy Mildew_65.jpg,train,cauliflower__cauliflower_leaf_Downy Mildew,3902e65886b92dc32ab97ddb4f3e815c51c56b8ea2765e39209203c5891f7186,2,train,cauliflower__cauliflower_leaf_Downy Mildew,True,LOW_INTRA_SPLIT_DUPLICATE
model2_v4,data/processed/model2_v4/train/cauliflower/cauliflower_leaf_Healthy/Healthy_43.jpeg,Healthy_43.jpeg,train,cauliflower__cauliflower_leaf_Healthy,3992e73b1613969573ae5cfa319f26003e93c0675667c94ffde1bd2ef7e0479a,2,train,cauliflower__cauliflower_leaf_Healthy,True,LOW_INTRA_SPLIT_DUPLICATE
model2_v4,data/processed/model2_v4/train/cauliflower/cauliflower_leaf_Healthy/Healthy_44.jpeg,Healthy_44.jpeg,train,cauliflower__cauliflower_leaf_Healthy,3992e73b1613969573ae5cfa319f26003e93c0675667c94ffde1bd2ef7e0479a,2,train,cauliflower__cauliflower_leaf_Healthy,True,LOW_INTRA_SPLIT_DUPLICATE
model2_v4,data/processed/model2_v4/train/cauliflower/cauliflower_fruit_healthy/No disease. (103).jpg,No disease. (103).jpg,train,cauliflower__cauliflower_fruit_healthy,3a26bd440916865e32a5041fba021e6364bf29740432b8a1f34dd4cccafa358d,2,train,cauliflower__cauliflower_fruit_healthy+cauliflower__cauliflower_leaf_Healthy,True,LOW_INTRA_SPLIT_DUPLICATE
model2_v4,data/processed/model2_v4/train/cauliflower/cauliflower_leaf_Healthy/Healthy_185.jpg,Healthy_185.jpg,train,cauliflower__cauliflower_leaf_Healthy,3a26bd440916865e32a5041fba021e6364bf29740432b8a1f34dd4cccafa358d,2,train,cauliflower__cauliflower_fruit_healthy+cauliflower__cauliflower_leaf_Healthy,True,LOW_INTRA_SPLIT_DUPLICATE
model2_v4,data/processed/model2_v4/train/cauliflower/cauliflower_fruit_healthy/No disease. (124).jpg,No disease. (124).jpg,train,cauliflower__cauliflower_fruit_healthy,3ac761db0eb05fbc8cd6b9375f0d802053811896b7e12195f89db976031d0129,2,train,cauliflower__cauliflower_fruit_healthy+cauliflower__cauliflower_leaf_Healthy,True,LOW_INTRA_SPLIT_DUPLICATE
model2_v4,data/processed/model2_v4/train/cauliflower/cauliflower_leaf_Healthy/Healthy_206.jpg,Healthy_206.jpg,train,cauliflower__cauliflower_leaf_Healthy,3ac761db0eb05fbc8cd6b9375f0d802053811896b7e12195f89db976031d0129,2,train,cauliflower__cauliflower_fruit_healthy+cauliflower__cauliflower_leaf_Healthy,True,LOW_INTRA_SPLIT_DUPLICATE
model2_v4,data/processed/model2_v4/train/cauliflower/cauliflower_fruit_healthy/No disease. (142).jpg,No disease. (142).jpg,train,cauliflower__cauliflower_fruit_healthy,3ad203d1e1b2265f05d5547c8f655494133df01bd04def14bf425358a23b6c92,2,train,cauliflower__cauliflower_fruit_healthy+cauliflower__cauliflower_leaf_Healthy,True,LOW_INTRA_SPLIT_DUPLICATE
model2_v4,data/processed/model2_v4/train/cauliflower/cauliflower_leaf_Healthy/Healthy_224.jpg,Healthy_224.jpg,train,cauliflower__cauliflower_leaf_Healthy,3ad203d1e1b2265f05d5547c8f655494133df01bd04def14bf425358a23b6c92,2,train,cauliflower__cauliflower_fruit_healthy+cauliflower__cauliflower_leaf_Healthy,True,LOW_INTRA_SPLIT_DUPLICATE
model2_v4,data/processed/model2_v4/train/cauliflower/cauliflower_fruit_healthy/No disease. (9).jpeg,No disease. (9).jpeg,train,cauliflower__cauliflower_fruit_healthy,3b5e7b5c0c019b879bc51f318fe16890ab78f9ecebe73f0191de78fe0bd35459,2,train,cauliflower__cauliflower_fruit_healthy+cauliflower__cauliflower_leaf_Healthy,True,LOW_INTRA_SPLIT_DUPLICATE
model2_v4,data/processed/model2_v4/train/cauliflower/cauliflower_leaf_Healthy/Healthy Leaves_245.jpeg,Healthy Leaves_245.jpeg,train,cauliflower__cauliflower_leaf_Healthy,3b5e7b5c0c019b879bc51f318fe16890ab78f9ecebe73f0191de78fe0bd35459,2,train,cauliflower__cauliflower_fruit_healthy+cauliflower__cauliflower_leaf_Healthy,True,LOW_INTRA_SPLIT_DUPLICATE
model2_v4,data/processed/model2_v4/train/cauliflower/cauliflower_fruit_Bacterial Spot/Bacterial Spot_15.jpg,Bacterial Spot_15.jpg,train,cauliflower__cauliflower_fruit_Bacterial Spot,3c460bb129880be2bd8e93e52a2ecd8b000352530d62301ce69f03b4a61fae99,2,train,cauliflower__cauliflower_fruit_Bacterial Spot+cauliflower__cauliflower_fruit_Bacterial spot rot,True,LOW_INTRA_SPLIT_DUPLICATE
model2_v4,data/processed/model2_v4/train/cauliflower/cauliflower_fruit_Bacterial spot rot/Bacterial Spot. (98).jpg,Bacterial Spot. (98).jpg,train,cauliflower__cauliflower_fruit_Bacterial spot rot,3c460bb129880be2bd8e93e52a2ecd8b000352530d62301ce69f03b4a61fae99,2,train,cauliflower__cauliflower_fruit_Bacterial Spot+cauliflower__cauliflower_fruit_Bacterial spot rot,True,LOW_INTRA_SPLIT_DUPLICATE
model2_v4,data/processed/model2_v4/train/cauliflower/cauliflower_leaf_Downy Mildew/Downy Mildew. (91).jpg,Downy Mildew. (91).jpg,train,cauliflower__cauliflower_leaf_Downy Mildew,3d269eb9b789384103178a701cf638a54bfa92c78be58d0095681a4890abe4b5,2,train,cauliflower__cauliflower_leaf_Downy Mildew,True,LOW_INTRA_SPLIT_DUPLICATE
model2_v4,data/processed/model2_v4/train/cauliflower/cauliflower_leaf_Downy Mildew/Downy Mildew_137.jpg,Downy Mildew_137.jpg,train,cauliflower__cauliflower_leaf_Downy Mildew,3d269eb9b789384103178a701cf638a54bfa92c78be58d0095681a4890abe4b5,2,train,cauliflower__cauliflower_leaf_Downy Mildew,True,LOW_INTRA_SPLIT_DUPLICATE
model2_v4,data/processed/model2_v4/train/cauliflower/cauliflower_leaf_Downy Mildew/Downy Mildew. (89).jpg,Downy Mildew. (89).jpg,train,cauliflower__cauliflower_leaf_Downy Mildew,3dc5346ed7c5091ae61c107aa3b5c1657334e918eb2816a05ade3278b5e7aaba,2,train,cauliflower__cauliflower_leaf_Downy Mildew,True,LOW_INTRA_SPLIT_DUPLICATE
model2_v4,data/processed/model2_v4/train/cauliflower/cauliflower_leaf_Downy Mildew/Downy Mildew_134.jpg,Downy Mildew_134.jpg,train,cauliflower__cauliflower_leaf_Downy Mildew,3dc5346ed7c5091ae61c107aa3b5c1657334e918eb2816a05ade3278b5e7aaba,2,train,cauliflower__cauliflower_leaf_Downy Mildew,True,LOW_INTRA_SPLIT_DUPLICATE
model2_v4,data/processed/model2_v4/train/cauliflower/cauliflower_fruit_healthy/No disease. (87).jpg,No disease. (87).jpg,train,cauliflower__cauliflower_fruit_healthy,3df7d781ad91164655e5c274ffcbbffa45d4bd719bb49bf04f7cde4e680ff578,2,train,cauliflower__cauliflower_fruit_healthy+cauliflower__cauliflower_leaf_Healthy,True,LOW_INTRA_SPLIT_DUPLICATE
model2_v4,data/processed/model2_v4/train/cauliflower/cauliflower_leaf_Healthy/Healthy_332.jpg,Healthy_332.jpg,train,cauliflower__cauliflower_leaf_Healthy,3df7d781ad91164655e5c274ffcbbffa45d4bd719bb49bf04f7cde4e680ff578,2,train,cauliflower__cauliflower_fruit_healthy+cauliflower__cauliflower_leaf_Healthy,True,LOW_INTRA_SPLIT_DUPLICATE
model2_v4,data/processed/model2_v4/train/cauliflower/cauliflower_leaf_Downy Mildew/Downy Mildew. (69).jpg,Downy Mildew. (69).jpg,train,cauliflower__cauliflower_leaf_Downy Mildew,3e0d287d7d86736e754bdb78f5a757a5f611e708bf39c4ee9e8036539e1f5f07,2,train,cauliflower__cauliflower_leaf_Downy Mildew,True,LOW_INTRA_SPLIT_DUPLICATE
model2_v4,data/processed/model2_v4/train/cauliflower/cauliflower_leaf_Downy Mildew/Downy Mildew_112.jpg,Downy Mildew_112.jpg,train,cauliflower__cauliflower_leaf_Downy Mildew,3e0d287d7d86736e754bdb78f5a757a5f611e708bf39c4ee9e8036539e1f5f07,2,train,cauliflower__cauliflower_leaf_Downy Mildew,True,LOW_INTRA_SPLIT_DUPLICATE
model2_v4,data/processed/model2_v4/train/cauliflower/cauliflower_fruit_healthy/No disease. (34).jpg,No disease. (34).jpg,train,cauliflower__cauliflower_fruit_healthy,3e2ee1f5dd3609ecf14e5140adb60c039dd379d18cc9f91434fd8a9bbc41e503,2,train,cauliflower__cauliflower_fruit_healthy+cauliflower__cauliflower_leaf_Healthy,True,LOW_INTRA_SPLIT_DUPLICATE
model2_v4,data/processed/model2_v4/train/cauliflower/cauliflower_leaf_Healthy/Healthy_276.jpg,Healthy_276.jpg,train,cauliflower__cauliflower_leaf_Healthy,3e2ee1f5dd3609ecf14e5140adb60c039dd379d18cc9f91434fd8a9bbc41e503,2,train,cauliflower__cauliflower_fruit_healthy+cauliflower__cauliflower_leaf_Healthy,True,LOW_INTRA_SPLIT_DUPLICATE
model2_v4,data/processed/model2_v4/train/cauliflower/cauliflower_fruit_healthy/No disease. (6).jpg,No disease. (6).jpg,train,cauliflower__cauliflower_fruit_healthy,3f3ec476ff504b2746e5f2a14626220630ba8c5796f6271dac49f704e7c4b004,2,train,cauliflower__cauliflower_fruit_healthy+cauliflower__cauliflower_leaf_Healthy,True,LOW_INTRA_SPLIT_DUPLICATE
model2_v4,data/processed/model2_v4/train/cauliflower/cauliflower_leaf_Healthy/Healthy_302.jpg,Healthy_302.jpg,train,cauliflower__cauliflower_leaf_Healthy,3f3ec476ff504b2746e5f2a14626220630ba8c5796f6271dac49f704e7c4b004,2,train,cauliflower__cauliflower_fruit_healthy+cauliflower__cauliflower_leaf_Healthy,True,LOW_INTRA_SPLIT_DUPLICATE
model2_v4,data/processed/model2_v4/train/bell_pepper/Cerespora/a019b8ae-20de-4f0b-978e-0c4e142c697d___JR_B.Spot 9059.JPG,a019b8ae-20de-4f0b-978e-0c4e142c697d___JR_B.Spot 9059.JPG,train,bell_pepper__Cerespora,3f4c9958f4c46bb5468045d04ea59b0d7fd6f9e3983bfc0db0eb5e463ac0f6e6,2,train,bell_pepper__Cerespora+bell_pepper__Leaf_Curl,True,LOW_INTRA_SPLIT_DUPLICATE
model2_v4,data/processed/model2_v4/train/bell_pepper/Leaf_Curl/a019b8ae-20de-4f0b-978e-0c4e142c697d___JR_B.Spot 9059.JPG,a019b8ae-20de-4f0b-978e-0c4e142c697d___JR_B.Spot 9059.JPG,train,bell_pepper__Leaf_Curl,3f4c9958f4c46bb5468045d04ea59b0d7fd6f9e3983bfc0db0eb5e463ac0f6e6,2,train,bell_pepper__Cerespora+bell_pepper__Leaf_Curl,True,LOW_INTRA_SPLIT_DUPLICATE
model2_v4,data/processed/model2_v4/train/cauliflower/cauliflower_leaf_Downy Mildew/Downy Mildew. (42).jpg,Downy Mildew. (42).jpg,train,cauliflower__cauliflower_leaf_Downy Mildew,4001879ed82dd9877798c2fa114ae481a11750d8e79e51a171bc789f03340137,2,train,cauliflower__cauliflower_leaf_Downy Mildew,True,LOW_INTRA_SPLIT_DUPLICATE
model2_v4,data/processed/model2_v4/train/cauliflower/cauliflower_leaf_Downy Mildew/Downy Mildew_83.jpg,Downy Mildew_83.jpg,train,cauliflower__cauliflower_leaf_Downy Mildew,4001879ed82dd9877798c2fa114ae481a11750d8e79e51a171bc789f03340137,2,train,cauliflower__cauliflower_leaf_Downy Mildew,True,LOW_INTRA_SPLIT_DUPLICATE
model2_v4,data/processed/model2_v4/train/cauliflower/cauliflower_fruit_healthy/No disease. (30).jpg,No disease. (30).jpg,train,cauliflower__cauliflower_fruit_healthy,404210d9bd4f74e231b496f87a36fd0af7c97fb5a9a56c68adc26e30a28b5946,2,train,cauliflower__cauliflower_fruit_healthy+cauliflower__cauliflower_leaf_Healthy,True,LOW_INTRA_SPLIT_DUPLICATE
model2_v4,data/processed/model2_v4/train/cauliflower/cauliflower_leaf_Healthy/Healthy_272.jpg,Healthy_272.jpg,train,cauliflower__cauliflower_leaf_Healthy,404210d9bd4f74e231b496f87a36fd0af7c97fb5a9a56c68adc26e30a28b5946,2,train,cauliflower__cauliflower_fruit_healthy+cauliflower__cauliflower_leaf_Healthy,True,LOW_INTRA_SPLIT_DUPLICATE
model2_v4,data/processed/model2_v4/train/cauliflower/cauliflower_leaf_Downy Mildew/Downy Mildew. (100).jpg,Downy Mildew. (100).jpg,train,cauliflower__cauliflower_leaf_Downy Mildew,410e9309c8a22f4ba8cf30adb4079fe0253945add75b42a9d52ca95728c899bc,2,train,cauliflower__cauliflower_leaf_Downy Mildew,True,LOW_INTRA_SPLIT_DUPLICATE
model2_v4,data/processed/model2_v4/train/cauliflower/cauliflower_leaf_Downy Mildew/Downy Mildew_6.jpg,Downy Mildew_6.jpg,train,cauliflower__cauliflower_leaf_Downy Mildew,410e9309c8a22f4ba8cf30adb4079fe0253945add75b42a9d52ca95728c899bc,2,train,cauliflower__cauliflower_leaf_Downy Mildew,True,LOW_INTRA_SPLIT_DUPLICATE
model2_v4,data/processed/model2_v4/train/cauliflower/cauliflower_fruit_Bacterial Spot/Bacterial Spot_12.jpg,Bacterial Spot_12.jpg,train,cauliflower__cauliflower_fruit_Bacterial Spot,411d9fa26c9d24286ce388adbd2d4fd373408971b57dd0c399a7d8b70bb331fe,4,train,cauliflower__cauliflower_fruit_Bacterial Spot+cauliflower__cauliflower_fruit_Bacterial spot rot,True,LOW_INTRA_SPLIT_DUPLICATE
model2_v4,data/processed/model2_v4/train/cauliflower/cauliflower_fruit_Bacterial Spot/Bacterial Spot_2.jpg,Bacterial Spot_2.jpg,train,cauliflower__cauliflower_fruit_Bacterial Spot,411d9fa26c9d24286ce388adbd2d4fd373408971b57dd0c399a7d8b70bb331fe,4,train,cauliflower__cauliflower_fruit_Bacterial Spot+cauliflower__cauliflower_fruit_Bacterial spot rot,True,LOW_INTRA_SPLIT_DUPLICATE
model2_v4,data/processed/model2_v4/train/cauliflower/cauliflower_fruit_Bacterial spot rot/Bacterial Spot. (68).jpg,Bacterial Spot. (68).jpg,train,cauliflower__cauliflower_fruit_Bacterial spot rot,411d9fa26c9d24286ce388adbd2d4fd373408971b57dd0c399a7d8b70bb331fe,4,train,cauliflower__cauliflower_fruit_Bacterial Spot+cauliflower__cauliflower_fruit_Bacterial spot rot,True,LOW_INTRA_SPLIT_DUPLICATE
model2_v4,data/processed/model2_v4/train/cauliflower/cauliflower_fruit_Bacterial spot rot/Bacterial Spot. (95).jpg,Bacterial Spot. (95).jpg,train,cauliflower__cauliflower_fruit_Bacterial spot rot,411d9fa26c9d24286ce388adbd2d4fd373408971b57dd0c399a7d8b70bb331fe,4,train,cauliflower__cauliflower_fruit_Bacterial Spot+cauliflower__cauliflower_fruit_Bacterial spot rot,True,LOW_INTRA_SPLIT_DUPLICATE
model2_v4,data/processed/model2_v4/train/cauliflower/cauliflower_leaf_Healthy/Healthy_29.jpeg,Healthy_29.jpeg,train,cauliflower__cauliflower_leaf_Healthy,4121a91f1989059e11228d3f943919d4a91bef5fd4e2d84a02e1f866f80ef18e,2,train,cauliflower__cauliflower_leaf_Healthy,True,LOW_INTRA_SPLIT_DUPLICATE
model2_v4,data/processed/model2_v4/train/cauliflower/cauliflower_leaf_Healthy/Healthy_30.jpeg,Healthy_30.jpeg,train,cauliflower__cauliflower_leaf_Healthy,4121a91f1989059e11228d3f943919d4a91bef5fd4e2d84a02e1f866f80ef18e,2,train,cauliflower__cauliflower_leaf_Healthy,True,LOW_INTRA_SPLIT_DUPLICATE
model2_v4,data/processed/model2_v4/train/bell_pepper/Cerespora/Cercospora-Leaf-Spot-Management-in-Chilli3.jpg,Cercospora-Leaf-Spot-Management-in-Chilli3.jpg,train,bell_pepper__Cerespora,41cc4a1ca5b621ba3579848a18bffce2ee5bf39d906cd216755de918eb92a722,3,train,bell_pepper__Cerespora,True,LOW_INTRA_SPLIT_DUPLICATE
model2_v4,data/processed/model2_v4/train/bell_pepper/Cerespora/download2 (13).jpg,download2 (13).jpg,train,bell_pepper__Cerespora,41cc4a1ca5b621ba3579848a18bffce2ee5bf39d906cd216755de918eb92a722,3,train,bell_pepper__Cerespora,True,LOW_INTRA_SPLIT_DUPLICATE
model2_v4,data/processed/model2_v4/train/bell_pepper/Cerespora/download2 (34).jpg,download2 (34).jpg,train,bell_pepper__Cerespora,41cc4a1ca5b621ba3579848a18bffce2ee5bf39d906cd216755de918eb92a722,3,train,bell_pepper__Cerespora,True,LOW_INTRA_SPLIT_DUPLICATE
model2_v4,data/processed/model2_v4/train/cauliflower/cauliflower_fruit_healthy/No disease. (112).jpg,No disease. (112).jpg,train,cauliflower__cauliflower_fruit_healthy,41e1facd47aaa0a9a055068f23c57310889d93cb3a24cdd2c2197302558d3759,2,train,cauliflower__cauliflower_fruit_healthy+cauliflower__cauliflower_leaf_Healthy,True,LOW_INTRA_SPLIT_DUPLICATE
model2_v4,data/processed/model2_v4/train/cauliflower/cauliflower_leaf_Healthy/Healthy_195.jpg,Healthy_195.jpg,train,cauliflower__cauliflower_leaf_Healthy,41e1facd47aaa0a9a055068f23c57310889d93cb3a24cdd2c2197302558d3759,2,train,cauliflower__cauliflower_fruit_healthy+cauliflower__cauliflower_leaf_Healthy,True,LOW_INTRA_SPLIT_DUPLICATE
model2_v4,data/processed/model2_v4/train/cauliflower/cauliflower_fruit_healthy/No disease. (106).jpg,No disease. (106).jpg,train,cauliflower__cauliflower_fruit_healthy,426aeb7bbe58898ce49953cd3a4dba0e0ab8a12b800b55a520268a9c3efdbba2,2,train,cauliflower__cauliflower_fruit_healthy+cauliflower__cauliflower_leaf_Healthy,True,LOW_INTRA_SPLIT_DUPLICATE
model2_v4,data/processed/model2_v4/train/cauliflower/cauliflower_leaf_Healthy/Healthy_188.jpg,Healthy_188.jpg,train,cauliflower__cauliflower_leaf_Healthy,426aeb7bbe58898ce49953cd3a4dba0e0ab8a12b800b55a520268a9c3efdbba2,2,train,cauliflower__cauliflower_fruit_healthy+cauliflower__cauliflower_leaf_Healthy,True,LOW_INTRA_SPLIT_DUPLICATE
model2_v4,data/processed/model2_v4/train/cauliflower/cauliflower_leaf_Downy Mildew/Downy Mildew. (133).jpg,Downy Mildew. (133).jpg,train,cauliflower__cauliflower_leaf_Downy Mildew,43a4f8d79718a518e109c82b94edd507bd4ca63960eeaf323a5af5ff81479553,2,train,cauliflower__cauliflower_leaf_Downy Mildew,True,LOW_INTRA_SPLIT_DUPLICATE
model2_v4,data/processed/model2_v4/train/cauliflower/cauliflower_leaf_Downy Mildew/Downy Mildew_42.jpg,Downy Mildew_42.jpg,train,cauliflower__cauliflower_leaf_Downy Mildew,43a4f8d79718a518e109c82b94edd507bd4ca63960eeaf323a5af5ff81479553,2,train,cauliflower__cauliflower_leaf_Downy Mildew,True,LOW_INTRA_SPLIT_DUPLICATE
model2_v4,data/processed/model2_v4/train/cauliflower/cauliflower_leaf_Downy Mildew/Downy Mildew. (66).jpg,Downy Mildew. (66).jpg,train,cauliflower__cauliflower_leaf_Downy Mildew,43e5addea22f518d5abd7a67e6b56fa0c195575c08580421d64a15dedaf3f4b1,2,train,cauliflower__cauliflower_leaf_Downy Mildew,True,LOW_INTRA_SPLIT_DUPLICATE
model2_v4,data/processed/model2_v4/train/cauliflower/cauliflower_leaf_Downy Mildew/Downy Mildew_109.jpg,Downy Mildew_109.jpg,train,cauliflower__cauliflower_leaf_Downy Mildew,43e5addea22f518d5abd7a67e6b56fa0c195575c08580421d64a15dedaf3f4b1,2,train,cauliflower__cauliflower_leaf_Downy Mildew,True,LOW_INTRA_SPLIT_DUPLICATE
model2_v4,data/processed/model2_v4/train/cauliflower/cauliflower_fruit_healthy/No disease. (29).jpg,No disease. (29).jpg,train,cauliflower__cauliflower_fruit_healthy,441092c48b225a35703bba375228b74092d392c8550ecfadbd9f997b5b6b661c,2,train,cauliflower__cauliflower_fruit_healthy+cauliflower__cauliflower_leaf_Healthy,True,LOW_INTRA_SPLIT_DUPLICATE
model2_v4,data/processed/model2_v4/train/cauliflower/cauliflower_leaf_Healthy/Healthy_270.jpg,Healthy_270.jpg,train,cauliflower__cauliflower_leaf_Healthy,441092c48b225a35703bba375228b74092d392c8550ecfadbd9f997b5b6b661c,2,train,cauliflower__cauliflower_fruit_healthy+cauliflower__cauliflower_leaf_Healthy,True,LOW_INTRA_SPLIT_DUPLICATE
model2_v4,data/processed/model2_v4/train/cauliflower/cauliflower_leaf_Healthy/Healthy_60.jpg,Healthy_60.jpg,train,cauliflower__cauliflower_leaf_Healthy,4515ec9345e6c2d6a309d321e4960a18399065584b3b849ed1ea306ab662043d,2,train,cauliflower__cauliflower_leaf_Healthy,True,LOW_INTRA_SPLIT_DUPLICATE
model2_v4,data/processed/model2_v4/train/cauliflower/cauliflower_leaf_Healthy/Healthy_61.jpg,Healthy_61.jpg,train,cauliflower__cauliflower_leaf_Healthy,4515ec9345e6c2d6a309d321e4960a18399065584b3b849ed1ea306ab662043d,2,train,cauliflower__cauliflower_leaf_Healthy,True,LOW_INTRA_SPLIT_DUPLICATE
model2_v4,data/processed/model2_v4/train/cauliflower/cauliflower_leaf_Downy Mildew/Downy Mildew. (13).jpg,Downy Mildew. (13).jpg,train,cauliflower__cauliflower_leaf_Downy Mildew,4528c367b489e8c2e8b807e1481c17f43165d854229d90a6792ea1d836fa4536,2,train,cauliflower__cauliflower_leaf_Downy Mildew,True,LOW_INTRA_SPLIT_DUPLICATE
model2_v4,data/processed/model2_v4/train/cauliflower/cauliflower_leaf_Downy Mildew/Downy Mildew_38.jpg,Downy Mildew_38.jpg,train,cauliflower__cauliflower_leaf_Downy Mildew,4528c367b489e8c2e8b807e1481c17f43165d854229d90a6792ea1d836fa4536,2,train,cauliflower__cauliflower_leaf_Downy Mildew,True,LOW_INTRA_SPLIT_DUPLICATE
model2_v4,data/processed/model2_v4/train/cauliflower/cauliflower_leaf_Alternaria Leaf Spot/Alternaria Leaf Spot_265.jpeg,Alternaria Leaf Spot_265.jpeg,train,cauliflower__cauliflower_leaf_Alternaria Leaf Spot,462a281b9734ffd04eabc248bad8747051be19282b1f366c108364e5b56b9f88,2,train,cauliflower__cauliflower_leaf_Alternaria Leaf Spot+cauliflower__cauliflower_leaf_Downy Mildew,True,LOW_INTRA_SPLIT_DUPLICATE
model2_v4,data/processed/model2_v4/train/cauliflower/cauliflower_leaf_Downy Mildew/Downy Mildew. (15).jpeg,Downy Mildew. (15).jpeg,train,cauliflower__cauliflower_leaf_Downy Mildew,462a281b9734ffd04eabc248bad8747051be19282b1f366c108364e5b56b9f88,2,train,cauliflower__cauliflower_leaf_Alternaria Leaf Spot+cauliflower__cauliflower_leaf_Downy Mildew,True,LOW_INTRA_SPLIT_DUPLICATE
model2_v4,data/processed/model2_v4/train/cauliflower/cauliflower_leaf_Downy Mildew/Downy Mildew. (132).jpg,Downy Mildew. (132).jpg,train,cauliflower__cauliflower_leaf_Downy Mildew,466b2bde00d41fc16dd9d717adbd1f13f93e1e3c52bcaae45eea71ad9e8290cd,2,train,cauliflower__cauliflower_leaf_Downy Mildew,True,LOW_INTRA_SPLIT_DUPLICATE
model2_v4,data/processed/model2_v4/train/cauliflower/cauliflower_leaf_Downy Mildew/Downy Mildew_41.jpg,Downy Mildew_41.jpg,train,cauliflower__cauliflower_leaf_Downy Mildew,466b2bde00d41fc16dd9d717adbd1f13f93e1e3c52bcaae45eea71ad9e8290cd,2,train,cauliflower__cauliflower_leaf_Downy Mildew,True,LOW_INTRA_SPLIT_DUPLICATE
model2_v4,data/processed/model2_v4/train/bell_pepper/bacterial_spot/pepper_bell_bacterial_spot307.jpg,pepper_bell_bacterial_spot307.jpg,train,bell_pepper__bacterial_spot,473a0d20753dd0161b9678888c0582b06fd9871882387379cc702fd6413fdcb1,3,train,bell_pepper__Cerespora+bell_pepper__Leaf_Curl+bell_pepper__bacterial_spot,True,LOW_INTRA_SPLIT_DUPLICATE
model2_v4,data/processed/model2_v4/train/bell_pepper/Cerespora/423247c0-70c3-4d41-b22f-33071ee36a7a___JR_B.Spot 3246.JPG,423247c0-70c3-4d41-b22f-33071ee36a7a___JR_B.Spot 3246.JPG,train,bell_pepper__Cerespora,473a0d20753dd0161b9678888c0582b06fd9871882387379cc702fd6413fdcb1,3,train,bell_pepper__Cerespora+bell_pepper__Leaf_Curl+bell_pepper__bacterial_spot,True,LOW_INTRA_SPLIT_DUPLICATE
model2_v4,data/processed/model2_v4/train/bell_pepper/Leaf_Curl/423247c0-70c3-4d41-b22f-33071ee36a7a___JR_B.Spot 3246.JPG,423247c0-70c3-4d41-b22f-33071ee36a7a___JR_B.Spot 3246.JPG,train,bell_pepper__Leaf_Curl,473a0d20753dd0161b9678888c0582b06fd9871882387379cc702fd6413fdcb1,3,train,bell_pepper__Cerespora+bell_pepper__Leaf_Curl+bell_pepper__bacterial_spot,True,LOW_INTRA_SPLIT_DUPLICATE
model2_v4,data/processed/model2_v4/train/cauliflower/cauliflower_leaf_Downy Mildew/Downy Mildew. (88).jpg,Downy Mildew. (88).jpg,train,cauliflower__cauliflower_leaf_Downy Mildew,473d45b13cf3e7b031f004fc7a2b364a6076233ec816c36f388d8ef485d76b33,2,train,cauliflower__cauliflower_leaf_Downy Mildew,True,LOW_INTRA_SPLIT_DUPLICATE
model2_v4,data/processed/model2_v4/train/cauliflower/cauliflower_leaf_Downy Mildew/Downy Mildew_133.jpg,Downy Mildew_133.jpg,train,cauliflower__cauliflower_leaf_Downy Mildew,473d45b13cf3e7b031f004fc7a2b364a6076233ec816c36f388d8ef485d76b33,2,train,cauliflower__cauliflower_leaf_Downy Mildew,True,LOW_INTRA_SPLIT_DUPLICATE
model2_v4,data/processed/model2_v4/train/cauliflower/cauliflower_leaf_Downy Mildew/Downy Mildew. (131).jpg,Downy Mildew. (131).jpg,train,cauliflower__cauliflower_leaf_Downy Mildew,47db16ea27d23ee26c172f2419c0173abe60605aab87c811d88d0d7c2a13f462,2,train,cauliflower__cauliflower_leaf_Downy Mildew,True,LOW_INTRA_SPLIT_DUPLICATE
model2_v4,data/processed/model2_v4/train/cauliflower/cauliflower_leaf_Downy Mildew/Downy Mildew_40.jpg,Downy Mildew_40.jpg,train,cauliflower__cauliflower_leaf_Downy Mildew,47db16ea27d23ee26c172f2419c0173abe60605aab87c811d88d0d7c2a13f462,2,train,cauliflower__cauliflower_leaf_Downy Mildew,True,LOW_INTRA_SPLIT_DUPLICATE
model2_v4,data/processed/model2_v4/train/cauliflower/cauliflower_leaf_Healthy/Healthy_120.jpg,Healthy_120.jpg,train,cauliflower__cauliflower_leaf_Healthy,48555f1f47117bae7f0f08f2c140cdbb87bf3505b4a1b6ccffb82694af90613e,2,train,cauliflower__cauliflower_leaf_Healthy,True,LOW_INTRA_SPLIT_DUPLICATE
model2_v4,data/processed/model2_v4/train/cauliflower/cauliflower_leaf_Healthy/Healthy_121.jpg,Healthy_121.jpg,train,cauliflower__cauliflower_leaf_Healthy,48555f1f47117bae7f0f08f2c140cdbb87bf3505b4a1b6ccffb82694af90613e,2,train,cauliflower__cauliflower_leaf_Healthy,True,LOW_INTRA_SPLIT_DUPLICATE
model2_v4,data/processed/model2_v4/train/bell_pepper/Cerespora/cercospora-pepper-1 (1).jpg,cercospora-pepper-1 (1).jpg,train,bell_pepper__Cerespora,4892edecb87264e1d685db09c77b46c7cb99ff741b8ad55eb2bdae1457dda23c,2,train,bell_pepper__Cerespora,True,LOW_INTRA_SPLIT_DUPLICATE
model2_v4,data/processed/model2_v4/train/bell_pepper/Cerespora/cercospora-pepper-1.jpg,cercospora-pepper-1.jpg,train,bell_pepper__Cerespora,4892edecb87264e1d685db09c77b46c7cb99ff741b8ad55eb2bdae1457dda23c,2,train,bell_pepper__Cerespora,True,LOW_INTRA_SPLIT_DUPLICATE
model2_v4,data/processed/model2_v4/train/cauliflower/cauliflower_fruit_healthy/No disease. (97).jpg,No disease. (97).jpg,train,cauliflower__cauliflower_fruit_healthy,48a80ac34e16874d3d999785447797ace205e768223798de3a92b41ed5b1ee3a,2,train,cauliflower__cauliflower_fruit_healthy+cauliflower__cauliflower_leaf_Healthy,True,LOW_INTRA_SPLIT_DUPLICATE
model2_v4,data/processed/model2_v4/train/cauliflower/cauliflower_leaf_Healthy/Healthy_343.jpg,Healthy_343.jpg,train,cauliflower__cauliflower_leaf_Healthy,48a80ac34e16874d3d999785447797ace205e768223798de3a92b41ed5b1ee3a,2,train,cauliflower__cauliflower_fruit_healthy+cauliflower__cauliflower_leaf_Healthy,True,LOW_INTRA_SPLIT_DUPLICATE
model2_v4,data/processed/model2_v4/train/cauliflower/cauliflower_fruit_healthy/No disease. (132).jpg,No disease. (132).jpg,train,cauliflower__cauliflower_fruit_healthy,4a44b57616060c02647cc0a96fa3c048235bfd354d64b3374f2b3393e468ed8a,2,train,cauliflower__cauliflower_fruit_healthy+cauliflower__cauliflower_leaf_Healthy,True,LOW_INTRA_SPLIT_DUPLICATE
model2_v4,data/processed/model2_v4/train/cauliflower/cauliflower_leaf_Healthy/Healthy_214.jpg,Healthy_214.jpg,train,cauliflower__cauliflower_leaf_Healthy,4a44b57616060c02647cc0a96fa3c048235bfd354d64b3374f2b3393e468ed8a,2,train,cauliflower__cauliflower_fruit_healthy+cauliflower__cauliflower_leaf_Healthy,True,LOW_INTRA_SPLIT_DUPLICATE
model2_v4,data/processed/model2_v4/train/cauliflower/cauliflower_fruit_healthy/No disease. (74).jpg,No disease. (74).jpg,train,cauliflower__cauliflower_fruit_healthy,4a67872661bc02548a96fc409b4a3f1922e283b22af17b6569af3dd1ba17235b,2,train,cauliflower__cauliflower_fruit_healthy+cauliflower__cauliflower_leaf_Healthy,True,LOW_INTRA_SPLIT_DUPLICATE
model2_v4,data/processed/model2_v4/train/cauliflower/cauliflower_leaf_Healthy/Healthy_318.jpg,Healthy_318.jpg,train,cauliflower__cauliflower_leaf_Healthy,4a67872661bc02548a96fc409b4a3f1922e283b22af17b6569af3dd1ba17235b,2,train,cauliflower__cauliflower_fruit_healthy+cauliflower__cauliflower_leaf_Healthy,True,LOW_INTRA_SPLIT_DUPLICATE
model2_v4,data/processed/model2_v4/train/bell_pepper/bacterial_spot/pepper_bell_bacterial_spot304.jpg,pepper_bell_bacterial_spot304.jpg,train,bell_pepper__bacterial_spot,4acaa7cc053121f8253d56c1589a6668ff7325667d5be7d83b324859fea7be13,2,train,bell_pepper__Leaf_Curl+bell_pepper__bacterial_spot,True,LOW_INTRA_SPLIT_DUPLICATE
model2_v4,data/processed/model2_v4/train/bell_pepper/Leaf_Curl/42268507-28e9-4fb2-bd74-a2afdb3eebfa___JR_B.Spot 3240.JPG,42268507-28e9-4fb2-bd74-a2afdb3eebfa___JR_B.Spot 3240.JPG,train,bell_pepper__Leaf_Curl,4acaa7cc053121f8253d56c1589a6668ff7325667d5be7d83b324859fea7be13,2,train,bell_pepper__Leaf_Curl+bell_pepper__bacterial_spot,True,LOW_INTRA_SPLIT_DUPLICATE
model2_v4,data/processed/model2_v4/train/cauliflower/cauliflower_leaf_Alternaria Leaf Spot/Alternaria Leaf Spot_6.jpg,Alternaria Leaf Spot_6.jpg,train,cauliflower__cauliflower_leaf_Alternaria Leaf Spot,4b0e8dca7a4e9e5a68aa50f2fd447507cedd39734bdc3594e43c28bda900a106,6,train,cauliflower__cauliflower_leaf_Alternaria Leaf Spot+cauliflower__cauliflower_leaf_Downy Mildew,True,LOW_INTRA_SPLIT_DUPLICATE
model2_v4,data/processed/model2_v4/train/cauliflower/cauliflower_leaf_Alternaria Leaf Spot/Alternaria Leaf Spot_7.jpg,Alternaria Leaf Spot_7.jpg,train,cauliflower__cauliflower_leaf_Alternaria Leaf Spot,4b0e8dca7a4e9e5a68aa50f2fd447507cedd39734bdc3594e43c28bda900a106,6,train,cauliflower__cauliflower_leaf_Alternaria Leaf Spot+cauliflower__cauliflower_leaf_Downy Mildew,True,LOW_INTRA_SPLIT_DUPLICATE
model2_v4,data/processed/model2_v4/train/cauliflower/cauliflower_leaf_Alternaria Leaf Spot/Alternaria Leaf Spot_8.jpg,Alternaria Leaf Spot_8.jpg,train,cauliflower__cauliflower_leaf_Alternaria Leaf Spot,4b0e8dca7a4e9e5a68aa50f2fd447507cedd39734bdc3594e43c28bda900a106,6,train,cauliflower__cauliflower_leaf_Alternaria Leaf Spot+cauliflower__cauliflower_leaf_Downy Mildew,True,LOW_INTRA_SPLIT_DUPLICATE
model2_v4,data/processed/model2_v4/train/cauliflower/cauliflower_leaf_Downy Mildew/Downy Mildew. (139).jpg,Downy Mildew. (139).jpg,train,cauliflower__cauliflower_leaf_Downy Mildew,4b0e8dca7a4e9e5a68aa50f2fd447507cedd39734bdc3594e43c28bda900a106,6,train,cauliflower__cauliflower_leaf_Alternaria Leaf Spot+cauliflower__cauliflower_leaf_Downy Mildew,True,LOW_INTRA_SPLIT_DUPLICATE
model2_v4,data/processed/model2_v4/train/cauliflower/cauliflower_leaf_Downy Mildew/Downy Mildew. (141).jpg,Downy Mildew. (141).jpg,train,cauliflower__cauliflower_leaf_Downy Mildew,4b0e8dca7a4e9e5a68aa50f2fd447507cedd39734bdc3594e43c28bda900a106,6,train,cauliflower__cauliflower_leaf_Alternaria Leaf Spot+cauliflower__cauliflower_leaf_Downy Mildew,True,LOW_INTRA_SPLIT_DUPLICATE
model2_v4,data/processed/model2_v4/train/cauliflower/cauliflower_leaf_Downy Mildew/Downy Mildew. (146).jpg,Downy Mildew. (146).jpg,train,cauliflower__cauliflower_leaf_Downy Mildew,4b0e8dca7a4e9e5a68aa50f2fd447507cedd39734bdc3594e43c28bda900a106,6,train,cauliflower__cauliflower_leaf_Alternaria Leaf Spot+cauliflower__cauliflower_leaf_Downy Mildew,True,LOW_INTRA_SPLIT_DUPLICATE
model2_v4,data/processed/model2_v4/train/cauliflower/cauliflower_fruit_Bacterial Spot/Bacterial Spot_1.jpg,Bacterial Spot_1.jpg,train,cauliflower__cauliflower_fruit_Bacterial Spot,4b34e611328fc34829248527701d2d1c89e2902596aac3c64b9e2de70815d972,4,train,cauliflower__cauliflower_fruit_Bacterial Spot+cauliflower__cauliflower_fruit_Bacterial spot rot,True,LOW_INTRA_SPLIT_DUPLICATE
model2_v4,data/processed/model2_v4/train/cauliflower/cauliflower_fruit_Bacterial Spot/Bacterial Spot_11.jpg,Bacterial Spot_11.jpg,train,cauliflower__cauliflower_fruit_Bacterial Spot,4b34e611328fc34829248527701d2d1c89e2902596aac3c64b9e2de70815d972,4,train,cauliflower__cauliflower_fruit_Bacterial Spot+cauliflower__cauliflower_fruit_Bacterial spot rot,True,LOW_INTRA_SPLIT_DUPLICATE
model2_v4,data/processed/model2_v4/train/cauliflower/cauliflower_fruit_Bacterial spot rot/Bacterial Spot. (67).jpg,Bacterial Spot. (67).jpg,train,cauliflower__cauliflower_fruit_Bacterial spot rot,4b34e611328fc34829248527701d2d1c89e2902596aac3c64b9e2de70815d972,4,train,cauliflower__cauliflower_fruit_Bacterial Spot+cauliflower__cauliflower_fruit_Bacterial spot rot,True,LOW_INTRA_SPLIT_DUPLICATE
model2_v4,data/processed/model2_v4/train/cauliflower/cauliflower_fruit_Bacterial spot rot/Bacterial Spot. (94).jpg,Bacterial Spot. (94).jpg,train,cauliflower__cauliflower_fruit_Bacterial spot rot,4b34e611328fc34829248527701d2d1c89e2902596aac3c64b9e2de70815d972,4,train,cauliflower__cauliflower_fruit_Bacterial Spot+cauliflower__cauliflower_fruit_Bacterial spot rot,True,LOW_INTRA_SPLIT_DUPLICATE
model2_v4,data/processed/model2_v4/train/cauliflower/cauliflower_leaf_Downy Mildew/Downy Mildew. (140).jpg,Downy Mildew. (140).jpg,train,cauliflower__cauliflower_leaf_Downy Mildew,4bdeb0e2fab529e5c84439ec5a9688703dd99770facc1997fd3156455c261cb6,2,train,cauliflower__cauliflower_leaf_Downy Mildew,True,LOW_INTRA_SPLIT_DUPLICATE
model2_v4,data/processed/model2_v4/train/cauliflower/cauliflower_leaf_Downy Mildew/Downy Mildew_49.jpg,Downy Mildew_49.jpg,train,cauliflower__cauliflower_leaf_Downy Mildew,4bdeb0e2fab529e5c84439ec5a9688703dd99770facc1997fd3156455c261cb6,2,train,cauliflower__cauliflower_leaf_Downy Mildew,True,LOW_INTRA_SPLIT_DUPLICATE
model2_v4,data/processed/model2_v4/train/cauliflower/cauliflower_fruit_healthy/No disease. (81).jpg,No disease. (81).jpg,train,cauliflower__cauliflower_fruit_healthy,4cb07ec82cc55de341e69a9807ccfb70c8a1f6035390ad240afe6c37dcacd0c9,2,train,cauliflower__cauliflower_fruit_healthy+cauliflower__cauliflower_leaf_Healthy,True,LOW_INTRA_SPLIT_DUPLICATE
model2_v4,data/processed/model2_v4/train/cauliflower/cauliflower_leaf_Healthy/Healthy_326.jpg,Healthy_326.jpg,train,cauliflower__cauliflower_leaf_Healthy,4cb07ec82cc55de341e69a9807ccfb70c8a1f6035390ad240afe6c37dcacd0c9,2,train,cauliflower__cauliflower_fruit_healthy+cauliflower__cauliflower_leaf_Healthy,True,LOW_INTRA_SPLIT_DUPLICATE
model2_v4,data/processed/model2_v4/train/cauliflower/cauliflower_fruit_healthy/No disease. (31).jpg,No disease. (31).jpg,train,cauliflower__cauliflower_fruit_healthy,4cf7e328475d2016395ac425e2c04e9dffdbec10a9e3d818aa100fdaf9472ee7,2,train,cauliflower__cauliflower_fruit_healthy+cauliflower__cauliflower_leaf_Healthy,True,LOW_INTRA_SPLIT_DUPLICATE
model2_v4,data/processed/model2_v4/train/cauliflower/cauliflower_leaf_Healthy/Healthy_273.jpg,Healthy_273.jpg,train,cauliflower__cauliflower_leaf_Healthy,4cf7e328475d2016395ac425e2c04e9dffdbec10a9e3d818aa100fdaf9472ee7,2,train,cauliflower__cauliflower_fruit_healthy+cauliflower__cauliflower_leaf_Healthy,True,LOW_INTRA_SPLIT_DUPLICATE
model2_v4,data/processed/model2_v4/train/cauliflower/cauliflower_fruit_healthy/No disease. (64).jpg,No disease. (64).jpg,train,cauliflower__cauliflower_fruit_healthy,4e175cd1b67156ed443618a044a4d6460cf55b5acd97533d4cb7327a73a60e35,2,train,cauliflower__cauliflower_fruit_healthy+cauliflower__cauliflower_leaf_Healthy,True,LOW_INTRA_SPLIT_DUPLICATE
model2_v4,data/processed/model2_v4/train/cauliflower/cauliflower_leaf_Healthy/Healthy_307.jpg,Healthy_307.jpg,train,cauliflower__cauliflower_leaf_Healthy,4e175cd1b67156ed443618a044a4d6460cf55b5acd97533d4cb7327a73a60e35,2,train,cauliflower__cauliflower_fruit_healthy+cauliflower__cauliflower_leaf_Healthy,True,LOW_INTRA_SPLIT_DUPLICATE
model2_v4,data/processed/model2_v4/train/cauliflower/cauliflower_fruit_healthy/No disease. (77).jpg,No disease. (77).jpg,train,cauliflower__cauliflower_fruit_healthy,4e284e9f392d744ccc7114eeb5be73b67c485606960636b8820d50ace8babad9,2,train,cauliflower__cauliflower_fruit_healthy+cauliflower__cauliflower_leaf_Healthy,True,LOW_INTRA_SPLIT_DUPLICATE
model2_v4,data/processed/model2_v4/train/cauliflower/cauliflower_leaf_Healthy/Healthy_321.jpg,Healthy_321.jpg,train,cauliflower__cauliflower_leaf_Healthy,4e284e9f392d744ccc7114eeb5be73b67c485606960636b8820d50ace8babad9,2,train,cauliflower__cauliflower_fruit_healthy+cauliflower__cauliflower_leaf_Healthy,True,LOW_INTRA_SPLIT_DUPLICATE
model2_v4,data/processed/model2_v4/train/cauliflower/cauliflower_leaf_Healthy/Healthy_19.jpeg,Healthy_19.jpeg,train,cauliflower__cauliflower_leaf_Healthy,5046e58ae7d4b106be95e37b2e28516f4c73492e8bf4226bfba0d6532848de43,4,train,cauliflower__cauliflower_leaf_Healthy,True,LOW_INTRA_SPLIT_DUPLICATE
model2_v4,data/processed/model2_v4/train/cauliflower/cauliflower_leaf_Healthy/Healthy_20.jpeg,Healthy_20.jpeg,train,cauliflower__cauliflower_leaf_Healthy,5046e58ae7d4b106be95e37b2e28516f4c73492e8bf4226bfba0d6532848de43,4,train,cauliflower__cauliflower_leaf_Healthy,True,LOW_INTRA_SPLIT_DUPLICATE
model2_v4,data/processed/model2_v4/train/cauliflower/cauliflower_leaf_Healthy/Healthy_21.jpeg,Healthy_21.jpeg,train,cauliflower__cauliflower_leaf_Healthy,5046e58ae7d4b106be95e37b2e28516f4c73492e8bf4226bfba0d6532848de43,4,train,cauliflower__cauliflower_leaf_Healthy,True,LOW_INTRA_SPLIT_DUPLICATE
model2_v4,data/processed/model2_v4/train/cauliflower/cauliflower_leaf_Healthy/Healthy_22.jpeg,Healthy_22.jpeg,train,cauliflower__cauliflower_leaf_Healthy,5046e58ae7d4b106be95e37b2e28516f4c73492e8bf4226bfba0d6532848de43,4,train,cauliflower__cauliflower_leaf_Healthy,True,LOW_INTRA_SPLIT_DUPLICATE
model2_v4,data/processed/model2_v4/train/cauliflower/cauliflower_leaf_Downy Mildew/Downy Mildew. (119).jpg,Downy Mildew. (119).jpg,train,cauliflower__cauliflower_leaf_Downy Mildew,505100f0fcff89eee0be3b9c12b31d6e0f9f058173651847d4826c8f8c849dc7,4,train,cauliflower__cauliflower_leaf_Downy Mildew,True,LOW_INTRA_SPLIT_DUPLICATE
model2_v4,data/processed/model2_v4/train/cauliflower/cauliflower_leaf_Downy Mildew/Downy Mildew. (122).jpg,Downy Mildew. (122).jpg,train,cauliflower__cauliflower_leaf_Downy Mildew,505100f0fcff89eee0be3b9c12b31d6e0f9f058173651847d4826c8f8c849dc7,4,train,cauliflower__cauliflower_leaf_Downy Mildew,True,LOW_INTRA_SPLIT_DUPLICATE
model2_v4,data/processed/model2_v4/train/cauliflower/cauliflower_leaf_Downy Mildew/Downy Mildew_26.jpg,Downy Mildew_26.jpg,train,cauliflower__cauliflower_leaf_Downy Mildew,505100f0fcff89eee0be3b9c12b31d6e0f9f058173651847d4826c8f8c849dc7,4,train,cauliflower__cauliflower_leaf_Downy Mildew,True,LOW_INTRA_SPLIT_DUPLICATE
model2_v4,data/processed/model2_v4/train/cauliflower/cauliflower_leaf_Downy Mildew/Downy Mildew_30.jpg,Downy Mildew_30.jpg,train,cauliflower__cauliflower_leaf_Downy Mildew,505100f0fcff89eee0be3b9c12b31d6e0f9f058173651847d4826c8f8c849dc7,4,train,cauliflower__cauliflower_leaf_Downy Mildew,True,LOW_INTRA_SPLIT_DUPLICATE
model2_v4,data/processed/model2_v4/train/cauliflower/cauliflower_fruit_healthy/No disease. (96).jpg,No disease. (96).jpg,train,cauliflower__cauliflower_fruit_healthy,51034cef574270e7c670d3f0b012c0c875322036c81169ead61f907c658d0909,2,train,cauliflower__cauliflower_fruit_healthy+cauliflower__cauliflower_leaf_Healthy,True,LOW_INTRA_SPLIT_DUPLICATE
model2_v4,data/processed/model2_v4/train/cauliflower/cauliflower_leaf_Healthy/Healthy_342.jpg,Healthy_342.jpg,train,cauliflower__cauliflower_leaf_Healthy,51034cef574270e7c670d3f0b012c0c875322036c81169ead61f907c658d0909,2,train,cauliflower__cauliflower_fruit_healthy+cauliflower__cauliflower_leaf_Healthy,True,LOW_INTRA_SPLIT_DUPLICATE
model2_v4,data/processed/model2_v4/train/bell_pepper/Cerespora/download2 (9).jpg,download2 (9).jpg,train,bell_pepper__Cerespora,517202c05695f10acce8953348c6bcb67d3d316498bc882e15ca43c467bade39,2,train,bell_pepper__Cerespora,True,LOW_INTRA_SPLIT_DUPLICATE
model2_v4,data/processed/model2_v4/train/bell_pepper/Cerespora/images (15).jpg,images (15).jpg,train,bell_pepper__Cerespora,517202c05695f10acce8953348c6bcb67d3d316498bc882e15ca43c467bade39,2,train,bell_pepper__Cerespora,True,LOW_INTRA_SPLIT_DUPLICATE
model2_v4,data/processed/model2_v4/train/cauliflower/cauliflower_fruit_healthy/No disease. (5).jpg,No disease. (5).jpg,train,cauliflower__cauliflower_fruit_healthy,52da68950879bf58e6d6262a83d75fd1b34e1933e6507bf38818231137ac88be,2,train,cauliflower__cauliflower_fruit_healthy+cauliflower__cauliflower_leaf_Healthy,True,LOW_INTRA_SPLIT_DUPLICATE
model2_v4,data/processed/model2_v4/train/cauliflower/cauliflower_leaf_Healthy/Healthy_291.jpg,Healthy_291.jpg,train,cauliflower__cauliflower_leaf_Healthy,52da68950879bf58e6d6262a83d75fd1b34e1933e6507bf38818231137ac88be,2,train,cauliflower__cauliflower_fruit_healthy+cauliflower__cauliflower_leaf_Healthy,True,LOW_INTRA_SPLIT_DUPLICATE
model2_v4,data/processed/model2_v4/train/cauliflower/cauliflower_fruit_healthy/No disease. (136).jpg,No disease. (136).jpg,train,cauliflower__cauliflower_fruit_healthy,530909d82ae83af24504f79b72eb3e667e46bda47740b5c6f46b67ce8daf246e,2,train,cauliflower__cauliflower_fruit_healthy+cauliflower__cauliflower_leaf_Healthy,True,LOW_INTRA_SPLIT_DUPLICATE
model2_v4,data/processed/model2_v4/train/cauliflower/cauliflower_leaf_Healthy/Healthy_217.jpg,Healthy_217.jpg,train,cauliflower__cauliflower_leaf_Healthy,530909d82ae83af24504f79b72eb3e667e46bda47740b5c6f46b67ce8daf246e,2,train,cauliflower__cauliflower_fruit_healthy+cauliflower__cauliflower_leaf_Healthy,True,LOW_INTRA_SPLIT_DUPLICATE
model2_v4,data/processed/model2_v4/train/cauliflower/cauliflower_leaf_Downy Mildew/Downy Mildew. (29).jpg,Downy Mildew. (29).jpg,train,cauliflower__cauliflower_leaf_Downy Mildew,550039d90d8fe5c573c8b82691e2e9690f3d24e6d5fe01911a17f12f49775d05,2,train,cauliflower__cauliflower_leaf_Downy Mildew,True,LOW_INTRA_SPLIT_DUPLICATE
model2_v4,data/processed/model2_v4/train/cauliflower/cauliflower_leaf_Downy Mildew/Downy Mildew_68.jpg,Downy Mildew_68.jpg,train,cauliflower__cauliflower_leaf_Downy Mildew,550039d90d8fe5c573c8b82691e2e9690f3d24e6d5fe01911a17f12f49775d05,2,train,cauliflower__cauliflower_leaf_Downy Mildew,True,LOW_INTRA_SPLIT_DUPLICATE
model2_v4,data/processed/model2_v4/train/cauliflower/cauliflower_leaf_Downy Mildew/Downy Mildew. (39).jpg,Downy Mildew. (39).jpg,train,cauliflower__cauliflower_leaf_Downy Mildew,558ad5dfd518eb029fb47e53f3cf51f2c2902c96b0e461e6d795f5d590e65f04,2,train,cauliflower__cauliflower_leaf_Downy Mildew,True,LOW_INTRA_SPLIT_DUPLICATE
model2_v4,data/processed/model2_v4/train/cauliflower/cauliflower_leaf_Downy Mildew/Downy Mildew_79.jpg,Downy Mildew_79.jpg,train,cauliflower__cauliflower_leaf_Downy Mildew,558ad5dfd518eb029fb47e53f3cf51f2c2902c96b0e461e6d795f5d590e65f04,2,train,cauliflower__cauliflower_leaf_Downy Mildew,True,LOW_INTRA_SPLIT_DUPLICATE
model2_v4,data/processed/model2_v4/train/cauliflower/cauliflower_fruit_healthy/No disease. (72).jpg,No disease. (72).jpg,train,cauliflower__cauliflower_fruit_healthy,559a4a222d0d7bd2f036d02af354126015e7b1b265ece0e9ea7ccb98010ddff4,2,train,cauliflower__cauliflower_fruit_healthy+cauliflower__cauliflower_leaf_Healthy,True,LOW_INTRA_SPLIT_DUPLICATE
model2_v4,data/processed/model2_v4/train/cauliflower/cauliflower_leaf_Healthy/Healthy_316.jpg,Healthy_316.jpg,train,cauliflower__cauliflower_leaf_Healthy,559a4a222d0d7bd2f036d02af354126015e7b1b265ece0e9ea7ccb98010ddff4,2,train,cauliflower__cauliflower_fruit_healthy+cauliflower__cauliflower_leaf_Healthy,True,LOW_INTRA_SPLIT_DUPLICATE
model2_v4,data/processed/model2_v4/train/cauliflower/cauliflower_leaf_Downy Mildew/Downy Mildew. (97).jpg,Downy Mildew. (97).jpg,train,cauliflower__cauliflower_leaf_Downy Mildew,55c1947f4602bcf93c4ff1891397f92377e796578da0bd61d7d0f6e3673921f1,2,train,cauliflower__cauliflower_leaf_Downy Mildew,True,LOW_INTRA_SPLIT_DUPLICATE
model2_v4,data/processed/model2_v4/train/cauliflower/cauliflower_leaf_Downy Mildew/Downy Mildew_143.jpg,Downy Mildew_143.jpg,train,cauliflower__cauliflower_leaf_Downy Mildew,55c1947f4602bcf93c4ff1891397f92377e796578da0bd61d7d0f6e3673921f1,2,train,cauliflower__cauliflower_leaf_Downy Mildew,True,LOW_INTRA_SPLIT_DUPLICATE
model2_v4,data/processed/model2_v4/train/cauliflower/cauliflower_leaf_Downy Mildew/Downy Mildew. (54).jpg,Downy Mildew. (54).jpg,train,cauliflower__cauliflower_leaf_Downy Mildew,55c6d8404be9b3be26fed6bb70dc259c0923f49ebaf45062927a44a5d52e9a92,2,train,cauliflower__cauliflower_leaf_Downy Mildew,True,LOW_INTRA_SPLIT_DUPLICATE
model2_v4,data/processed/model2_v4/train/cauliflower/cauliflower_leaf_Downy Mildew/Downy Mildew_96.jpg,Downy Mildew_96.jpg,train,cauliflower__cauliflower_leaf_Downy Mildew,55c6d8404be9b3be26fed6bb70dc259c0923f49ebaf45062927a44a5d52e9a92,2,train,cauliflower__cauliflower_leaf_Downy Mildew,True,LOW_INTRA_SPLIT_DUPLICATE
model2_v4,data/processed/model2_v4/train/cauliflower/cauliflower_fruit_healthy/No disease. (140).jpg,No disease. (140).jpg,train,cauliflower__cauliflower_fruit_healthy,55f046d01ff2ee9cbddea928a5a2894a59b373d11158450da0bbb617f7c8d73a,2,train,cauliflower__cauliflower_fruit_healthy+cauliflower__cauliflower_leaf_Healthy,True,LOW_INTRA_SPLIT_DUPLICATE
model2_v4,data/processed/model2_v4/train/cauliflower/cauliflower_leaf_Healthy/Healthy_222.jpg,Healthy_222.jpg,train,cauliflower__cauliflower_leaf_Healthy,55f046d01ff2ee9cbddea928a5a2894a59b373d11158450da0bbb617f7c8d73a,2,train,cauliflower__cauliflower_fruit_healthy+cauliflower__cauliflower_leaf_Healthy,True,LOW_INTRA_SPLIT_DUPLICATE
model2_v4,data/processed/model2_v4/train/cabbage/alternaria_leaf_spot/56ab1f44ca_cabbage_alternaria_leaf_spot_google_0000.jpg,56ab1f44ca_cabbage_alternaria_leaf_spot_google_0000.jpg,train,cabbage__alternaria_leaf_spot,56ab1f44ca3f95bd358d349d14eba8ffa8b05aad1d3132e1f29ba41d3aea6857,2,train,cabbage__alternaria_leaf_spot+cauliflower__cauliflower_leaf_Alternaria Leaf Spot,False,LOW_INTRA_SPLIT_DUPLICATE
model2_v4,data/processed/model2_v4/train/cauliflower/cauliflower_leaf_Alternaria Leaf Spot/Alternaria Leaf Spot_11.jpg,Alternaria Leaf Spot_11.jpg,train,cauliflower__cauliflower_leaf_Alternaria Leaf Spot,56ab1f44ca3f95bd358d349d14eba8ffa8b05aad1d3132e1f29ba41d3aea6857,2,train,cabbage__alternaria_leaf_spot+cauliflower__cauliflower_leaf_Alternaria Leaf Spot,True,LOW_INTRA_SPLIT_DUPLICATE
model2_v4,data/processed/model2_v4/train/cauliflower/cauliflower_leaf_Downy Mildew/Downy Mildew. (127).jpg,Downy Mildew. (127).jpg,train,cauliflower__cauliflower_leaf_Downy Mildew,56e38e64f7d6fa82d2d08c7261dee2de1f686358c8dcd3a04a348b0fa9d2b6a5,2,train,cauliflower__cauliflower_leaf_Downy Mildew,True,LOW_INTRA_SPLIT_DUPLICATE
model2_v4,data/processed/model2_v4/train/cauliflower/cauliflower_leaf_Downy Mildew/Downy Mildew_35.jpg,Downy Mildew_35.jpg,train,cauliflower__cauliflower_leaf_Downy Mildew,56e38e64f7d6fa82d2d08c7261dee2de1f686358c8dcd3a04a348b0fa9d2b6a5,2,train,cauliflower__cauliflower_leaf_Downy Mildew,True,LOW_INTRA_SPLIT_DUPLICATE
model2_v4,data/processed/model2_v4/train/cauliflower/cauliflower_leaf_Downy Mildew/Downy Mildew. (99).jpg,Downy Mildew. (99).jpg,train,cauliflower__cauliflower_leaf_Downy Mildew,5712b20f09625b1c274f63844d6a0580d34e005de503d08e15ab070b3106e1a4,2,train,cauliflower__cauliflower_leaf_Downy Mildew,True,LOW_INTRA_SPLIT_DUPLICATE
model2_v4,data/processed/model2_v4/train/cauliflower/cauliflower_leaf_Downy Mildew/Downy Mildew_145.jpg,Downy Mildew_145.jpg,train,cauliflower__cauliflower_leaf_Downy Mildew,5712b20f09625b1c274f63844d6a0580d34e005de503d08e15ab070b3106e1a4,2,train,cauliflower__cauliflower_leaf_Downy Mildew,True,LOW_INTRA_SPLIT_DUPLICATE
model2_v4,data/processed/model2_v4/train/cauliflower/cauliflower_leaf_Downy Mildew/Downy Mildew. (8).jpg,Downy Mildew. (8).jpg,train,cauliflower__cauliflower_leaf_Downy Mildew,572417ed886e9a1c35c109827ab0df6c12640e94615e6ae301b2df1db0ad6313,2,train,cauliflower__cauliflower_leaf_Downy Mildew,True,LOW_INTRA_SPLIT_DUPLICATE
model2_v4,data/processed/model2_v4/train/cauliflower/cauliflower_leaf_Downy Mildew/Downy Mildew_124.jpg,Downy Mildew_124.jpg,train,cauliflower__cauliflower_leaf_Downy Mildew,572417ed886e9a1c35c109827ab0df6c12640e94615e6ae301b2df1db0ad6313,2,train,cauliflower__cauliflower_leaf_Downy Mildew,True,LOW_INTRA_SPLIT_DUPLICATE
model2_v4,data/processed/model2_v4/train/cauliflower/cauliflower_fruit_healthy/No disease. (185).jpg,No disease. (185).jpg,train,cauliflower__cauliflower_fruit_healthy,57567d192959154fb2b512c3a4cd84320a2ce6ef6adb210cb7afe9f07c7a83ba,2,train,cauliflower__cauliflower_fruit_healthy+cauliflower__cauliflower_leaf_Healthy,True,LOW_INTRA_SPLIT_DUPLICATE
model2_v4,data/processed/model2_v4/train/cauliflower/cauliflower_leaf_Healthy/Healthy_255.jpg,Healthy_255.jpg,train,cauliflower__cauliflower_leaf_Healthy,57567d192959154fb2b512c3a4cd84320a2ce6ef6adb210cb7afe9f07c7a83ba,2,train,cauliflower__cauliflower_fruit_healthy+cauliflower__cauliflower_leaf_Healthy,True,LOW_INTRA_SPLIT_DUPLICATE
model2_v4,data/processed/model2_v4/train/cauliflower/cauliflower_leaf_Downy Mildew/Downy Mildew. (90).jpg,Downy Mildew. (90).jpg,train,cauliflower__cauliflower_leaf_Downy Mildew,58954cc198472fc77b9ebfa554d361f6e4f195f13e1a7a3b96679edac7fb9c91,2,train,cauliflower__cauliflower_leaf_Downy Mildew,True,LOW_INTRA_SPLIT_DUPLICATE
model2_v4,data/processed/model2_v4/train/cauliflower/cauliflower_leaf_Downy Mildew/Downy Mildew_136.jpg,Downy Mildew_136.jpg,train,cauliflower__cauliflower_leaf_Downy Mildew,58954cc198472fc77b9ebfa554d361f6e4f195f13e1a7a3b96679edac7fb9c91,2,train,cauliflower__cauliflower_leaf_Downy Mildew,True,LOW_INTRA_SPLIT_DUPLICATE
model2_v4,data/processed/model2_v4/train/cauliflower/cauliflower_fruit_healthy/No disease. (156).jpg,No disease. (156).jpg,train,cauliflower__cauliflower_fruit_healthy,58f591a8107b53314de7356ca315c7d4cb014ed36a591bbf779b3737302908d5,2,train,cauliflower__cauliflower_fruit_healthy+cauliflower__cauliflower_leaf_Healthy,True,LOW_INTRA_SPLIT_DUPLICATE
model2_v4,data/processed/model2_v4/train/cauliflower/cauliflower_leaf_Healthy/Healthy_233.jpg,Healthy_233.jpg,train,cauliflower__cauliflower_leaf_Healthy,58f591a8107b53314de7356ca315c7d4cb014ed36a591bbf779b3737302908d5,2,train,cauliflower__cauliflower_fruit_healthy+cauliflower__cauliflower_leaf_Healthy,True,LOW_INTRA_SPLIT_DUPLICATE
model2_v4,data/processed/model2_v4/train/cauliflower/cauliflower_fruit_healthy/No disease. (141).jpg,No disease. (141).jpg,train,cauliflower__cauliflower_fruit_healthy,5927eea2541cee9f7bc5f88db79399f05d92d48cab8f56a36b4ff8981156e4ca,2,train,cauliflower__cauliflower_fruit_healthy+cauliflower__cauliflower_leaf_Healthy,True,LOW_INTRA_SPLIT_DUPLICATE
model2_v4,data/processed/model2_v4/train/cauliflower/cauliflower_leaf_Healthy/Healthy_223.jpg,Healthy_223.jpg,train,cauliflower__cauliflower_leaf_Healthy,5927eea2541cee9f7bc5f88db79399f05d92d48cab8f56a36b4ff8981156e4ca,2,train,cauliflower__cauliflower_fruit_healthy+cauliflower__cauliflower_leaf_Healthy,True,LOW_INTRA_SPLIT_DUPLICATE
model2_v4,data/processed/model2_v4/train/cauliflower/cauliflower_fruit_healthy/No disease. (10).jpeg,No disease. (10).jpeg,train,cauliflower__cauliflower_fruit_healthy,5aa114c88206968ff70f7f922edc18954ea20a4e8d2f3900292697726c79e446,2,train,cauliflower__cauliflower_fruit_healthy+cauliflower__cauliflower_leaf_Healthy,True,LOW_INTRA_SPLIT_DUPLICATE
model2_v4,data/processed/model2_v4/train/cauliflower/cauliflower_leaf_Healthy/Healthy Leaves_243.jpeg,Healthy Leaves_243.jpeg,train,cauliflower__cauliflower_leaf_Healthy,5aa114c88206968ff70f7f922edc18954ea20a4e8d2f3900292697726c79e446,2,train,cauliflower__cauliflower_fruit_healthy+cauliflower__cauliflower_leaf_Healthy,True,LOW_INTRA_SPLIT_DUPLICATE
model2_v4,data/processed/model2_v4/train/bell_pepper/Cerespora/656dbf3a-3aee-46a5-80b9-a86953fc82c5___JR_B.Spot 8879.JPG,656dbf3a-3aee-46a5-80b9-a86953fc82c5___JR_B.Spot 8879.JPG,train,bell_pepper__Cerespora,5b16da235db6757cdf1406ff9d6f9a5df0cc7f9526e8c8d921fa52fa00a49291,2,train,bell_pepper__Cerespora+bell_pepper__Leaf_Curl,True,LOW_INTRA_SPLIT_DUPLICATE
model2_v4,data/processed/model2_v4/train/bell_pepper/Leaf_Curl/656dbf3a-3aee-46a5-80b9-a86953fc82c5___JR_B.Spot 8879.JPG,656dbf3a-3aee-46a5-80b9-a86953fc82c5___JR_B.Spot 8879.JPG,train,bell_pepper__Leaf_Curl,5b16da235db6757cdf1406ff9d6f9a5df0cc7f9526e8c8d921fa52fa00a49291,2,train,bell_pepper__Cerespora+bell_pepper__Leaf_Curl,True,LOW_INTRA_SPLIT_DUPLICATE
model2_v4,data/processed/model2_v4/train/cauliflower/cauliflower_leaf_Healthy/Healthy_50.jpeg,Healthy_50.jpeg,train,cauliflower__cauliflower_leaf_Healthy,5b72560fec2b78502139e234b39335bc50f948adc91afbf1eb2f18cb95122bc5,2,train,cauliflower__cauliflower_leaf_Healthy,True,LOW_INTRA_SPLIT_DUPLICATE
model2_v4,data/processed/model2_v4/train/cauliflower/cauliflower_leaf_Healthy/Healthy_52.jpeg,Healthy_52.jpeg,train,cauliflower__cauliflower_leaf_Healthy,5b72560fec2b78502139e234b39335bc50f948adc91afbf1eb2f18cb95122bc5,2,train,cauliflower__cauliflower_leaf_Healthy,True,LOW_INTRA_SPLIT_DUPLICATE
model2_v4,data/processed/model2_v4/train/cauliflower/cauliflower_fruit_healthy/No disease. (122).jpg,No disease. (122).jpg,train,cauliflower__cauliflower_fruit_healthy,5c786922131d9a1b42f38616ca14625de819a856ca00266df48dfa5ea6ce9d98,2,train,cauliflower__cauliflower_fruit_healthy+cauliflower__cauliflower_leaf_Healthy,True,LOW_INTRA_SPLIT_DUPLICATE
model2_v4,data/processed/model2_v4/train/cauliflower/cauliflower_leaf_Healthy/Healthy_204.jpg,Healthy_204.jpg,train,cauliflower__cauliflower_leaf_Healthy,5c786922131d9a1b42f38616ca14625de819a856ca00266df48dfa5ea6ce9d98,2,train,cauliflower__cauliflower_fruit_healthy+cauliflower__cauliflower_leaf_Healthy,True,LOW_INTRA_SPLIT_DUPLICATE
model2_v4,data/processed/model2_v4/train/cauliflower/cauliflower_leaf_Downy Mildew/Downy Mildew. (118).jpg,Downy Mildew. (118).jpg,train,cauliflower__cauliflower_leaf_Downy Mildew,5ce8f5f830ebbcef4109aeae1af68466e54398166664dd310e01a9497c929d58,4,train,cauliflower__cauliflower_leaf_Downy Mildew,True,LOW_INTRA_SPLIT_DUPLICATE
model2_v4,data/processed/model2_v4/train/cauliflower/cauliflower_leaf_Downy Mildew/Downy Mildew. (120).jpg,Downy Mildew. (120).jpg,train,cauliflower__cauliflower_leaf_Downy Mildew,5ce8f5f830ebbcef4109aeae1af68466e54398166664dd310e01a9497c929d58,4,train,cauliflower__cauliflower_leaf_Downy Mildew,True,LOW_INTRA_SPLIT_DUPLICATE
model2_v4,data/processed/model2_v4/train/cauliflower/cauliflower_leaf_Downy Mildew/Downy Mildew_25.jpg,Downy Mildew_25.jpg,train,cauliflower__cauliflower_leaf_Downy Mildew,5ce8f5f830ebbcef4109aeae1af68466e54398166664dd310e01a9497c929d58,4,train,cauliflower__cauliflower_leaf_Downy Mildew,True,LOW_INTRA_SPLIT_DUPLICATE
model2_v4,data/processed/model2_v4/train/cauliflower/cauliflower_leaf_Downy Mildew/Downy Mildew_28.jpg,Downy Mildew_28.jpg,train,cauliflower__cauliflower_leaf_Downy Mildew,5ce8f5f830ebbcef4109aeae1af68466e54398166664dd310e01a9497c929d58,4,train,cauliflower__cauliflower_leaf_Downy Mildew,True,LOW_INTRA_SPLIT_DUPLICATE
model2_v4,data/processed/model2_v4/train/cauliflower/cauliflower_fruit_healthy/No disease. (4).jpg,No disease. (4).jpg,train,cauliflower__cauliflower_fruit_healthy,5d2693df3fb4e2fedd1e5118e43cbca62e100628dd38fdee8590a55e53e4372e,2,train,cauliflower__cauliflower_fruit_healthy+cauliflower__cauliflower_leaf_Healthy,True,LOW_INTRA_SPLIT_DUPLICATE
model2_v4,data/processed/model2_v4/train/cauliflower/cauliflower_leaf_Healthy/Healthy_282.jpg,Healthy_282.jpg,train,cauliflower__cauliflower_leaf_Healthy,5d2693df3fb4e2fedd1e5118e43cbca62e100628dd38fdee8590a55e53e4372e,2,train,cauliflower__cauliflower_fruit_healthy+cauliflower__cauliflower_leaf_Healthy,True,LOW_INTRA_SPLIT_DUPLICATE
model2_v4,data/processed/model2_v4/train/cauliflower/cauliflower_fruit_healthy/No disease. (145).jpg,No disease. (145).jpg,train,cauliflower__cauliflower_fruit_healthy,5d389f375cb9b6cd702eb59aea5f6ec12736ad9e1bc3bd398212de43d564834c,2,train,cauliflower__cauliflower_fruit_healthy+cauliflower__cauliflower_leaf_Healthy,True,LOW_INTRA_SPLIT_DUPLICATE
model2_v4,data/processed/model2_v4/train/cauliflower/cauliflower_leaf_Healthy/Healthy_227.jpg,Healthy_227.jpg,train,cauliflower__cauliflower_leaf_Healthy,5d389f375cb9b6cd702eb59aea5f6ec12736ad9e1bc3bd398212de43d564834c,2,train,cauliflower__cauliflower_fruit_healthy+cauliflower__cauliflower_leaf_Healthy,True,LOW_INTRA_SPLIT_DUPLICATE
model2_v4,data/processed/model2_v4/train/cauliflower/cauliflower_fruit_healthy/No disease. (46).jpg,No disease. (46).jpg,train,cauliflower__cauliflower_fruit_healthy,5d8b1bb62eea743f2146a3ad4b2cede7e1b1dcc932a0edaad010ebbefafffe91,2,train,cauliflower__cauliflower_fruit_healthy+cauliflower__cauliflower_leaf_Healthy,True,LOW_INTRA_SPLIT_DUPLICATE
model2_v4,data/processed/model2_v4/train/cauliflower/cauliflower_leaf_Healthy/Healthy_287.jpg,Healthy_287.jpg,train,cauliflower__cauliflower_leaf_Healthy,5d8b1bb62eea743f2146a3ad4b2cede7e1b1dcc932a0edaad010ebbefafffe91,2,train,cauliflower__cauliflower_fruit_healthy+cauliflower__cauliflower_leaf_Healthy,True,LOW_INTRA_SPLIT_DUPLICATE
model2_v4,data/processed/model2_v4/train/cauliflower/cauliflower_fruit_healthy/No disease. (186).jpg,No disease. (186).jpg,train,cauliflower__cauliflower_fruit_healthy,5d8c64d9b72746739ea32167cbeac0bb99a6c604a56276950320c0f95489ab73,2,train,cauliflower__cauliflower_fruit_healthy+cauliflower__cauliflower_leaf_Healthy,True,LOW_INTRA_SPLIT_DUPLICATE
model2_v4,data/processed/model2_v4/train/cauliflower/cauliflower_leaf_Healthy/Healthy_256.jpg,Healthy_256.jpg,train,cauliflower__cauliflower_leaf_Healthy,5d8c64d9b72746739ea32167cbeac0bb99a6c604a56276950320c0f95489ab73,2,train,cauliflower__cauliflower_fruit_healthy+cauliflower__cauliflower_leaf_Healthy,True,LOW_INTRA_SPLIT_DUPLICATE
model2_v4,data/processed/model2_v4/train/cauliflower/cauliflower_leaf_Healthy/Healthy_25.jpeg,Healthy_25.jpeg,train,cauliflower__cauliflower_leaf_Healthy,5e17111ba9ac02e8f5182aaad097aa9a280333a79f6154be9552053882c131f2,2,train,cauliflower__cauliflower_leaf_Healthy,True,LOW_INTRA_SPLIT_DUPLICATE
model2_v4,data/processed/model2_v4/train/cauliflower/cauliflower_leaf_Healthy/Healthy_26.jpeg,Healthy_26.jpeg,train,cauliflower__cauliflower_leaf_Healthy,5e17111ba9ac02e8f5182aaad097aa9a280333a79f6154be9552053882c131f2,2,train,cauliflower__cauliflower_leaf_Healthy,True,LOW_INTRA_SPLIT_DUPLICATE
model2_v4,data/processed/model2_v4/train/cauliflower/cauliflower_fruit_healthy/No disease. (118).jpg,No disease. (118).jpg,train,cauliflower__cauliflower_fruit_healthy,5e540e6d05d8a3d04147cac034f6c88dfc2592b92eed6f25caf140d1353722c2,2,train,cauliflower__cauliflower_fruit_healthy+cauliflower__cauliflower_leaf_Healthy,True,LOW_INTRA_SPLIT_DUPLICATE
model2_v4,data/processed/model2_v4/train/cauliflower/cauliflower_leaf_Healthy/Healthy_199.jpg,Healthy_199.jpg,train,cauliflower__cauliflower_leaf_Healthy,5e540e6d05d8a3d04147cac034f6c88dfc2592b92eed6f25caf140d1353722c2,2,train,cauliflower__cauliflower_fruit_healthy+cauliflower__cauliflower_leaf_Healthy,True,LOW_INTRA_SPLIT_DUPLICATE
model2_v4,data/processed/model2_v4/train/cauliflower/cauliflower_fruit_healthy/No disease. (113).jpg,No disease. (113).jpg,train,cauliflower__cauliflower_fruit_healthy,5eede928053d973d46356aeb1e6ea8306a47dc96dbdb1ab9d68b0c94113759d2,2,train,cauliflower__cauliflower_fruit_healthy+cauliflower__cauliflower_leaf_Healthy,True,LOW_INTRA_SPLIT_DUPLICATE
model2_v4,data/processed/model2_v4/train/cauliflower/cauliflower_leaf_Healthy/Healthy_196.jpg,Healthy_196.jpg,train,cauliflower__cauliflower_leaf_Healthy,5eede928053d973d46356aeb1e6ea8306a47dc96dbdb1ab9d68b0c94113759d2,2,train,cauliflower__cauliflower_fruit_healthy+cauliflower__cauliflower_leaf_Healthy,True,LOW_INTRA_SPLIT_DUPLICATE
model2_v4,data/processed/model2_v4/train/cauliflower/cauliflower_leaf_Alternaria Leaf Spot/Alternaria Leaf Spot_274.jpeg,Alternaria Leaf Spot_274.jpeg,train,cauliflower__cauliflower_leaf_Alternaria Leaf Spot,5f22a523aebd4c6499cabaa8b409c28162a9343b871efcc50d0f5f50e9cf242a,2,train,cauliflower__cauliflower_leaf_Alternaria Leaf Spot+cauliflower__cauliflower_leaf_Downy Mildew,True,LOW_INTRA_SPLIT_DUPLICATE
model2_v4,data/processed/model2_v4/train/cauliflower/cauliflower_leaf_Downy Mildew/Downy Mildew. (24).jpeg,Downy Mildew. (24).jpeg,train,cauliflower__cauliflower_leaf_Downy Mildew,5f22a523aebd4c6499cabaa8b409c28162a9343b871efcc50d0f5f50e9cf242a,2,train,cauliflower__cauliflower_leaf_Alternaria Leaf Spot+cauliflower__cauliflower_leaf_Downy Mildew,True,LOW_INTRA_SPLIT_DUPLICATE
model2_v4,data/processed/model2_v4/test/cauliflower/alternaria_leaf_spot/5f69c428fc_cauliflower_alternaria_leaf_spot_google_0003.jpg,5f69c428fc_cauliflower_alternaria_leaf_spot_google_0003.jpg,test,cauliflower__alternaria_leaf_spot,5f69c428fcffa74283f7ed1c69d31698a4ba19e4fdd7a91bd76f2a5472f2be16,2,test+train,cauliflower__alternaria_leaf_spot+cauliflower__cauliflower_leaf_Alternaria Leaf Spot,False,CRITICAL_TEST_TRAIN_LEAKAGE
model2_v4,data/processed/model2_v4/train/cauliflower/cauliflower_leaf_Alternaria Leaf Spot/Alternaria Leaf Spot_10.jpg,Alternaria Leaf Spot_10.jpg,train,cauliflower__cauliflower_leaf_Alternaria Leaf Spot,5f69c428fcffa74283f7ed1c69d31698a4ba19e4fdd7a91bd76f2a5472f2be16,2,test+train,cauliflower__alternaria_leaf_spot+cauliflower__cauliflower_leaf_Alternaria Leaf Spot,True,CRITICAL_TEST_TRAIN_LEAKAGE
model2_v4,data/processed/model2_v4/train/cauliflower/cauliflower_leaf_Downy Mildew/Downy Mildew. (3).jpg,Downy Mildew. (3).jpg,train,cauliflower__cauliflower_leaf_Downy Mildew,5f88c335b94a2434857c9e6d97a036433f64ad0ba10535228013256e5a3ec9b8,2,train,cauliflower__cauliflower_leaf_Downy Mildew,True,LOW_INTRA_SPLIT_DUPLICATE
model2_v4,data/processed/model2_v4/train/cauliflower/cauliflower_leaf_Downy Mildew/Downy Mildew_69.jpg,Downy Mildew_69.jpg,train,cauliflower__cauliflower_leaf_Downy Mildew,5f88c335b94a2434857c9e6d97a036433f64ad0ba10535228013256e5a3ec9b8,2,train,cauliflower__cauliflower_leaf_Downy Mildew,True,LOW_INTRA_SPLIT_DUPLICATE
model2_v4,data/processed/model2_v4/train/cauliflower/cauliflower_fruit_healthy/No disease. (159).jpg,No disease. (159).jpg,train,cauliflower__cauliflower_fruit_healthy,5fb5d9f067cbd5021271139144835d09f4b9a1d4b5185d93c1f0d98cf99b2eee,2,train,cauliflower__cauliflower_fruit_healthy+cauliflower__cauliflower_leaf_Healthy,True,LOW_INTRA_SPLIT_DUPLICATE
model2_v4,data/processed/model2_v4/train/cauliflower/cauliflower_leaf_Healthy/Healthy_236.jpg,Healthy_236.jpg,train,cauliflower__cauliflower_leaf_Healthy,5fb5d9f067cbd5021271139144835d09f4b9a1d4b5185d93c1f0d98cf99b2eee,2,train,cauliflower__cauliflower_fruit_healthy+cauliflower__cauliflower_leaf_Healthy,True,LOW_INTRA_SPLIT_DUPLICATE
model2_v4,data/processed/model2_v4/train/bell_pepper/Cerespora/download2 (31).jpg,download2 (31).jpg,train,bell_pepper__Cerespora,5fca04b881793c6f2fc4655abd969ebcfb7fb152ba06081d4bdabe57f5ea29a7,2,train,bell_pepper__Cerespora,True,LOW_INTRA_SPLIT_DUPLICATE
model2_v4,data/processed/model2_v4/train/bell_pepper/Cerespora/images (26).jpg,images (26).jpg,train,bell_pepper__Cerespora,5fca04b881793c6f2fc4655abd969ebcfb7fb152ba06081d4bdabe57f5ea29a7,2,train,bell_pepper__Cerespora,True,LOW_INTRA_SPLIT_DUPLICATE
model2_v4,data/processed/model2_v4/train/cauliflower/cauliflower_leaf_Downy Mildew/Downy Mildew. (79).jpg,Downy Mildew. (79).jpg,train,cauliflower__cauliflower_leaf_Downy Mildew,6067b31f0bb218d8fd2bdbad5f666978379ac64d025c94815c2037d568cb97e3,2,train,cauliflower__cauliflower_leaf_Downy Mildew,True,LOW_INTRA_SPLIT_DUPLICATE
model2_v4,data/processed/model2_v4/train/cauliflower/cauliflower_leaf_Downy Mildew/Downy Mildew_123.jpg,Downy Mildew_123.jpg,train,cauliflower__cauliflower_leaf_Downy Mildew,6067b31f0bb218d8fd2bdbad5f666978379ac64d025c94815c2037d568cb97e3,2,train,cauliflower__cauliflower_leaf_Downy Mildew,True,LOW_INTRA_SPLIT_DUPLICATE
model2_v4,data/processed/model2_v4/train/bell_pepper/Leaf_Curl/Yellow-leaf-curl-disease-symptom-on-Capsicum-annuum-found-in-pepper-growing-field-in (1).png,Yellow-leaf-curl-disease-symptom-on-Capsicum-annuum-found-in-pepper-growing-field-in (1).png,train,bell_pepper__Leaf_Curl,60bb92ae9f463757ccb55a42ad5f2d5ab177b6e288f8c6ca83ce5034a4e66c65,2,train,bell_pepper__Leaf_Curl,True,LOW_INTRA_SPLIT_DUPLICATE
model2_v4,data/processed/model2_v4/train/bell_pepper/Leaf_Curl/Yellow-leaf-curl-disease-symptom-on-Capsicum-annuum-found-in-pepper-growing-field-in.png,Yellow-leaf-curl-disease-symptom-on-Capsicum-annuum-found-in-pepper-growing-field-in.png,train,bell_pepper__Leaf_Curl,60bb92ae9f463757ccb55a42ad5f2d5ab177b6e288f8c6ca83ce5034a4e66c65,2,train,bell_pepper__Leaf_Curl,True,LOW_INTRA_SPLIT_DUPLICATE
model2_v4,data/processed/model2_v4/train/cauliflower/cauliflower_fruit_healthy/No disease. (28).jpg,No disease. (28).jpg,train,cauliflower__cauliflower_fruit_healthy,60d31e149a3c2ada916d397d55da4a325596695bf5238d9a50757bbdf1a01057,2,train,cauliflower__cauliflower_fruit_healthy+cauliflower__cauliflower_leaf_Healthy,True,LOW_INTRA_SPLIT_DUPLICATE
model2_v4,data/processed/model2_v4/train/cauliflower/cauliflower_leaf_Healthy/Healthy_269.jpg,Healthy_269.jpg,train,cauliflower__cauliflower_leaf_Healthy,60d31e149a3c2ada916d397d55da4a325596695bf5238d9a50757bbdf1a01057,2,train,cauliflower__cauliflower_fruit_healthy+cauliflower__cauliflower_leaf_Healthy,True,LOW_INTRA_SPLIT_DUPLICATE
model2_v4,data/processed/model2_v4/train/cauliflower/cauliflower_fruit_healthy/No disease. (121).jpg,No disease. (121).jpg,train,cauliflower__cauliflower_fruit_healthy,610b5af3e0c1a4ab54a1c282268d91ba85f0acf806aecf3ed29767036e8f5225,2,train,cauliflower__cauliflower_fruit_healthy+cauliflower__cauliflower_leaf_Healthy,True,LOW_INTRA_SPLIT_DUPLICATE
model2_v4,data/processed/model2_v4/train/cauliflower/cauliflower_leaf_Healthy/Healthy_203.jpg,Healthy_203.jpg,train,cauliflower__cauliflower_leaf_Healthy,610b5af3e0c1a4ab54a1c282268d91ba85f0acf806aecf3ed29767036e8f5225,2,train,cauliflower__cauliflower_fruit_healthy+cauliflower__cauliflower_leaf_Healthy,True,LOW_INTRA_SPLIT_DUPLICATE
model2_v4,data/processed/model2_v4/train/cauliflower/cauliflower_leaf_Downy Mildew/Downy Mildew. (14).jpg,Downy Mildew. (14).jpg,train,cauliflower__cauliflower_leaf_Downy Mildew,6195752bea2f21981cad0ca510f929d36824d5a99f82e65f26609ed9ed95cf8f,2,train,cauliflower__cauliflower_leaf_Downy Mildew,True,LOW_INTRA_SPLIT_DUPLICATE
model2_v4,data/processed/model2_v4/train/cauliflower/cauliflower_leaf_Downy Mildew/Downy Mildew_48.jpg,Downy Mildew_48.jpg,train,cauliflower__cauliflower_leaf_Downy Mildew,6195752bea2f21981cad0ca510f929d36824d5a99f82e65f26609ed9ed95cf8f,2,train,cauliflower__cauliflower_leaf_Downy Mildew,True,LOW_INTRA_SPLIT_DUPLICATE
model2_v4,data/processed/model2_v4/train/cauliflower/cauliflower_leaf_Healthy/Healthy_74.jpg,Healthy_74.jpg,train,cauliflower__cauliflower_leaf_Healthy,628344f43a84392cb5a56d8198b2afaf03d3d4f0486f575a7dbf72d3d729b5e4,2,train,cauliflower__cauliflower_leaf_Healthy,True,LOW_INTRA_SPLIT_DUPLICATE
model2_v4,data/processed/model2_v4/train/cauliflower/cauliflower_leaf_Healthy/Healthy_75.jpg,Healthy_75.jpg,train,cauliflower__cauliflower_leaf_Healthy,628344f43a84392cb5a56d8198b2afaf03d3d4f0486f575a7dbf72d3d729b5e4,2,train,cauliflower__cauliflower_leaf_Healthy,True,LOW_INTRA_SPLIT_DUPLICATE
model2_v4,data/processed/model2_v4/train/cauliflower/cauliflower_leaf_Alternaria Leaf Spot/Alternaria Leaf Spot_282.jpeg,Alternaria Leaf Spot_282.jpeg,train,cauliflower__cauliflower_leaf_Alternaria Leaf Spot,62b7da3a78fd8332f16faceac3ac65c0f44495d57c5581d863454df6b264f940,2,train,cauliflower__cauliflower_leaf_Alternaria Leaf Spot+cauliflower__cauliflower_leaf_Downy Mildew,True,LOW_INTRA_SPLIT_DUPLICATE
model2_v4,data/processed/model2_v4/train/cauliflower/cauliflower_leaf_Downy Mildew/Downy Mildew. (5).jpeg,Downy Mildew. (5).jpeg,train,cauliflower__cauliflower_leaf_Downy Mildew,62b7da3a78fd8332f16faceac3ac65c0f44495d57c5581d863454df6b264f940,2,train,cauliflower__cauliflower_leaf_Alternaria Leaf Spot+cauliflower__cauliflower_leaf_Downy Mildew,True,LOW_INTRA_SPLIT_DUPLICATE
model2_v4,data/processed/model2_v4/train/cauliflower/cauliflower_leaf_Downy Mildew/Downy Mildew. (19).jpg,Downy Mildew. (19).jpg,train,cauliflower__cauliflower_leaf_Downy Mildew,6394936b44e3a5955c7a60ec25c13a5e61cd5d40c89d695a66ce34105009f010,2,train,cauliflower__cauliflower_leaf_Downy Mildew,True,LOW_INTRA_SPLIT_DUPLICATE
model2_v4,data/processed/model2_v4/train/cauliflower/cauliflower_leaf_Downy Mildew/Downy Mildew_57.jpg,Downy Mildew_57.jpg,train,cauliflower__cauliflower_leaf_Downy Mildew,6394936b44e3a5955c7a60ec25c13a5e61cd5d40c89d695a66ce34105009f010,2,train,cauliflower__cauliflower_leaf_Downy Mildew,True,LOW_INTRA_SPLIT_DUPLICATE
model2_v4,data/processed/model2_v4/train/cauliflower/cauliflower_leaf_Alternaria Leaf Spot/Alternaria Leaf Spot_286.jpeg,Alternaria Leaf Spot_286.jpeg,train,cauliflower__cauliflower_leaf_Alternaria Leaf Spot,63e7dd7288884070a9c25d206e08f79e385cab1af2f67b751a0547a23d126f4a,2,train,cauliflower__cauliflower_leaf_Alternaria Leaf Spot+cauliflower__cauliflower_leaf_Downy Mildew,True,LOW_INTRA_SPLIT_DUPLICATE
model2_v4,data/processed/model2_v4/train/cauliflower/cauliflower_leaf_Downy Mildew/Downy Mildew. (9).jpeg,Downy Mildew. (9).jpeg,train,cauliflower__cauliflower_leaf_Downy Mildew,63e7dd7288884070a9c25d206e08f79e385cab1af2f67b751a0547a23d126f4a,2,train,cauliflower__cauliflower_leaf_Alternaria Leaf Spot+cauliflower__cauliflower_leaf_Downy Mildew,True,LOW_INTRA_SPLIT_DUPLICATE
model2_v4,data/processed/model2_v4/train/cauliflower/cauliflower_fruit_healthy/No disease. (85).jpg,No disease. (85).jpg,train,cauliflower__cauliflower_fruit_healthy,64087df03de8de3f12ecaa9333269be8ebcf661394d7b1d5633dcf752b44bc42,2,train,cauliflower__cauliflower_fruit_healthy+cauliflower__cauliflower_leaf_Healthy,True,LOW_INTRA_SPLIT_DUPLICATE
model2_v4,data/processed/model2_v4/train/cauliflower/cauliflower_leaf_Healthy/Healthy_330.jpg,Healthy_330.jpg,train,cauliflower__cauliflower_leaf_Healthy,64087df03de8de3f12ecaa9333269be8ebcf661394d7b1d5633dcf752b44bc42,2,train,cauliflower__cauliflower_fruit_healthy+cauliflower__cauliflower_leaf_Healthy,True,LOW_INTRA_SPLIT_DUPLICATE
model2_v4,data/processed/model2_v4/train/cauliflower/cauliflower_leaf_Downy Mildew/Downy Mildew. (96).jpg,Downy Mildew. (96).jpg,train,cauliflower__cauliflower_leaf_Downy Mildew,640b3bbcb01d53715f2c57e303bae763d2b0c1f2d2564cf3c4c90d11e2df99cc,2,train,cauliflower__cauliflower_leaf_Downy Mildew,True,LOW_INTRA_SPLIT_DUPLICATE
model2_v4,data/processed/model2_v4/train/cauliflower/cauliflower_leaf_Downy Mildew/Downy Mildew_142.jpg,Downy Mildew_142.jpg,train,cauliflower__cauliflower_leaf_Downy Mildew,640b3bbcb01d53715f2c57e303bae763d2b0c1f2d2564cf3c4c90d11e2df99cc,2,train,cauliflower__cauliflower_leaf_Downy Mildew,True,LOW_INTRA_SPLIT_DUPLICATE
model2_v4,data/processed/model2_v4/train/bell_pepper/bacterial_spot/pepper_bell_bacterial_spot277.jpg,pepper_bell_bacterial_spot277.jpg,train,bell_pepper__bacterial_spot,6679324f9a382385236588945ea63eb595258a5b08ca7779dbacc5b0df468ff3,2,train,bell_pepper__Leaf_Curl+bell_pepper__bacterial_spot,True,LOW_INTRA_SPLIT_DUPLICATE
model2_v4,data/processed/model2_v4/train/bell_pepper/Leaf_Curl/418e8c33-046a-4056-99a6-83f20ba017fa___JR_B.Spot 3300.JPG,418e8c33-046a-4056-99a6-83f20ba017fa___JR_B.Spot 3300.JPG,train,bell_pepper__Leaf_Curl,6679324f9a382385236588945ea63eb595258a5b08ca7779dbacc5b0df468ff3,2,train,bell_pepper__Leaf_Curl+bell_pepper__bacterial_spot,True,LOW_INTRA_SPLIT_DUPLICATE
model2_v4,data/processed/model2_v4/train/bell_pepper/Cerespora/download2 (38).jpg,download2 (38).jpg,train,bell_pepper__Cerespora,66b709a9e4b2499cf6f6bbaef09eb99f7120a8c313cb3db68eaa70016b05c6cf,2,train,bell_pepper__Cerespora,True,LOW_INTRA_SPLIT_DUPLICATE
model2_v4,data/processed/model2_v4/train/bell_pepper/Cerespora/images (25).jpg,images (25).jpg,train,bell_pepper__Cerespora,66b709a9e4b2499cf6f6bbaef09eb99f7120a8c313cb3db68eaa70016b05c6cf,2,train,bell_pepper__Cerespora,True,LOW_INTRA_SPLIT_DUPLICATE
model2_v4,data/processed/model2_v4/train/cauliflower/cauliflower_leaf_Downy Mildew/Downy Mildew. (105).jpg,Downy Mildew. (105).jpg,train,cauliflower__cauliflower_leaf_Downy Mildew,66d855d8c73ef87a6154205d94e97af0a489815408f6cdc05fce6827ee8334e4,2,train,cauliflower__cauliflower_leaf_Downy Mildew,True,LOW_INTRA_SPLIT_DUPLICATE
model2_v4,data/processed/model2_v4/train/cauliflower/cauliflower_leaf_Downy Mildew/Downy Mildew_11.jpg,Downy Mildew_11.jpg,train,cauliflower__cauliflower_leaf_Downy Mildew,66d855d8c73ef87a6154205d94e97af0a489815408f6cdc05fce6827ee8334e4,2,train,cauliflower__cauliflower_leaf_Downy Mildew,True,LOW_INTRA_SPLIT_DUPLICATE
model2_v4,data/processed/model2_v4/train/cauliflower/cauliflower_fruit_healthy/No disease. (95).jpg,No disease. (95).jpg,train,cauliflower__cauliflower_fruit_healthy,677488da778d6ac6088373730522189cfdcaf1856ee439bc87bec64fbbb2d203,2,train,cauliflower__cauliflower_fruit_healthy+cauliflower__cauliflower_leaf_Healthy,True,LOW_INTRA_SPLIT_DUPLICATE
model2_v4,data/processed/model2_v4/train/cauliflower/cauliflower_leaf_Healthy/Healthy_341.jpg,Healthy_341.jpg,train,cauliflower__cauliflower_leaf_Healthy,677488da778d6ac6088373730522189cfdcaf1856ee439bc87bec64fbbb2d203,2,train,cauliflower__cauliflower_fruit_healthy+cauliflower__cauliflower_leaf_Healthy,True,LOW_INTRA_SPLIT_DUPLICATE
model2_v4,data/processed/model2_v4/train/cauliflower/cauliflower_fruit_healthy/No disease. (182).jpg,No disease. (182).jpg,train,cauliflower__cauliflower_fruit_healthy,68593ec3d849667b9e45ec405dd366fbfcf4ad9274294e3243a488a1d8194bcf,2,train,cauliflower__cauliflower_fruit_healthy+cauliflower__cauliflower_leaf_Healthy,True,LOW_INTRA_SPLIT_DUPLICATE
model2_v4,data/processed/model2_v4/train/cauliflower/cauliflower_leaf_Healthy/Healthy_252.jpg,Healthy_252.jpg,train,cauliflower__cauliflower_leaf_Healthy,68593ec3d849667b9e45ec405dd366fbfcf4ad9274294e3243a488a1d8194bcf,2,train,cauliflower__cauliflower_fruit_healthy+cauliflower__cauliflower_leaf_Healthy,True,LOW_INTRA_SPLIT_DUPLICATE
model2_v4,data/processed/model2_v4/train/cauliflower/cauliflower_fruit_healthy/No disease. (134).jpg,No disease. (134).jpg,train,cauliflower__cauliflower_fruit_healthy,695c88f7cd331b949f06e36835a5a04bc2cebfc3841eeef8f6b74177785fbdbe,2,train,cauliflower__cauliflower_fruit_healthy+cauliflower__cauliflower_leaf_Healthy,True,LOW_INTRA_SPLIT_DUPLICATE
model2_v4,data/processed/model2_v4/train/cauliflower/cauliflower_leaf_Healthy/Healthy_216.jpg,Healthy_216.jpg,train,cauliflower__cauliflower_leaf_Healthy,695c88f7cd331b949f06e36835a5a04bc2cebfc3841eeef8f6b74177785fbdbe,2,train,cauliflower__cauliflower_fruit_healthy+cauliflower__cauliflower_leaf_Healthy,True,LOW_INTRA_SPLIT_DUPLICATE
model2_v4,data/processed/model2_v4/train/cauliflower/cauliflower_leaf_Downy Mildew/Downy Mildew. (78).jpg,Downy Mildew. (78).jpg,train,cauliflower__cauliflower_leaf_Downy Mildew,6a1536f7f43c916d0b274917d0a9ce0591f5c309404193c0bf688cbbede8282e,2,train,cauliflower__cauliflower_leaf_Downy Mildew,True,LOW_INTRA_SPLIT_DUPLICATE
model2_v4,data/processed/model2_v4/train/cauliflower/cauliflower_leaf_Downy Mildew/Downy Mildew_122.jpg,Downy Mildew_122.jpg,train,cauliflower__cauliflower_leaf_Downy Mildew,6a1536f7f43c916d0b274917d0a9ce0591f5c309404193c0bf688cbbede8282e,2,train,cauliflower__cauliflower_leaf_Downy Mildew,True,LOW_INTRA_SPLIT_DUPLICATE
model2_v4,data/processed/model2_v4/train/cauliflower/cauliflower_fruit_healthy/No disease. (120).jpg,No disease. (120).jpg,train,cauliflower__cauliflower_fruit_healthy,6a5a9012b6a25271616cc86523301c8e1bcdcf8ac312574d04370188cb00752b,2,train,cauliflower__cauliflower_fruit_healthy+cauliflower__cauliflower_leaf_Healthy,True,LOW_INTRA_SPLIT_DUPLICATE
model2_v4,data/processed/model2_v4/train/cauliflower/cauliflower_leaf_Healthy/Healthy_202.jpg,Healthy_202.jpg,train,cauliflower__cauliflower_leaf_Healthy,6a5a9012b6a25271616cc86523301c8e1bcdcf8ac312574d04370188cb00752b,2,train,cauliflower__cauliflower_fruit_healthy+cauliflower__cauliflower_leaf_Healthy,True,LOW_INTRA_SPLIT_DUPLICATE
model2_v4,data/processed/model2_v4/train/cauliflower/cauliflower_leaf_Downy Mildew/Downy Mildew. (34).jpg,Downy Mildew. (34).jpg,train,cauliflower__cauliflower_leaf_Downy Mildew,6a82ea8e325dcd97e8e88536a5b2e23f8593fdbc5041dc40200d69c6203d5da1,2,train,cauliflower__cauliflower_leaf_Downy Mildew,True,LOW_INTRA_SPLIT_DUPLICATE
model2_v4,data/processed/model2_v4/train/cauliflower/cauliflower_leaf_Downy Mildew/Downy Mildew_74.jpg,Downy Mildew_74.jpg,train,cauliflower__cauliflower_leaf_Downy Mildew,6a82ea8e325dcd97e8e88536a5b2e23f8593fdbc5041dc40200d69c6203d5da1,2,train,cauliflower__cauliflower_leaf_Downy Mildew,True,LOW_INTRA_SPLIT_DUPLICATE
model2_v4,data/processed/model2_v4/train/bell_pepper/Cerespora/f3cdfb4a-f1d9-4f95-a036-5a9fb585e570___JR_B.Spot 3110.JPG,f3cdfb4a-f1d9-4f95-a036-5a9fb585e570___JR_B.Spot 3110.JPG,train,bell_pepper__Cerespora,6b0fd98eb3875f356816cecc106ab8096f482fe3a622bfd5c597ec289d505590,2,train,bell_pepper__Cerespora+bell_pepper__Leaf_Curl,True,LOW_INTRA_SPLIT_DUPLICATE
model2_v4,data/processed/model2_v4/train/bell_pepper/Leaf_Curl/f3cdfb4a-f1d9-4f95-a036-5a9fb585e570___JR_B.Spot 3110.JPG,f3cdfb4a-f1d9-4f95-a036-5a9fb585e570___JR_B.Spot 3110.JPG,train,bell_pepper__Leaf_Curl,6b0fd98eb3875f356816cecc106ab8096f482fe3a622bfd5c597ec289d505590,2,train,bell_pepper__Cerespora+bell_pepper__Leaf_Curl,True,LOW_INTRA_SPLIT_DUPLICATE
model2_v4,data/processed/model2_v4/train/cauliflower/cauliflower_leaf_Downy Mildew/Downy Mildew. (82).jpg,Downy Mildew. (82).jpg,train,cauliflower__cauliflower_leaf_Downy Mildew,6c5023f57d78e6df496df083094e8b188db39e78c52bb3d5873eca9004152069,2,train,cauliflower__cauliflower_leaf_Downy Mildew,True,LOW_INTRA_SPLIT_DUPLICATE
model2_v4,data/processed/model2_v4/train/cauliflower/cauliflower_leaf_Downy Mildew/Downy Mildew_127.jpg,Downy Mildew_127.jpg,train,cauliflower__cauliflower_leaf_Downy Mildew,6c5023f57d78e6df496df083094e8b188db39e78c52bb3d5873eca9004152069,2,train,cauliflower__cauliflower_leaf_Downy Mildew,True,LOW_INTRA_SPLIT_DUPLICATE
model2_v4,data/processed/model2_v4/train/cauliflower/cauliflower_leaf_Downy Mildew/Downy Mildew. (11).jpg,Downy Mildew. (11).jpg,train,cauliflower__cauliflower_leaf_Downy Mildew,6d15533750beed21f0bcb9cfa8a8802b7d8c0879ca3a9a027ece2829e3e236e8,2,train,cauliflower__cauliflower_leaf_Downy Mildew,True,LOW_INTRA_SPLIT_DUPLICATE
model2_v4,data/processed/model2_v4/train/cauliflower/cauliflower_leaf_Downy Mildew/Downy Mildew_16.jpg,Downy Mildew_16.jpg,train,cauliflower__cauliflower_leaf_Downy Mildew,6d15533750beed21f0bcb9cfa8a8802b7d8c0879ca3a9a027ece2829e3e236e8,2,train,cauliflower__cauliflower_leaf_Downy Mildew,True,LOW_INTRA_SPLIT_DUPLICATE
model2_v4,data/processed/model2_v4/train/cauliflower/cauliflower_leaf_Downy Mildew/Downy Mildew. (1).jpeg,Downy Mildew. (1).jpeg,train,cauliflower__cauliflower_leaf_Downy Mildew,6d826a035e919d8d2b5f8c033beccd11a222fd29ef197b24e74ccf757312426d,2,train,cauliflower__cauliflower_leaf_Downy Mildew,True,LOW_INTRA_SPLIT_DUPLICATE
model2_v4,data/processed/model2_v4/train/cauliflower/cauliflower_leaf_Downy Mildew/Downy Mildew_1.jpeg,Downy Mildew_1.jpeg,train,cauliflower__cauliflower_leaf_Downy Mildew,6d826a035e919d8d2b5f8c033beccd11a222fd29ef197b24e74ccf757312426d,2,train,cauliflower__cauliflower_leaf_Downy Mildew,True,LOW_INTRA_SPLIT_DUPLICATE
model2_v4,data/processed/model2_v4/train/cauliflower/cauliflower_leaf_Downy Mildew/Downy Mildew. (71).jpg,Downy Mildew. (71).jpg,train,cauliflower__cauliflower_leaf_Downy Mildew,6e4098a823f9e34b2b02313a7ea7ef263512a19f928c8c4cafe92e64279db7fa,2,train,cauliflower__cauliflower_leaf_Downy Mildew,True,LOW_INTRA_SPLIT_DUPLICATE
model2_v4,data/processed/model2_v4/train/cauliflower/cauliflower_leaf_Downy Mildew/Downy Mildew_115.jpg,Downy Mildew_115.jpg,train,cauliflower__cauliflower_leaf_Downy Mildew,6e4098a823f9e34b2b02313a7ea7ef263512a19f928c8c4cafe92e64279db7fa,2,train,cauliflower__cauliflower_leaf_Downy Mildew,True,LOW_INTRA_SPLIT_DUPLICATE
model2_v4,data/processed/model2_v4/train/bell_pepper/Cerespora/648a0b23-8a55-4530-a0a0-b04882298d24___NREC_B.Spot 1839.JPG,648a0b23-8a55-4530-a0a0-b04882298d24___NREC_B.Spot 1839.JPG,train,bell_pepper__Cerespora,6e8df2581edb11e039d963920b30c34222952ceebc3eac8cc744a21d96ffd219,2,train,bell_pepper__Cerespora+bell_pepper__Leaf_Curl,True,LOW_INTRA_SPLIT_DUPLICATE
model2_v4,data/processed/model2_v4/train/bell_pepper/Leaf_Curl/648a0b23-8a55-4530-a0a0-b04882298d24___NREC_B.Spot 1839.JPG,648a0b23-8a55-4530-a0a0-b04882298d24___NREC_B.Spot 1839.JPG,train,bell_pepper__Leaf_Curl,6e8df2581edb11e039d963920b30c34222952ceebc3eac8cc744a21d96ffd219,2,train,bell_pepper__Cerespora+bell_pepper__Leaf_Curl,True,LOW_INTRA_SPLIT_DUPLICATE
model2_v4,data/processed/model2_v4/train/bell_pepper/Cerespora/download2 (42).jpg,download2 (42).jpg,train,bell_pepper__Cerespora,706056613c3b7b7a52b0518307be581fa07f2277d58c28d0e9abb2ed5c827eac,2,train,bell_pepper__Cerespora,True,LOW_INTRA_SPLIT_DUPLICATE
model2_v4,data/processed/model2_v4/train/bell_pepper/Cerespora/download2 (8).jpg,download2 (8).jpg,train,bell_pepper__Cerespora,706056613c3b7b7a52b0518307be581fa07f2277d58c28d0e9abb2ed5c827eac,2,train,bell_pepper__Cerespora,True,LOW_INTRA_SPLIT_DUPLICATE
model2_v4,data/processed/model2_v4/train/bell_pepper/Cerespora/525555a6-c09c-4551-8b9d-d2a8050f474d___JR_B.Spot 3355.JPG,525555a6-c09c-4551-8b9d-d2a8050f474d___JR_B.Spot 3355.JPG,train,bell_pepper__Cerespora,710ca669b9eccbe9ec31c1904b359a29c7b4325a13eddeeb860df24878002b65,2,train,bell_pepper__Cerespora+bell_pepper__Leaf_Curl,True,LOW_INTRA_SPLIT_DUPLICATE
model2_v4,data/processed/model2_v4/train/bell_pepper/Leaf_Curl/525555a6-c09c-4551-8b9d-d2a8050f474d___JR_B.Spot 3355.JPG,525555a6-c09c-4551-8b9d-d2a8050f474d___JR_B.Spot 3355.JPG,train,bell_pepper__Leaf_Curl,710ca669b9eccbe9ec31c1904b359a29c7b4325a13eddeeb860df24878002b65,2,train,bell_pepper__Cerespora+bell_pepper__Leaf_Curl,True,LOW_INTRA_SPLIT_DUPLICATE
model2_v4,data/processed/model2_v4/train/cauliflower/cauliflower_fruit_healthy/No disease. (37).jpg,No disease. (37).jpg,train,cauliflower__cauliflower_fruit_healthy,7146affa7ccd2525fb1dc412bc9e9ad8692ba1729a8c793102398ff4d213c51c,2,train,cauliflower__cauliflower_fruit_healthy+cauliflower__cauliflower_leaf_Healthy,True,LOW_INTRA_SPLIT_DUPLICATE
model2_v4,data/processed/model2_v4/train/cauliflower/cauliflower_leaf_Healthy/Healthy_279.jpg,Healthy_279.jpg,train,cauliflower__cauliflower_leaf_Healthy,7146affa7ccd2525fb1dc412bc9e9ad8692ba1729a8c793102398ff4d213c51c,2,train,cauliflower__cauliflower_fruit_healthy+cauliflower__cauliflower_leaf_Healthy,True,LOW_INTRA_SPLIT_DUPLICATE
model2_v4,data/processed/model2_v4/train/cauliflower/cauliflower_leaf_Downy Mildew/Downy Mildew. (138).jpg,Downy Mildew. (138).jpg,train,cauliflower__cauliflower_leaf_Downy Mildew,72b81deecead3a8f1858173c7e9de08fd16079031186ac2cb5402f79066ef957,2,train,cauliflower__cauliflower_leaf_Downy Mildew,True,LOW_INTRA_SPLIT_DUPLICATE
model2_v4,data/processed/model2_v4/train/cauliflower/cauliflower_leaf_Downy Mildew/Downy Mildew_47.jpg,Downy Mildew_47.jpg,train,cauliflower__cauliflower_leaf_Downy Mildew,72b81deecead3a8f1858173c7e9de08fd16079031186ac2cb5402f79066ef957,2,train,cauliflower__cauliflower_leaf_Downy Mildew,True,LOW_INTRA_SPLIT_DUPLICATE
model2_v4,data/processed/model2_v4/train/cauliflower/cauliflower_fruit_Bacterial spot rot/Bacterial Spot. (1).jpg,Bacterial Spot. (1).jpg,train,cauliflower__cauliflower_fruit_Bacterial spot rot,72e53459487751869ec82d78ecdf03fc919f96d3c73b021954f6ec62a6748209,2,train,cauliflower__cauliflower_fruit_Bacterial spot rot,True,LOW_INTRA_SPLIT_DUPLICATE
model2_v4,data/processed/model2_v4/train/cauliflower/cauliflower_fruit_Bacterial spot rot/Bacterial Spot. (87).jpg,Bacterial Spot. (87).jpg,train,cauliflower__cauliflower_fruit_Bacterial spot rot,72e53459487751869ec82d78ecdf03fc919f96d3c73b021954f6ec62a6748209,2,train,cauliflower__cauliflower_fruit_Bacterial spot rot,True,LOW_INTRA_SPLIT_DUPLICATE
model2_v4,data/processed/model2_v4/train/cauliflower/cauliflower_fruit_healthy/No disease. (158).jpg,No disease. (158).jpg,train,cauliflower__cauliflower_fruit_healthy,7347294869113ae76acc66b2ad9e4f610b7788da49928944b14f5fc93737b385,2,train,cauliflower__cauliflower_fruit_healthy+cauliflower__cauliflower_leaf_Healthy,True,LOW_INTRA_SPLIT_DUPLICATE
model2_v4,data/processed/model2_v4/train/cauliflower/cauliflower_leaf_Healthy/Healthy_235.jpg,Healthy_235.jpg,train,cauliflower__cauliflower_leaf_Healthy,7347294869113ae76acc66b2ad9e4f610b7788da49928944b14f5fc93737b385,2,train,cauliflower__cauliflower_fruit_healthy+cauliflower__cauliflower_leaf_Healthy,True,LOW_INTRA_SPLIT_DUPLICATE
model2_v4,data/processed/model2_v4/train/cauliflower/cauliflower_fruit_healthy/No disease. (161).jpg,No disease. (161).jpg,train,cauliflower__cauliflower_fruit_healthy,73706fea81358b527193317a5419bdbcc1d14a7176f5b695bc5c6277a8abf8f0,2,train,cauliflower__cauliflower_fruit_healthy+cauliflower__cauliflower_leaf_Healthy,True,LOW_INTRA_SPLIT_DUPLICATE
model2_v4,data/processed/model2_v4/train/cauliflower/cauliflower_leaf_Healthy/Healthy_237.jpg,Healthy_237.jpg,train,cauliflower__cauliflower_leaf_Healthy,73706fea81358b527193317a5419bdbcc1d14a7176f5b695bc5c6277a8abf8f0,2,train,cauliflower__cauliflower_fruit_healthy+cauliflower__cauliflower_leaf_Healthy,True,LOW_INTRA_SPLIT_DUPLICATE
model2_v4,data/processed/model2_v4/train/bell_pepper/bacterial_spot/pepper_bell_bacterial_spot1846.jpg,pepper_bell_bacterial_spot1846.jpg,train,bell_pepper__bacterial_spot,73cd920add1134f15b54a6b6b0e7bfc92711d304bbb005720af1bf57eab557ae,3,train,bell_pepper__Cerespora+bell_pepper__Leaf_Curl+bell_pepper__bacterial_spot,True,LOW_INTRA_SPLIT_DUPLICATE
model2_v4,data/processed/model2_v4/train/bell_pepper/Cerespora/11e6ce0a-8511-485a-b22c-21b978d28e5e___JR_B.Spot 3383.JPG,11e6ce0a-8511-485a-b22c-21b978d28e5e___JR_B.Spot 3383.JPG,train,bell_pepper__Cerespora,73cd920add1134f15b54a6b6b0e7bfc92711d304bbb005720af1bf57eab557ae,3,train,bell_pepper__Cerespora+bell_pepper__Leaf_Curl+bell_pepper__bacterial_spot,True,LOW_INTRA_SPLIT_DUPLICATE
model2_v4,data/processed/model2_v4/train/bell_pepper/Leaf_Curl/11e6ce0a-8511-485a-b22c-21b978d28e5e___JR_B.Spot 3383.jpg,11e6ce0a-8511-485a-b22c-21b978d28e5e___JR_B.Spot 3383.jpg,train,bell_pepper__Leaf_Curl,73cd920add1134f15b54a6b6b0e7bfc92711d304bbb005720af1bf57eab557ae,3,train,bell_pepper__Cerespora+bell_pepper__Leaf_Curl+bell_pepper__bacterial_spot,True,LOW_INTRA_SPLIT_DUPLICATE
model2_v4,data/processed/model2_v4/train/cauliflower/cauliflower_fruit_healthy/No disease. (109).jpg,No disease. (109).jpg,train,cauliflower__cauliflower_fruit_healthy,77a08c30e38a145f90d54711170c7aa105e763e8befa4cd3c2ed76ee296f8601,2,train,cauliflower__cauliflower_fruit_healthy+cauliflower__cauliflower_leaf_Healthy,True,LOW_INTRA_SPLIT_DUPLICATE
model2_v4,data/processed/model2_v4/train/cauliflower/cauliflower_leaf_Healthy/Healthy_191.jpg,Healthy_191.jpg,train,cauliflower__cauliflower_leaf_Healthy,77a08c30e38a145f90d54711170c7aa105e763e8befa4cd3c2ed76ee296f8601,2,train,cauliflower__cauliflower_fruit_healthy+cauliflower__cauliflower_leaf_Healthy,True,LOW_INTRA_SPLIT_DUPLICATE
model2_v4,data/processed/model2_v4/train/cauliflower/cauliflower_leaf_Alternaria Leaf Spot/Alternaria Leaf Spot_285.jpeg,Alternaria Leaf Spot_285.jpeg,train,cauliflower__cauliflower_leaf_Alternaria Leaf Spot,79b2d317f54349a9ae54d83080dfc107e506a6986a99965408b4bd199b705168,2,train,cauliflower__cauliflower_leaf_Alternaria Leaf Spot+cauliflower__cauliflower_leaf_Downy Mildew,True,LOW_INTRA_SPLIT_DUPLICATE
model2_v4,data/processed/model2_v4/train/cauliflower/cauliflower_leaf_Downy Mildew/Downy Mildew. (8).jpeg,Downy Mildew. (8).jpeg,train,cauliflower__cauliflower_leaf_Downy Mildew,79b2d317f54349a9ae54d83080dfc107e506a6986a99965408b4bd199b705168,2,train,cauliflower__cauliflower_leaf_Alternaria Leaf Spot+cauliflower__cauliflower_leaf_Downy Mildew,True,LOW_INTRA_SPLIT_DUPLICATE
model2_v4,data/processed/model2_v4/train/cauliflower/cauliflower_leaf_Healthy/Healthy_59.jpg,Healthy_59.jpg,train,cauliflower__cauliflower_leaf_Healthy,79c6a1323c73523130ecd2ff9ce38e2659c4bf8b44f76a93a6ba4e014c333ce6,2,train,cauliflower__cauliflower_leaf_Healthy,True,LOW_INTRA_SPLIT_DUPLICATE
model2_v4,data/processed/model2_v4/train/cauliflower/cauliflower_leaf_Healthy/Healthy_98.jpeg,Healthy_98.jpeg,train,cauliflower__cauliflower_leaf_Healthy,79c6a1323c73523130ecd2ff9ce38e2659c4bf8b44f76a93a6ba4e014c333ce6,2,train,cauliflower__cauliflower_leaf_Healthy,True,LOW_INTRA_SPLIT_DUPLICATE
model2_v4,data/processed/model2_v4/train/cauliflower/cauliflower_fruit_healthy/No disease. (51).jpg,No disease. (51).jpg,train,cauliflower__cauliflower_fruit_healthy,7a0813b0fc713a14b2042751ce1c4e6f98b3639eb0b4048524465ae7385708da,2,train,cauliflower__cauliflower_fruit_healthy+cauliflower__cauliflower_leaf_Healthy,True,LOW_INTRA_SPLIT_DUPLICATE
model2_v4,data/processed/model2_v4/train/cauliflower/cauliflower_leaf_Healthy/Healthy_293.jpg,Healthy_293.jpg,train,cauliflower__cauliflower_leaf_Healthy,7a0813b0fc713a14b2042751ce1c4e6f98b3639eb0b4048524465ae7385708da,2,train,cauliflower__cauliflower_fruit_healthy+cauliflower__cauliflower_leaf_Healthy,True,LOW_INTRA_SPLIT_DUPLICATE
model2_v4,data/processed/model2_v4/train/cauliflower/cauliflower_leaf_Downy Mildew/Downy Mildew. (86).jpg,Downy Mildew. (86).jpg,train,cauliflower__cauliflower_leaf_Downy Mildew,7a714eed03e090c341ef6b5e1c5e1fa6be38d459a66396a58d66e9583b70821c,2,train,cauliflower__cauliflower_leaf_Downy Mildew,True,LOW_INTRA_SPLIT_DUPLICATE
model2_v4,data/processed/model2_v4/train/cauliflower/cauliflower_leaf_Downy Mildew/Downy Mildew_131.jpg,Downy Mildew_131.jpg,train,cauliflower__cauliflower_leaf_Downy Mildew,7a714eed03e090c341ef6b5e1c5e1fa6be38d459a66396a58d66e9583b70821c,2,train,cauliflower__cauliflower_leaf_Downy Mildew,True,LOW_INTRA_SPLIT_DUPLICATE
model2_v4,data/processed/model2_v4/train/cauliflower/cauliflower_leaf_Downy Mildew/Downy Mildew. (110).jpg,Downy Mildew. (110).jpg,train,cauliflower__cauliflower_leaf_Downy Mildew,7a95d799e764ca95d8da2d3c93b38ffed93fefd0ceeddcd3680ce58317b9b670,2,train,cauliflower__cauliflower_leaf_Downy Mildew,True,LOW_INTRA_SPLIT_DUPLICATE
model2_v4,data/processed/model2_v4/train/cauliflower/cauliflower_leaf_Downy Mildew/Downy Mildew_17.jpg,Downy Mildew_17.jpg,train,cauliflower__cauliflower_leaf_Downy Mildew,7a95d799e764ca95d8da2d3c93b38ffed93fefd0ceeddcd3680ce58317b9b670,2,train,cauliflower__cauliflower_leaf_Downy Mildew,True,LOW_INTRA_SPLIT_DUPLICATE
model2_v4,data/processed/model2_v4/train/cauliflower/cauliflower_fruit_healthy/No disease. (11).jpg,No disease. (11).jpg,train,cauliflower__cauliflower_fruit_healthy,7b0ab32c8563a5aa97d83c91ebb2dccc1998de6445bc9de6a5cd8fe3fa261ebf,2,train,cauliflower__cauliflower_fruit_healthy+cauliflower__cauliflower_leaf_Healthy,True,LOW_INTRA_SPLIT_DUPLICATE
model2_v4,data/processed/model2_v4/train/cauliflower/cauliflower_leaf_Healthy/Healthy_192.jpg,Healthy_192.jpg,train,cauliflower__cauliflower_leaf_Healthy,7b0ab32c8563a5aa97d83c91ebb2dccc1998de6445bc9de6a5cd8fe3fa261ebf,2,train,cauliflower__cauliflower_fruit_healthy+cauliflower__cauliflower_leaf_Healthy,True,LOW_INTRA_SPLIT_DUPLICATE
model2_v4,data/processed/model2_v4/train/cauliflower/cauliflower_leaf_Downy Mildew/Downy Mildew. (31).jpg,Downy Mildew. (31).jpg,train,cauliflower__cauliflower_leaf_Downy Mildew,7b2152575a0a2d9d321326c61013eed2795ffaa4ab86b33cb05400e99de91222,2,train,cauliflower__cauliflower_leaf_Downy Mildew,True,LOW_INTRA_SPLIT_DUPLICATE
model2_v4,data/processed/model2_v4/train/cauliflower/cauliflower_leaf_Downy Mildew/Downy Mildew_71.jpg,Downy Mildew_71.jpg,train,cauliflower__cauliflower_leaf_Downy Mildew,7b2152575a0a2d9d321326c61013eed2795ffaa4ab86b33cb05400e99de91222,2,train,cauliflower__cauliflower_leaf_Downy Mildew,True,LOW_INTRA_SPLIT_DUPLICATE
model2_v4,data/processed/model2_v4/train/cauliflower/cauliflower_leaf_Downy Mildew/Downy Mildew. (23).jpg,Downy Mildew. (23).jpg,train,cauliflower__cauliflower_leaf_Downy Mildew,7b6f0da33a6fc730b7dfdaec9a48c16fb8e7c6d27df0bccf9e2e8404da98acfc,2,train,cauliflower__cauliflower_leaf_Downy Mildew,True,LOW_INTRA_SPLIT_DUPLICATE
model2_v4,data/processed/model2_v4/train/cauliflower/cauliflower_leaf_Downy Mildew/Downy Mildew_62.jpg,Downy Mildew_62.jpg,train,cauliflower__cauliflower_leaf_Downy Mildew,7b6f0da33a6fc730b7dfdaec9a48c16fb8e7c6d27df0bccf9e2e8404da98acfc,2,train,cauliflower__cauliflower_leaf_Downy Mildew,True,LOW_INTRA_SPLIT_DUPLICATE
model2_v4,data/processed/model2_v4/train/cauliflower/cauliflower_leaf_Downy Mildew/Downy Mildew. (67).jpg,Downy Mildew. (67).jpg,train,cauliflower__cauliflower_leaf_Downy Mildew,7b9614f1c38b1bf3c0a851da11d469cbc4863289ee8448c651b5360f51e2f8c5,2,train,cauliflower__cauliflower_leaf_Downy Mildew,True,LOW_INTRA_SPLIT_DUPLICATE
model2_v4,data/processed/model2_v4/train/cauliflower/cauliflower_leaf_Downy Mildew/Downy Mildew_110.jpg,Downy Mildew_110.jpg,train,cauliflower__cauliflower_leaf_Downy Mildew,7b9614f1c38b1bf3c0a851da11d469cbc4863289ee8448c651b5360f51e2f8c5,2,train,cauliflower__cauliflower_leaf_Downy Mildew,True,LOW_INTRA_SPLIT_DUPLICATE
model2_v4,data/processed/model2_v4/train/cauliflower/cauliflower_fruit_healthy/No disease. (54).jpg,No disease. (54).jpg,train,cauliflower__cauliflower_fruit_healthy,7c5dc183358bcc2d191be7724422b8f4f4d7c2e4a01bb9dc224516e9969c095f,2,train,cauliflower__cauliflower_fruit_healthy+cauliflower__cauliflower_leaf_Healthy,True,LOW_INTRA_SPLIT_DUPLICATE
model2_v4,data/processed/model2_v4/train/cauliflower/cauliflower_leaf_Healthy/Healthy_296.jpg,Healthy_296.jpg,train,cauliflower__cauliflower_leaf_Healthy,7c5dc183358bcc2d191be7724422b8f4f4d7c2e4a01bb9dc224516e9969c095f,2,train,cauliflower__cauliflower_fruit_healthy+cauliflower__cauliflower_leaf_Healthy,True,LOW_INTRA_SPLIT_DUPLICATE
model2_v4,data/processed/model2_v4/train/cauliflower/cauliflower_leaf_Downy Mildew/Downy Mildew. (50).jpg,Downy Mildew. (50).jpg,train,cauliflower__cauliflower_leaf_Downy Mildew,7c875cd89be359580dcfb96576fdada98971895f3ef021961c515267641e7dbf,2,train,cauliflower__cauliflower_leaf_Downy Mildew,True,LOW_INTRA_SPLIT_DUPLICATE
model2_v4,data/processed/model2_v4/train/cauliflower/cauliflower_leaf_Downy Mildew/Downy Mildew_92.jpg,Downy Mildew_92.jpg,train,cauliflower__cauliflower_leaf_Downy Mildew,7c875cd89be359580dcfb96576fdada98971895f3ef021961c515267641e7dbf,2,train,cauliflower__cauliflower_leaf_Downy Mildew,True,LOW_INTRA_SPLIT_DUPLICATE
model2_v4,data/processed/model2_v4/train/cauliflower/cauliflower_leaf_Downy Mildew/Downy Mildew. (126).jpg,Downy Mildew. (126).jpg,train,cauliflower__cauliflower_leaf_Downy Mildew,7c950b97ae514793edbab0451c0a7c08874eb30fd5bf92dd2ae0db9b71a6ab29,2,train,cauliflower__cauliflower_leaf_Downy Mildew,True,LOW_INTRA_SPLIT_DUPLICATE
model2_v4,data/processed/model2_v4/train/cauliflower/cauliflower_leaf_Downy Mildew/Downy Mildew_34.jpg,Downy Mildew_34.jpg,train,cauliflower__cauliflower_leaf_Downy Mildew,7c950b97ae514793edbab0451c0a7c08874eb30fd5bf92dd2ae0db9b71a6ab29,2,train,cauliflower__cauliflower_leaf_Downy Mildew,True,LOW_INTRA_SPLIT_DUPLICATE
model2_v4,data/processed/model2_v4/train/cauliflower/cauliflower_fruit_Bacterial Spot/Bacterial Spot_8.jpg,Bacterial Spot_8.jpg,train,cauliflower__cauliflower_fruit_Bacterial Spot,7d2879a0d470e1cdb031e80f2a663644401695f4718e5f5fb12626d995628269,2,train,cauliflower__cauliflower_fruit_Bacterial Spot+cauliflower__cauliflower_fruit_Bacterial spot rot,True,LOW_INTRA_SPLIT_DUPLICATE
model2_v4,data/processed/model2_v4/train/cauliflower/cauliflower_fruit_Bacterial spot rot/Bacterial Spot. (91).jpg,Bacterial Spot. (91).jpg,train,cauliflower__cauliflower_fruit_Bacterial spot rot,7d2879a0d470e1cdb031e80f2a663644401695f4718e5f5fb12626d995628269,2,train,cauliflower__cauliflower_fruit_Bacterial Spot+cauliflower__cauliflower_fruit_Bacterial spot rot,True,LOW_INTRA_SPLIT_DUPLICATE
model2_v4,data/processed/model2_v4/train/cauliflower/cauliflower_fruit_healthy/No disease. (59).jpg,No disease. (59).jpg,train,cauliflower__cauliflower_fruit_healthy,7de8dc4e408b7ba6f4515695221a5ec12288df11c91137fd49ddec2b35019450,2,train,cauliflower__cauliflower_fruit_healthy+cauliflower__cauliflower_leaf_Healthy,True,LOW_INTRA_SPLIT_DUPLICATE
model2_v4,data/processed/model2_v4/train/cauliflower/cauliflower_leaf_Healthy/Healthy_301.jpg,Healthy_301.jpg,train,cauliflower__cauliflower_leaf_Healthy,7de8dc4e408b7ba6f4515695221a5ec12288df11c91137fd49ddec2b35019450,2,train,cauliflower__cauliflower_fruit_healthy+cauliflower__cauliflower_leaf_Healthy,True,LOW_INTRA_SPLIT_DUPLICATE
model2_v4,data/processed/model2_v4/train/cauliflower/cauliflower_leaf_Downy Mildew/Downy Mildew. (98).jpg,Downy Mildew. (98).jpg,train,cauliflower__cauliflower_leaf_Downy Mildew,7e08e89ce51c79712184b1420c91a97e888b093aa8b6376da4184067ddd8a224,2,train,cauliflower__cauliflower_leaf_Downy Mildew,True,LOW_INTRA_SPLIT_DUPLICATE
model2_v4,data/processed/model2_v4/train/cauliflower/cauliflower_leaf_Downy Mildew/Downy Mildew_144.jpg,Downy Mildew_144.jpg,train,cauliflower__cauliflower_leaf_Downy Mildew,7e08e89ce51c79712184b1420c91a97e888b093aa8b6376da4184067ddd8a224,2,train,cauliflower__cauliflower_leaf_Downy Mildew,True,LOW_INTRA_SPLIT_DUPLICATE
model2_v4,data/processed/model2_v4/train/bell_pepper/bacterial_spot/f37ef7e1-bc3f-4247-8d4d-d9c76caa5ebb___JR_B.Spot_3340.JPG,f37ef7e1-bc3f-4247-8d4d-d9c76caa5ebb___JR_B.Spot_3340.JPG,train,bell_pepper__bacterial_spot,7f844a1cc64417f33eebc6d9f34428b297b8a7cd82b768f83069994d952c6b18,2,train,bell_pepper__Leaf_Curl+bell_pepper__bacterial_spot,True,LOW_INTRA_SPLIT_DUPLICATE
model2_v4,data/processed/model2_v4/train/bell_pepper/Leaf_Curl/f37ef7e1-bc3f-4247-8d4d-d9c76caa5ebb___JR_B.Spot 3340.JPG,f37ef7e1-bc3f-4247-8d4d-d9c76caa5ebb___JR_B.Spot 3340.JPG,train,bell_pepper__Leaf_Curl,7f844a1cc64417f33eebc6d9f34428b297b8a7cd82b768f83069994d952c6b18,2,train,bell_pepper__Leaf_Curl+bell_pepper__bacterial_spot,True,LOW_INTRA_SPLIT_DUPLICATE
model2_v4,data/processed/model2_v4/train/cauliflower/cauliflower_leaf_Downy Mildew/Downy Mildew. (35).jpg,Downy Mildew. (35).jpg,train,cauliflower__cauliflower_leaf_Downy Mildew,7fb9a97081e42215ad7d5c106b37be5ce6ed484b8a1a528552e187a3d8378f7a,2,train,cauliflower__cauliflower_leaf_Downy Mildew,True,LOW_INTRA_SPLIT_DUPLICATE
model2_v4,data/processed/model2_v4/train/cauliflower/cauliflower_leaf_Downy Mildew/Downy Mildew_75.jpg,Downy Mildew_75.jpg,train,cauliflower__cauliflower_leaf_Downy Mildew,7fb9a97081e42215ad7d5c106b37be5ce6ed484b8a1a528552e187a3d8378f7a,2,train,cauliflower__cauliflower_leaf_Downy Mildew,True,LOW_INTRA_SPLIT_DUPLICATE
model2_v4,data/processed/model2_v4/train/cauliflower/cauliflower_fruit_Bacterial Spot/Bacterial Spot_3.jpg,Bacterial Spot_3.jpg,train,cauliflower__cauliflower_fruit_Bacterial Spot,7fd629e568eb74b5a3150e472f9735205e7af228ac8c4bb9b08d5802c7aaa5e0,2,train,cauliflower__cauliflower_fruit_Bacterial Spot+cauliflower__cauliflower_fruit_Bacterial spot rot,True,LOW_INTRA_SPLIT_DUPLICATE
model2_v4,data/processed/model2_v4/train/cauliflower/cauliflower_fruit_Bacterial spot rot/Bacterial Spot. (69).jpg,Bacterial Spot. (69).jpg,train,cauliflower__cauliflower_fruit_Bacterial spot rot,7fd629e568eb74b5a3150e472f9735205e7af228ac8c4bb9b08d5802c7aaa5e0,2,train,cauliflower__cauliflower_fruit_Bacterial Spot+cauliflower__cauliflower_fruit_Bacterial spot rot,True,LOW_INTRA_SPLIT_DUPLICATE
model2_v4,data/processed/model2_v4/train/cauliflower/cauliflower_fruit_healthy/No disease. (165).jpg,No disease. (165).jpg,train,cauliflower__cauliflower_fruit_healthy,7fd9a2a818caa12a5c187722f6d244f624673e2702c968187c04198d7d82f8a3,2,train,cauliflower__cauliflower_fruit_healthy+cauliflower__cauliflower_leaf_Healthy,True,LOW_INTRA_SPLIT_DUPLICATE
model2_v4,data/processed/model2_v4/train/cauliflower/cauliflower_leaf_Healthy/Healthy_241.jpg,Healthy_241.jpg,train,cauliflower__cauliflower_leaf_Healthy,7fd9a2a818caa12a5c187722f6d244f624673e2702c968187c04198d7d82f8a3,2,train,cauliflower__cauliflower_fruit_healthy+cauliflower__cauliflower_leaf_Healthy,True,LOW_INTRA_SPLIT_DUPLICATE
model2_v4,data/processed/model2_v4/train/cauliflower/cauliflower_fruit_healthy/No disease. (108).jpg,No disease. (108).jpg,train,cauliflower__cauliflower_fruit_healthy,801c7daa253a3679bc69a6a70c14d42fd49eb21d74b304ce2a58886c9808a37a,2,train,cauliflower__cauliflower_fruit_healthy+cauliflower__cauliflower_leaf_Healthy,True,LOW_INTRA_SPLIT_DUPLICATE
model2_v4,data/processed/model2_v4/train/cauliflower/cauliflower_leaf_Healthy/Healthy_190.jpg,Healthy_190.jpg,train,cauliflower__cauliflower_leaf_Healthy,801c7daa253a3679bc69a6a70c14d42fd49eb21d74b304ce2a58886c9808a37a,2,train,cauliflower__cauliflower_fruit_healthy+cauliflower__cauliflower_leaf_Healthy,True,LOW_INTRA_SPLIT_DUPLICATE
model2_v4,data/processed/model2_v4/train/cauliflower/cauliflower_leaf_Downy Mildew/Downy Mildew. (51).jpg,Downy Mildew. (51).jpg,train,cauliflower__cauliflower_leaf_Downy Mildew,8057bf106b54602b584a359932198780750d12b03414505de5e9b9cf309011d4,2,train,cauliflower__cauliflower_leaf_Downy Mildew,True,LOW_INTRA_SPLIT_DUPLICATE
model2_v4,data/processed/model2_v4/train/cauliflower/cauliflower_leaf_Downy Mildew/Downy Mildew_93.jpg,Downy Mildew_93.jpg,train,cauliflower__cauliflower_leaf_Downy Mildew,8057bf106b54602b584a359932198780750d12b03414505de5e9b9cf309011d4,2,train,cauliflower__cauliflower_leaf_Downy Mildew,True,LOW_INTRA_SPLIT_DUPLICATE
model2_v4,data/processed/model2_v4/train/cauliflower/cauliflower_fruit_healthy/No disease. (174).jpg,No disease. (174).jpg,train,cauliflower__cauliflower_fruit_healthy,805b2ae95e71bb3dc232f4e4eecbe10db283ce242fb9aa8a40d4ea4f3d8f0879,2,train,cauliflower__cauliflower_fruit_healthy+cauliflower__cauliflower_leaf_Healthy,True,LOW_INTRA_SPLIT_DUPLICATE
model2_v4,data/processed/model2_v4/train/cauliflower/cauliflower_leaf_Healthy/Healthy_245.jpg,Healthy_245.jpg,train,cauliflower__cauliflower_leaf_Healthy,805b2ae95e71bb3dc232f4e4eecbe10db283ce242fb9aa8a40d4ea4f3d8f0879,2,train,cauliflower__cauliflower_fruit_healthy+cauliflower__cauliflower_leaf_Healthy,True,LOW_INTRA_SPLIT_DUPLICATE
model2_v4,data/processed/model2_v4/train/cauliflower/cauliflower_leaf_Downy Mildew/Downy Mildew. (37).jpg,Downy Mildew. (37).jpg,train,cauliflower__cauliflower_leaf_Downy Mildew,80b845c90cd8cfd531f1cdcdb933b869437ec61fb50ad3da07c554883d096b33,2,train,cauliflower__cauliflower_leaf_Downy Mildew,True,LOW_INTRA_SPLIT_DUPLICATE
model2_v4,data/processed/model2_v4/train/cauliflower/cauliflower_leaf_Downy Mildew/Downy Mildew_77.jpg,Downy Mildew_77.jpg,train,cauliflower__cauliflower_leaf_Downy Mildew,80b845c90cd8cfd531f1cdcdb933b869437ec61fb50ad3da07c554883d096b33,2,train,cauliflower__cauliflower_leaf_Downy Mildew,True,LOW_INTRA_SPLIT_DUPLICATE
model2_v4,data/processed/model2_v4/train/cauliflower/cauliflower_fruit_healthy/No disease. (36).jpg,No disease. (36).jpg,train,cauliflower__cauliflower_fruit_healthy,818d1a2e19074ec2815d36497b384ca2e4ef40cdac96efefd548afb6f77d4edd,2,train,cauliflower__cauliflower_fruit_healthy+cauliflower__cauliflower_leaf_Healthy,True,LOW_INTRA_SPLIT_DUPLICATE
model2_v4,data/processed/model2_v4/train/cauliflower/cauliflower_leaf_Healthy/Healthy_278.jpg,Healthy_278.jpg,train,cauliflower__cauliflower_leaf_Healthy,818d1a2e19074ec2815d36497b384ca2e4ef40cdac96efefd548afb6f77d4edd,2,train,cauliflower__cauliflower_fruit_healthy+cauliflower__cauliflower_leaf_Healthy,True,LOW_INTRA_SPLIT_DUPLICATE
model2_v4,data/processed/model2_v4/train/cauliflower/cauliflower_fruit_healthy/No disease. (111).jpg,No disease. (111).jpg,train,cauliflower__cauliflower_fruit_healthy,820604b0a9f2843895d0a3e6ec65ce9b61fc980d166291f4689a11962dfe790d,2,train,cauliflower__cauliflower_fruit_healthy+cauliflower__cauliflower_leaf_Healthy,True,LOW_INTRA_SPLIT_DUPLICATE
model2_v4,data/processed/model2_v4/train/cauliflower/cauliflower_leaf_Healthy/Healthy_194.jpg,Healthy_194.jpg,train,cauliflower__cauliflower_leaf_Healthy,820604b0a9f2843895d0a3e6ec65ce9b61fc980d166291f4689a11962dfe790d,2,train,cauliflower__cauliflower_fruit_healthy+cauliflower__cauliflower_leaf_Healthy,True,LOW_INTRA_SPLIT_DUPLICATE
model2_v4,data/processed/model2_v4/train/cauliflower/cauliflower_leaf_Downy Mildew/Downy Mildew. (128).jpg,Downy Mildew. (128).jpg,train,cauliflower__cauliflower_leaf_Downy Mildew,828ae3bd8459c8ad441c372c0fad6ef04943fffeed6de9da646d2597368ac29e,2,train,cauliflower__cauliflower_leaf_Downy Mildew,True,LOW_INTRA_SPLIT_DUPLICATE
model2_v4,data/processed/model2_v4/train/cauliflower/cauliflower_leaf_Downy Mildew/Downy Mildew_36.jpg,Downy Mildew_36.jpg,train,cauliflower__cauliflower_leaf_Downy Mildew,828ae3bd8459c8ad441c372c0fad6ef04943fffeed6de9da646d2597368ac29e,2,train,cauliflower__cauliflower_leaf_Downy Mildew,True,LOW_INTRA_SPLIT_DUPLICATE
model2_v4,data/processed/model2_v4/train/bell_pepper/Cerespora/462d2266-b71d-4bd0-b1da-8bf71439f5cd___JR_B.Spot 3192.JPG,462d2266-b71d-4bd0-b1da-8bf71439f5cd___JR_B.Spot 3192.JPG,train,bell_pepper__Cerespora,828d5f36a9c077438480d6d9f1218488fc726852585b5db91f372f449fa5fefb,2,train,bell_pepper__Cerespora+bell_pepper__Leaf_Curl,True,LOW_INTRA_SPLIT_DUPLICATE
model2_v4,data/processed/model2_v4/train/bell_pepper/Leaf_Curl/462d2266-b71d-4bd0-b1da-8bf71439f5cd___JR_B.Spot 3192.JPG,462d2266-b71d-4bd0-b1da-8bf71439f5cd___JR_B.Spot 3192.JPG,train,bell_pepper__Leaf_Curl,828d5f36a9c077438480d6d9f1218488fc726852585b5db91f372f449fa5fefb,2,train,bell_pepper__Cerespora+bell_pepper__Leaf_Curl,True,LOW_INTRA_SPLIT_DUPLICATE
model2_v4,data/processed/model2_v4/train/bell_pepper/Cerespora/507d59c4-b6a3-4d94-bbfb-fd763b4033ad___JR_B.Spot 3223.JPG,507d59c4-b6a3-4d94-bbfb-fd763b4033ad___JR_B.Spot 3223.JPG,train,bell_pepper__Cerespora,82dc8d86ff2f9a735c2124c3d017c7b16d48968a5dc871cf46c95fc47c7429d2,2,train,bell_pepper__Cerespora+bell_pepper__Leaf_Curl,True,LOW_INTRA_SPLIT_DUPLICATE
model2_v4,data/processed/model2_v4/train/bell_pepper/Leaf_Curl/507d59c4-b6a3-4d94-bbfb-fd763b4033ad___JR_B.Spot 3223.JPG,507d59c4-b6a3-4d94-bbfb-fd763b4033ad___JR_B.Spot 3223.JPG,train,bell_pepper__Leaf_Curl,82dc8d86ff2f9a735c2124c3d017c7b16d48968a5dc871cf46c95fc47c7429d2,2,train,bell_pepper__Cerespora+bell_pepper__Leaf_Curl,True,LOW_INTRA_SPLIT_DUPLICATE
model2_v4,data/processed/model2_v4/train/cauliflower/cauliflower_fruit_healthy/No disease. (129).jpg,No disease. (129).jpg,train,cauliflower__cauliflower_fruit_healthy,83558d74390568a611a263ceebb17585940e675cc602f21323879f6638cd8959,2,train,cauliflower__cauliflower_fruit_healthy+cauliflower__cauliflower_leaf_Healthy,True,LOW_INTRA_SPLIT_DUPLICATE
model2_v4,data/processed/model2_v4/train/cauliflower/cauliflower_leaf_Healthy/Healthy_211.jpg,Healthy_211.jpg,train,cauliflower__cauliflower_leaf_Healthy,83558d74390568a611a263ceebb17585940e675cc602f21323879f6638cd8959,2,train,cauliflower__cauliflower_fruit_healthy+cauliflower__cauliflower_leaf_Healthy,True,LOW_INTRA_SPLIT_DUPLICATE
model2_v4,data/processed/model2_v4/train/cauliflower/cauliflower_fruit_healthy/No disease. (25).jpg,No disease. (25).jpg,train,cauliflower__cauliflower_fruit_healthy,843c2294b25e9f302b9cd8a8bb9d2eaebafd5df1b9df73f3a4fbf3ad2d78b8bb,2,train,cauliflower__cauliflower_fruit_healthy+cauliflower__cauliflower_leaf_Healthy,True,LOW_INTRA_SPLIT_DUPLICATE
model2_v4,data/processed/model2_v4/train/cauliflower/cauliflower_leaf_Healthy/Healthy_266.jpg,Healthy_266.jpg,train,cauliflower__cauliflower_leaf_Healthy,843c2294b25e9f302b9cd8a8bb9d2eaebafd5df1b9df73f3a4fbf3ad2d78b8bb,2,train,cauliflower__cauliflower_fruit_healthy+cauliflower__cauliflower_leaf_Healthy,True,LOW_INTRA_SPLIT_DUPLICATE
model2_v4,data/processed/model2_v4/train/bell_pepper/Cerespora/006adb74-934f-448f-a14f-62181742127b___JR_B.Spot 3395.JPG,006adb74-934f-448f-a14f-62181742127b___JR_B.Spot 3395.JPG,train,bell_pepper__Cerespora,84a7cceea14c879fcfea25b52b90bfc0e8a13f1fbceb0fb3ccd21045cb54a102,2,train,bell_pepper__Cerespora+bell_pepper__Leaf_Curl,True,LOW_INTRA_SPLIT_DUPLICATE
model2_v4,data/processed/model2_v4/train/bell_pepper/Leaf_Curl/006adb74-934f-448f-a14f-62181742127b___JR_B.Spot 3395.jpg,006adb74-934f-448f-a14f-62181742127b___JR_B.Spot 3395.jpg,train,bell_pepper__Leaf_Curl,84a7cceea14c879fcfea25b52b90bfc0e8a13f1fbceb0fb3ccd21045cb54a102,2,train,bell_pepper__Cerespora+bell_pepper__Leaf_Curl,True,LOW_INTRA_SPLIT_DUPLICATE
model2_v4,data/processed/model2_v4/train/cauliflower/cauliflower_fruit_healthy/No disease. (75).jpg,No disease. (75).jpg,train,cauliflower__cauliflower_fruit_healthy,853cb82b5b7b5439d9012bef06580aa9e980bec200b61fa122d4608067338361,2,train,cauliflower__cauliflower_fruit_healthy+cauliflower__cauliflower_leaf_Healthy,True,LOW_INTRA_SPLIT_DUPLICATE
model2_v4,data/processed/model2_v4/train/cauliflower/cauliflower_leaf_Healthy/Healthy_319.jpg,Healthy_319.jpg,train,cauliflower__cauliflower_leaf_Healthy,853cb82b5b7b5439d9012bef06580aa9e980bec200b61fa122d4608067338361,2,train,cauliflower__cauliflower_fruit_healthy+cauliflower__cauliflower_leaf_Healthy,True,LOW_INTRA_SPLIT_DUPLICATE
model2_v4,data/processed/model2_v4/train/bell_pepper/Cerespora/chilli-cercospora-leaf-spot-pepper-1560239911 (1).jpg,chilli-cercospora-leaf-spot-pepper-1560239911 (1).jpg,train,bell_pepper__Cerespora,8571f10b96ce59fb8b446c9f3abbd6f88bb5d30a55eef887303e2c6bb655b490,2,train,bell_pepper__Cerespora,True,LOW_INTRA_SPLIT_DUPLICATE
model2_v4,data/processed/model2_v4/train/bell_pepper/Cerespora/chilli-cercospora-leaf-spot-pepper-1560239911.jpg,chilli-cercospora-leaf-spot-pepper-1560239911.jpg,train,bell_pepper__Cerespora,8571f10b96ce59fb8b446c9f3abbd6f88bb5d30a55eef887303e2c6bb655b490,2,train,bell_pepper__Cerespora,True,LOW_INTRA_SPLIT_DUPLICATE
model2_v4,data/processed/model2_v4/train/bell_pepper/bacterial_spot/pepper_bell_bacterial_spot271.jpg,pepper_bell_bacterial_spot271.jpg,train,bell_pepper__bacterial_spot,871464c4deff47486d3a0eb5b8420091f68c5ef51259c329eec92781a3f12eea,2,train,bell_pepper__Leaf_Curl+bell_pepper__bacterial_spot,True,LOW_INTRA_SPLIT_DUPLICATE
model2_v4,data/processed/model2_v4/train/bell_pepper/Leaf_Curl/411c6355-117b-4762-80d9-d78556c4e9a1___NREC_B.Spot 1815.JPG,411c6355-117b-4762-80d9-d78556c4e9a1___NREC_B.Spot 1815.JPG,train,bell_pepper__Leaf_Curl,871464c4deff47486d3a0eb5b8420091f68c5ef51259c329eec92781a3f12eea,2,train,bell_pepper__Leaf_Curl+bell_pepper__bacterial_spot,True,LOW_INTRA_SPLIT_DUPLICATE
model2_v4,data/processed/model2_v4/train/cauliflower/cauliflower_leaf_Downy Mildew/Downy Mildew. (24).jpg,Downy Mildew. (24).jpg,train,cauliflower__cauliflower_leaf_Downy Mildew,89de82c88e06cbe9ae2a32fe7bec1c7b2c25fb33d6ecff130be8a63ea89abc6a,2,train,cauliflower__cauliflower_leaf_Downy Mildew,True,LOW_INTRA_SPLIT_DUPLICATE
model2_v4,data/processed/model2_v4/train/cauliflower/cauliflower_leaf_Downy Mildew/Downy Mildew_63.jpg,Downy Mildew_63.jpg,train,cauliflower__cauliflower_leaf_Downy Mildew,89de82c88e06cbe9ae2a32fe7bec1c7b2c25fb33d6ecff130be8a63ea89abc6a,2,train,cauliflower__cauliflower_leaf_Downy Mildew,True,LOW_INTRA_SPLIT_DUPLICATE
model2_v4,data/processed/model2_v4/train/cauliflower/cauliflower_leaf_Downy Mildew/Downy Mildew. (52).jpg,Downy Mildew. (52).jpg,train,cauliflower__cauliflower_leaf_Downy Mildew,8a83c9a48d7f4d31a2e3b5b5de50ab5383c9c57cf0d4ecafeeb55c30aa83d17c,2,train,cauliflower__cauliflower_leaf_Downy Mildew,True,LOW_INTRA_SPLIT_DUPLICATE
model2_v4,data/processed/model2_v4/train/cauliflower/cauliflower_leaf_Downy Mildew/Downy Mildew_94.jpg,Downy Mildew_94.jpg,train,cauliflower__cauliflower_leaf_Downy Mildew,8a83c9a48d7f4d31a2e3b5b5de50ab5383c9c57cf0d4ecafeeb55c30aa83d17c,2,train,cauliflower__cauliflower_leaf_Downy Mildew,True,LOW_INTRA_SPLIT_DUPLICATE
model2_v4,data/processed/model2_v4/train/cauliflower/cauliflower_fruit_healthy/No disease. (180).jpg,No disease. (180).jpg,train,cauliflower__cauliflower_fruit_healthy,8b5c493ace9c7ee626969190d22797fbae4ca1f2d58092a102518a33cc3d9989,2,train,cauliflower__cauliflower_fruit_healthy+cauliflower__cauliflower_leaf_Healthy,True,LOW_INTRA_SPLIT_DUPLICATE
model2_v4,data/processed/model2_v4/train/cauliflower/cauliflower_leaf_Healthy/Healthy_250.jpg,Healthy_250.jpg,train,cauliflower__cauliflower_leaf_Healthy,8b5c493ace9c7ee626969190d22797fbae4ca1f2d58092a102518a33cc3d9989,2,train,cauliflower__cauliflower_fruit_healthy+cauliflower__cauliflower_leaf_Healthy,True,LOW_INTRA_SPLIT_DUPLICATE
model2_v4,data/processed/model2_v4/train/bell_pepper/bacterial_spot/f2c48f6c-f92e-4543-816c-0621648003fe___JR_B.Spot_9010.JPG,f2c48f6c-f92e-4543-816c-0621648003fe___JR_B.Spot_9010.JPG,train,bell_pepper__bacterial_spot,8b8297fb322b68864456cd2e270a7bc4a54814d2d9eaaa773efd44ec6523494e,2,train,bell_pepper__Leaf_Curl+bell_pepper__bacterial_spot,True,LOW_INTRA_SPLIT_DUPLICATE
model2_v4,data/processed/model2_v4/train/bell_pepper/Leaf_Curl/f2c48f6c-f92e-4543-816c-0621648003fe___JR_B.Spot 9010.JPG,f2c48f6c-f92e-4543-816c-0621648003fe___JR_B.Spot 9010.JPG,train,bell_pepper__Leaf_Curl,8b8297fb322b68864456cd2e270a7bc4a54814d2d9eaaa773efd44ec6523494e,2,train,bell_pepper__Leaf_Curl+bell_pepper__bacterial_spot,True,LOW_INTRA_SPLIT_DUPLICATE
model2_v4,data/processed/model2_v4/train/cauliflower/cauliflower_leaf_Downy Mildew/Downy Mildew. (43).jpg,Downy Mildew. (43).jpg,train,cauliflower__cauliflower_leaf_Downy Mildew,8b95069c6d49275719661587f965f04c101eb3c9119159911dc28361c02b44ad,2,train,cauliflower__cauliflower_leaf_Downy Mildew,True,LOW_INTRA_SPLIT_DUPLICATE
model2_v4,data/processed/model2_v4/train/cauliflower/cauliflower_leaf_Downy Mildew/Downy Mildew_84.jpg,Downy Mildew_84.jpg,train,cauliflower__cauliflower_leaf_Downy Mildew,8b95069c6d49275719661587f965f04c101eb3c9119159911dc28361c02b44ad,2,train,cauliflower__cauliflower_leaf_Downy Mildew,True,LOW_INTRA_SPLIT_DUPLICATE
model2_v4,data/processed/model2_v4/train/cauliflower/cauliflower_fruit_healthy/No disease. (117).jpg,No disease. (117).jpg,train,cauliflower__cauliflower_fruit_healthy,8bdb18ec4c9c34cc8d1fcb2bfa01b78b732207cf383fc0c2d2c45741e6df55f6,2,train,cauliflower__cauliflower_fruit_healthy+cauliflower__cauliflower_leaf_Healthy,True,LOW_INTRA_SPLIT_DUPLICATE
model2_v4,data/processed/model2_v4/train/cauliflower/cauliflower_leaf_Healthy/Healthy_198.jpg,Healthy_198.jpg,train,cauliflower__cauliflower_leaf_Healthy,8bdb18ec4c9c34cc8d1fcb2bfa01b78b732207cf383fc0c2d2c45741e6df55f6,2,train,cauliflower__cauliflower_fruit_healthy+cauliflower__cauliflower_leaf_Healthy,True,LOW_INTRA_SPLIT_DUPLICATE
model2_v4,data/processed/model2_v4/train/cauliflower/cauliflower_leaf_Downy Mildew/Downy Mildew. (76).jpg,Downy Mildew. (76).jpg,train,cauliflower__cauliflower_leaf_Downy Mildew,8bf092d351aee655c70e6abe3b7788ad5ad7be1a190d78d310729d3f11879dd5,2,train,cauliflower__cauliflower_leaf_Downy Mildew,True,LOW_INTRA_SPLIT_DUPLICATE
model2_v4,data/processed/model2_v4/train/cauliflower/cauliflower_leaf_Downy Mildew/Downy Mildew_120.jpg,Downy Mildew_120.jpg,train,cauliflower__cauliflower_leaf_Downy Mildew,8bf092d351aee655c70e6abe3b7788ad5ad7be1a190d78d310729d3f11879dd5,2,train,cauliflower__cauliflower_leaf_Downy Mildew,True,LOW_INTRA_SPLIT_DUPLICATE
model2_v4,data/processed/model2_v4/train/cauliflower/cauliflower_fruit_healthy/No disease. (8).jpeg,No disease. (8).jpeg,train,cauliflower__cauliflower_fruit_healthy,8c0db6587a717f721eb62d95871eb54d5b988254a7b1bab0ce7a58861ce93790,2,train,cauliflower__cauliflower_fruit_healthy+cauliflower__cauliflower_leaf_Healthy,True,LOW_INTRA_SPLIT_DUPLICATE
model2_v4,data/processed/model2_v4/train/cauliflower/cauliflower_leaf_Healthy/Healthy Leaves_244.jpeg,Healthy Leaves_244.jpeg,train,cauliflower__cauliflower_leaf_Healthy,8c0db6587a717f721eb62d95871eb54d5b988254a7b1bab0ce7a58861ce93790,2,train,cauliflower__cauliflower_fruit_healthy+cauliflower__cauliflower_leaf_Healthy,True,LOW_INTRA_SPLIT_DUPLICATE
model2_v4,data/processed/model2_v4/train/cauliflower/cauliflower_fruit_healthy/No disease. (143).jpg,No disease. (143).jpg,train,cauliflower__cauliflower_fruit_healthy,8d0447357e309f21025b2d1aa25fec2e59f283725cae4419e2a854e2a13e36a8,2,train,cauliflower__cauliflower_fruit_healthy+cauliflower__cauliflower_leaf_Healthy,True,LOW_INTRA_SPLIT_DUPLICATE
model2_v4,data/processed/model2_v4/train/cauliflower/cauliflower_leaf_Healthy/Healthy_225.jpg,Healthy_225.jpg,train,cauliflower__cauliflower_leaf_Healthy,8d0447357e309f21025b2d1aa25fec2e59f283725cae4419e2a854e2a13e36a8,2,train,cauliflower__cauliflower_fruit_healthy+cauliflower__cauliflower_leaf_Healthy,True,LOW_INTRA_SPLIT_DUPLICATE
model2_v4,data/processed/model2_v4/train/cauliflower/cauliflower_leaf_Downy Mildew/Downy Mildew. (103).jpg,Downy Mildew. (103).jpg,train,cauliflower__cauliflower_leaf_Downy Mildew,8d3c5ea75b25f7f6775a1d59c08cd63283da3a02f71edf51af412fc4fcfc9fda,2,train,cauliflower__cauliflower_leaf_Downy Mildew,True,LOW_INTRA_SPLIT_DUPLICATE
model2_v4,data/processed/model2_v4/train/cauliflower/cauliflower_leaf_Downy Mildew/Downy Mildew_9.jpg,Downy Mildew_9.jpg,train,cauliflower__cauliflower_leaf_Downy Mildew,8d3c5ea75b25f7f6775a1d59c08cd63283da3a02f71edf51af412fc4fcfc9fda,2,train,cauliflower__cauliflower_leaf_Downy Mildew,True,LOW_INTRA_SPLIT_DUPLICATE
model2_v4,data/processed/model2_v4/train/cauliflower/cauliflower_leaf_Healthy/Healthy_47.jpeg,Healthy_47.jpeg,train,cauliflower__cauliflower_leaf_Healthy,8e551daa14ae1d6613f321246f3108f09c4a6db6d074c39faaf5ff53161130aa,2,train,cauliflower__cauliflower_leaf_Healthy,True,LOW_INTRA_SPLIT_DUPLICATE
model2_v4,data/processed/model2_v4/train/cauliflower/cauliflower_leaf_Healthy/Healthy_48.jpeg,Healthy_48.jpeg,train,cauliflower__cauliflower_leaf_Healthy,8e551daa14ae1d6613f321246f3108f09c4a6db6d074c39faaf5ff53161130aa,2,train,cauliflower__cauliflower_leaf_Healthy,True,LOW_INTRA_SPLIT_DUPLICATE
model2_v4,data/processed/model2_v4/train/bell_pepper/Cerespora/download2 (29).jpg,download2 (29).jpg,train,bell_pepper__Cerespora,8ea80b11e516ddde200a4c20582e48d1ed747f7fea78a8956441016a673729b3,2,train,bell_pepper__Cerespora,True,LOW_INTRA_SPLIT_DUPLICATE
model2_v4,data/processed/model2_v4/train/bell_pepper/Cerespora/download2 (37).jpg,download2 (37).jpg,train,bell_pepper__Cerespora,8ea80b11e516ddde200a4c20582e48d1ed747f7fea78a8956441016a673729b3,2,train,bell_pepper__Cerespora,True,LOW_INTRA_SPLIT_DUPLICATE
model2_v4,data/processed/model2_v4/train/cauliflower/cauliflower_leaf_Alternaria Leaf Spot/Alternaria Leaf Spot_279.jpeg,Alternaria Leaf Spot_279.jpeg,train,cauliflower__cauliflower_leaf_Alternaria Leaf Spot,8f49fb6bea572d8594a4c7a05d23077d67b34824250f1b64c2aa5dcc6428a01f,2,train,cauliflower__cauliflower_leaf_Alternaria Leaf Spot+cauliflower__cauliflower_leaf_Downy Mildew,True,LOW_INTRA_SPLIT_DUPLICATE
model2_v4,data/processed/model2_v4/train/cauliflower/cauliflower_leaf_Downy Mildew/Downy Mildew. (30).jpeg,Downy Mildew. (30).jpeg,train,cauliflower__cauliflower_leaf_Downy Mildew,8f49fb6bea572d8594a4c7a05d23077d67b34824250f1b64c2aa5dcc6428a01f,2,train,cauliflower__cauliflower_leaf_Alternaria Leaf Spot+cauliflower__cauliflower_leaf_Downy Mildew,True,LOW_INTRA_SPLIT_DUPLICATE
model2_v4,data/processed/model2_v4/train/cauliflower/cauliflower_leaf_Alternaria Leaf Spot/Alternaria Leaf Spot_266.jpeg,Alternaria Leaf Spot_266.jpeg,train,cauliflower__cauliflower_leaf_Alternaria Leaf Spot,8f92282f502d27c46d2902a9028d27c73ca0401a825cc8476c9dc856114fc21f,2,train,cauliflower__cauliflower_leaf_Alternaria Leaf Spot+cauliflower__cauliflower_leaf_Downy Mildew,True,LOW_INTRA_SPLIT_DUPLICATE
model2_v4,data/processed/model2_v4/train/cauliflower/cauliflower_leaf_Downy Mildew/Downy Mildew. (16).jpeg,Downy Mildew. (16).jpeg,train,cauliflower__cauliflower_leaf_Downy Mildew,8f92282f502d27c46d2902a9028d27c73ca0401a825cc8476c9dc856114fc21f,2,train,cauliflower__cauliflower_leaf_Alternaria Leaf Spot+cauliflower__cauliflower_leaf_Downy Mildew,True,LOW_INTRA_SPLIT_DUPLICATE
model2_v4,data/processed/model2_v4/train/cauliflower/cauliflower_fruit_healthy/No disease. (39).jpg,No disease. (39).jpg,train,cauliflower__cauliflower_fruit_healthy,8fcb1a3d48b5bc745afefc228ffa5035bab128aaecfa0a9bd053d7724ab699ad,2,train,cauliflower__cauliflower_fruit_healthy+cauliflower__cauliflower_leaf_Healthy,True,LOW_INTRA_SPLIT_DUPLICATE
model2_v4,data/processed/model2_v4/train/cauliflower/cauliflower_leaf_Healthy/Healthy_281.jpg,Healthy_281.jpg,train,cauliflower__cauliflower_leaf_Healthy,8fcb1a3d48b5bc745afefc228ffa5035bab128aaecfa0a9bd053d7724ab699ad,2,train,cauliflower__cauliflower_fruit_healthy+cauliflower__cauliflower_leaf_Healthy,True,LOW_INTRA_SPLIT_DUPLICATE
model2_v4,data/processed/model2_v4/train/cauliflower/cauliflower_fruit_healthy/No disease. (9).jpg,No disease. (9).jpg,train,cauliflower__cauliflower_fruit_healthy,8fcd4e7391592cbad51b23aed18a9292163fa0a55eff5954d5c087f76e723184,2,train,cauliflower__cauliflower_fruit_healthy+cauliflower__cauliflower_leaf_Healthy,True,LOW_INTRA_SPLIT_DUPLICATE
model2_v4,data/processed/model2_v4/train/cauliflower/cauliflower_leaf_Healthy/Healthy_335.jpg,Healthy_335.jpg,train,cauliflower__cauliflower_leaf_Healthy,8fcd4e7391592cbad51b23aed18a9292163fa0a55eff5954d5c087f76e723184,2,train,cauliflower__cauliflower_fruit_healthy+cauliflower__cauliflower_leaf_Healthy,True,LOW_INTRA_SPLIT_DUPLICATE
model2_v4,data/processed/model2_v4/train/cauliflower/cauliflower_fruit_healthy/No disease. (7).jpg,No disease. (7).jpg,train,cauliflower__cauliflower_fruit_healthy,90d495bb7df7ff514666ead90fe46ad6a32608e0a555ab2bd0943f1778ca94bb,2,train,cauliflower__cauliflower_fruit_healthy+cauliflower__cauliflower_leaf_Healthy,True,LOW_INTRA_SPLIT_DUPLICATE
model2_v4,data/processed/model2_v4/train/cauliflower/cauliflower_leaf_Healthy/Healthy_313.jpg,Healthy_313.jpg,train,cauliflower__cauliflower_leaf_Healthy,90d495bb7df7ff514666ead90fe46ad6a32608e0a555ab2bd0943f1778ca94bb,2,train,cauliflower__cauliflower_fruit_healthy+cauliflower__cauliflower_leaf_Healthy,True,LOW_INTRA_SPLIT_DUPLICATE
model2_v4,data/processed/model2_v4/train/bell_pepper/Cerespora/05c6ea65-cce4-43da-b57b-a45321b0e51b___NREC_B.Spot 9048.JPG,05c6ea65-cce4-43da-b57b-a45321b0e51b___NREC_B.Spot 9048.JPG,train,bell_pepper__Cerespora,91e3bd7b8adf5c9a37797d0f575029d4782e2f41ef13ffd7415cba06832f2c16,3,train,bell_pepper__Cerespora+bell_pepper__Leaf_Curl,True,LOW_INTRA_SPLIT_DUPLICATE
model2_v4,data/processed/model2_v4/train/bell_pepper/Leaf_Curl/05c6ea65-cce4-43da-b57b-a45321b0e51b___NREC_B.Spot 9048 (1).jpg,05c6ea65-cce4-43da-b57b-a45321b0e51b___NREC_B.Spot 9048 (1).jpg,train,bell_pepper__Leaf_Curl,91e3bd7b8adf5c9a37797d0f575029d4782e2f41ef13ffd7415cba06832f2c16,3,train,bell_pepper__Cerespora+bell_pepper__Leaf_Curl,True,LOW_INTRA_SPLIT_DUPLICATE
model2_v4,data/processed/model2_v4/train/bell_pepper/Leaf_Curl/05c6ea65-cce4-43da-b57b-a45321b0e51b___NREC_B.Spot 9048.jpg,05c6ea65-cce4-43da-b57b-a45321b0e51b___NREC_B.Spot 9048.jpg,train,bell_pepper__Leaf_Curl,91e3bd7b8adf5c9a37797d0f575029d4782e2f41ef13ffd7415cba06832f2c16,3,train,bell_pepper__Cerespora+bell_pepper__Leaf_Curl,True,LOW_INTRA_SPLIT_DUPLICATE
model2_v4,data/processed/model2_v4/train/cauliflower/cauliflower_leaf_Downy Mildew/Downy Mildew. (4).jpg,Downy Mildew. (4).jpg,train,cauliflower__cauliflower_leaf_Downy Mildew,92373103a1337f6c29b7162d9f68fca791aa2351256f8a78daa0a3dc916aa3b4,2,train,cauliflower__cauliflower_leaf_Downy Mildew,True,LOW_INTRA_SPLIT_DUPLICATE
model2_v4,data/processed/model2_v4/train/cauliflower/cauliflower_leaf_Downy Mildew/Downy Mildew_80.jpg,Downy Mildew_80.jpg,train,cauliflower__cauliflower_leaf_Downy Mildew,92373103a1337f6c29b7162d9f68fca791aa2351256f8a78daa0a3dc916aa3b4,2,train,cauliflower__cauliflower_leaf_Downy Mildew,True,LOW_INTRA_SPLIT_DUPLICATE
model2_v4,data/processed/model2_v4/train/cauliflower/cauliflower_leaf_Downy Mildew/Downy Mildew. (32).jpg,Downy Mildew. (32).jpg,train,cauliflower__cauliflower_leaf_Downy Mildew,92523a1a8dac8a07b5a66a529b79bc16de60725a743fd834612719b0f342c755,2,train,cauliflower__cauliflower_leaf_Downy Mildew,True,LOW_INTRA_SPLIT_DUPLICATE
model2_v4,data/processed/model2_v4/train/cauliflower/cauliflower_leaf_Downy Mildew/Downy Mildew_72.jpg,Downy Mildew_72.jpg,train,cauliflower__cauliflower_leaf_Downy Mildew,92523a1a8dac8a07b5a66a529b79bc16de60725a743fd834612719b0f342c755,2,train,cauliflower__cauliflower_leaf_Downy Mildew,True,LOW_INTRA_SPLIT_DUPLICATE
model2_v4,data/processed/model2_v4/train/cauliflower/cauliflower_leaf_Alternaria Leaf Spot/Alternaria Leaf Spot_264.jpeg,Alternaria Leaf Spot_264.jpeg,train,cauliflower__cauliflower_leaf_Alternaria Leaf Spot,92b8758ec14ae5210fe3d1fe42807d3464a5a2527de0777a5a160027436ec5d3,2,train,cauliflower__cauliflower_leaf_Alternaria Leaf Spot+cauliflower__cauliflower_leaf_Downy Mildew,True,LOW_INTRA_SPLIT_DUPLICATE
model2_v4,data/processed/model2_v4/train/cauliflower/cauliflower_leaf_Downy Mildew/Downy Mildew. (11).jpeg,Downy Mildew. (11).jpeg,train,cauliflower__cauliflower_leaf_Downy Mildew,92b8758ec14ae5210fe3d1fe42807d3464a5a2527de0777a5a160027436ec5d3,2,train,cauliflower__cauliflower_leaf_Alternaria Leaf Spot+cauliflower__cauliflower_leaf_Downy Mildew,True,LOW_INTRA_SPLIT_DUPLICATE
model2_v4,data/processed/model2_v4/train/bell_pepper/Cerespora/532fab13-878e-4fe9-af94-302ed3e0a906___NREC_B.Spot 1885.JPG,532fab13-878e-4fe9-af94-302ed3e0a906___NREC_B.Spot 1885.JPG,train,bell_pepper__Cerespora,92b913bc5447e012d806053a95589cb547a5aa244262f5bcf6bacd254c2fb478,2,train,bell_pepper__Cerespora+bell_pepper__Leaf_Curl,True,LOW_INTRA_SPLIT_DUPLICATE
model2_v4,data/processed/model2_v4/train/bell_pepper/Leaf_Curl/532fab13-878e-4fe9-af94-302ed3e0a906___NREC_B.Spot 1885.JPG,532fab13-878e-4fe9-af94-302ed3e0a906___NREC_B.Spot 1885.JPG,train,bell_pepper__Leaf_Curl,92b913bc5447e012d806053a95589cb547a5aa244262f5bcf6bacd254c2fb478,2,train,bell_pepper__Cerespora+bell_pepper__Leaf_Curl,True,LOW_INTRA_SPLIT_DUPLICATE
model2_v4,data/processed/model2_v4/train/cauliflower/cauliflower_leaf_Downy Mildew/Downy Mildew. (93).jpg,Downy Mildew. (93).jpg,train,cauliflower__cauliflower_leaf_Downy Mildew,92c5cc8a9c8531f2e1a3fd8693ca53e0eae9d965705094099c92d0a998ecd161,2,train,cauliflower__cauliflower_leaf_Downy Mildew,True,LOW_INTRA_SPLIT_DUPLICATE
model2_v4,data/processed/model2_v4/train/cauliflower/cauliflower_leaf_Downy Mildew/Downy Mildew_139.jpg,Downy Mildew_139.jpg,train,cauliflower__cauliflower_leaf_Downy Mildew,92c5cc8a9c8531f2e1a3fd8693ca53e0eae9d965705094099c92d0a998ecd161,2,train,cauliflower__cauliflower_leaf_Downy Mildew,True,LOW_INTRA_SPLIT_DUPLICATE
model2_v4,data/processed/model2_v4/train/cauliflower/cauliflower_fruit_healthy/No disease. (67).jpg,No disease. (67).jpg,train,cauliflower__cauliflower_fruit_healthy,92d5c3d4b61e731e072baec22b71cc5e1dd10ca794dd76b743a2e2941f55f221,2,train,cauliflower__cauliflower_fruit_healthy+cauliflower__cauliflower_leaf_Healthy,True,LOW_INTRA_SPLIT_DUPLICATE
model2_v4,data/processed/model2_v4/train/cauliflower/cauliflower_leaf_Healthy/Healthy_310.jpg,Healthy_310.jpg,train,cauliflower__cauliflower_leaf_Healthy,92d5c3d4b61e731e072baec22b71cc5e1dd10ca794dd76b743a2e2941f55f221,2,train,cauliflower__cauliflower_fruit_healthy+cauliflower__cauliflower_leaf_Healthy,True,LOW_INTRA_SPLIT_DUPLICATE
model2_v4,data/processed/model2_v4/train/cauliflower/cauliflower_leaf_Healthy/Healthy_118.jpg,Healthy_118.jpg,train,cauliflower__cauliflower_leaf_Healthy,935807487499c63a80879b4c6d583b344fa7fcda3ee2f2327d60ed8b77e3943d,2,train,cauliflower__cauliflower_leaf_Healthy,True,LOW_INTRA_SPLIT_DUPLICATE
model2_v4,data/processed/model2_v4/train/cauliflower/cauliflower_leaf_Healthy/Healthy_119.jpg,Healthy_119.jpg,train,cauliflower__cauliflower_leaf_Healthy,935807487499c63a80879b4c6d583b344fa7fcda3ee2f2327d60ed8b77e3943d,2,train,cauliflower__cauliflower_leaf_Healthy,True,LOW_INTRA_SPLIT_DUPLICATE
model2_v4,data/processed/model2_v4/train/cauliflower/cauliflower_leaf_Downy Mildew/Downy Mildew. (115).jpg,Downy Mildew. (115).jpg,train,cauliflower__cauliflower_leaf_Downy Mildew,93626140489320e7cc824b1a9fed8124cd7209c6308c38e62a44ad09d5b8774d,2,train,cauliflower__cauliflower_leaf_Downy Mildew,True,LOW_INTRA_SPLIT_DUPLICATE
model2_v4,data/processed/model2_v4/train/cauliflower/cauliflower_leaf_Downy Mildew/Downy Mildew_22.jpg,Downy Mildew_22.jpg,train,cauliflower__cauliflower_leaf_Downy Mildew,93626140489320e7cc824b1a9fed8124cd7209c6308c38e62a44ad09d5b8774d,2,train,cauliflower__cauliflower_leaf_Downy Mildew,True,LOW_INTRA_SPLIT_DUPLICATE
model2_v4,data/processed/model2_v4/train/cauliflower/cauliflower_fruit_healthy/No disease. (38).jpg,No disease. (38).jpg,train,cauliflower__cauliflower_fruit_healthy,941aee4b451148c785072c95d1163efebdc13f701c8c020782ff417c748f55dc,2,train,cauliflower__cauliflower_fruit_healthy+cauliflower__cauliflower_leaf_Healthy,True,LOW_INTRA_SPLIT_DUPLICATE
model2_v4,data/processed/model2_v4/train/cauliflower/cauliflower_leaf_Healthy/Healthy_280.jpg,Healthy_280.jpg,train,cauliflower__cauliflower_leaf_Healthy,941aee4b451148c785072c95d1163efebdc13f701c8c020782ff417c748f55dc,2,train,cauliflower__cauliflower_fruit_healthy+cauliflower__cauliflower_leaf_Healthy,True,LOW_INTRA_SPLIT_DUPLICATE
model2_v4,data/processed/model2_v4/train/cauliflower/cauliflower_leaf_Downy Mildew/Downy Mildew. (10).jpg,Downy Mildew. (10).jpg,train,cauliflower__cauliflower_leaf_Downy Mildew,942503e615768e6df7cd263f9329fe160fe2cb494b0dcefe88127f25c6aba939,2,train,cauliflower__cauliflower_leaf_Downy Mildew,True,LOW_INTRA_SPLIT_DUPLICATE
model2_v4,data/processed/model2_v4/train/cauliflower/cauliflower_leaf_Downy Mildew/Downy Mildew_5.jpg,Downy Mildew_5.jpg,train,cauliflower__cauliflower_leaf_Downy Mildew,942503e615768e6df7cd263f9329fe160fe2cb494b0dcefe88127f25c6aba939,2,train,cauliflower__cauliflower_leaf_Downy Mildew,True,LOW_INTRA_SPLIT_DUPLICATE
model2_v4,data/processed/model2_v4/train/cauliflower/cauliflower_fruit_healthy/No disease. (137).jpg,No disease. (137).jpg,train,cauliflower__cauliflower_fruit_healthy,94681a5b7e74e14587a0e594b62a540a8c1dbfdf160246b0ec117a0def97e121,2,train,cauliflower__cauliflower_fruit_healthy+cauliflower__cauliflower_leaf_Healthy,True,LOW_INTRA_SPLIT_DUPLICATE
model2_v4,data/processed/model2_v4/train/cauliflower/cauliflower_leaf_Healthy/Healthy_218.jpg,Healthy_218.jpg,train,cauliflower__cauliflower_leaf_Healthy,94681a5b7e74e14587a0e594b62a540a8c1dbfdf160246b0ec117a0def97e121,2,train,cauliflower__cauliflower_fruit_healthy+cauliflower__cauliflower_leaf_Healthy,True,LOW_INTRA_SPLIT_DUPLICATE
model2_v4,data/processed/model2_v4/train/cauliflower/cauliflower_leaf_Downy Mildew/Downy Mildew. (21).jpg,Downy Mildew. (21).jpg,train,cauliflower__cauliflower_leaf_Downy Mildew,94bc3c7c6e7396807deaa52bba688cee926c0e61c823157ed5d89e01b96bb9a0,2,train,cauliflower__cauliflower_leaf_Downy Mildew,True,LOW_INTRA_SPLIT_DUPLICATE
model2_v4,data/processed/model2_v4/train/cauliflower/cauliflower_leaf_Downy Mildew/Downy Mildew_60.jpg,Downy Mildew_60.jpg,train,cauliflower__cauliflower_leaf_Downy Mildew,94bc3c7c6e7396807deaa52bba688cee926c0e61c823157ed5d89e01b96bb9a0,2,train,cauliflower__cauliflower_leaf_Downy Mildew,True,LOW_INTRA_SPLIT_DUPLICATE
model2_v4,data/processed/model2_v4/train/cauliflower/cauliflower_fruit_healthy/No disease. (130).jpg,No disease. (130).jpg,train,cauliflower__cauliflower_fruit_healthy,94e4693c72fd551be5d61e2e62e974557be5de6c2afbaa5a217b6133d1847541,2,train,cauliflower__cauliflower_fruit_healthy+cauliflower__cauliflower_leaf_Healthy,True,LOW_INTRA_SPLIT_DUPLICATE
model2_v4,data/processed/model2_v4/train/cauliflower/cauliflower_leaf_Healthy/Healthy_213.jpg,Healthy_213.jpg,train,cauliflower__cauliflower_leaf_Healthy,94e4693c72fd551be5d61e2e62e974557be5de6c2afbaa5a217b6133d1847541,2,train,cauliflower__cauliflower_fruit_healthy+cauliflower__cauliflower_leaf_Healthy,True,LOW_INTRA_SPLIT_DUPLICATE
model2_v4,data/processed/model2_v4/train/cauliflower/cauliflower_fruit_healthy/No disease. (176).jpg,No disease. (176).jpg,train,cauliflower__cauliflower_fruit_healthy,94ee2ddf8a0dac3c302146c236963a2dce6f06d906cf0841090e6ab7f2369b55,2,train,cauliflower__cauliflower_fruit_healthy+cauliflower__cauliflower_leaf_Healthy,True,LOW_INTRA_SPLIT_DUPLICATE
model2_v4,data/processed/model2_v4/train/cauliflower/cauliflower_leaf_Healthy/Healthy_246.jpg,Healthy_246.jpg,train,cauliflower__cauliflower_leaf_Healthy,94ee2ddf8a0dac3c302146c236963a2dce6f06d906cf0841090e6ab7f2369b55,2,train,cauliflower__cauliflower_fruit_healthy+cauliflower__cauliflower_leaf_Healthy,True,LOW_INTRA_SPLIT_DUPLICATE
model2_v4,data/processed/model2_v4/train/cauliflower/cauliflower_leaf_Downy Mildew/Downy Mildew. (114).jpg,Downy Mildew. (114).jpg,train,cauliflower__cauliflower_leaf_Downy Mildew,954124553bbe7c254910dc25c641fa27ee01e7302e365497ec5d0073093b73a7,2,train,cauliflower__cauliflower_leaf_Downy Mildew,True,LOW_INTRA_SPLIT_DUPLICATE
model2_v4,data/processed/model2_v4/train/cauliflower/cauliflower_leaf_Downy Mildew/Downy Mildew_21.jpg,Downy Mildew_21.jpg,train,cauliflower__cauliflower_leaf_Downy Mildew,954124553bbe7c254910dc25c641fa27ee01e7302e365497ec5d0073093b73a7,2,train,cauliflower__cauliflower_leaf_Downy Mildew,True,LOW_INTRA_SPLIT_DUPLICATE
model2_v4,data/processed/model2_v4/train/cauliflower/cauliflower_fruit_healthy/No disease. (123).jpg,No disease. (123).jpg,train,cauliflower__cauliflower_fruit_healthy,95cf7e097fb08ec851f4fb293eff88c1673f8bf624a8bdf0d2f1840e61882466,2,train,cauliflower__cauliflower_fruit_healthy+cauliflower__cauliflower_leaf_Healthy,True,LOW_INTRA_SPLIT_DUPLICATE
model2_v4,data/processed/model2_v4/train/cauliflower/cauliflower_leaf_Healthy/Healthy_205.jpg,Healthy_205.jpg,train,cauliflower__cauliflower_leaf_Healthy,95cf7e097fb08ec851f4fb293eff88c1673f8bf624a8bdf0d2f1840e61882466,2,train,cauliflower__cauliflower_fruit_healthy+cauliflower__cauliflower_leaf_Healthy,True,LOW_INTRA_SPLIT_DUPLICATE
model2_v4,data/processed/model2_v4/train/cauliflower/cauliflower_leaf_Healthy/Healthy_51.jpeg,Healthy_51.jpeg,train,cauliflower__cauliflower_leaf_Healthy,96565e1163869e8a55a9d1bd199e4050053eaa7eb0d9c8ccecda45b2052ee0c5,2,train,cauliflower__cauliflower_leaf_Healthy,True,LOW_INTRA_SPLIT_DUPLICATE
model2_v4,data/processed/model2_v4/train/cauliflower/cauliflower_leaf_Healthy/Healthy_53.jpeg,Healthy_53.jpeg,train,cauliflower__cauliflower_leaf_Healthy,96565e1163869e8a55a9d1bd199e4050053eaa7eb0d9c8ccecda45b2052ee0c5,2,train,cauliflower__cauliflower_leaf_Healthy,True,LOW_INTRA_SPLIT_DUPLICATE
model2_v4,data/processed/model2_v4/train/bell_pepper/bacterial_spot/pepper_bell_bacterial_spot2185.jpg,pepper_bell_bacterial_spot2185.jpg,train,bell_pepper__bacterial_spot,965bd5d95384c74e86d1177f9f0620d4a7220cd3ee44f535268a0c209fdb2b5f,2,train,bell_pepper__Cerespora+bell_pepper__bacterial_spot,True,LOW_INTRA_SPLIT_DUPLICATE
model2_v4,data/processed/model2_v4/train/bell_pepper/Cerespora/c8080916-dd9d-40c4-a39b-1957ebd17b87___NREC_B.Spot 9115.JPG,c8080916-dd9d-40c4-a39b-1957ebd17b87___NREC_B.Spot 9115.JPG,train,bell_pepper__Cerespora,965bd5d95384c74e86d1177f9f0620d4a7220cd3ee44f535268a0c209fdb2b5f,2,train,bell_pepper__Cerespora+bell_pepper__bacterial_spot,True,LOW_INTRA_SPLIT_DUPLICATE
model2_v4,data/processed/model2_v4/train/cauliflower/cauliflower_fruit_healthy/No disease. (167).jpg,No disease. (167).jpg,train,cauliflower__cauliflower_fruit_healthy,96644f52830a944d5fd48513ff31d3b6bc0eba11513e04a977389833aa8c71c5,2,train,cauliflower__cauliflower_fruit_healthy+cauliflower__cauliflower_leaf_Healthy,True,LOW_INTRA_SPLIT_DUPLICATE
model2_v4,data/processed/model2_v4/train/cauliflower/cauliflower_leaf_Healthy/Healthy_243.jpg,Healthy_243.jpg,train,cauliflower__cauliflower_leaf_Healthy,96644f52830a944d5fd48513ff31d3b6bc0eba11513e04a977389833aa8c71c5,2,train,cauliflower__cauliflower_fruit_healthy+cauliflower__cauliflower_leaf_Healthy,True,LOW_INTRA_SPLIT_DUPLICATE
model2_v4,data/processed/model2_v4/train/cauliflower/cauliflower_fruit_healthy/No disease. (133).jpg,No disease. (133).jpg,train,cauliflower__cauliflower_fruit_healthy,96f41692cef186a26b7250c9534d5c810931e463fbe914d22fdf54a1dbe66155,2,train,cauliflower__cauliflower_fruit_healthy+cauliflower__cauliflower_leaf_Healthy,True,LOW_INTRA_SPLIT_DUPLICATE
model2_v4,data/processed/model2_v4/train/cauliflower/cauliflower_leaf_Healthy/Healthy_215.jpg,Healthy_215.jpg,train,cauliflower__cauliflower_leaf_Healthy,96f41692cef186a26b7250c9534d5c810931e463fbe914d22fdf54a1dbe66155,2,train,cauliflower__cauliflower_fruit_healthy+cauliflower__cauliflower_leaf_Healthy,True,LOW_INTRA_SPLIT_DUPLICATE
model2_v4,data/processed/model2_v4/train/bell_pepper/Cerespora/06d752a4-d4a5-439e-b374-231a2cc64032___NREC_B.Spot 1868.JPG,06d752a4-d4a5-439e-b374-231a2cc64032___NREC_B.Spot 1868.JPG,train,bell_pepper__Cerespora,972c4b01b9f325da74e04920e95dfba3c5d8ee61e2fcd8855a842da0c757fe35,2,train,bell_pepper__Cerespora+bell_pepper__Leaf_Curl,True,LOW_INTRA_SPLIT_DUPLICATE
model2_v4,data/processed/model2_v4/train/bell_pepper/Leaf_Curl/06d752a4-d4a5-439e-b374-231a2cc64032___NREC_B.Spot 1868.jpg,06d752a4-d4a5-439e-b374-231a2cc64032___NREC_B.Spot 1868.jpg,train,bell_pepper__Leaf_Curl,972c4b01b9f325da74e04920e95dfba3c5d8ee61e2fcd8855a842da0c757fe35,2,train,bell_pepper__Cerespora+bell_pepper__Leaf_Curl,True,LOW_INTRA_SPLIT_DUPLICATE
model2_v4,data/processed/model2_v4/train/cauliflower/cauliflower_fruit_Alternaria Brassicae/alternaria brassicae_0_2573-SOnpid.jpeg,alternaria brassicae_0_2573-SOnpid.jpeg,train,cauliflower__cauliflower_fruit_Alternaria Brassicae,97bce487433b58f4350fc7dc09e3e91e89d4f0e79e9a372fb7b1cdfe0ebb64db,2,train,cauliflower__cauliflower_fruit_Alternaria Brassicae,True,LOW_INTRA_SPLIT_DUPLICATE
model2_v4,data/processed/model2_v4/train/cauliflower/cauliflower_fruit_Alternaria Brassicae/alternaria brassicae_0_2573.jpeg,alternaria brassicae_0_2573.jpeg,train,cauliflower__cauliflower_fruit_Alternaria Brassicae,97bce487433b58f4350fc7dc09e3e91e89d4f0e79e9a372fb7b1cdfe0ebb64db,2,train,cauliflower__cauliflower_fruit_Alternaria Brassicae,True,LOW_INTRA_SPLIT_DUPLICATE
model2_v4,data/processed/model2_v4/train/cauliflower/cauliflower_leaf_Downy Mildew/Downy Mildew. (63).jpg,Downy Mildew. (63).jpg,train,cauliflower__cauliflower_leaf_Downy Mildew,9817485afad129e133a3ef012c9dcff923a2d197fae9600b09a2bacbd0e60552,2,train,cauliflower__cauliflower_leaf_Downy Mildew,True,LOW_INTRA_SPLIT_DUPLICATE
model2_v4,data/processed/model2_v4/train/cauliflower/cauliflower_leaf_Downy Mildew/Downy Mildew_106.jpg,Downy Mildew_106.jpg,train,cauliflower__cauliflower_leaf_Downy Mildew,9817485afad129e133a3ef012c9dcff923a2d197fae9600b09a2bacbd0e60552,2,train,cauliflower__cauliflower_leaf_Downy Mildew,True,LOW_INTRA_SPLIT_DUPLICATE
model2_v4,data/processed/model2_v4/train/cauliflower/cauliflower_leaf_Downy Mildew/Downy Mildew. (75).jpg,Downy Mildew. (75).jpg,train,cauliflower__cauliflower_leaf_Downy Mildew,982f2896a157d7ea15c9e95e91bfca9aa34db1845c5fbd36f74d266f3cf8d78d,2,train,cauliflower__cauliflower_leaf_Downy Mildew,True,LOW_INTRA_SPLIT_DUPLICATE
model2_v4,data/processed/model2_v4/train/cauliflower/cauliflower_leaf_Downy Mildew/Downy Mildew_119.jpg,Downy Mildew_119.jpg,train,cauliflower__cauliflower_leaf_Downy Mildew,982f2896a157d7ea15c9e95e91bfca9aa34db1845c5fbd36f74d266f3cf8d78d,2,train,cauliflower__cauliflower_leaf_Downy Mildew,True,LOW_INTRA_SPLIT_DUPLICATE
model2_v4,data/processed/model2_v4/train/cauliflower/cauliflower_fruit_healthy/No disease. (19).jpg,No disease. (19).jpg,train,cauliflower__cauliflower_fruit_healthy,984bc29c3a16708fc431f5730ab44162e3a8b8d426bcf2ae565a13f9c1417287,2,train,cauliflower__cauliflower_fruit_healthy+cauliflower__cauliflower_leaf_Healthy,True,LOW_INTRA_SPLIT_DUPLICATE
model2_v4,data/processed/model2_v4/train/cauliflower/cauliflower_leaf_Healthy/Healthy_259.jpg,Healthy_259.jpg,train,cauliflower__cauliflower_leaf_Healthy,984bc29c3a16708fc431f5730ab44162e3a8b8d426bcf2ae565a13f9c1417287,2,train,cauliflower__cauliflower_fruit_healthy+cauliflower__cauliflower_leaf_Healthy,True,LOW_INTRA_SPLIT_DUPLICATE
model2_v4,data/processed/model2_v4/train/cauliflower/cauliflower_fruit_healthy/No disease. (119).jpg,No disease. (119).jpg,train,cauliflower__cauliflower_fruit_healthy,98a806d54b5b6d6125305553dd6a94aca402dd9cc9fd76f30d590d75d5112796,2,train,cauliflower__cauliflower_fruit_healthy+cauliflower__cauliflower_leaf_Healthy,True,LOW_INTRA_SPLIT_DUPLICATE
model2_v4,data/processed/model2_v4/train/cauliflower/cauliflower_leaf_Healthy/Healthy_200.jpg,Healthy_200.jpg,train,cauliflower__cauliflower_leaf_Healthy,98a806d54b5b6d6125305553dd6a94aca402dd9cc9fd76f30d590d75d5112796,2,train,cauliflower__cauliflower_fruit_healthy+cauliflower__cauliflower_leaf_Healthy,True,LOW_INTRA_SPLIT_DUPLICATE
model2_v4,data/processed/model2_v4/train/cauliflower/cauliflower_leaf_Downy Mildew/Downy Mildew. (36).jpg,Downy Mildew. (36).jpg,train,cauliflower__cauliflower_leaf_Downy Mildew,992f4156bc877880110d009897ca0d49ec818500f0ecfd6082bbed62716c3f62,2,train,cauliflower__cauliflower_leaf_Downy Mildew,True,LOW_INTRA_SPLIT_DUPLICATE
model2_v4,data/processed/model2_v4/train/cauliflower/cauliflower_leaf_Downy Mildew/Downy Mildew_76.jpg,Downy Mildew_76.jpg,train,cauliflower__cauliflower_leaf_Downy Mildew,992f4156bc877880110d009897ca0d49ec818500f0ecfd6082bbed62716c3f62,2,train,cauliflower__cauliflower_leaf_Downy Mildew,True,LOW_INTRA_SPLIT_DUPLICATE
model2_v4,data/processed/model2_v4/train/cauliflower/cauliflower_leaf_Alternaria Leaf Spot/Alternaria Leaf Spot_280.jpeg,Alternaria Leaf Spot_280.jpeg,train,cauliflower__cauliflower_leaf_Alternaria Leaf Spot,995827a49dbf9b6b0f6f1a8f9590b7a20c87a9d62f1dbb879b26bcdca70196b8,2,train,cauliflower__cauliflower_leaf_Alternaria Leaf Spot+cauliflower__cauliflower_leaf_Downy Mildew,True,LOW_INTRA_SPLIT_DUPLICATE
model2_v4,data/processed/model2_v4/train/cauliflower/cauliflower_leaf_Downy Mildew/Downy Mildew. (31).jpeg,Downy Mildew. (31).jpeg,train,cauliflower__cauliflower_leaf_Downy Mildew,995827a49dbf9b6b0f6f1a8f9590b7a20c87a9d62f1dbb879b26bcdca70196b8,2,train,cauliflower__cauliflower_leaf_Alternaria Leaf Spot+cauliflower__cauliflower_leaf_Downy Mildew,True,LOW_INTRA_SPLIT_DUPLICATE
model2_v4,data/processed/model2_v4/train/cauliflower/cauliflower_leaf_Downy Mildew/Downy Mildew. (108).jpg,Downy Mildew. (108).jpg,train,cauliflower__cauliflower_leaf_Downy Mildew,99a5f4e600243d49ed40ec44c750853becce24d760f7c5bef32b7feff9eeb867,2,train,cauliflower__cauliflower_leaf_Downy Mildew,True,LOW_INTRA_SPLIT_DUPLICATE
model2_v4,data/processed/model2_v4/train/cauliflower/cauliflower_leaf_Downy Mildew/Downy Mildew_14.jpg,Downy Mildew_14.jpg,train,cauliflower__cauliflower_leaf_Downy Mildew,99a5f4e600243d49ed40ec44c750853becce24d760f7c5bef32b7feff9eeb867,2,train,cauliflower__cauliflower_leaf_Downy Mildew,True,LOW_INTRA_SPLIT_DUPLICATE
model2_v4,data/processed/model2_v4/train/bell_pepper/bacterial_spot/f31f4122-67f4-4395-8e7d-2ac6e8241f37___JR_B.Spot_3135.JPG,f31f4122-67f4-4395-8e7d-2ac6e8241f37___JR_B.Spot_3135.JPG,train,bell_pepper__bacterial_spot,99ca53fa047f058556f737812647316ebc2243e3fa79aec9b6799ebdb5efdb86,2,train,bell_pepper__Leaf_Curl+bell_pepper__bacterial_spot,True,LOW_INTRA_SPLIT_DUPLICATE
model2_v4,data/processed/model2_v4/train/bell_pepper/Leaf_Curl/f31f4122-67f4-4395-8e7d-2ac6e8241f37___JR_B.Spot 3135.JPG,f31f4122-67f4-4395-8e7d-2ac6e8241f37___JR_B.Spot 3135.JPG,train,bell_pepper__Leaf_Curl,99ca53fa047f058556f737812647316ebc2243e3fa79aec9b6799ebdb5efdb86,2,train,bell_pepper__Leaf_Curl+bell_pepper__bacterial_spot,True,LOW_INTRA_SPLIT_DUPLICATE
model2_v4,data/processed/model2_v4/train/cauliflower/cauliflower_fruit_healthy/No disease. (126).jpg,No disease. (126).jpg,train,cauliflower__cauliflower_fruit_healthy,99ecdac3cfa02c130a53d4cc5c08cb774017d0650dbd3a4e80c9f5376327e9d4,2,train,cauliflower__cauliflower_fruit_healthy+cauliflower__cauliflower_leaf_Healthy,True,LOW_INTRA_SPLIT_DUPLICATE
model2_v4,data/processed/model2_v4/train/cauliflower/cauliflower_leaf_Healthy/Healthy_208.jpg,Healthy_208.jpg,train,cauliflower__cauliflower_leaf_Healthy,99ecdac3cfa02c130a53d4cc5c08cb774017d0650dbd3a4e80c9f5376327e9d4,2,train,cauliflower__cauliflower_fruit_healthy+cauliflower__cauliflower_leaf_Healthy,True,LOW_INTRA_SPLIT_DUPLICATE
model2_v4,data/processed/model2_v4/train/bell_pepper/bacterial_spot/df70c605-70e2-4850-862a-a9d13d7e14f2___NREC_B.Spot_9137.JPG,df70c605-70e2-4850-862a-a9d13d7e14f2___NREC_B.Spot_9137.JPG,train,bell_pepper__bacterial_spot,99f106c104d64287635ff4f22a9666065263b8be59070bf1b5b829f3874198d2,2,train,bell_pepper__Cerespora+bell_pepper__bacterial_spot,True,LOW_INTRA_SPLIT_DUPLICATE
model2_v4,data/processed/model2_v4/train/bell_pepper/Cerespora/df70c605-70e2-4850-862a-a9d13d7e14f2___NREC_B.Spot 9137.JPG,df70c605-70e2-4850-862a-a9d13d7e14f2___NREC_B.Spot 9137.JPG,train,bell_pepper__Cerespora,99f106c104d64287635ff4f22a9666065263b8be59070bf1b5b829f3874198d2,2,train,bell_pepper__Cerespora+bell_pepper__bacterial_spot,True,LOW_INTRA_SPLIT_DUPLICATE
model2_v4,data/processed/model2_v4/train/cauliflower/cauliflower_fruit_healthy/No disease. (48).jpg,No disease. (48).jpg,train,cauliflower__cauliflower_fruit_healthy,9ac990ee55e0b4fda41f0d4e925c16b37ad61ee33d7f4fa8c7eac5c87cd23a8d,2,train,cauliflower__cauliflower_fruit_healthy+cauliflower__cauliflower_leaf_Healthy,True,LOW_INTRA_SPLIT_DUPLICATE
model2_v4,data/processed/model2_v4/train/cauliflower/cauliflower_leaf_Healthy/Healthy_289.jpg,Healthy_289.jpg,train,cauliflower__cauliflower_leaf_Healthy,9ac990ee55e0b4fda41f0d4e925c16b37ad61ee33d7f4fa8c7eac5c87cd23a8d,2,train,cauliflower__cauliflower_fruit_healthy+cauliflower__cauliflower_leaf_Healthy,True,LOW_INTRA_SPLIT_DUPLICATE
model2_v4,data/processed/model2_v4/train/cauliflower/cauliflower_fruit_healthy/No disease. (179).jpg,No disease. (179).jpg,train,cauliflower__cauliflower_fruit_healthy,9b0150f969c7719373bc2b83416c0f34bff3f374c25f108fd59bf7beff897899,2,train,cauliflower__cauliflower_fruit_healthy+cauliflower__cauliflower_leaf_Healthy,True,LOW_INTRA_SPLIT_DUPLICATE
model2_v4,data/processed/model2_v4/train/cauliflower/cauliflower_leaf_Healthy/Healthy_248.jpg,Healthy_248.jpg,train,cauliflower__cauliflower_leaf_Healthy,9b0150f969c7719373bc2b83416c0f34bff3f374c25f108fd59bf7beff897899,2,train,cauliflower__cauliflower_fruit_healthy+cauliflower__cauliflower_leaf_Healthy,True,LOW_INTRA_SPLIT_DUPLICATE
model2_v4,data/processed/model2_v4/train/cauliflower/cauliflower_leaf_Downy Mildew/Downy Mildew. (106).jpg,Downy Mildew. (106).jpg,train,cauliflower__cauliflower_leaf_Downy Mildew,9b8796dccb6124bca69867cdcbb907830203b3df8bee613523ee5fb40b4480f0,2,train,cauliflower__cauliflower_leaf_Downy Mildew,True,LOW_INTRA_SPLIT_DUPLICATE
model2_v4,data/processed/model2_v4/train/cauliflower/cauliflower_leaf_Downy Mildew/Downy Mildew_12.jpg,Downy Mildew_12.jpg,train,cauliflower__cauliflower_leaf_Downy Mildew,9b8796dccb6124bca69867cdcbb907830203b3df8bee613523ee5fb40b4480f0,2,train,cauliflower__cauliflower_leaf_Downy Mildew,True,LOW_INTRA_SPLIT_DUPLICATE
model2_v4,data/processed/model2_v4/train/cauliflower/cauliflower_fruit_Bacterial spot rot/Bacterial Spot. (170).jpg,Bacterial Spot. (170).jpg,train,cauliflower__cauliflower_fruit_Bacterial spot rot,9ba2dd1950ab2f8058cb39ef338b72d2e4f1e7cbfa5d21772082181bbcb19c75,3,train,cauliflower__cauliflower_fruit_Bacterial spot rot,True,LOW_INTRA_SPLIT_DUPLICATE
model2_v4,data/processed/model2_v4/train/cauliflower/cauliflower_fruit_Bacterial spot rot/Bacterial Spot. (171).jpg,Bacterial Spot. (171).jpg,train,cauliflower__cauliflower_fruit_Bacterial spot rot,9ba2dd1950ab2f8058cb39ef338b72d2e4f1e7cbfa5d21772082181bbcb19c75,3,train,cauliflower__cauliflower_fruit_Bacterial spot rot,True,LOW_INTRA_SPLIT_DUPLICATE
model2_v4,data/processed/model2_v4/train/cauliflower/cauliflower_fruit_Bacterial spot rot/Bacterial Spot. (172).jpg,Bacterial Spot. (172).jpg,train,cauliflower__cauliflower_fruit_Bacterial spot rot,9ba2dd1950ab2f8058cb39ef338b72d2e4f1e7cbfa5d21772082181bbcb19c75,3,train,cauliflower__cauliflower_fruit_Bacterial spot rot,True,LOW_INTRA_SPLIT_DUPLICATE
model2_v4,data/processed/model2_v4/train/cauliflower/cauliflower_leaf_Healthy/Healthy_16.jpeg,Healthy_16.jpeg,train,cauliflower__cauliflower_leaf_Healthy,9bf440aaaf3099b8e7428fec645ad5a6d4199e9dabaa45c6754005036226ddbd,2,train,cauliflower__cauliflower_leaf_Healthy,True,LOW_INTRA_SPLIT_DUPLICATE
model2_v4,data/processed/model2_v4/train/cauliflower/cauliflower_leaf_Healthy/Healthy_17.jpeg,Healthy_17.jpeg,train,cauliflower__cauliflower_leaf_Healthy,9bf440aaaf3099b8e7428fec645ad5a6d4199e9dabaa45c6754005036226ddbd,2,train,cauliflower__cauliflower_leaf_Healthy,True,LOW_INTRA_SPLIT_DUPLICATE
model2_v4,data/processed/model2_v4/train/cauliflower/cauliflower_fruit_healthy/No disease. (83).jpg,No disease. (83).jpg,train,cauliflower__cauliflower_fruit_healthy,9c38cc341d0a6368ffd6cbb15eb70af2996be4d67832f3afef44dba9c9ed33b7,2,train,cauliflower__cauliflower_fruit_healthy+cauliflower__cauliflower_leaf_Healthy,True,LOW_INTRA_SPLIT_DUPLICATE
model2_v4,data/processed/model2_v4/train/cauliflower/cauliflower_leaf_Healthy/Healthy_328.jpg,Healthy_328.jpg,train,cauliflower__cauliflower_leaf_Healthy,9c38cc341d0a6368ffd6cbb15eb70af2996be4d67832f3afef44dba9c9ed33b7,2,train,cauliflower__cauliflower_fruit_healthy+cauliflower__cauliflower_leaf_Healthy,True,LOW_INTRA_SPLIT_DUPLICATE
model2_v4,data/processed/model2_v4/train/cauliflower/cauliflower_leaf_Healthy/Healthy_124.jpg,Healthy_124.jpg,train,cauliflower__cauliflower_leaf_Healthy,9c7f40b782315114c943bc91dd59b008badb6be052768e594f7c999005e8d382,2,train,cauliflower__cauliflower_leaf_Healthy,True,LOW_INTRA_SPLIT_DUPLICATE
model2_v4,data/processed/model2_v4/train/cauliflower/cauliflower_leaf_Healthy/Healthy_125.jpg,Healthy_125.jpg,train,cauliflower__cauliflower_leaf_Healthy,9c7f40b782315114c943bc91dd59b008badb6be052768e594f7c999005e8d382,2,train,cauliflower__cauliflower_leaf_Healthy,True,LOW_INTRA_SPLIT_DUPLICATE
model2_v4,data/processed/model2_v4/train/cauliflower/cauliflower_leaf_Downy Mildew/Downy Mildew. (5).jpg,Downy Mildew. (5).jpg,train,cauliflower__cauliflower_leaf_Downy Mildew,9de76741022c639833908f424373f4c903a430cbe94289e7edf579c1ecfd362e,2,train,cauliflower__cauliflower_leaf_Downy Mildew,True,LOW_INTRA_SPLIT_DUPLICATE
model2_v4,data/processed/model2_v4/train/cauliflower/cauliflower_leaf_Downy Mildew/Downy Mildew_91.jpg,Downy Mildew_91.jpg,train,cauliflower__cauliflower_leaf_Downy Mildew,9de76741022c639833908f424373f4c903a430cbe94289e7edf579c1ecfd362e,2,train,cauliflower__cauliflower_leaf_Downy Mildew,True,LOW_INTRA_SPLIT_DUPLICATE
model2_v4,data/processed/model2_v4/train/bell_pepper/Cerespora/f176a365-b5f0-4b3f-a4bc-d4d2c705b29e___JR_B.Spot 3263.JPG,f176a365-b5f0-4b3f-a4bc-d4d2c705b29e___JR_B.Spot 3263.JPG,train,bell_pepper__Cerespora,9e359a8cd2222549127c373f42db23224018819db586120bcecb9dd7a009c7e9,2,train,bell_pepper__Cerespora+bell_pepper__Leaf_Curl,True,LOW_INTRA_SPLIT_DUPLICATE
model2_v4,data/processed/model2_v4/train/bell_pepper/Leaf_Curl/f176a365-b5f0-4b3f-a4bc-d4d2c705b29e___JR_B.Spot 3263.JPG,f176a365-b5f0-4b3f-a4bc-d4d2c705b29e___JR_B.Spot 3263.JPG,train,bell_pepper__Leaf_Curl,9e359a8cd2222549127c373f42db23224018819db586120bcecb9dd7a009c7e9,2,train,bell_pepper__Cerespora+bell_pepper__Leaf_Curl,True,LOW_INTRA_SPLIT_DUPLICATE
model2_v4,data/processed/model2_v4/train/cauliflower/cauliflower_fruit_healthy/No disease. (57).jpg,No disease. (57).jpg,train,cauliflower__cauliflower_fruit_healthy,9e6718028ea036727120b1926f318b406e8a8038e77c6e5be16e2cc2fe0bb4e4,2,train,cauliflower__cauliflower_fruit_healthy+cauliflower__cauliflower_leaf_Healthy,True,LOW_INTRA_SPLIT_DUPLICATE
model2_v4,data/processed/model2_v4/train/cauliflower/cauliflower_leaf_Healthy/Healthy_299.jpg,Healthy_299.jpg,train,cauliflower__cauliflower_leaf_Healthy,9e6718028ea036727120b1926f318b406e8a8038e77c6e5be16e2cc2fe0bb4e4,2,train,cauliflower__cauliflower_fruit_healthy+cauliflower__cauliflower_leaf_Healthy,True,LOW_INTRA_SPLIT_DUPLICATE
model2_v4,data/processed/model2_v4/train/cauliflower/cauliflower_leaf_Downy Mildew/Downy Mildew. (25).jpg,Downy Mildew. (25).jpg,train,cauliflower__cauliflower_leaf_Downy Mildew,9f269f45a1e333990fc291b3b66d55e1212ef754473e65d0f1cf28c14d711821,2,train,cauliflower__cauliflower_leaf_Downy Mildew,True,LOW_INTRA_SPLIT_DUPLICATE
model2_v4,data/processed/model2_v4/train/cauliflower/cauliflower_leaf_Downy Mildew/Downy Mildew_64.jpg,Downy Mildew_64.jpg,train,cauliflower__cauliflower_leaf_Downy Mildew,9f269f45a1e333990fc291b3b66d55e1212ef754473e65d0f1cf28c14d711821,2,train,cauliflower__cauliflower_leaf_Downy Mildew,True,LOW_INTRA_SPLIT_DUPLICATE
model2_v4,data/processed/model2_v4/train/cauliflower/cauliflower_leaf_Downy Mildew/Downy Mildew. (121).jpg,Downy Mildew. (121).jpg,train,cauliflower__cauliflower_leaf_Downy Mildew,a067c2414072d59c9f537d78ddf832f572fc0be71eadcf8aca6d4471a662f56d,2,train,cauliflower__cauliflower_leaf_Downy Mildew,True,LOW_INTRA_SPLIT_DUPLICATE
model2_v4,data/processed/model2_v4/train/cauliflower/cauliflower_leaf_Downy Mildew/Downy Mildew_29.jpg,Downy Mildew_29.jpg,train,cauliflower__cauliflower_leaf_Downy Mildew,a067c2414072d59c9f537d78ddf832f572fc0be71eadcf8aca6d4471a662f56d,2,train,cauliflower__cauliflower_leaf_Downy Mildew,True,LOW_INTRA_SPLIT_DUPLICATE
model2_v4,data/processed/model2_v4/train/cauliflower/cauliflower_fruit_Bacterial Spot/Bacterial Spot_9.jpg,Bacterial Spot_9.jpg,train,cauliflower__cauliflower_fruit_Bacterial Spot,a089c184df5176e8b79eb6d3f7460d9aa34aa85648bc833c8b0cc5eb59fc49d1,2,train,cauliflower__cauliflower_fruit_Bacterial Spot+cauliflower__cauliflower_fruit_Bacterial spot rot,True,LOW_INTRA_SPLIT_DUPLICATE
model2_v4,data/processed/model2_v4/train/cauliflower/cauliflower_fruit_Bacterial spot rot/Bacterial Spot. (92).jpg,Bacterial Spot. (92).jpg,train,cauliflower__cauliflower_fruit_Bacterial spot rot,a089c184df5176e8b79eb6d3f7460d9aa34aa85648bc833c8b0cc5eb59fc49d1,2,train,cauliflower__cauliflower_fruit_Bacterial Spot+cauliflower__cauliflower_fruit_Bacterial spot rot,True,LOW_INTRA_SPLIT_DUPLICATE
model2_v4,data/processed/model2_v4/train/cauliflower/cauliflower_leaf_Downy Mildew/Downy Mildew. (57).jpg,Downy Mildew. (57).jpg,train,cauliflower__cauliflower_leaf_Downy Mildew,a0eede61354db46b873dc99edcff9c94f3ad82842be7d8d9445de1a0daa1e374,2,train,cauliflower__cauliflower_leaf_Downy Mildew,True,LOW_INTRA_SPLIT_DUPLICATE
model2_v4,data/processed/model2_v4/train/cauliflower/cauliflower_leaf_Downy Mildew/Downy Mildew_99.jpg,Downy Mildew_99.jpg,train,cauliflower__cauliflower_leaf_Downy Mildew,a0eede61354db46b873dc99edcff9c94f3ad82842be7d8d9445de1a0daa1e374,2,train,cauliflower__cauliflower_leaf_Downy Mildew,True,LOW_INTRA_SPLIT_DUPLICATE
model2_v4,data/processed/model2_v4/train/cauliflower/cauliflower_fruit_healthy/No disease. (164).jpg,No disease. (164).jpg,train,cauliflower__cauliflower_fruit_healthy,a154c76b0e23c1286f50decd43f27b5167c46233f40112a72c767af2636d220b,2,train,cauliflower__cauliflower_fruit_healthy+cauliflower__cauliflower_leaf_Healthy,True,LOW_INTRA_SPLIT_DUPLICATE
model2_v4,data/processed/model2_v4/train/cauliflower/cauliflower_leaf_Healthy/Healthy_240.jpg,Healthy_240.jpg,train,cauliflower__cauliflower_leaf_Healthy,a154c76b0e23c1286f50decd43f27b5167c46233f40112a72c767af2636d220b,2,train,cauliflower__cauliflower_fruit_healthy+cauliflower__cauliflower_leaf_Healthy,True,LOW_INTRA_SPLIT_DUPLICATE
model2_v4,data/processed/model2_v4/train/cauliflower/cauliflower_leaf_Alternaria Leaf Spot/Alternaria Leaf Spot_276.jpeg,Alternaria Leaf Spot_276.jpeg,train,cauliflower__cauliflower_leaf_Alternaria Leaf Spot,a2034b098a1001932a84624d0c386bc33e7254fbcb5d6ea8b82577a4a1ee1bef,2,train,cauliflower__cauliflower_leaf_Alternaria Leaf Spot+cauliflower__cauliflower_leaf_Downy Mildew,True,LOW_INTRA_SPLIT_DUPLICATE
model2_v4,data/processed/model2_v4/train/cauliflower/cauliflower_leaf_Downy Mildew/Downy Mildew. (26).jpeg,Downy Mildew. (26).jpeg,train,cauliflower__cauliflower_leaf_Downy Mildew,a2034b098a1001932a84624d0c386bc33e7254fbcb5d6ea8b82577a4a1ee1bef,2,train,cauliflower__cauliflower_leaf_Alternaria Leaf Spot+cauliflower__cauliflower_leaf_Downy Mildew,True,LOW_INTRA_SPLIT_DUPLICATE
model2_v4,data/processed/model2_v4/train/cauliflower/cauliflower_leaf_Alternaria Leaf Spot/Alternaria Leaf Spot_269.jpeg,Alternaria Leaf Spot_269.jpeg,train,cauliflower__cauliflower_leaf_Alternaria Leaf Spot,a277bfcc018e6beb33b9d1a336e2f1cc7ca5406e53b06f6852e92e749db520f3,2,train,cauliflower__cauliflower_leaf_Alternaria Leaf Spot+cauliflower__cauliflower_leaf_Downy Mildew,True,LOW_INTRA_SPLIT_DUPLICATE
model2_v4,data/processed/model2_v4/train/cauliflower/cauliflower_leaf_Downy Mildew/Downy Mildew. (19).jpeg,Downy Mildew. (19).jpeg,train,cauliflower__cauliflower_leaf_Downy Mildew,a277bfcc018e6beb33b9d1a336e2f1cc7ca5406e53b06f6852e92e749db520f3,2,train,cauliflower__cauliflower_leaf_Alternaria Leaf Spot+cauliflower__cauliflower_leaf_Downy Mildew,True,LOW_INTRA_SPLIT_DUPLICATE
model2_v4,data/processed/model2_v4/train/bell_pepper/bacterial_spot/f6a20939-1617-49f7-a7a4-1dde2020426b___JR_B.Spot_3365.JPG,f6a20939-1617-49f7-a7a4-1dde2020426b___JR_B.Spot_3365.JPG,train,bell_pepper__bacterial_spot,a27e650add5d8afe1a06bf420a6647b7d672d97d517c240cdb6e9b133d39678e,2,train,bell_pepper__Leaf_Curl+bell_pepper__bacterial_spot,True,LOW_INTRA_SPLIT_DUPLICATE
model2_v4,data/processed/model2_v4/train/bell_pepper/Leaf_Curl/f6a20939-1617-49f7-a7a4-1dde2020426b___JR_B.Spot 3365.JPG,f6a20939-1617-49f7-a7a4-1dde2020426b___JR_B.Spot 3365.JPG,train,bell_pepper__Leaf_Curl,a27e650add5d8afe1a06bf420a6647b7d672d97d517c240cdb6e9b133d39678e,2,train,bell_pepper__Leaf_Curl+bell_pepper__bacterial_spot,True,LOW_INTRA_SPLIT_DUPLICATE
model2_v4,data/processed/model2_v4/train/cauliflower/cauliflower_fruit_healthy/No disease. (3).jpg,No disease. (3).jpg,train,cauliflower__cauliflower_fruit_healthy,a2f6b09a42383ffa834ddf725e63e2d0a486afa8c95aa2c91c2a3546616444ed,2,train,cauliflower__cauliflower_fruit_healthy+cauliflower__cauliflower_leaf_Healthy,True,LOW_INTRA_SPLIT_DUPLICATE
model2_v4,data/processed/model2_v4/train/cauliflower/cauliflower_leaf_Healthy/Healthy_271.jpg,Healthy_271.jpg,train,cauliflower__cauliflower_leaf_Healthy,a2f6b09a42383ffa834ddf725e63e2d0a486afa8c95aa2c91c2a3546616444ed,2,train,cauliflower__cauliflower_fruit_healthy+cauliflower__cauliflower_leaf_Healthy,True,LOW_INTRA_SPLIT_DUPLICATE
model2_v4,data/processed/model2_v4/train/cauliflower/cauliflower_fruit_healthy/No disease. (22).jpg,No disease. (22).jpg,train,cauliflower__cauliflower_fruit_healthy,a30f73e4ac4965584b8a2cb61907d7af5d63e50e8a29159364da60baceb70487,2,train,cauliflower__cauliflower_fruit_healthy+cauliflower__cauliflower_leaf_Healthy,True,LOW_INTRA_SPLIT_DUPLICATE
model2_v4,data/processed/model2_v4/train/cauliflower/cauliflower_leaf_Healthy/Healthy_263.jpg,Healthy_263.jpg,train,cauliflower__cauliflower_leaf_Healthy,a30f73e4ac4965584b8a2cb61907d7af5d63e50e8a29159364da60baceb70487,2,train,cauliflower__cauliflower_fruit_healthy+cauliflower__cauliflower_leaf_Healthy,True,LOW_INTRA_SPLIT_DUPLICATE
model2_v4,data/processed/model2_v4/train/cauliflower/cauliflower_leaf_Downy Mildew/Downy Mildew. (101).jpg,Downy Mildew. (101).jpg,train,cauliflower__cauliflower_leaf_Downy Mildew,a3a848d48eb359c75b596175def9bd9765b3a0563a7d90b53e503aca5b62a166,2,train,cauliflower__cauliflower_leaf_Downy Mildew,True,LOW_INTRA_SPLIT_DUPLICATE
model2_v4,data/processed/model2_v4/train/cauliflower/cauliflower_leaf_Downy Mildew/Downy Mildew_7.jpg,Downy Mildew_7.jpg,train,cauliflower__cauliflower_leaf_Downy Mildew,a3a848d48eb359c75b596175def9bd9765b3a0563a7d90b53e503aca5b62a166,2,train,cauliflower__cauliflower_leaf_Downy Mildew,True,LOW_INTRA_SPLIT_DUPLICATE
model2_v4,data/processed/model2_v4/train/cauliflower/cauliflower_leaf_Healthy/Healthy_14.jpeg,Healthy_14.jpeg,train,cauliflower__cauliflower_leaf_Healthy,a4ea112ac969b91464aae9975067b6c72118a83e662c2cffe77bb542a36bcc06,2,train,cauliflower__cauliflower_leaf_Healthy,True,LOW_INTRA_SPLIT_DUPLICATE
model2_v4,data/processed/model2_v4/train/cauliflower/cauliflower_leaf_Healthy/Healthy_15.jpeg,Healthy_15.jpeg,train,cauliflower__cauliflower_leaf_Healthy,a4ea112ac969b91464aae9975067b6c72118a83e662c2cffe77bb542a36bcc06,2,train,cauliflower__cauliflower_leaf_Healthy,True,LOW_INTRA_SPLIT_DUPLICATE
model2_v4,data/processed/model2_v4/train/cauliflower/cauliflower_fruit_healthy/No disease. (150).jpg,No disease. (150).jpg,train,cauliflower__cauliflower_fruit_healthy,a4f1528b0b425aa5a60e5dc00639aa61ac267f8e91fa452559703ceed04a0447,2,train,cauliflower__cauliflower_fruit_healthy+cauliflower__cauliflower_leaf_Healthy,True,LOW_INTRA_SPLIT_DUPLICATE
model2_v4,data/processed/model2_v4/train/cauliflower/cauliflower_leaf_Healthy/Healthy_232.jpg,Healthy_232.jpg,train,cauliflower__cauliflower_leaf_Healthy,a4f1528b0b425aa5a60e5dc00639aa61ac267f8e91fa452559703ceed04a0447,2,train,cauliflower__cauliflower_fruit_healthy+cauliflower__cauliflower_leaf_Healthy,True,LOW_INTRA_SPLIT_DUPLICATE
model2_v4,data/processed/model2_v4/train/cauliflower/cauliflower_fruit_healthy/No disease. (79).jpg,No disease. (79).jpg,train,cauliflower__cauliflower_fruit_healthy,a5264718a2add68a0f408b847ff7b4e1407bb6975272bf7bdf242181d3b05753,2,train,cauliflower__cauliflower_fruit_healthy+cauliflower__cauliflower_leaf_Healthy,True,LOW_INTRA_SPLIT_DUPLICATE
model2_v4,data/processed/model2_v4/train/cauliflower/cauliflower_leaf_Healthy/Healthy_323.jpg,Healthy_323.jpg,train,cauliflower__cauliflower_leaf_Healthy,a5264718a2add68a0f408b847ff7b4e1407bb6975272bf7bdf242181d3b05753,2,train,cauliflower__cauliflower_fruit_healthy+cauliflower__cauliflower_leaf_Healthy,True,LOW_INTRA_SPLIT_DUPLICATE
model2_v4,data/processed/model2_v4/train/cauliflower/cauliflower_fruit_Bacterial Spot/Bacterial Spot_6.jpg,Bacterial Spot_6.jpg,train,cauliflower__cauliflower_fruit_Bacterial Spot,a5420a67f4164726e676cacce1ba63aa249d0c64541be27f4a1a4eb1d6ba43d9,2,train,cauliflower__cauliflower_fruit_Bacterial Spot+cauliflower__cauliflower_fruit_Bacterial spot rot,True,LOW_INTRA_SPLIT_DUPLICATE
model2_v4,data/processed/model2_v4/train/cauliflower/cauliflower_fruit_Bacterial spot rot/Bacterial Spot. (72).jpg,Bacterial Spot. (72).jpg,train,cauliflower__cauliflower_fruit_Bacterial spot rot,a5420a67f4164726e676cacce1ba63aa249d0c64541be27f4a1a4eb1d6ba43d9,2,train,cauliflower__cauliflower_fruit_Bacterial Spot+cauliflower__cauliflower_fruit_Bacterial spot rot,True,LOW_INTRA_SPLIT_DUPLICATE
model2_v4,data/processed/model2_v4/train/cauliflower/cauliflower_leaf_Healthy/Healthy_23.jpeg,Healthy_23.jpeg,train,cauliflower__cauliflower_leaf_Healthy,a58d247bceca9d5a9b6ac47803b4f8f6f6647b6104277ea8bf4564adec550727,2,train,cauliflower__cauliflower_leaf_Healthy,True,LOW_INTRA_SPLIT_DUPLICATE
model2_v4,data/processed/model2_v4/train/cauliflower/cauliflower_leaf_Healthy/Healthy_24.jpeg,Healthy_24.jpeg,train,cauliflower__cauliflower_leaf_Healthy,a58d247bceca9d5a9b6ac47803b4f8f6f6647b6104277ea8bf4564adec550727,2,train,cauliflower__cauliflower_leaf_Healthy,True,LOW_INTRA_SPLIT_DUPLICATE
model2_v4,data/processed/model2_v4/train/cauliflower/cauliflower_fruit_healthy/No disease. (2).jpg,No disease. (2).jpg,train,cauliflower__cauliflower_fruit_healthy,a58d2fad6581c3400ea5446e074a02f98e24a8b1f981b6b3fae7249e486362ad,2,train,cauliflower__cauliflower_fruit_healthy+cauliflower__cauliflower_leaf_Healthy,True,LOW_INTRA_SPLIT_DUPLICATE
model2_v4,data/processed/model2_v4/train/cauliflower/cauliflower_leaf_Healthy/Healthy_260.jpg,Healthy_260.jpg,train,cauliflower__cauliflower_leaf_Healthy,a58d2fad6581c3400ea5446e074a02f98e24a8b1f981b6b3fae7249e486362ad,2,train,cauliflower__cauliflower_fruit_healthy+cauliflower__cauliflower_leaf_Healthy,True,LOW_INTRA_SPLIT_DUPLICATE
model2_v4,data/processed/model2_v4/train/cauliflower/cauliflower_fruit_healthy/No disease. (183).jpg,No disease. (183).jpg,train,cauliflower__cauliflower_fruit_healthy,a72f3e356296c2bf1086a9eb7382f10505248acf1e5ef3b852d786e013ebdc72,2,train,cauliflower__cauliflower_fruit_healthy+cauliflower__cauliflower_leaf_Healthy,True,LOW_INTRA_SPLIT_DUPLICATE
model2_v4,data/processed/model2_v4/train/cauliflower/cauliflower_leaf_Healthy/Healthy_253.jpg,Healthy_253.jpg,train,cauliflower__cauliflower_leaf_Healthy,a72f3e356296c2bf1086a9eb7382f10505248acf1e5ef3b852d786e013ebdc72,2,train,cauliflower__cauliflower_fruit_healthy+cauliflower__cauliflower_leaf_Healthy,True,LOW_INTRA_SPLIT_DUPLICATE
model2_v4,data/processed/model2_v4/train/cauliflower/cauliflower_fruit_healthy/No disease. (32).jpg,No disease. (32).jpg,train,cauliflower__cauliflower_fruit_healthy,a74f25fb12ba445f195a661882f147a5796adc43c7f0ed7036b77fc9e368926d,2,train,cauliflower__cauliflower_fruit_healthy+cauliflower__cauliflower_leaf_Healthy,True,LOW_INTRA_SPLIT_DUPLICATE
model2_v4,data/processed/model2_v4/train/cauliflower/cauliflower_leaf_Healthy/Healthy_274.jpg,Healthy_274.jpg,train,cauliflower__cauliflower_leaf_Healthy,a74f25fb12ba445f195a661882f147a5796adc43c7f0ed7036b77fc9e368926d,2,train,cauliflower__cauliflower_fruit_healthy+cauliflower__cauliflower_leaf_Healthy,True,LOW_INTRA_SPLIT_DUPLICATE
model2_v4,data/processed/model2_v4/train/cauliflower/cauliflower_fruit_healthy/No disease. (99).jpg,No disease. (99).jpg,train,cauliflower__cauliflower_fruit_healthy,a851b5e6a16766b50081a57b977f11236baab777ae712c753135f3aa4b4dd29e,2,train,cauliflower__cauliflower_fruit_healthy+cauliflower__cauliflower_leaf_Healthy,True,LOW_INTRA_SPLIT_DUPLICATE
model2_v4,data/processed/model2_v4/train/cauliflower/cauliflower_leaf_Healthy/Healthy_345.jpg,Healthy_345.jpg,train,cauliflower__cauliflower_leaf_Healthy,a851b5e6a16766b50081a57b977f11236baab777ae712c753135f3aa4b4dd29e,2,train,cauliflower__cauliflower_fruit_healthy+cauliflower__cauliflower_leaf_Healthy,True,LOW_INTRA_SPLIT_DUPLICATE
model2_v4,data/processed/model2_v4/train/bell_pepper/bacterial_spot/pepper_bell_bacterial_spot274.jpg,pepper_bell_bacterial_spot274.jpg,train,bell_pepper__bacterial_spot,a9c073feb1d7c872432d00b3b42f47195d6acd9a11587a19f0e2e3fe47d0a18f,2,train,bell_pepper__Leaf_Curl+bell_pepper__bacterial_spot,True,LOW_INTRA_SPLIT_DUPLICATE
model2_v4,data/processed/model2_v4/train/bell_pepper/Leaf_Curl/41410a16-32af-4080-92a7-fd2869d5b48d___JR_B.Spot 9085.JPG,41410a16-32af-4080-92a7-fd2869d5b48d___JR_B.Spot 9085.JPG,train,bell_pepper__Leaf_Curl,a9c073feb1d7c872432d00b3b42f47195d6acd9a11587a19f0e2e3fe47d0a18f,2,train,bell_pepper__Leaf_Curl+bell_pepper__bacterial_spot,True,LOW_INTRA_SPLIT_DUPLICATE
model2_v4,data/processed/model2_v4/train/cauliflower/cauliflower_fruit_healthy/No disease. (1).jpg,No disease. (1).jpg,train,cauliflower__cauliflower_fruit_healthy,aa0a9d7ec9c413799539795a54ba181b9f67f0402d1f6b7160bb4e12fb1912ac,2,train,cauliflower__cauliflower_fruit_healthy+cauliflower__cauliflower_leaf_Healthy,True,LOW_INTRA_SPLIT_DUPLICATE
model2_v4,data/processed/model2_v4/train/cauliflower/cauliflower_leaf_Healthy/Healthy_180.jpg,Healthy_180.jpg,train,cauliflower__cauliflower_leaf_Healthy,aa0a9d7ec9c413799539795a54ba181b9f67f0402d1f6b7160bb4e12fb1912ac,2,train,cauliflower__cauliflower_fruit_healthy+cauliflower__cauliflower_leaf_Healthy,True,LOW_INTRA_SPLIT_DUPLICATE
model2_v4,data/processed/model2_v4/train/cauliflower/cauliflower_leaf_Alternaria Leaf Spot/Alternaria Leaf Spot_287.jpeg,Alternaria Leaf Spot_287.jpeg,train,cauliflower__cauliflower_leaf_Alternaria Leaf Spot,aa1d779bc753c2974f9f5cf942a924b799ed6c424a53bd7114ae588b291f380b,2,train,cauliflower__cauliflower_leaf_Alternaria Leaf Spot+cauliflower__cauliflower_leaf_Downy Mildew,True,LOW_INTRA_SPLIT_DUPLICATE
model2_v4,data/processed/model2_v4/train/cauliflower/cauliflower_leaf_Downy Mildew/Downy Mildew. (27).jpeg,Downy Mildew. (27).jpeg,train,cauliflower__cauliflower_leaf_Downy Mildew,aa1d779bc753c2974f9f5cf942a924b799ed6c424a53bd7114ae588b291f380b,2,train,cauliflower__cauliflower_leaf_Alternaria Leaf Spot+cauliflower__cauliflower_leaf_Downy Mildew,True,LOW_INTRA_SPLIT_DUPLICATE
model2_v4,data/processed/model2_v4/train/bell_pepper/bacterial_spot/e2baac0d-0b5c-4e1d-90d9-70a8d6a6855b___JR_B.Spot_9015.JPG,e2baac0d-0b5c-4e1d-90d9-70a8d6a6855b___JR_B.Spot_9015.JPG,train,bell_pepper__bacterial_spot,aa5b4e095f5f83e13e0d042858afd2df207049f15ae93f8a984f047f492eb857,2,train,bell_pepper__Cerespora+bell_pepper__bacterial_spot,True,LOW_INTRA_SPLIT_DUPLICATE
model2_v4,data/processed/model2_v4/train/bell_pepper/Cerespora/e2baac0d-0b5c-4e1d-90d9-70a8d6a6855b___JR_B.Spot 9015.JPG,e2baac0d-0b5c-4e1d-90d9-70a8d6a6855b___JR_B.Spot 9015.JPG,train,bell_pepper__Cerespora,aa5b4e095f5f83e13e0d042858afd2df207049f15ae93f8a984f047f492eb857,2,train,bell_pepper__Cerespora+bell_pepper__bacterial_spot,True,LOW_INTRA_SPLIT_DUPLICATE
model2_v4,data/processed/model2_v4/train/cauliflower/cauliflower_fruit_healthy/No disease. (148).jpg,No disease. (148).jpg,train,cauliflower__cauliflower_fruit_healthy,aa6b047050c9ac66dd4b1f8fa5c32f8a76117e095f3ba6a51b72aa5fd3a1be85,2,train,cauliflower__cauliflower_fruit_healthy+cauliflower__cauliflower_leaf_Healthy,True,LOW_INTRA_SPLIT_DUPLICATE
model2_v4,data/processed/model2_v4/train/cauliflower/cauliflower_leaf_Healthy/Healthy_230.jpg,Healthy_230.jpg,train,cauliflower__cauliflower_leaf_Healthy,aa6b047050c9ac66dd4b1f8fa5c32f8a76117e095f3ba6a51b72aa5fd3a1be85,2,train,cauliflower__cauliflower_fruit_healthy+cauliflower__cauliflower_leaf_Healthy,True,LOW_INTRA_SPLIT_DUPLICATE
model2_v4,data/processed/model2_v4/train/cauliflower/cauliflower_fruit_healthy/No disease. (58).jpg,No disease. (58).jpg,train,cauliflower__cauliflower_fruit_healthy,aba905dbdc78dada44584a11a87b9879073634662befdb2b0a56a6775aaa5000,2,train,cauliflower__cauliflower_fruit_healthy+cauliflower__cauliflower_leaf_Healthy,True,LOW_INTRA_SPLIT_DUPLICATE
model2_v4,data/processed/model2_v4/train/cauliflower/cauliflower_leaf_Healthy/Healthy_300.jpg,Healthy_300.jpg,train,cauliflower__cauliflower_leaf_Healthy,aba905dbdc78dada44584a11a87b9879073634662befdb2b0a56a6775aaa5000,2,train,cauliflower__cauliflower_fruit_healthy+cauliflower__cauliflower_leaf_Healthy,True,LOW_INTRA_SPLIT_DUPLICATE
model2_v4,data/processed/model2_v4/train/cauliflower/cauliflower_leaf_Downy Mildew/Downy Mildew. (72).jpg,Downy Mildew. (72).jpg,train,cauliflower__cauliflower_leaf_Downy Mildew,ac261db509fe1a56f03e694b8ab5416619cc8f837b90a3c730d2f8e9f3c93eaa,2,train,cauliflower__cauliflower_leaf_Downy Mildew,True,LOW_INTRA_SPLIT_DUPLICATE
model2_v4,data/processed/model2_v4/train/cauliflower/cauliflower_leaf_Downy Mildew/Downy Mildew_116.jpg,Downy Mildew_116.jpg,train,cauliflower__cauliflower_leaf_Downy Mildew,ac261db509fe1a56f03e694b8ab5416619cc8f837b90a3c730d2f8e9f3c93eaa,2,train,cauliflower__cauliflower_leaf_Downy Mildew,True,LOW_INTRA_SPLIT_DUPLICATE
model2_v4,data/processed/model2_v4/train/cauliflower/cauliflower_leaf_Downy Mildew/Downy Mildew. (125).jpg,Downy Mildew. (125).jpg,train,cauliflower__cauliflower_leaf_Downy Mildew,ac8b6ac82ef19ee5e1511f64437145270f2f8b29e6690f46901d7fd0bfbfaffa,2,train,cauliflower__cauliflower_leaf_Downy Mildew,True,LOW_INTRA_SPLIT_DUPLICATE
model2_v4,data/processed/model2_v4/train/cauliflower/cauliflower_leaf_Downy Mildew/Downy Mildew_33.jpg,Downy Mildew_33.jpg,train,cauliflower__cauliflower_leaf_Downy Mildew,ac8b6ac82ef19ee5e1511f64437145270f2f8b29e6690f46901d7fd0bfbfaffa,2,train,cauliflower__cauliflower_leaf_Downy Mildew,True,LOW_INTRA_SPLIT_DUPLICATE
model2_v4,data/processed/model2_v4/train/cauliflower/cauliflower_leaf_Downy Mildew/Downy Mildew. (17).jpg,Downy Mildew. (17).jpg,train,cauliflower__cauliflower_leaf_Downy Mildew,acb955a6ac3b47bf63c029b3b1ea6bb2f6740a1f466329e47310e99441233d46,2,train,cauliflower__cauliflower_leaf_Downy Mildew,True,LOW_INTRA_SPLIT_DUPLICATE
model2_v4,data/processed/model2_v4/train/cauliflower/cauliflower_leaf_Downy Mildew/Downy Mildew_55.jpg,Downy Mildew_55.jpg,train,cauliflower__cauliflower_leaf_Downy Mildew,acb955a6ac3b47bf63c029b3b1ea6bb2f6740a1f466329e47310e99441233d46,2,train,cauliflower__cauliflower_leaf_Downy Mildew,True,LOW_INTRA_SPLIT_DUPLICATE
model2_v4,data/processed/model2_v4/train/cauliflower/cauliflower_fruit_Bacterial Spot/Bacterial Spot_7.jpg,Bacterial Spot_7.jpg,train,cauliflower__cauliflower_fruit_Bacterial Spot,acd8c551526a4732012620b6f07e6b2c5f31036a3feeb8a369771018594bdd66,2,train,cauliflower__cauliflower_fruit_Bacterial Spot+cauliflower__cauliflower_fruit_Bacterial spot rot,True,LOW_INTRA_SPLIT_DUPLICATE
model2_v4,data/processed/model2_v4/train/cauliflower/cauliflower_fruit_Bacterial spot rot/Bacterial Spot. (90).jpg,Bacterial Spot. (90).jpg,train,cauliflower__cauliflower_fruit_Bacterial spot rot,acd8c551526a4732012620b6f07e6b2c5f31036a3feeb8a369771018594bdd66,2,train,cauliflower__cauliflower_fruit_Bacterial Spot+cauliflower__cauliflower_fruit_Bacterial spot rot,True,LOW_INTRA_SPLIT_DUPLICATE
model2_v4,data/processed/model2_v4/train/cauliflower/cauliflower_fruit_healthy/No disease. (43).jpg,No disease. (43).jpg,train,cauliflower__cauliflower_fruit_healthy,ad29caa7aafe01f06fc895cc193d723e4b64d2df0687bc33f9ee37f5ce1d9812,2,train,cauliflower__cauliflower_fruit_healthy+cauliflower__cauliflower_leaf_Healthy,True,LOW_INTRA_SPLIT_DUPLICATE
model2_v4,data/processed/model2_v4/train/cauliflower/cauliflower_leaf_Healthy/Healthy_286.jpg,Healthy_286.jpg,train,cauliflower__cauliflower_leaf_Healthy,ad29caa7aafe01f06fc895cc193d723e4b64d2df0687bc33f9ee37f5ce1d9812,2,train,cauliflower__cauliflower_fruit_healthy+cauliflower__cauliflower_leaf_Healthy,True,LOW_INTRA_SPLIT_DUPLICATE
model2_v4,data/processed/model2_v4/train/cabbage/alternaria_leaf_spot/add4ac0670_cabbage_alternaria_leaf_spot_google_0002.jpg,add4ac0670_cabbage_alternaria_leaf_spot_google_0002.jpg,train,cabbage__alternaria_leaf_spot,add4ac0670d36b2ec8ebe02e2c8db3a62537dcbf10cf9987317514a3ae5a5c00,3,train,cabbage__alternaria_leaf_spot+cauliflower__cauliflower_leaf_Alternaria Leaf Spot,False,LOW_INTRA_SPLIT_DUPLICATE
model2_v4,data/processed/model2_v4/train/cauliflower/cauliflower_leaf_Alternaria Leaf Spot/Alternaria Leaf Spot_3.jpg,Alternaria Leaf Spot_3.jpg,train,cauliflower__cauliflower_leaf_Alternaria Leaf Spot,add4ac0670d36b2ec8ebe02e2c8db3a62537dcbf10cf9987317514a3ae5a5c00,3,train,cabbage__alternaria_leaf_spot+cauliflower__cauliflower_leaf_Alternaria Leaf Spot,True,LOW_INTRA_SPLIT_DUPLICATE
model2_v4,data/processed/model2_v4/train/cauliflower/cauliflower_leaf_Alternaria Leaf Spot/Alternaria Leaf Spot_4.jpg,Alternaria Leaf Spot_4.jpg,train,cauliflower__cauliflower_leaf_Alternaria Leaf Spot,add4ac0670d36b2ec8ebe02e2c8db3a62537dcbf10cf9987317514a3ae5a5c00,3,train,cabbage__alternaria_leaf_spot+cauliflower__cauliflower_leaf_Alternaria Leaf Spot,True,LOW_INTRA_SPLIT_DUPLICATE
model2_v4,data/processed/model2_v4/train/cauliflower/cauliflower_leaf_Alternaria Leaf Spot/Alternaria Leaf Spot_278.jpeg,Alternaria Leaf Spot_278.jpeg,train,cauliflower__cauliflower_leaf_Alternaria Leaf Spot,ae1cc06f61a9902ba5795ca9e72952e102254a6a957b2e6d273c4d5c71786c4a,2,train,cauliflower__cauliflower_leaf_Alternaria Leaf Spot+cauliflower__cauliflower_leaf_Downy Mildew,True,LOW_INTRA_SPLIT_DUPLICATE
model2_v4,data/processed/model2_v4/train/cauliflower/cauliflower_leaf_Downy Mildew/Downy Mildew. (29).jpeg,Downy Mildew. (29).jpeg,train,cauliflower__cauliflower_leaf_Downy Mildew,ae1cc06f61a9902ba5795ca9e72952e102254a6a957b2e6d273c4d5c71786c4a,2,train,cauliflower__cauliflower_leaf_Alternaria Leaf Spot+cauliflower__cauliflower_leaf_Downy Mildew,True,LOW_INTRA_SPLIT_DUPLICATE
model2_v4,data/processed/model2_v4/train/cauliflower/cauliflower_fruit_Bacterial Soft Rot/Bacterial Soft Rot_1.jpg,Bacterial Soft Rot_1.jpg,train,cauliflower__cauliflower_fruit_Bacterial Soft Rot,aec07c4fa60877346151c09d692ffef59a5e0caff38d9b8fb81db973c56e5d0b,2,train,cauliflower__cauliflower_fruit_Bacterial Soft Rot,True,LOW_INTRA_SPLIT_DUPLICATE
model2_v4,data/processed/model2_v4/train/cauliflower/cauliflower_fruit_Bacterial Soft Rot/Bacterial Soft Rot_21.jpg,Bacterial Soft Rot_21.jpg,train,cauliflower__cauliflower_fruit_Bacterial Soft Rot,aec07c4fa60877346151c09d692ffef59a5e0caff38d9b8fb81db973c56e5d0b,2,train,cauliflower__cauliflower_fruit_Bacterial Soft Rot,True,LOW_INTRA_SPLIT_DUPLICATE
model2_v4,data/processed/model2_v4/train/cauliflower/cauliflower_fruit_healthy/No disease. (23).jpg,No disease. (23).jpg,train,cauliflower__cauliflower_fruit_healthy,af2dd1701a8fdaa4a574661287016af55f572bf107156cfcb16e75e373eef282,2,train,cauliflower__cauliflower_fruit_healthy+cauliflower__cauliflower_leaf_Healthy,True,LOW_INTRA_SPLIT_DUPLICATE
model2_v4,data/processed/model2_v4/train/cauliflower/cauliflower_leaf_Healthy/Healthy_264.jpg,Healthy_264.jpg,train,cauliflower__cauliflower_leaf_Healthy,af2dd1701a8fdaa4a574661287016af55f572bf107156cfcb16e75e373eef282,2,train,cauliflower__cauliflower_fruit_healthy+cauliflower__cauliflower_leaf_Healthy,True,LOW_INTRA_SPLIT_DUPLICATE
model2_v4,data/processed/model2_v4/train/cauliflower/cauliflower_leaf_Downy Mildew/Downy Mildew. (112).jpg,Downy Mildew. (112).jpg,train,cauliflower__cauliflower_leaf_Downy Mildew,b0cec39328f3b1344e7d8c3ca70ea3eecf04e87301b53859feb7f0d46a519374,2,train,cauliflower__cauliflower_leaf_Downy Mildew,True,LOW_INTRA_SPLIT_DUPLICATE
model2_v4,data/processed/model2_v4/train/cauliflower/cauliflower_leaf_Downy Mildew/Downy Mildew_19.jpg,Downy Mildew_19.jpg,train,cauliflower__cauliflower_leaf_Downy Mildew,b0cec39328f3b1344e7d8c3ca70ea3eecf04e87301b53859feb7f0d46a519374,2,train,cauliflower__cauliflower_leaf_Downy Mildew,True,LOW_INTRA_SPLIT_DUPLICATE
model2_v4,data/processed/model2_v4/train/cauliflower/cauliflower_leaf_Downy Mildew/Downy Mildew. (68).jpg,Downy Mildew. (68).jpg,train,cauliflower__cauliflower_leaf_Downy Mildew,b23c02e27334623481185c4e7ca9bda29151607b56173aae14349015f0b2f6ee,2,train,cauliflower__cauliflower_leaf_Downy Mildew,True,LOW_INTRA_SPLIT_DUPLICATE
model2_v4,data/processed/model2_v4/train/cauliflower/cauliflower_leaf_Downy Mildew/Downy Mildew_111.jpg,Downy Mildew_111.jpg,train,cauliflower__cauliflower_leaf_Downy Mildew,b23c02e27334623481185c4e7ca9bda29151607b56173aae14349015f0b2f6ee,2,train,cauliflower__cauliflower_leaf_Downy Mildew,True,LOW_INTRA_SPLIT_DUPLICATE
model2_v4,data/processed/model2_v4/train/bell_pepper/bacterial_spot/pepper_bell_bacterial_spot292.jpg,pepper_bell_bacterial_spot292.jpg,train,bell_pepper__bacterial_spot,b29d9161ca31dd4a8ea54718ae9eabc771406cbd7ed914efc773cbfb5347f4f5,2,train,bell_pepper__Leaf_Curl+bell_pepper__bacterial_spot,True,LOW_INTRA_SPLIT_DUPLICATE
model2_v4,data/processed/model2_v4/train/bell_pepper/Leaf_Curl/0719e8e8-c1ae-4d5a-b29c-dbadc36d13f3___NREC_B.Spot 1947.jpg,0719e8e8-c1ae-4d5a-b29c-dbadc36d13f3___NREC_B.Spot 1947.jpg,train,bell_pepper__Leaf_Curl,b29d9161ca31dd4a8ea54718ae9eabc771406cbd7ed914efc773cbfb5347f4f5,2,train,bell_pepper__Leaf_Curl+bell_pepper__bacterial_spot,True,LOW_INTRA_SPLIT_DUPLICATE
model2_v4,data/processed/model2_v4/train/cauliflower/cauliflower_leaf_Downy Mildew/Downy Mildew. (80).jpg,Downy Mildew. (80).jpg,train,cauliflower__cauliflower_leaf_Downy Mildew,b42a3fc5202f179f8fc6ba23b125670554733cc421128f76b473e1371e88b2a0,2,train,cauliflower__cauliflower_leaf_Downy Mildew,True,LOW_INTRA_SPLIT_DUPLICATE
model2_v4,data/processed/model2_v4/train/cauliflower/cauliflower_leaf_Downy Mildew/Downy Mildew_125.jpg,Downy Mildew_125.jpg,train,cauliflower__cauliflower_leaf_Downy Mildew,b42a3fc5202f179f8fc6ba23b125670554733cc421128f76b473e1371e88b2a0,2,train,cauliflower__cauliflower_leaf_Downy Mildew,True,LOW_INTRA_SPLIT_DUPLICATE
model2_v4,data/processed/model2_v4/train/cauliflower/cauliflower_fruit_Bacterial Spot/Bacterial Spot_13.jpg,Bacterial Spot_13.jpg,train,cauliflower__cauliflower_fruit_Bacterial Spot,b54886e9e15fa37c065940d4c01cff73bfa52d041ceee85423d36604272fa543,2,train,cauliflower__cauliflower_fruit_Bacterial Spot+cauliflower__cauliflower_fruit_Bacterial spot rot,True,LOW_INTRA_SPLIT_DUPLICATE
model2_v4,data/processed/model2_v4/train/cauliflower/cauliflower_fruit_Bacterial spot rot/Bacterial Spot. (96).jpg,Bacterial Spot. (96).jpg,train,cauliflower__cauliflower_fruit_Bacterial spot rot,b54886e9e15fa37c065940d4c01cff73bfa52d041ceee85423d36604272fa543,2,train,cauliflower__cauliflower_fruit_Bacterial Spot+cauliflower__cauliflower_fruit_Bacterial spot rot,True,LOW_INTRA_SPLIT_DUPLICATE
model2_v4,data/processed/model2_v4/train/cauliflower/cauliflower_leaf_Downy Mildew/Downy Mildew. (22).jpg,Downy Mildew. (22).jpg,train,cauliflower__cauliflower_leaf_Downy Mildew,b54ce9a7a01d354c7385ab3468ae4ab6a5ce3f6ce393ec242d71e1a5ddb42172,2,train,cauliflower__cauliflower_leaf_Downy Mildew,True,LOW_INTRA_SPLIT_DUPLICATE
model2_v4,data/processed/model2_v4/train/cauliflower/cauliflower_leaf_Downy Mildew/Downy Mildew_61.jpg,Downy Mildew_61.jpg,train,cauliflower__cauliflower_leaf_Downy Mildew,b54ce9a7a01d354c7385ab3468ae4ab6a5ce3f6ce393ec242d71e1a5ddb42172,2,train,cauliflower__cauliflower_leaf_Downy Mildew,True,LOW_INTRA_SPLIT_DUPLICATE
model2_v4,data/processed/model2_v4/train/cauliflower/cauliflower_leaf_Downy Mildew/Downy Mildew. (12).jpg,Downy Mildew. (12).jpg,train,cauliflower__cauliflower_leaf_Downy Mildew,b59676c6798986a25e9e890dbe17d939a2dbbe6b1a6322d2d260883147e6de36,2,train,cauliflower__cauliflower_leaf_Downy Mildew,True,LOW_INTRA_SPLIT_DUPLICATE
model2_v4,data/processed/model2_v4/train/cauliflower/cauliflower_leaf_Downy Mildew/Downy Mildew_27.jpg,Downy Mildew_27.jpg,train,cauliflower__cauliflower_leaf_Downy Mildew,b59676c6798986a25e9e890dbe17d939a2dbbe6b1a6322d2d260883147e6de36,2,train,cauliflower__cauliflower_leaf_Downy Mildew,True,LOW_INTRA_SPLIT_DUPLICATE
model2_v4,data/processed/model2_v4/train/cauliflower/cauliflower_fruit_healthy/No disease. (91).jpg,No disease. (91).jpg,train,cauliflower__cauliflower_fruit_healthy,b5a76ce0917f53e0e4fcafc12d6c65135942f6c041f45d418cfea8813c02ba87,2,train,cauliflower__cauliflower_fruit_healthy+cauliflower__cauliflower_leaf_Healthy,True,LOW_INTRA_SPLIT_DUPLICATE
model2_v4,data/processed/model2_v4/train/cauliflower/cauliflower_leaf_Healthy/Healthy_337.jpg,Healthy_337.jpg,train,cauliflower__cauliflower_leaf_Healthy,b5a76ce0917f53e0e4fcafc12d6c65135942f6c041f45d418cfea8813c02ba87,2,train,cauliflower__cauliflower_fruit_healthy+cauliflower__cauliflower_leaf_Healthy,True,LOW_INTRA_SPLIT_DUPLICATE
model2_v4,data/processed/model2_v4/train/cauliflower/cauliflower_leaf_Downy Mildew/Downy Mildew. (2).jpg,Downy Mildew. (2).jpg,train,cauliflower__cauliflower_leaf_Downy Mildew,b681ddf9785445e1cdef8a24a6b4fc12a197c4a3e9c1553831bfffec8ee234ba,2,train,cauliflower__cauliflower_leaf_Downy Mildew,True,LOW_INTRA_SPLIT_DUPLICATE
model2_v4,data/processed/model2_v4/train/cauliflower/cauliflower_leaf_Downy Mildew/Downy Mildew_58.jpg,Downy Mildew_58.jpg,train,cauliflower__cauliflower_leaf_Downy Mildew,b681ddf9785445e1cdef8a24a6b4fc12a197c4a3e9c1553831bfffec8ee234ba,2,train,cauliflower__cauliflower_leaf_Downy Mildew,True,LOW_INTRA_SPLIT_DUPLICATE
model2_v4,data/processed/model2_v4/train/cauliflower/cauliflower_fruit_healthy/No disease. (73).jpg,No disease. (73).jpg,train,cauliflower__cauliflower_fruit_healthy,b74a3f797f99e1ba5a01684326e1b61c3a14a5e6f9bdc9c8d278370a59e46288,2,train,cauliflower__cauliflower_fruit_healthy+cauliflower__cauliflower_leaf_Healthy,True,LOW_INTRA_SPLIT_DUPLICATE
model2_v4,data/processed/model2_v4/train/cauliflower/cauliflower_leaf_Healthy/Healthy_317.jpg,Healthy_317.jpg,train,cauliflower__cauliflower_leaf_Healthy,b74a3f797f99e1ba5a01684326e1b61c3a14a5e6f9bdc9c8d278370a59e46288,2,train,cauliflower__cauliflower_fruit_healthy+cauliflower__cauliflower_leaf_Healthy,True,LOW_INTRA_SPLIT_DUPLICATE
model2_v4,data/processed/model2_v4/train/cauliflower/cauliflower_fruit_healthy/No disease. (47).jpg,No disease. (47).jpg,train,cauliflower__cauliflower_fruit_healthy,b9f681c0c072ec011d2e7688e8ebbbedcbebe3e72cec0f41b4a90dba2a08b357,2,train,cauliflower__cauliflower_fruit_healthy+cauliflower__cauliflower_leaf_Healthy,True,LOW_INTRA_SPLIT_DUPLICATE
model2_v4,data/processed/model2_v4/train/cauliflower/cauliflower_leaf_Healthy/Healthy_288.jpg,Healthy_288.jpg,train,cauliflower__cauliflower_leaf_Healthy,b9f681c0c072ec011d2e7688e8ebbbedcbebe3e72cec0f41b4a90dba2a08b357,2,train,cauliflower__cauliflower_fruit_healthy+cauliflower__cauliflower_leaf_Healthy,True,LOW_INTRA_SPLIT_DUPLICATE
model2_v4,data/processed/model2_v4/train/cauliflower/cauliflower_fruit_healthy/No disease. (63).jpg,No disease. (63).jpg,train,cauliflower__cauliflower_fruit_healthy,ba033c4cd794b3b8ac54040698f4994366d15b9b172313ca51ba43516bf599a8,2,train,cauliflower__cauliflower_fruit_healthy+cauliflower__cauliflower_leaf_Healthy,True,LOW_INTRA_SPLIT_DUPLICATE
model2_v4,data/processed/model2_v4/train/cauliflower/cauliflower_leaf_Healthy/Healthy_306.jpg,Healthy_306.jpg,train,cauliflower__cauliflower_leaf_Healthy,ba033c4cd794b3b8ac54040698f4994366d15b9b172313ca51ba43516bf599a8,2,train,cauliflower__cauliflower_fruit_healthy+cauliflower__cauliflower_leaf_Healthy,True,LOW_INTRA_SPLIT_DUPLICATE
model2_v4,data/processed/model2_v4/train/cauliflower/cauliflower_leaf_Downy Mildew/Downy Mildew. (48).jpg,Downy Mildew. (48).jpg,train,cauliflower__cauliflower_leaf_Downy Mildew,ba112dc0f3dc32d3d6a730f2fd54bdaec53f812d6d0523845c0ee6227debccf4,2,train,cauliflower__cauliflower_leaf_Downy Mildew,True,LOW_INTRA_SPLIT_DUPLICATE
model2_v4,data/processed/model2_v4/train/cauliflower/cauliflower_leaf_Downy Mildew/Downy Mildew_89.jpg,Downy Mildew_89.jpg,train,cauliflower__cauliflower_leaf_Downy Mildew,ba112dc0f3dc32d3d6a730f2fd54bdaec53f812d6d0523845c0ee6227debccf4,2,train,cauliflower__cauliflower_leaf_Downy Mildew,True,LOW_INTRA_SPLIT_DUPLICATE
model2_v4,data/processed/model2_v4/train/cauliflower/cauliflower_fruit_healthy/No disease. (178).jpg,No disease. (178).jpg,train,cauliflower__cauliflower_fruit_healthy,bac650d26482f2a61d83378696430f3998bea3339a3cba8422e57f1aa8ec2bcb,2,train,cauliflower__cauliflower_fruit_healthy+cauliflower__cauliflower_leaf_Healthy,True,LOW_INTRA_SPLIT_DUPLICATE
model2_v4,data/processed/model2_v4/train/cauliflower/cauliflower_leaf_Healthy/Healthy_247.jpg,Healthy_247.jpg,train,cauliflower__cauliflower_leaf_Healthy,bac650d26482f2a61d83378696430f3998bea3339a3cba8422e57f1aa8ec2bcb,2,train,cauliflower__cauliflower_fruit_healthy+cauliflower__cauliflower_leaf_Healthy,True,LOW_INTRA_SPLIT_DUPLICATE
model2_v4,data/processed/model2_v4/train/cauliflower/cauliflower_fruit_healthy/No disease. (184).jpg,No disease. (184).jpg,train,cauliflower__cauliflower_fruit_healthy,bb2b19bbc30882619f8e4f36a0d8af693eec90c781f37685bba0d90b5d267f46,2,train,cauliflower__cauliflower_fruit_healthy+cauliflower__cauliflower_leaf_Healthy,True,LOW_INTRA_SPLIT_DUPLICATE
model2_v4,data/processed/model2_v4/train/cauliflower/cauliflower_leaf_Healthy/Healthy_254.jpg,Healthy_254.jpg,train,cauliflower__cauliflower_leaf_Healthy,bb2b19bbc30882619f8e4f36a0d8af693eec90c781f37685bba0d90b5d267f46,2,train,cauliflower__cauliflower_fruit_healthy+cauliflower__cauliflower_leaf_Healthy,True,LOW_INTRA_SPLIT_DUPLICATE
model2_v4,data/processed/model2_v4/train/cauliflower/cauliflower_fruit_healthy/No disease. (101).jpg,No disease. (101).jpg,train,cauliflower__cauliflower_fruit_healthy,bb54962de6eba4d02b64167194f34218844847417529e3bf3a8ac8497573ae5a,2,train,cauliflower__cauliflower_fruit_healthy+cauliflower__cauliflower_leaf_Healthy,True,LOW_INTRA_SPLIT_DUPLICATE
model2_v4,data/processed/model2_v4/train/cauliflower/cauliflower_leaf_Healthy/Healthy_183.jpg,Healthy_183.jpg,train,cauliflower__cauliflower_leaf_Healthy,bb54962de6eba4d02b64167194f34218844847417529e3bf3a8ac8497573ae5a,2,train,cauliflower__cauliflower_fruit_healthy+cauliflower__cauliflower_leaf_Healthy,True,LOW_INTRA_SPLIT_DUPLICATE
model2_v4,data/processed/model2_v4/train/cauliflower/cauliflower_fruit_healthy/No disease. (84).jpg,No disease. (84).jpg,train,cauliflower__cauliflower_fruit_healthy,bc9cfc327cc4559c15a7ae7419afd9be678d5ac5d9364befeac45b4e32500156,2,train,cauliflower__cauliflower_fruit_healthy+cauliflower__cauliflower_leaf_Healthy,True,LOW_INTRA_SPLIT_DUPLICATE
model2_v4,data/processed/model2_v4/train/cauliflower/cauliflower_leaf_Healthy/Healthy_329.jpg,Healthy_329.jpg,train,cauliflower__cauliflower_leaf_Healthy,bc9cfc327cc4559c15a7ae7419afd9be678d5ac5d9364befeac45b4e32500156,2,train,cauliflower__cauliflower_fruit_healthy+cauliflower__cauliflower_leaf_Healthy,True,LOW_INTRA_SPLIT_DUPLICATE
model2_v4,data/processed/model2_v4/train/cauliflower/cauliflower_fruit_healthy/No disease. (61).jpg,No disease. (61).jpg,train,cauliflower__cauliflower_fruit_healthy,bcb3db3a9471206364d9b4da8100a8f93d382f894749558c04e9f9208dd429ea,2,train,cauliflower__cauliflower_fruit_healthy+cauliflower__cauliflower_leaf_Healthy,True,LOW_INTRA_SPLIT_DUPLICATE
model2_v4,data/processed/model2_v4/train/cauliflower/cauliflower_leaf_Healthy/Healthy_304.jpg,Healthy_304.jpg,train,cauliflower__cauliflower_leaf_Healthy,bcb3db3a9471206364d9b4da8100a8f93d382f894749558c04e9f9208dd429ea,2,train,cauliflower__cauliflower_fruit_healthy+cauliflower__cauliflower_leaf_Healthy,True,LOW_INTRA_SPLIT_DUPLICATE
model2_v4,data/processed/model2_v4/train/cauliflower/cauliflower_leaf_Healthy/Healthy_41.jpeg,Healthy_41.jpeg,train,cauliflower__cauliflower_leaf_Healthy,bcd1385af4709f123d28915f23802a82f0b196ab37abad5af81e7a2d31ded41f,2,train,cauliflower__cauliflower_leaf_Healthy,True,LOW_INTRA_SPLIT_DUPLICATE
model2_v4,data/processed/model2_v4/train/cauliflower/cauliflower_leaf_Healthy/Healthy_42.jpeg,Healthy_42.jpeg,train,cauliflower__cauliflower_leaf_Healthy,bcd1385af4709f123d28915f23802a82f0b196ab37abad5af81e7a2d31ded41f,2,train,cauliflower__cauliflower_leaf_Healthy,True,LOW_INTRA_SPLIT_DUPLICATE
model2_v4,data/processed/model2_v4/train/cauliflower/cauliflower_fruit_healthy/No disease. (157).jpg,No disease. (157).jpg,train,cauliflower__cauliflower_fruit_healthy,bf6c13aee89c7a8cc3136d69876594fa0fc272dfb2882757ee5f40d83e570af6,2,train,cauliflower__cauliflower_fruit_healthy+cauliflower__cauliflower_leaf_Healthy,True,LOW_INTRA_SPLIT_DUPLICATE
model2_v4,data/processed/model2_v4/train/cauliflower/cauliflower_leaf_Healthy/Healthy_234.jpg,Healthy_234.jpg,train,cauliflower__cauliflower_leaf_Healthy,bf6c13aee89c7a8cc3136d69876594fa0fc272dfb2882757ee5f40d83e570af6,2,train,cauliflower__cauliflower_fruit_healthy+cauliflower__cauliflower_leaf_Healthy,True,LOW_INTRA_SPLIT_DUPLICATE
model2_v4,data/processed/model2_v4/train/cauliflower/cauliflower_fruit_healthy/No disease. (62).jpg,No disease. (62).jpg,train,cauliflower__cauliflower_fruit_healthy,c0865ff18915744ad20464f990f357eb0a1d7f24f1964d76060bee58b579a7d6,2,train,cauliflower__cauliflower_fruit_healthy+cauliflower__cauliflower_leaf_Healthy,True,LOW_INTRA_SPLIT_DUPLICATE
model2_v4,data/processed/model2_v4/train/cauliflower/cauliflower_leaf_Healthy/Healthy_305.jpg,Healthy_305.jpg,train,cauliflower__cauliflower_leaf_Healthy,c0865ff18915744ad20464f990f357eb0a1d7f24f1964d76060bee58b579a7d6,2,train,cauliflower__cauliflower_fruit_healthy+cauliflower__cauliflower_leaf_Healthy,True,LOW_INTRA_SPLIT_DUPLICATE
model2_v4,data/processed/model2_v4/train/cauliflower/cauliflower_leaf_Downy Mildew/Downy Mildew. (14).jpeg,Downy Mildew. (14).jpeg,train,cauliflower__cauliflower_leaf_Downy Mildew,c284c71282d4fa6af17aa21903f73331e59ac739abee22dff28ad15c0b276631,2,train,cauliflower__cauliflower_leaf_Downy Mildew,True,LOW_INTRA_SPLIT_DUPLICATE
model2_v4,data/processed/model2_v4/train/cauliflower/cauliflower_leaf_Downy Mildew/Downy Mildew_4.jpeg,Downy Mildew_4.jpeg,train,cauliflower__cauliflower_leaf_Downy Mildew,c284c71282d4fa6af17aa21903f73331e59ac739abee22dff28ad15c0b276631,2,train,cauliflower__cauliflower_leaf_Downy Mildew,True,LOW_INTRA_SPLIT_DUPLICATE
model2_v4,data/processed/model2_v4/train/cauliflower/cauliflower_fruit_healthy/No disease. (166).jpg,No disease. (166).jpg,train,cauliflower__cauliflower_fruit_healthy,c285a6e43598f78f7bc5ccf2bf89aeee9880a665167c157726f2b722dcad4e88,2,train,cauliflower__cauliflower_fruit_healthy+cauliflower__cauliflower_leaf_Healthy,True,LOW_INTRA_SPLIT_DUPLICATE
model2_v4,data/processed/model2_v4/train/cauliflower/cauliflower_leaf_Healthy/Healthy_242.jpg,Healthy_242.jpg,train,cauliflower__cauliflower_leaf_Healthy,c285a6e43598f78f7bc5ccf2bf89aeee9880a665167c157726f2b722dcad4e88,2,train,cauliflower__cauliflower_fruit_healthy+cauliflower__cauliflower_leaf_Healthy,True,LOW_INTRA_SPLIT_DUPLICATE
model2_v4,data/processed/model2_v4/train/cauliflower/cauliflower_leaf_Alternaria Leaf Spot/Alternaria Leaf Spot_284.jpeg,Alternaria Leaf Spot_284.jpeg,train,cauliflower__cauliflower_leaf_Alternaria Leaf Spot,c2914e1e3ed7bb9821ae486801484404ce1eb41dcf82f3691d64f263240f52cf,2,train,cauliflower__cauliflower_leaf_Alternaria Leaf Spot+cauliflower__cauliflower_leaf_Downy Mildew,True,LOW_INTRA_SPLIT_DUPLICATE
model2_v4,data/processed/model2_v4/train/cauliflower/cauliflower_leaf_Downy Mildew/Downy Mildew. (7).jpeg,Downy Mildew. (7).jpeg,train,cauliflower__cauliflower_leaf_Downy Mildew,c2914e1e3ed7bb9821ae486801484404ce1eb41dcf82f3691d64f263240f52cf,2,train,cauliflower__cauliflower_leaf_Alternaria Leaf Spot+cauliflower__cauliflower_leaf_Downy Mildew,True,LOW_INTRA_SPLIT_DUPLICATE
model2_v4,data/processed/model2_v4/train/cauliflower/cauliflower_leaf_Downy Mildew/Downy Mildew. (27).jpg,Downy Mildew. (27).jpg,train,cauliflower__cauliflower_leaf_Downy Mildew,c35c2091d995e625cca0338c17af8dfbec8c5545a4e9b82ebde8660333fdaf46,2,train,cauliflower__cauliflower_leaf_Downy Mildew,True,LOW_INTRA_SPLIT_DUPLICATE
model2_v4,data/processed/model2_v4/train/cauliflower/cauliflower_leaf_Downy Mildew/Downy Mildew_66.jpg,Downy Mildew_66.jpg,train,cauliflower__cauliflower_leaf_Downy Mildew,c35c2091d995e625cca0338c17af8dfbec8c5545a4e9b82ebde8660333fdaf46,2,train,cauliflower__cauliflower_leaf_Downy Mildew,True,LOW_INTRA_SPLIT_DUPLICATE
model2_v4,data/processed/model2_v4/train/cauliflower/cauliflower_leaf_Healthy/Healthy_62.jpg,Healthy_62.jpg,train,cauliflower__cauliflower_leaf_Healthy,c3784977b48d8fe9dc26d8ec7fce5d05741be87e3b6464f2e5219198d3bdfa2d,2,train,cauliflower__cauliflower_leaf_Healthy,True,LOW_INTRA_SPLIT_DUPLICATE
model2_v4,data/processed/model2_v4/train/cauliflower/cauliflower_leaf_Healthy/Healthy_63.jpg,Healthy_63.jpg,train,cauliflower__cauliflower_leaf_Healthy,c3784977b48d8fe9dc26d8ec7fce5d05741be87e3b6464f2e5219198d3bdfa2d,2,train,cauliflower__cauliflower_leaf_Healthy,True,LOW_INTRA_SPLIT_DUPLICATE
model2_v4,data/processed/model2_v4/train/cauliflower/cauliflower_leaf_Alternaria Leaf Spot/Alternaria Leaf Spot_272.jpeg,Alternaria Leaf Spot_272.jpeg,train,cauliflower__cauliflower_leaf_Alternaria Leaf Spot,c3f7bb0eddf360d97e5ca5b575437ac54e3a0f87a761fceda90db281156f5eb3,2,train,cauliflower__cauliflower_leaf_Alternaria Leaf Spot+cauliflower__cauliflower_leaf_Downy Mildew,True,LOW_INTRA_SPLIT_DUPLICATE
model2_v4,data/processed/model2_v4/train/cauliflower/cauliflower_leaf_Downy Mildew/Downy Mildew. (21).jpeg,Downy Mildew. (21).jpeg,train,cauliflower__cauliflower_leaf_Downy Mildew,c3f7bb0eddf360d97e5ca5b575437ac54e3a0f87a761fceda90db281156f5eb3,2,train,cauliflower__cauliflower_leaf_Alternaria Leaf Spot+cauliflower__cauliflower_leaf_Downy Mildew,True,LOW_INTRA_SPLIT_DUPLICATE
model2_v4,data/processed/model2_v4/train/cauliflower/cauliflower_fruit_healthy/No disease. (49).jpg,No disease. (49).jpg,train,cauliflower__cauliflower_fruit_healthy,c65df3a6b589464af4d450e216fafb1f6dcb6cac69ca828ede08c36c51c09b83,2,train,cauliflower__cauliflower_fruit_healthy+cauliflower__cauliflower_leaf_Healthy,True,LOW_INTRA_SPLIT_DUPLICATE
model2_v4,data/processed/model2_v4/train/cauliflower/cauliflower_leaf_Healthy/Healthy_290.jpg,Healthy_290.jpg,train,cauliflower__cauliflower_leaf_Healthy,c65df3a6b589464af4d450e216fafb1f6dcb6cac69ca828ede08c36c51c09b83,2,train,cauliflower__cauliflower_fruit_healthy+cauliflower__cauliflower_leaf_Healthy,True,LOW_INTRA_SPLIT_DUPLICATE
model2_v4,data/processed/model2_v4/train/cauliflower/cauliflower_leaf_Downy Mildew/Downy Mildew. (77).jpg,Downy Mildew. (77).jpg,train,cauliflower__cauliflower_leaf_Downy Mildew,c6aba3c0811936565fb173a64b9a99d385a2e8f6bc425ef316fca35f6194b1a6,2,train,cauliflower__cauliflower_leaf_Downy Mildew,True,LOW_INTRA_SPLIT_DUPLICATE
model2_v4,data/processed/model2_v4/train/cauliflower/cauliflower_leaf_Downy Mildew/Downy Mildew_121.jpg,Downy Mildew_121.jpg,train,cauliflower__cauliflower_leaf_Downy Mildew,c6aba3c0811936565fb173a64b9a99d385a2e8f6bc425ef316fca35f6194b1a6,2,train,cauliflower__cauliflower_leaf_Downy Mildew,True,LOW_INTRA_SPLIT_DUPLICATE
model2_v4,data/processed/model2_v4/train/bell_pepper/Cerespora/Cercospora-Leaf-Spot-Management-in-Chilli3 (2).jpg,Cercospora-Leaf-Spot-Management-in-Chilli3 (2).jpg,train,bell_pepper__Cerespora,c76595dd0f236a6d1c7c9bae6a7aac825f08d9dbed375e5184593a3e99db9a68,2,train,bell_pepper__Cerespora,True,LOW_INTRA_SPLIT_DUPLICATE
model2_v4,data/processed/model2_v4/train/bell_pepper/Cerespora/download2 (44).jpg,download2 (44).jpg,train,bell_pepper__Cerespora,c76595dd0f236a6d1c7c9bae6a7aac825f08d9dbed375e5184593a3e99db9a68,2,train,bell_pepper__Cerespora,True,LOW_INTRA_SPLIT_DUPLICATE
model2_v4,data/processed/model2_v4/train/cauliflower/cauliflower_leaf_Downy Mildew/Downy Mildew. (102).jpg,Downy Mildew. (102).jpg,train,cauliflower__cauliflower_leaf_Downy Mildew,c87a4a9666d938c05dfa79947e1dcdc0e9c7c4e903c93ab07ee0f328b2a66d27,2,train,cauliflower__cauliflower_leaf_Downy Mildew,True,LOW_INTRA_SPLIT_DUPLICATE
model2_v4,data/processed/model2_v4/train/cauliflower/cauliflower_leaf_Downy Mildew/Downy Mildew_8.jpg,Downy Mildew_8.jpg,train,cauliflower__cauliflower_leaf_Downy Mildew,c87a4a9666d938c05dfa79947e1dcdc0e9c7c4e903c93ab07ee0f328b2a66d27,2,train,cauliflower__cauliflower_leaf_Downy Mildew,True,LOW_INTRA_SPLIT_DUPLICATE
model2_v4,data/processed/model2_v4/train/cauliflower/cauliflower_fruit_healthy/No disease. (68).jpg,No disease. (68).jpg,train,cauliflower__cauliflower_fruit_healthy,ca2a4c450f4abc6575d71658f076d134cf2a814f535d88f4a095e4c3fe539a6a,2,train,cauliflower__cauliflower_fruit_healthy+cauliflower__cauliflower_leaf_Healthy,True,LOW_INTRA_SPLIT_DUPLICATE
model2_v4,data/processed/model2_v4/train/cauliflower/cauliflower_leaf_Healthy/Healthy_311.jpg,Healthy_311.jpg,train,cauliflower__cauliflower_leaf_Healthy,ca2a4c450f4abc6575d71658f076d134cf2a814f535d88f4a095e4c3fe539a6a,2,train,cauliflower__cauliflower_fruit_healthy+cauliflower__cauliflower_leaf_Healthy,True,LOW_INTRA_SPLIT_DUPLICATE
model2_v4,data/processed/model2_v4/train/cauliflower/cauliflower_leaf_Alternaria Leaf Spot/Alternaria Leaf Spot_268.jpeg,Alternaria Leaf Spot_268.jpeg,train,cauliflower__cauliflower_leaf_Alternaria Leaf Spot,cac5d03e3342b779dfc0141bd7c8fcd1ba2bf5526af086ceaadb209f7e76e076,2,train,cauliflower__cauliflower_leaf_Alternaria Leaf Spot+cauliflower__cauliflower_leaf_Downy Mildew,True,LOW_INTRA_SPLIT_DUPLICATE
model2_v4,data/processed/model2_v4/train/cauliflower/cauliflower_leaf_Downy Mildew/Downy Mildew. (18).jpeg,Downy Mildew. (18).jpeg,train,cauliflower__cauliflower_leaf_Downy Mildew,cac5d03e3342b779dfc0141bd7c8fcd1ba2bf5526af086ceaadb209f7e76e076,2,train,cauliflower__cauliflower_leaf_Alternaria Leaf Spot+cauliflower__cauliflower_leaf_Downy Mildew,True,LOW_INTRA_SPLIT_DUPLICATE
model2_v4,data/processed/model2_v4/train/bell_pepper/Leaf_Curl/002f87b7-e1a5-49e5-a422-bb423630ded5___JR_HL 8068.jpg,002f87b7-e1a5-49e5-a422-bb423630ded5___JR_HL 8068.jpg,train,bell_pepper__Leaf_Curl,cbbafd4449715c98e67e2d081dbe24e70ada529fa3d699314dc7dd11486fe024,2,train,bell_pepper__Leaf_Curl+capsicum__healthy,True,LOW_INTRA_SPLIT_DUPLICATE
model2_v4,data/processed/model2_v4/train/capsicum/healthy/cbbafd4449_capsicum_leaves_healthy_006207.jpg,cbbafd4449_capsicum_leaves_healthy_006207.jpg,train,capsicum__healthy,cbbafd4449715c98e67e2d081dbe24e70ada529fa3d699314dc7dd11486fe024,2,train,bell_pepper__Leaf_Curl+capsicum__healthy,False,LOW_INTRA_SPLIT_DUPLICATE
model2_v4,data/processed/model2_v4/train/cauliflower/cauliflower_fruit_healthy/No disease. (104).jpg,No disease. (104).jpg,train,cauliflower__cauliflower_fruit_healthy,cc70e55480309e247d98088e2e7aae5df9cbc3466746bc545987589e06c6cb9c,2,train,cauliflower__cauliflower_fruit_healthy+cauliflower__cauliflower_leaf_Healthy,True,LOW_INTRA_SPLIT_DUPLICATE
model2_v4,data/processed/model2_v4/train/cauliflower/cauliflower_leaf_Healthy/Healthy_186.jpg,Healthy_186.jpg,train,cauliflower__cauliflower_leaf_Healthy,cc70e55480309e247d98088e2e7aae5df9cbc3466746bc545987589e06c6cb9c,2,train,cauliflower__cauliflower_fruit_healthy+cauliflower__cauliflower_leaf_Healthy,True,LOW_INTRA_SPLIT_DUPLICATE
model2_v4,data/processed/model2_v4/train/cauliflower/cauliflower_leaf_Downy Mildew/Downy Mildew. (49).jpg,Downy Mildew. (49).jpg,train,cauliflower__cauliflower_leaf_Downy Mildew,cc86c5426811a7a0c0db5993d6d145d89d7c8a326da64c92af81dcd78529a31f,2,train,cauliflower__cauliflower_leaf_Downy Mildew,True,LOW_INTRA_SPLIT_DUPLICATE
model2_v4,data/processed/model2_v4/train/cauliflower/cauliflower_leaf_Downy Mildew/Downy Mildew_90.jpg,Downy Mildew_90.jpg,train,cauliflower__cauliflower_leaf_Downy Mildew,cc86c5426811a7a0c0db5993d6d145d89d7c8a326da64c92af81dcd78529a31f,2,train,cauliflower__cauliflower_leaf_Downy Mildew,True,LOW_INTRA_SPLIT_DUPLICATE
model2_v4,data/processed/model2_v4/train/cauliflower/cauliflower_fruit_healthy/No disease. (33).jpg,No disease. (33).jpg,train,cauliflower__cauliflower_fruit_healthy,ce20e2ad43a635e0e7b3412850455baea2d81e0ca59f9aab686a2676ecea9570,2,train,cauliflower__cauliflower_fruit_healthy+cauliflower__cauliflower_leaf_Healthy,True,LOW_INTRA_SPLIT_DUPLICATE
model2_v4,data/processed/model2_v4/train/cauliflower/cauliflower_leaf_Healthy/Healthy_275.jpg,Healthy_275.jpg,train,cauliflower__cauliflower_leaf_Healthy,ce20e2ad43a635e0e7b3412850455baea2d81e0ca59f9aab686a2676ecea9570,2,train,cauliflower__cauliflower_fruit_healthy+cauliflower__cauliflower_leaf_Healthy,True,LOW_INTRA_SPLIT_DUPLICATE
model2_v4,data/processed/model2_v4/train/bell_pepper/Cerespora/4591498b-f2d2-4138-b603-8f734df28c1b___NREC_B.Spot 9063.JPG,4591498b-f2d2-4138-b603-8f734df28c1b___NREC_B.Spot 9063.JPG,train,bell_pepper__Cerespora,ce53db66f91d295e648214adb901a72deba39cf208f953e880d94a57ed3ea019,2,train,bell_pepper__Cerespora+bell_pepper__Leaf_Curl,True,LOW_INTRA_SPLIT_DUPLICATE
model2_v4,data/processed/model2_v4/train/bell_pepper/Leaf_Curl/4591498b-f2d2-4138-b603-8f734df28c1b___NREC_B.Spot 9063.JPG,4591498b-f2d2-4138-b603-8f734df28c1b___NREC_B.Spot 9063.JPG,train,bell_pepper__Leaf_Curl,ce53db66f91d295e648214adb901a72deba39cf208f953e880d94a57ed3ea019,2,train,bell_pepper__Cerespora+bell_pepper__Leaf_Curl,True,LOW_INTRA_SPLIT_DUPLICATE
model2_v4,data/processed/model2_v4/train/cauliflower/cauliflower_fruit_healthy/No disease. (93).jpg,No disease. (93).jpg,train,cauliflower__cauliflower_fruit_healthy,cf12128c398122def153d14463ab8e611f6ba7c18a5a8aff44a066aebe2a45b0,2,train,cauliflower__cauliflower_fruit_healthy+cauliflower__cauliflower_leaf_Healthy,True,LOW_INTRA_SPLIT_DUPLICATE
model2_v4,data/processed/model2_v4/train/cauliflower/cauliflower_leaf_Healthy/Healthy_339.jpg,Healthy_339.jpg,train,cauliflower__cauliflower_leaf_Healthy,cf12128c398122def153d14463ab8e611f6ba7c18a5a8aff44a066aebe2a45b0,2,train,cauliflower__cauliflower_fruit_healthy+cauliflower__cauliflower_leaf_Healthy,True,LOW_INTRA_SPLIT_DUPLICATE
model2_v4,data/processed/model2_v4/train/cauliflower/cauliflower_leaf_Downy Mildew/Downy Mildew. (81).jpg,Downy Mildew. (81).jpg,train,cauliflower__cauliflower_leaf_Downy Mildew,cfea5e7e1e9155c0a5a337ed2bec23e2212f287eb196049b9c6beb5d8d74bf89,2,train,cauliflower__cauliflower_leaf_Downy Mildew,True,LOW_INTRA_SPLIT_DUPLICATE
model2_v4,data/processed/model2_v4/train/cauliflower/cauliflower_leaf_Downy Mildew/Downy Mildew_126.jpg,Downy Mildew_126.jpg,train,cauliflower__cauliflower_leaf_Downy Mildew,cfea5e7e1e9155c0a5a337ed2bec23e2212f287eb196049b9c6beb5d8d74bf89,2,train,cauliflower__cauliflower_leaf_Downy Mildew,True,LOW_INTRA_SPLIT_DUPLICATE
model2_v4,data/processed/model2_v4/train/cauliflower/cauliflower_fruit_healthy/No disease. (149).jpg,No disease. (149).jpg,train,cauliflower__cauliflower_fruit_healthy,d24f7ea2f5b14392f537d8a2802d444457fcfd01230d97b78ed6675272a824fb,2,train,cauliflower__cauliflower_fruit_healthy+cauliflower__cauliflower_leaf_Healthy,True,LOW_INTRA_SPLIT_DUPLICATE
model2_v4,data/processed/model2_v4/train/cauliflower/cauliflower_leaf_Healthy/Healthy_231.jpg,Healthy_231.jpg,train,cauliflower__cauliflower_leaf_Healthy,d24f7ea2f5b14392f537d8a2802d444457fcfd01230d97b78ed6675272a824fb,2,train,cauliflower__cauliflower_fruit_healthy+cauliflower__cauliflower_leaf_Healthy,True,LOW_INTRA_SPLIT_DUPLICATE
model2_v4,data/processed/model2_v4/train/cauliflower/cauliflower_leaf_Downy Mildew/Downy Mildew. (7).jpg,Downy Mildew. (7).jpg,train,cauliflower__cauliflower_leaf_Downy Mildew,d2a8ae29f0a12b2eb1776074f26cd6b85387324c23cc1c8187b04d58c97ad4b0,2,train,cauliflower__cauliflower_leaf_Downy Mildew,True,LOW_INTRA_SPLIT_DUPLICATE
model2_v4,data/processed/model2_v4/train/cauliflower/cauliflower_leaf_Downy Mildew/Downy Mildew_113.jpg,Downy Mildew_113.jpg,train,cauliflower__cauliflower_leaf_Downy Mildew,d2a8ae29f0a12b2eb1776074f26cd6b85387324c23cc1c8187b04d58c97ad4b0,2,train,cauliflower__cauliflower_leaf_Downy Mildew,True,LOW_INTRA_SPLIT_DUPLICATE
model2_v4,data/processed/model2_v4/train/cauliflower/cauliflower_fruit_healthy/No disease. (24).jpg,No disease. (24).jpg,train,cauliflower__cauliflower_fruit_healthy,d358c6be5d59af015d74544fe123c952c946483905e543bdaee421bad98b12d3,2,train,cauliflower__cauliflower_fruit_healthy+cauliflower__cauliflower_leaf_Healthy,True,LOW_INTRA_SPLIT_DUPLICATE
model2_v4,data/processed/model2_v4/train/cauliflower/cauliflower_leaf_Healthy/Healthy_265.jpg,Healthy_265.jpg,train,cauliflower__cauliflower_leaf_Healthy,d358c6be5d59af015d74544fe123c952c946483905e543bdaee421bad98b12d3,2,train,cauliflower__cauliflower_fruit_healthy+cauliflower__cauliflower_leaf_Healthy,True,LOW_INTRA_SPLIT_DUPLICATE
model2_v4,data/processed/model2_v4/train/bell_pepper/Cerespora/Frogeye-pepper-2-MNetz (1).jpg,Frogeye-pepper-2-MNetz (1).jpg,train,bell_pepper__Cerespora,d38b0463dab5b3e7ca4e10d75393b068ab526438dcd03a8917942813d43bb3d3,2,train,bell_pepper__Cerespora,True,LOW_INTRA_SPLIT_DUPLICATE
model2_v4,data/processed/model2_v4/train/bell_pepper/Cerespora/Frogeye-pepper-2-MNetz.jpg,Frogeye-pepper-2-MNetz.jpg,train,bell_pepper__Cerespora,d38b0463dab5b3e7ca4e10d75393b068ab526438dcd03a8917942813d43bb3d3,2,train,bell_pepper__Cerespora,True,LOW_INTRA_SPLIT_DUPLICATE
model2_v4,data/processed/model2_v4/train/cauliflower/cauliflower_leaf_Downy Mildew/Downy Mildew. (74).jpg,Downy Mildew. (74).jpg,train,cauliflower__cauliflower_leaf_Downy Mildew,d4b23ce46190897a9ce88513e81caae713ec1df50f1fc7ab1ea5838ecf560ffd,2,train,cauliflower__cauliflower_leaf_Downy Mildew,True,LOW_INTRA_SPLIT_DUPLICATE
model2_v4,data/processed/model2_v4/train/cauliflower/cauliflower_leaf_Downy Mildew/Downy Mildew_118.jpg,Downy Mildew_118.jpg,train,cauliflower__cauliflower_leaf_Downy Mildew,d4b23ce46190897a9ce88513e81caae713ec1df50f1fc7ab1ea5838ecf560ffd,2,train,cauliflower__cauliflower_leaf_Downy Mildew,True,LOW_INTRA_SPLIT_DUPLICATE
model2_v4,data/processed/model2_v4/train/cauliflower/cauliflower_leaf_Downy Mildew/Downy Mildew. (62).jpg,Downy Mildew. (62).jpg,train,cauliflower__cauliflower_leaf_Downy Mildew,d555bb4d8abc532e9b1940369860dbf884873a8bccbbe9575810afc24ab312ee,2,train,cauliflower__cauliflower_leaf_Downy Mildew,True,LOW_INTRA_SPLIT_DUPLICATE
model2_v4,data/processed/model2_v4/train/cauliflower/cauliflower_leaf_Downy Mildew/Downy Mildew_105.jpg,Downy Mildew_105.jpg,train,cauliflower__cauliflower_leaf_Downy Mildew,d555bb4d8abc532e9b1940369860dbf884873a8bccbbe9575810afc24ab312ee,2,train,cauliflower__cauliflower_leaf_Downy Mildew,True,LOW_INTRA_SPLIT_DUPLICATE
model2_v4,data/processed/model2_v4/train/cauliflower/cauliflower_leaf_Downy Mildew/Downy Mildew. (137).jpg,Downy Mildew. (137).jpg,train,cauliflower__cauliflower_leaf_Downy Mildew,d5bb208839f3742afd2d90f53f87d123afe449df401b5982d82c1ebb06e288d1,2,train,cauliflower__cauliflower_leaf_Downy Mildew,True,LOW_INTRA_SPLIT_DUPLICATE
model2_v4,data/processed/model2_v4/train/cauliflower/cauliflower_leaf_Downy Mildew/Downy Mildew_46.jpg,Downy Mildew_46.jpg,train,cauliflower__cauliflower_leaf_Downy Mildew,d5bb208839f3742afd2d90f53f87d123afe449df401b5982d82c1ebb06e288d1,2,train,cauliflower__cauliflower_leaf_Downy Mildew,True,LOW_INTRA_SPLIT_DUPLICATE
model2_v4,data/processed/model2_v4/train/bell_pepper/bacterial_spot/pepper_bell_bacterial_spot1882.jpg,pepper_bell_bacterial_spot1882.jpg,train,bell_pepper__bacterial_spot,d68fd301fdb551ca03907d9be79da811554825af92fa545dca17b1ae54d19097,2,train,bell_pepper__Leaf_Curl+bell_pepper__bacterial_spot,True,LOW_INTRA_SPLIT_DUPLICATE
model2_v4,data/processed/model2_v4/train/bell_pepper/Leaf_Curl/121268d0-b5e9-452b-aa45-df90ddcc5ee5___JR_B.Spot 8876.jpg,121268d0-b5e9-452b-aa45-df90ddcc5ee5___JR_B.Spot 8876.jpg,train,bell_pepper__Leaf_Curl,d68fd301fdb551ca03907d9be79da811554825af92fa545dca17b1ae54d19097,2,train,bell_pepper__Leaf_Curl+bell_pepper__bacterial_spot,True,LOW_INTRA_SPLIT_DUPLICATE
model2_v4,data/processed/model2_v4/train/cauliflower/cauliflower_fruit_healthy/No disease. (127).jpg,No disease. (127).jpg,train,cauliflower__cauliflower_fruit_healthy,d695daf0234de00843265f47e1f6e8dea4a37d07fbe5e0caffece69dc784a5bd,2,train,cauliflower__cauliflower_fruit_healthy+cauliflower__cauliflower_leaf_Healthy,True,LOW_INTRA_SPLIT_DUPLICATE
model2_v4,data/processed/model2_v4/train/cauliflower/cauliflower_leaf_Healthy/Healthy_209.jpg,Healthy_209.jpg,train,cauliflower__cauliflower_leaf_Healthy,d695daf0234de00843265f47e1f6e8dea4a37d07fbe5e0caffece69dc784a5bd,2,train,cauliflower__cauliflower_fruit_healthy+cauliflower__cauliflower_leaf_Healthy,True,LOW_INTRA_SPLIT_DUPLICATE
model2_v4,data/processed/model2_v4/train/cauliflower/cauliflower_leaf_Downy Mildew/Downy Mildew. (46).jpg,Downy Mildew. (46).jpg,train,cauliflower__cauliflower_leaf_Downy Mildew,d6e0f0117bd55d4f9d98661d631e3355aee4adb808afeff1a497568396d5bb95,2,train,cauliflower__cauliflower_leaf_Downy Mildew,True,LOW_INTRA_SPLIT_DUPLICATE
model2_v4,data/processed/model2_v4/train/cauliflower/cauliflower_leaf_Downy Mildew/Downy Mildew_87.jpg,Downy Mildew_87.jpg,train,cauliflower__cauliflower_leaf_Downy Mildew,d6e0f0117bd55d4f9d98661d631e3355aee4adb808afeff1a497568396d5bb95,2,train,cauliflower__cauliflower_leaf_Downy Mildew,True,LOW_INTRA_SPLIT_DUPLICATE
model2_v4,data/processed/model2_v4/train/cauliflower/cauliflower_fruit_healthy/No disease. (139).jpg,No disease. (139).jpg,train,cauliflower__cauliflower_fruit_healthy,d7e6ca8a177a7615d729242a5e844be5cc005ca597fe2b8e9c68b19d07737aea,2,train,cauliflower__cauliflower_fruit_healthy+cauliflower__cauliflower_leaf_Healthy,True,LOW_INTRA_SPLIT_DUPLICATE
model2_v4,data/processed/model2_v4/train/cauliflower/cauliflower_leaf_Healthy/Healthy_220.jpg,Healthy_220.jpg,train,cauliflower__cauliflower_leaf_Healthy,d7e6ca8a177a7615d729242a5e844be5cc005ca597fe2b8e9c68b19d07737aea,2,train,cauliflower__cauliflower_fruit_healthy+cauliflower__cauliflower_leaf_Healthy,True,LOW_INTRA_SPLIT_DUPLICATE
model2_v4,data/processed/model2_v4/train/cauliflower/cauliflower_fruit_healthy/No disease. (138).jpg,No disease. (138).jpg,train,cauliflower__cauliflower_fruit_healthy,d8af562e231e6952f6be054468414b7b7a94cefa4b6f1ade32637f7031574312,2,train,cauliflower__cauliflower_fruit_healthy+cauliflower__cauliflower_leaf_Healthy,True,LOW_INTRA_SPLIT_DUPLICATE
model2_v4,data/processed/model2_v4/train/cauliflower/cauliflower_leaf_Healthy/Healthy_219.jpg,Healthy_219.jpg,train,cauliflower__cauliflower_leaf_Healthy,d8af562e231e6952f6be054468414b7b7a94cefa4b6f1ade32637f7031574312,2,train,cauliflower__cauliflower_fruit_healthy+cauliflower__cauliflower_leaf_Healthy,True,LOW_INTRA_SPLIT_DUPLICATE
model2_v4,data/processed/model2_v4/train/cauliflower/cauliflower_leaf_Downy Mildew/Downy Mildew. (53).jpg,Downy Mildew. (53).jpg,train,cauliflower__cauliflower_leaf_Downy Mildew,d8cb52e20d34d91255d0fcfbe53148a23a9bb46b63a109e74e050c784d9d8d0b,2,train,cauliflower__cauliflower_leaf_Downy Mildew,True,LOW_INTRA_SPLIT_DUPLICATE
model2_v4,data/processed/model2_v4/train/cauliflower/cauliflower_leaf_Downy Mildew/Downy Mildew_95.jpg,Downy Mildew_95.jpg,train,cauliflower__cauliflower_leaf_Downy Mildew,d8cb52e20d34d91255d0fcfbe53148a23a9bb46b63a109e74e050c784d9d8d0b,2,train,cauliflower__cauliflower_leaf_Downy Mildew,True,LOW_INTRA_SPLIT_DUPLICATE
model2_v4,data/processed/model2_v4/train/cauliflower/cauliflower_fruit_healthy/No disease. (13).jpg,No disease. (13).jpg,train,cauliflower__cauliflower_fruit_healthy,d913c226bb7ea932e8ddcc0f8180a487223614bfb11837daadd980ae3ecb40c1,2,train,cauliflower__cauliflower_fruit_healthy+cauliflower__cauliflower_leaf_Healthy,True,LOW_INTRA_SPLIT_DUPLICATE
model2_v4,data/processed/model2_v4/train/cauliflower/cauliflower_leaf_Healthy/Healthy_212.jpg,Healthy_212.jpg,train,cauliflower__cauliflower_leaf_Healthy,d913c226bb7ea932e8ddcc0f8180a487223614bfb11837daadd980ae3ecb40c1,2,train,cauliflower__cauliflower_fruit_healthy+cauliflower__cauliflower_leaf_Healthy,True,LOW_INTRA_SPLIT_DUPLICATE
model2_v4,data/processed/model2_v4/train/cauliflower/cauliflower_fruit_Bacterial Spot/Bacterial Spot_14.jpg,Bacterial Spot_14.jpg,train,cauliflower__cauliflower_fruit_Bacterial Spot,d9e0631832b1f3b872e11deb279a7b76ab614537c04e004f99e1b30d2c2a38d2,2,train,cauliflower__cauliflower_fruit_Bacterial Spot+cauliflower__cauliflower_fruit_Bacterial spot rot,True,LOW_INTRA_SPLIT_DUPLICATE
model2_v4,data/processed/model2_v4/train/cauliflower/cauliflower_fruit_Bacterial spot rot/Bacterial Spot. (97).jpg,Bacterial Spot. (97).jpg,train,cauliflower__cauliflower_fruit_Bacterial spot rot,d9e0631832b1f3b872e11deb279a7b76ab614537c04e004f99e1b30d2c2a38d2,2,train,cauliflower__cauliflower_fruit_Bacterial Spot+cauliflower__cauliflower_fruit_Bacterial spot rot,True,LOW_INTRA_SPLIT_DUPLICATE
model2_v4,data/processed/model2_v4/train/cauliflower/cauliflower_fruit_healthy/No disease. (41).jpg,No disease. (41).jpg,train,cauliflower__cauliflower_fruit_healthy,da83be4868d6ebb1116236375a03047e7f6e976aa941ded16e5a913019cc437e,2,train,cauliflower__cauliflower_fruit_healthy+cauliflower__cauliflower_leaf_Healthy,True,LOW_INTRA_SPLIT_DUPLICATE
model2_v4,data/processed/model2_v4/train/cauliflower/cauliflower_leaf_Healthy/Healthy_284.jpg,Healthy_284.jpg,train,cauliflower__cauliflower_leaf_Healthy,da83be4868d6ebb1116236375a03047e7f6e976aa941ded16e5a913019cc437e,2,train,cauliflower__cauliflower_fruit_healthy+cauliflower__cauliflower_leaf_Healthy,True,LOW_INTRA_SPLIT_DUPLICATE
model2_v4,data/processed/model2_v4/train/cauliflower/cauliflower_leaf_Downy Mildew/Downy Mildew. (109).jpg,Downy Mildew. (109).jpg,train,cauliflower__cauliflower_leaf_Downy Mildew,dbce84309cc339ad994018a33b2369c362caa21ffc4ae5fd00cd112f4b5af5f9,2,train,cauliflower__cauliflower_leaf_Downy Mildew,True,LOW_INTRA_SPLIT_DUPLICATE
model2_v4,data/processed/model2_v4/train/cauliflower/cauliflower_leaf_Downy Mildew/Downy Mildew_15.jpg,Downy Mildew_15.jpg,train,cauliflower__cauliflower_leaf_Downy Mildew,dbce84309cc339ad994018a33b2369c362caa21ffc4ae5fd00cd112f4b5af5f9,2,train,cauliflower__cauliflower_leaf_Downy Mildew,True,LOW_INTRA_SPLIT_DUPLICATE
model2_v4,data/processed/model2_v4/train/cauliflower/cauliflower_fruit_Bacterial Spot/Bacterial Spot_5.jpg,Bacterial Spot_5.jpg,train,cauliflower__cauliflower_fruit_Bacterial Spot,dcc75d6ab45c39cf1d576a0502f274a32fc2b73b7dc2183da4679f0d2b10b100,2,train,cauliflower__cauliflower_fruit_Bacterial Spot+cauliflower__cauliflower_fruit_Bacterial spot rot,True,LOW_INTRA_SPLIT_DUPLICATE
model2_v4,data/processed/model2_v4/train/cauliflower/cauliflower_fruit_Bacterial spot rot/Bacterial Spot. (71).jpg,Bacterial Spot. (71).jpg,train,cauliflower__cauliflower_fruit_Bacterial spot rot,dcc75d6ab45c39cf1d576a0502f274a32fc2b73b7dc2183da4679f0d2b10b100,2,train,cauliflower__cauliflower_fruit_Bacterial Spot+cauliflower__cauliflower_fruit_Bacterial spot rot,True,LOW_INTRA_SPLIT_DUPLICATE
model2_v4,data/processed/model2_v4/train/cauliflower/cauliflower_fruit_healthy/No disease. (188).jpg,No disease. (188).jpg,train,cauliflower__cauliflower_fruit_healthy,dd27620f035762d38051da2bbd824014fb4fb13f72a18a97bcb66928a6a9447e,2,train,cauliflower__cauliflower_fruit_healthy+cauliflower__cauliflower_leaf_Healthy,True,LOW_INTRA_SPLIT_DUPLICATE
model2_v4,data/processed/model2_v4/train/cauliflower/cauliflower_leaf_Healthy/Healthy_258.jpg,Healthy_258.jpg,train,cauliflower__cauliflower_leaf_Healthy,dd27620f035762d38051da2bbd824014fb4fb13f72a18a97bcb66928a6a9447e,2,train,cauliflower__cauliflower_fruit_healthy+cauliflower__cauliflower_leaf_Healthy,True,LOW_INTRA_SPLIT_DUPLICATE
model2_v4,data/processed/model2_v4/train/cauliflower/cauliflower_fruit_healthy/No disease. (65).jpg,No disease. (65).jpg,train,cauliflower__cauliflower_fruit_healthy,ddcf55217e2778d0a665990d9d476be5f996c695e0a0820fc3f1b7beea1f0a90,2,train,cauliflower__cauliflower_fruit_healthy+cauliflower__cauliflower_leaf_Healthy,True,LOW_INTRA_SPLIT_DUPLICATE
model2_v4,data/processed/model2_v4/train/cauliflower/cauliflower_leaf_Healthy/Healthy_308.jpg,Healthy_308.jpg,train,cauliflower__cauliflower_leaf_Healthy,ddcf55217e2778d0a665990d9d476be5f996c695e0a0820fc3f1b7beea1f0a90,2,train,cauliflower__cauliflower_fruit_healthy+cauliflower__cauliflower_leaf_Healthy,True,LOW_INTRA_SPLIT_DUPLICATE
model2_v4,data/processed/model2_v4/train/cauliflower/cauliflower_leaf_Downy Mildew/Downy Mildew. (95).jpg,Downy Mildew. (95).jpg,train,cauliflower__cauliflower_leaf_Downy Mildew,ddd914480c9a981fe4324c8ef7a785a22d21b234e55ca1db7acc18758010724a,2,train,cauliflower__cauliflower_leaf_Downy Mildew,True,LOW_INTRA_SPLIT_DUPLICATE
model2_v4,data/processed/model2_v4/train/cauliflower/cauliflower_leaf_Downy Mildew/Downy Mildew_141.jpg,Downy Mildew_141.jpg,train,cauliflower__cauliflower_leaf_Downy Mildew,ddd914480c9a981fe4324c8ef7a785a22d21b234e55ca1db7acc18758010724a,2,train,cauliflower__cauliflower_leaf_Downy Mildew,True,LOW_INTRA_SPLIT_DUPLICATE
model2_v4,data/processed/model2_v4/train/cauliflower/cauliflower_fruit_healthy/No disease. (147).jpg,No disease. (147).jpg,train,cauliflower__cauliflower_fruit_healthy,ddfb30c3f13f52c6e47cc699759c57ad6260158ab6812df4ac361bdf6d521f89,2,train,cauliflower__cauliflower_fruit_healthy+cauliflower__cauliflower_leaf_Healthy,True,LOW_INTRA_SPLIT_DUPLICATE
model2_v4,data/processed/model2_v4/train/cauliflower/cauliflower_leaf_Healthy/Healthy_229.jpg,Healthy_229.jpg,train,cauliflower__cauliflower_leaf_Healthy,ddfb30c3f13f52c6e47cc699759c57ad6260158ab6812df4ac361bdf6d521f89,2,train,cauliflower__cauliflower_fruit_healthy+cauliflower__cauliflower_leaf_Healthy,True,LOW_INTRA_SPLIT_DUPLICATE
model2_v4,data/processed/model2_v4/train/cauliflower/cauliflower_fruit_healthy/No disease. (92).jpg,No disease. (92).jpg,train,cauliflower__cauliflower_fruit_healthy,de19d34de06aefbca03fd7f4b675ea046426f41387902ecfb19657574c5a6c74,2,train,cauliflower__cauliflower_fruit_healthy+cauliflower__cauliflower_leaf_Healthy,True,LOW_INTRA_SPLIT_DUPLICATE
model2_v4,data/processed/model2_v4/train/cauliflower/cauliflower_leaf_Healthy/Healthy_338.jpg,Healthy_338.jpg,train,cauliflower__cauliflower_leaf_Healthy,de19d34de06aefbca03fd7f4b675ea046426f41387902ecfb19657574c5a6c74,2,train,cauliflower__cauliflower_fruit_healthy+cauliflower__cauliflower_leaf_Healthy,True,LOW_INTRA_SPLIT_DUPLICATE
model2_v4,data/processed/model2_v4/train/cauliflower/cauliflower_leaf_Downy Mildew/Downy Mildew. (117).jpg,Downy Mildew. (117).jpg,train,cauliflower__cauliflower_leaf_Downy Mildew,de6cf8501e3d564e3805f31029549a1282d1e5e5e63a640e916f56f616c72409,2,train,cauliflower__cauliflower_leaf_Downy Mildew,True,LOW_INTRA_SPLIT_DUPLICATE
model2_v4,data/processed/model2_v4/train/cauliflower/cauliflower_leaf_Downy Mildew/Downy Mildew_24.jpg,Downy Mildew_24.jpg,train,cauliflower__cauliflower_leaf_Downy Mildew,de6cf8501e3d564e3805f31029549a1282d1e5e5e63a640e916f56f616c72409,2,train,cauliflower__cauliflower_leaf_Downy Mildew,True,LOW_INTRA_SPLIT_DUPLICATE
model2_v4,data/processed/model2_v4/train/cauliflower/cauliflower_leaf_Downy Mildew/Downy Mildew. (41).jpg,Downy Mildew. (41).jpg,train,cauliflower__cauliflower_leaf_Downy Mildew,dec0264a9f125172701fe07f06672083bddbc9fa8650c921f6c7a0d015d5f860,2,train,cauliflower__cauliflower_leaf_Downy Mildew,True,LOW_INTRA_SPLIT_DUPLICATE
model2_v4,data/processed/model2_v4/train/cauliflower/cauliflower_leaf_Downy Mildew/Downy Mildew_82.jpg,Downy Mildew_82.jpg,train,cauliflower__cauliflower_leaf_Downy Mildew,dec0264a9f125172701fe07f06672083bddbc9fa8650c921f6c7a0d015d5f860,2,train,cauliflower__cauliflower_leaf_Downy Mildew,True,LOW_INTRA_SPLIT_DUPLICATE
model2_v4,data/processed/model2_v4/train/bell_pepper/Cerespora/eecaf451-abc4-4079-b612-f6a15d95ca6e___JR_B.Spot 3398.JPG,eecaf451-abc4-4079-b612-f6a15d95ca6e___JR_B.Spot 3398.JPG,train,bell_pepper__Cerespora,e03bfbbe80c68f3429d86e81cf8c5899c840a1004cfde2e1b6497b8d91e6b651,2,train,bell_pepper__Cerespora+bell_pepper__Leaf_Curl,True,LOW_INTRA_SPLIT_DUPLICATE
model2_v4,data/processed/model2_v4/train/bell_pepper/Leaf_Curl/eecaf451-abc4-4079-b612-f6a15d95ca6e___JR_B.Spot 3398.JPG,eecaf451-abc4-4079-b612-f6a15d95ca6e___JR_B.Spot 3398.JPG,train,bell_pepper__Leaf_Curl,e03bfbbe80c68f3429d86e81cf8c5899c840a1004cfde2e1b6497b8d91e6b651,2,train,bell_pepper__Cerespora+bell_pepper__Leaf_Curl,True,LOW_INTRA_SPLIT_DUPLICATE
model2_v4,data/processed/model2_v4/train/bell_pepper/Cerespora/download2 (6).jpg,download2 (6).jpg,train,bell_pepper__Cerespora,e05c392fd9a8e56a91b2f3fdfc7cffbfda6c68750a35177a0a05344269907ecc,2,train,bell_pepper__Cerespora,True,LOW_INTRA_SPLIT_DUPLICATE
model2_v4,data/processed/model2_v4/train/bell_pepper/Cerespora/images (8).jpg,images (8).jpg,train,bell_pepper__Cerespora,e05c392fd9a8e56a91b2f3fdfc7cffbfda6c68750a35177a0a05344269907ecc,2,train,bell_pepper__Cerespora,True,LOW_INTRA_SPLIT_DUPLICATE
model2_v4,data/processed/model2_v4/train/cauliflower/cauliflower_leaf_Downy Mildew/Downy Mildew. (55).jpg,Downy Mildew. (55).jpg,train,cauliflower__cauliflower_leaf_Downy Mildew,e0fad968719c63332d6b059f48440bf3571ce413994231c371432bceaa6c1aef,2,train,cauliflower__cauliflower_leaf_Downy Mildew,True,LOW_INTRA_SPLIT_DUPLICATE
model2_v4,data/processed/model2_v4/train/cauliflower/cauliflower_leaf_Downy Mildew/Downy Mildew_97.jpg,Downy Mildew_97.jpg,train,cauliflower__cauliflower_leaf_Downy Mildew,e0fad968719c63332d6b059f48440bf3571ce413994231c371432bceaa6c1aef,2,train,cauliflower__cauliflower_leaf_Downy Mildew,True,LOW_INTRA_SPLIT_DUPLICATE
model2_v4,data/processed/model2_v4/train/bell_pepper/Cerespora/f3cc0f80-ee73-47d4-b084-fd811ebe0206___NREC_B.Spot 1917.JPG,f3cc0f80-ee73-47d4-b084-fd811ebe0206___NREC_B.Spot 1917.JPG,train,bell_pepper__Cerespora,e15c866b3adc041230b5fff91cfdb7b87a54fc72daeaa98dfdfa03018907c4f3,2,train,bell_pepper__Cerespora+bell_pepper__Leaf_Curl,True,LOW_INTRA_SPLIT_DUPLICATE
model2_v4,data/processed/model2_v4/train/bell_pepper/Leaf_Curl/f3cc0f80-ee73-47d4-b084-fd811ebe0206___NREC_B.Spot 1917.JPG,f3cc0f80-ee73-47d4-b084-fd811ebe0206___NREC_B.Spot 1917.JPG,train,bell_pepper__Leaf_Curl,e15c866b3adc041230b5fff91cfdb7b87a54fc72daeaa98dfdfa03018907c4f3,2,train,bell_pepper__Cerespora+bell_pepper__Leaf_Curl,True,LOW_INTRA_SPLIT_DUPLICATE
model2_v4,data/processed/model2_v4/train/cauliflower/cauliflower_leaf_Alternaria Leaf Spot/Alternaria Leaf Spot_275.jpeg,Alternaria Leaf Spot_275.jpeg,train,cauliflower__cauliflower_leaf_Alternaria Leaf Spot,e193da314d95fa9f6e722eb189a426e57da3b11baead2bf56eb4b5a07b556967,2,train,cauliflower__cauliflower_leaf_Alternaria Leaf Spot+cauliflower__cauliflower_leaf_Downy Mildew,True,LOW_INTRA_SPLIT_DUPLICATE
model2_v4,data/processed/model2_v4/train/cauliflower/cauliflower_leaf_Downy Mildew/Downy Mildew. (25).jpeg,Downy Mildew. (25).jpeg,train,cauliflower__cauliflower_leaf_Downy Mildew,e193da314d95fa9f6e722eb189a426e57da3b11baead2bf56eb4b5a07b556967,2,train,cauliflower__cauliflower_leaf_Alternaria Leaf Spot+cauliflower__cauliflower_leaf_Downy Mildew,True,LOW_INTRA_SPLIT_DUPLICATE
model2_v4,data/processed/model2_v4/train/cauliflower/cauliflower_fruit_healthy/No disease. (66).jpg,No disease. (66).jpg,train,cauliflower__cauliflower_fruit_healthy,e1ce3c3549400cc2d21ba3dc4219db6d31e49305d762ba57ec03fb9499ff43db,2,train,cauliflower__cauliflower_fruit_healthy+cauliflower__cauliflower_leaf_Healthy,True,LOW_INTRA_SPLIT_DUPLICATE
model2_v4,data/processed/model2_v4/train/cauliflower/cauliflower_leaf_Healthy/Healthy_309.jpg,Healthy_309.jpg,train,cauliflower__cauliflower_leaf_Healthy,e1ce3c3549400cc2d21ba3dc4219db6d31e49305d762ba57ec03fb9499ff43db,2,train,cauliflower__cauliflower_fruit_healthy+cauliflower__cauliflower_leaf_Healthy,True,LOW_INTRA_SPLIT_DUPLICATE
model2_v4,data/processed/model2_v4/train/cauliflower/cauliflower_leaf_Downy Mildew/Downy Mildew. (13).jpeg,Downy Mildew. (13).jpeg,train,cauliflower__cauliflower_leaf_Downy Mildew,e2bed54dd650a8319d4a971b71e42d48d530e0f0fba9aaabc143f5db696deda9,2,train,cauliflower__cauliflower_leaf_Downy Mildew,True,LOW_INTRA_SPLIT_DUPLICATE
model2_v4,data/processed/model2_v4/train/cauliflower/cauliflower_leaf_Downy Mildew/Downy Mildew_3.jpeg,Downy Mildew_3.jpeg,train,cauliflower__cauliflower_leaf_Downy Mildew,e2bed54dd650a8319d4a971b71e42d48d530e0f0fba9aaabc143f5db696deda9,2,train,cauliflower__cauliflower_leaf_Downy Mildew,True,LOW_INTRA_SPLIT_DUPLICATE
model2_v4,data/processed/model2_v4/train/cauliflower/cauliflower_leaf_Alternaria Leaf Spot/Alternaria Leaf Spot_9.jpg,Alternaria Leaf Spot_9.jpg,train,cauliflower__cauliflower_leaf_Alternaria Leaf Spot,e3625826ae8d3c94293f46e9e55c308390bc89a7da9511df5afad43ca27c3f25,2,train,cauliflower__cauliflower_leaf_Alternaria Leaf Spot+cauliflower__cauliflower_leaf_Downy Mildew,True,LOW_INTRA_SPLIT_DUPLICATE
model2_v4,data/processed/model2_v4/train/cauliflower/cauliflower_leaf_Downy Mildew/Downy Mildew. (15).jpg,Downy Mildew. (15).jpg,train,cauliflower__cauliflower_leaf_Downy Mildew,e3625826ae8d3c94293f46e9e55c308390bc89a7da9511df5afad43ca27c3f25,2,train,cauliflower__cauliflower_leaf_Alternaria Leaf Spot+cauliflower__cauliflower_leaf_Downy Mildew,True,LOW_INTRA_SPLIT_DUPLICATE
model2_v4,data/processed/model2_v4/train/cauliflower/cauliflower_leaf_Downy Mildew/Downy Mildew. (83).jpg,Downy Mildew. (83).jpg,train,cauliflower__cauliflower_leaf_Downy Mildew,e37b8ba45bbd5be7ab72a229595558c76a5d6ce77ada8e3e56ec6ef7ee516a3b,2,train,cauliflower__cauliflower_leaf_Downy Mildew,True,LOW_INTRA_SPLIT_DUPLICATE
model2_v4,data/processed/model2_v4/train/cauliflower/cauliflower_leaf_Downy Mildew/Downy Mildew_128.jpg,Downy Mildew_128.jpg,train,cauliflower__cauliflower_leaf_Downy Mildew,e37b8ba45bbd5be7ab72a229595558c76a5d6ce77ada8e3e56ec6ef7ee516a3b,2,train,cauliflower__cauliflower_leaf_Downy Mildew,True,LOW_INTRA_SPLIT_DUPLICATE
model2_v4,data/processed/model2_v4/train/cauliflower/cauliflower_fruit_healthy/No disease. (27).jpg,No disease. (27).jpg,train,cauliflower__cauliflower_fruit_healthy,e3b8b5ffc6460df752f0b5f4dc0e4af2c73a2bf29071d27b678d53028d9cdea5,2,train,cauliflower__cauliflower_fruit_healthy+cauliflower__cauliflower_leaf_Healthy,True,LOW_INTRA_SPLIT_DUPLICATE
model2_v4,data/processed/model2_v4/train/cauliflower/cauliflower_leaf_Healthy/Healthy_268.jpg,Healthy_268.jpg,train,cauliflower__cauliflower_leaf_Healthy,e3b8b5ffc6460df752f0b5f4dc0e4af2c73a2bf29071d27b678d53028d9cdea5,2,train,cauliflower__cauliflower_fruit_healthy+cauliflower__cauliflower_leaf_Healthy,True,LOW_INTRA_SPLIT_DUPLICATE
model2_v4,data/processed/model2_v4/train/cauliflower/cauliflower_fruit_healthy/No disease. (18).jpg,No disease. (18).jpg,train,cauliflower__cauliflower_fruit_healthy,e4eb2a2ba691e52d0f5c3f5a9b26934596460724cdfc57fb40c28b769ff64cbb,2,train,cauliflower__cauliflower_fruit_healthy+cauliflower__cauliflower_leaf_Healthy,True,LOW_INTRA_SPLIT_DUPLICATE
model2_v4,data/processed/model2_v4/train/cauliflower/cauliflower_leaf_Healthy/Healthy_249.jpg,Healthy_249.jpg,train,cauliflower__cauliflower_leaf_Healthy,e4eb2a2ba691e52d0f5c3f5a9b26934596460724cdfc57fb40c28b769ff64cbb,2,train,cauliflower__cauliflower_fruit_healthy+cauliflower__cauliflower_leaf_Healthy,True,LOW_INTRA_SPLIT_DUPLICATE
model2_v4,data/processed/model2_v4/train/cauliflower/cauliflower_leaf_Downy Mildew/Downy Mildew. (85).jpg,Downy Mildew. (85).jpg,train,cauliflower__cauliflower_leaf_Downy Mildew,e5810ca48b26f35a7280ec53895d43c65229fbb474e1b04f45675e2cc903d556,2,train,cauliflower__cauliflower_leaf_Downy Mildew,True,LOW_INTRA_SPLIT_DUPLICATE
model2_v4,data/processed/model2_v4/train/cauliflower/cauliflower_leaf_Downy Mildew/Downy Mildew_130.jpg,Downy Mildew_130.jpg,train,cauliflower__cauliflower_leaf_Downy Mildew,e5810ca48b26f35a7280ec53895d43c65229fbb474e1b04f45675e2cc903d556,2,train,cauliflower__cauliflower_leaf_Downy Mildew,True,LOW_INTRA_SPLIT_DUPLICATE
model2_v4,data/processed/model2_v4/train/cauliflower/cauliflower_leaf_Alternaria Leaf Spot/Alternaria Leaf Spot_270.jpeg,Alternaria Leaf Spot_270.jpeg,train,cauliflower__cauliflower_leaf_Alternaria Leaf Spot,e5b8a7462ffd0fc4362eacb0920abcb54622706ebf18a16dc90766a452b73361,2,train,cauliflower__cauliflower_leaf_Alternaria Leaf Spot+cauliflower__cauliflower_leaf_Downy Mildew,True,LOW_INTRA_SPLIT_DUPLICATE
model2_v4,data/processed/model2_v4/train/cauliflower/cauliflower_leaf_Downy Mildew/Downy Mildew. (2).jpeg,Downy Mildew. (2).jpeg,train,cauliflower__cauliflower_leaf_Downy Mildew,e5b8a7462ffd0fc4362eacb0920abcb54622706ebf18a16dc90766a452b73361,2,train,cauliflower__cauliflower_leaf_Alternaria Leaf Spot+cauliflower__cauliflower_leaf_Downy Mildew,True,LOW_INTRA_SPLIT_DUPLICATE
model2_v4,data/processed/model2_v4/train/cauliflower/cauliflower_leaf_Downy Mildew/Downy Mildew. (116).jpg,Downy Mildew. (116).jpg,train,cauliflower__cauliflower_leaf_Downy Mildew,e5bf09898f44569c752d2da700bb5ebae2dec67a6e2af92cf56608be6e33ebf5,2,train,cauliflower__cauliflower_leaf_Downy Mildew,True,LOW_INTRA_SPLIT_DUPLICATE
model2_v4,data/processed/model2_v4/train/cauliflower/cauliflower_leaf_Downy Mildew/Downy Mildew_23.jpg,Downy Mildew_23.jpg,train,cauliflower__cauliflower_leaf_Downy Mildew,e5bf09898f44569c752d2da700bb5ebae2dec67a6e2af92cf56608be6e33ebf5,2,train,cauliflower__cauliflower_leaf_Downy Mildew,True,LOW_INTRA_SPLIT_DUPLICATE
model2_v4,data/processed/model2_v4/train/cauliflower/cauliflower_leaf_Downy Mildew/Downy Mildew. (59).jpg,Downy Mildew. (59).jpg,train,cauliflower__cauliflower_leaf_Downy Mildew,e619ac0a5b6781835d956cc7f7c240b511a8b88f7199419ba69e1aacf2a4fdf1,2,train,cauliflower__cauliflower_leaf_Downy Mildew,True,LOW_INTRA_SPLIT_DUPLICATE
model2_v4,data/processed/model2_v4/train/cauliflower/cauliflower_leaf_Downy Mildew/Downy Mildew_101.jpg,Downy Mildew_101.jpg,train,cauliflower__cauliflower_leaf_Downy Mildew,e619ac0a5b6781835d956cc7f7c240b511a8b88f7199419ba69e1aacf2a4fdf1,2,train,cauliflower__cauliflower_leaf_Downy Mildew,True,LOW_INTRA_SPLIT_DUPLICATE
model2_v4,data/processed/model2_v4/train/bell_pepper/Cerespora/e8fc71b3-6ab8-4ca7-93c8-89fdc03ec004___JR_B.Spot 8990.JPG,e8fc71b3-6ab8-4ca7-93c8-89fdc03ec004___JR_B.Spot 8990.JPG,train,bell_pepper__Cerespora,e743de3a13d87c0a06d8c2e15de31976c66e9417e4e822bad20141372431d2df,2,train,bell_pepper__Cerespora+bell_pepper__Leaf_Curl,True,LOW_INTRA_SPLIT_DUPLICATE
model2_v4,data/processed/model2_v4/train/bell_pepper/Leaf_Curl/e8fc71b3-6ab8-4ca7-93c8-89fdc03ec004___JR_B.Spot 8990.JPG,e8fc71b3-6ab8-4ca7-93c8-89fdc03ec004___JR_B.Spot 8990.JPG,train,bell_pepper__Leaf_Curl,e743de3a13d87c0a06d8c2e15de31976c66e9417e4e822bad20141372431d2df,2,train,bell_pepper__Cerespora+bell_pepper__Leaf_Curl,True,LOW_INTRA_SPLIT_DUPLICATE
model2_v4,data/processed/model2_v4/train/cauliflower/cauliflower_fruit_healthy/No disease. (40).jpg,No disease. (40).jpg,train,cauliflower__cauliflower_fruit_healthy,e819892332ed40d7b1308cec47ce4826053f84792e25a9e1dbc221952471eaec,2,train,cauliflower__cauliflower_fruit_healthy+cauliflower__cauliflower_leaf_Healthy,True,LOW_INTRA_SPLIT_DUPLICATE
model2_v4,data/processed/model2_v4/train/cauliflower/cauliflower_leaf_Healthy/Healthy_283.jpg,Healthy_283.jpg,train,cauliflower__cauliflower_leaf_Healthy,e819892332ed40d7b1308cec47ce4826053f84792e25a9e1dbc221952471eaec,2,train,cauliflower__cauliflower_fruit_healthy+cauliflower__cauliflower_leaf_Healthy,True,LOW_INTRA_SPLIT_DUPLICATE
model2_v4,data/processed/model2_v4/train/cauliflower/cauliflower_fruit_healthy/No disease. (89).jpg,No disease. (89).jpg,train,cauliflower__cauliflower_fruit_healthy,e84f7cc01cd9fbc0c4e61bfb60ff57e036039af8f0e0451e9f0a379863c1d1b0,2,train,cauliflower__cauliflower_fruit_healthy+cauliflower__cauliflower_leaf_Healthy,True,LOW_INTRA_SPLIT_DUPLICATE
model2_v4,data/processed/model2_v4/train/cauliflower/cauliflower_leaf_Healthy/Healthy_334.jpg,Healthy_334.jpg,train,cauliflower__cauliflower_leaf_Healthy,e84f7cc01cd9fbc0c4e61bfb60ff57e036039af8f0e0451e9f0a379863c1d1b0,2,train,cauliflower__cauliflower_fruit_healthy+cauliflower__cauliflower_leaf_Healthy,True,LOW_INTRA_SPLIT_DUPLICATE
model2_v4,data/processed/model2_v4/train/bell_pepper/Cerespora/download2 (18).jpg,download2 (18).jpg,train,bell_pepper__Cerespora,e8820c4374b2728235d63d126b98dcb947b09ba80a3575221cf37d802923d4dd,3,train,bell_pepper__Cerespora,True,LOW_INTRA_SPLIT_DUPLICATE
model2_v4,data/processed/model2_v4/train/bell_pepper/Cerespora/download2 (32).jpg,download2 (32).jpg,train,bell_pepper__Cerespora,e8820c4374b2728235d63d126b98dcb947b09ba80a3575221cf37d802923d4dd,3,train,bell_pepper__Cerespora,True,LOW_INTRA_SPLIT_DUPLICATE
model2_v4,data/processed/model2_v4/train/bell_pepper/Cerespora/images (16).jpg,images (16).jpg,train,bell_pepper__Cerespora,e8820c4374b2728235d63d126b98dcb947b09ba80a3575221cf37d802923d4dd,3,train,bell_pepper__Cerespora,True,LOW_INTRA_SPLIT_DUPLICATE
model2_v4,data/processed/model2_v4/train/cauliflower/cauliflower_fruit_healthy/No disease. (100).jpg,No disease. (100).jpg,train,cauliflower__cauliflower_fruit_healthy,e93244440de5ab9a90e7a13a1a603d3fe3a6fe23f0936c4e60247868f61c53e3,2,train,cauliflower__cauliflower_fruit_healthy+cauliflower__cauliflower_leaf_Healthy,True,LOW_INTRA_SPLIT_DUPLICATE
model2_v4,data/processed/model2_v4/train/cauliflower/cauliflower_leaf_Healthy/Healthy_182.jpg,Healthy_182.jpg,train,cauliflower__cauliflower_leaf_Healthy,e93244440de5ab9a90e7a13a1a603d3fe3a6fe23f0936c4e60247868f61c53e3,2,train,cauliflower__cauliflower_fruit_healthy+cauliflower__cauliflower_leaf_Healthy,True,LOW_INTRA_SPLIT_DUPLICATE
model2_v4,data/processed/model2_v4/train/cauliflower/cauliflower_fruit_healthy/No disease. (17).jpg,No disease. (17).jpg,train,cauliflower__cauliflower_fruit_healthy,e949208ca6f5254aa60a2f0cf2d46bd550bac5aeb2d41133a2723099c42ef292,2,train,cauliflower__cauliflower_fruit_healthy+cauliflower__cauliflower_leaf_Healthy,True,LOW_INTRA_SPLIT_DUPLICATE
model2_v4,data/processed/model2_v4/train/cauliflower/cauliflower_leaf_Healthy/Healthy_244.jpg,Healthy_244.jpg,train,cauliflower__cauliflower_leaf_Healthy,e949208ca6f5254aa60a2f0cf2d46bd550bac5aeb2d41133a2723099c42ef292,2,train,cauliflower__cauliflower_fruit_healthy+cauliflower__cauliflower_leaf_Healthy,True,LOW_INTRA_SPLIT_DUPLICATE
model2_v4,data/processed/model2_v4/train/cauliflower/cauliflower_leaf_Downy Mildew/Downy Mildew. (61).jpg,Downy Mildew. (61).jpg,train,cauliflower__cauliflower_leaf_Downy Mildew,e99047e6cfa2ff7af74d0839b1d0f81a5297680655faa0844ba3e5cdf3b3f884,2,train,cauliflower__cauliflower_leaf_Downy Mildew,True,LOW_INTRA_SPLIT_DUPLICATE
model2_v4,data/processed/model2_v4/train/cauliflower/cauliflower_leaf_Downy Mildew/Downy Mildew_104.jpg,Downy Mildew_104.jpg,train,cauliflower__cauliflower_leaf_Downy Mildew,e99047e6cfa2ff7af74d0839b1d0f81a5297680655faa0844ba3e5cdf3b3f884,2,train,cauliflower__cauliflower_leaf_Downy Mildew,True,LOW_INTRA_SPLIT_DUPLICATE
model2_v4,data/processed/model2_v4/train/cauliflower/cauliflower_fruit_healthy/No disease. (162).jpg,No disease. (162).jpg,train,cauliflower__cauliflower_fruit_healthy,e9932aa7b6fad03c1a6c09bee5977082510f37a76dd1be9a2663841325809429,2,train,cauliflower__cauliflower_fruit_healthy+cauliflower__cauliflower_leaf_Healthy,True,LOW_INTRA_SPLIT_DUPLICATE
model2_v4,data/processed/model2_v4/train/cauliflower/cauliflower_leaf_Healthy/Healthy_238.jpg,Healthy_238.jpg,train,cauliflower__cauliflower_leaf_Healthy,e9932aa7b6fad03c1a6c09bee5977082510f37a76dd1be9a2663841325809429,2,train,cauliflower__cauliflower_fruit_healthy+cauliflower__cauliflower_leaf_Healthy,True,LOW_INTRA_SPLIT_DUPLICATE
model2_v4,data/processed/model2_v4/train/cauliflower/cauliflower_fruit_healthy/No disease. (90).jpg,No disease. (90).jpg,train,cauliflower__cauliflower_fruit_healthy,eb81c68aeb9927bfea09e5e05186609eea7b81215435fec9d4dfabcdecbe27c0,2,train,cauliflower__cauliflower_fruit_healthy+cauliflower__cauliflower_leaf_Healthy,True,LOW_INTRA_SPLIT_DUPLICATE
model2_v4,data/processed/model2_v4/train/cauliflower/cauliflower_leaf_Healthy/Healthy_336.jpg,Healthy_336.jpg,train,cauliflower__cauliflower_leaf_Healthy,eb81c68aeb9927bfea09e5e05186609eea7b81215435fec9d4dfabcdecbe27c0,2,train,cauliflower__cauliflower_fruit_healthy+cauliflower__cauliflower_leaf_Healthy,True,LOW_INTRA_SPLIT_DUPLICATE
model2_v4,data/processed/model2_v4/train/cauliflower/cauliflower_fruit_healthy/No disease. (187).jpg,No disease. (187).jpg,train,cauliflower__cauliflower_fruit_healthy,eba36a7e341da6f41e1372dbd96779d60eb73dec8e7b9d1033a00172d04156db,2,train,cauliflower__cauliflower_fruit_healthy+cauliflower__cauliflower_leaf_Healthy,True,LOW_INTRA_SPLIT_DUPLICATE
model2_v4,data/processed/model2_v4/train/cauliflower/cauliflower_leaf_Healthy/Healthy_257.jpg,Healthy_257.jpg,train,cauliflower__cauliflower_leaf_Healthy,eba36a7e341da6f41e1372dbd96779d60eb73dec8e7b9d1033a00172d04156db,2,train,cauliflower__cauliflower_fruit_healthy+cauliflower__cauliflower_leaf_Healthy,True,LOW_INTRA_SPLIT_DUPLICATE
model2_v4,data/processed/model2_v4/train/bell_pepper/bacterial_spot/pepper_bell_bacterial_spot256.jpg,pepper_bell_bacterial_spot256.jpg,train,bell_pepper__bacterial_spot,ebb4fb0c51978ba04a149a92d579f82709b1be338a9b218561274a89975da8fc,2,train,bell_pepper__Leaf_Curl+bell_pepper__bacterial_spot,True,LOW_INTRA_SPLIT_DUPLICATE
model2_v4,data/processed/model2_v4/train/bell_pepper/Leaf_Curl/0705b53e-4c54-4fce-9bc0-833db0619f3d___JR_B.Spot 9068.JPG,0705b53e-4c54-4fce-9bc0-833db0619f3d___JR_B.Spot 9068.JPG,train,bell_pepper__Leaf_Curl,ebb4fb0c51978ba04a149a92d579f82709b1be338a9b218561274a89975da8fc,2,train,bell_pepper__Leaf_Curl+bell_pepper__bacterial_spot,True,LOW_INTRA_SPLIT_DUPLICATE
model2_v4,data/processed/model2_v4/train/bell_pepper/bacterial_spot/e1a8a7b1-5e9a-4da0-a894-9d83821b0d01___NREC_B.Spot_9170.JPG,e1a8a7b1-5e9a-4da0-a894-9d83821b0d01___NREC_B.Spot_9170.JPG,train,bell_pepper__bacterial_spot,ebb9ce2419232ff15130bbece32ccaec81648a2722dd75890ce5d98d5f914e7b,2,train,bell_pepper__Cerespora+bell_pepper__bacterial_spot,True,LOW_INTRA_SPLIT_DUPLICATE
model2_v4,data/processed/model2_v4/train/bell_pepper/Cerespora/e1a8a7b1-5e9a-4da0-a894-9d83821b0d01___NREC_B.Spot 9170.JPG,e1a8a7b1-5e9a-4da0-a894-9d83821b0d01___NREC_B.Spot 9170.JPG,train,bell_pepper__Cerespora,ebb9ce2419232ff15130bbece32ccaec81648a2722dd75890ce5d98d5f914e7b,2,train,bell_pepper__Cerespora+bell_pepper__bacterial_spot,True,LOW_INTRA_SPLIT_DUPLICATE
model2_v4,data/processed/model2_v4/train/cauliflower/cauliflower_leaf_Downy Mildew/Downy Mildew. (45).jpg,Downy Mildew. (45).jpg,train,cauliflower__cauliflower_leaf_Downy Mildew,eceb8826155770916c927d3bd513bac89c26d7f0724e896034cd19bb29a75058,2,train,cauliflower__cauliflower_leaf_Downy Mildew,True,LOW_INTRA_SPLIT_DUPLICATE
model2_v4,data/processed/model2_v4/train/cauliflower/cauliflower_leaf_Downy Mildew/Downy Mildew_86.jpg,Downy Mildew_86.jpg,train,cauliflower__cauliflower_leaf_Downy Mildew,eceb8826155770916c927d3bd513bac89c26d7f0724e896034cd19bb29a75058,2,train,cauliflower__cauliflower_leaf_Downy Mildew,True,LOW_INTRA_SPLIT_DUPLICATE
model2_v4,data/processed/model2_v4/train/cauliflower/cauliflower_fruit_healthy/No disease. (70).jpg,No disease. (70).jpg,train,cauliflower__cauliflower_fruit_healthy,ed4944a69c16e4c3a29c39f9e90f40c3d1fea6c1bcf9bba5ed0215cfa7ffb88e,2,train,cauliflower__cauliflower_fruit_healthy+cauliflower__cauliflower_leaf_Healthy,True,LOW_INTRA_SPLIT_DUPLICATE
model2_v4,data/processed/model2_v4/train/cauliflower/cauliflower_leaf_Healthy/Healthy_314.jpg,Healthy_314.jpg,train,cauliflower__cauliflower_leaf_Healthy,ed4944a69c16e4c3a29c39f9e90f40c3d1fea6c1bcf9bba5ed0215cfa7ffb88e,2,train,cauliflower__cauliflower_fruit_healthy+cauliflower__cauliflower_leaf_Healthy,True,LOW_INTRA_SPLIT_DUPLICATE
model2_v4,data/processed/model2_v4/train/cauliflower/cauliflower_fruit_healthy/No disease. (8).jpg,No disease. (8).jpg,train,cauliflower__cauliflower_fruit_healthy,ed5e622f828e0210def4c93e0538dcbb9ebe590be441457f4c220e4703257483,2,train,cauliflower__cauliflower_fruit_healthy+cauliflower__cauliflower_leaf_Healthy,True,LOW_INTRA_SPLIT_DUPLICATE
model2_v4,data/processed/model2_v4/train/cauliflower/cauliflower_leaf_Healthy/Healthy_324.jpg,Healthy_324.jpg,train,cauliflower__cauliflower_leaf_Healthy,ed5e622f828e0210def4c93e0538dcbb9ebe590be441457f4c220e4703257483,2,train,cauliflower__cauliflower_fruit_healthy+cauliflower__cauliflower_leaf_Healthy,True,LOW_INTRA_SPLIT_DUPLICATE
model2_v4,data/processed/model2_v4/train/cauliflower/cauliflower_leaf_Alternaria Leaf Spot/Alternaria Leaf Spot_271.jpeg,Alternaria Leaf Spot_271.jpeg,train,cauliflower__cauliflower_leaf_Alternaria Leaf Spot,edb5ee82ac161de0045669a5c807b4a13ea8f3073a0188652d43340a5b10a213,2,train,cauliflower__cauliflower_leaf_Alternaria Leaf Spot+cauliflower__cauliflower_leaf_Downy Mildew,True,LOW_INTRA_SPLIT_DUPLICATE
model2_v4,data/processed/model2_v4/train/cauliflower/cauliflower_leaf_Downy Mildew/Downy Mildew. (20).jpeg,Downy Mildew. (20).jpeg,train,cauliflower__cauliflower_leaf_Downy Mildew,edb5ee82ac161de0045669a5c807b4a13ea8f3073a0188652d43340a5b10a213,2,train,cauliflower__cauliflower_leaf_Alternaria Leaf Spot+cauliflower__cauliflower_leaf_Downy Mildew,True,LOW_INTRA_SPLIT_DUPLICATE
model2_v4,data/processed/model2_v4/train/cauliflower/cauliflower_leaf_Healthy/Healthy_75.jpeg,Healthy_75.jpeg,train,cauliflower__cauliflower_leaf_Healthy,ee14c619f07f376e676b582dcfdae63b6fbe4052fb84bfdaecd26f24c4ae62ae,2,train,cauliflower__cauliflower_leaf_Healthy,True,LOW_INTRA_SPLIT_DUPLICATE
model2_v4,data/processed/model2_v4/train/cauliflower/cauliflower_leaf_Healthy/Healthy_78.jpeg,Healthy_78.jpeg,train,cauliflower__cauliflower_leaf_Healthy,ee14c619f07f376e676b582dcfdae63b6fbe4052fb84bfdaecd26f24c4ae62ae,2,train,cauliflower__cauliflower_leaf_Healthy,True,LOW_INTRA_SPLIT_DUPLICATE
model2_v4,data/processed/model2_v4/train/cauliflower/cauliflower_fruit_healthy/No disease. (146).jpg,No disease. (146).jpg,train,cauliflower__cauliflower_fruit_healthy,eeb5c4159995cf99533c9f00ad3e598d6889c78e0eaa96cb9ccd1b569f2c32cb,2,train,cauliflower__cauliflower_fruit_healthy+cauliflower__cauliflower_leaf_Healthy,True,LOW_INTRA_SPLIT_DUPLICATE
model2_v4,data/processed/model2_v4/train/cauliflower/cauliflower_leaf_Healthy/Healthy_228.jpg,Healthy_228.jpg,train,cauliflower__cauliflower_leaf_Healthy,eeb5c4159995cf99533c9f00ad3e598d6889c78e0eaa96cb9ccd1b569f2c32cb,2,train,cauliflower__cauliflower_fruit_healthy+cauliflower__cauliflower_leaf_Healthy,True,LOW_INTRA_SPLIT_DUPLICATE
model2_v4,data/processed/model2_v4/train/cauliflower/cauliflower_fruit_healthy/No disease. (71).jpg,No disease. (71).jpg,train,cauliflower__cauliflower_fruit_healthy,eebcfb5bd18908391bc58894d8e833a930e238a5132c45071ecc642fd311daa7,2,train,cauliflower__cauliflower_fruit_healthy+cauliflower__cauliflower_leaf_Healthy,True,LOW_INTRA_SPLIT_DUPLICATE
model2_v4,data/processed/model2_v4/train/cauliflower/cauliflower_leaf_Healthy/Healthy_315.jpg,Healthy_315.jpg,train,cauliflower__cauliflower_leaf_Healthy,eebcfb5bd18908391bc58894d8e833a930e238a5132c45071ecc642fd311daa7,2,train,cauliflower__cauliflower_fruit_healthy+cauliflower__cauliflower_leaf_Healthy,True,LOW_INTRA_SPLIT_DUPLICATE
model2_v4,data/processed/model2_v4/train/bell_pepper/bacterial_spot/f3fe3173-1b59-404a-b986-133e847f2090___NREC_B.Spot_9054.JPG,f3fe3173-1b59-404a-b986-133e847f2090___NREC_B.Spot_9054.JPG,train,bell_pepper__bacterial_spot,ef1d11a83ebc00588feb662e33f63f861374c1289ecacb851c056bcae623cbcc,2,train,bell_pepper__Leaf_Curl+bell_pepper__bacterial_spot,True,LOW_INTRA_SPLIT_DUPLICATE
model2_v4,data/processed/model2_v4/train/bell_pepper/Leaf_Curl/f3fe3173-1b59-404a-b986-133e847f2090___NREC_B.Spot 9054.JPG,f3fe3173-1b59-404a-b986-133e847f2090___NREC_B.Spot 9054.JPG,train,bell_pepper__Leaf_Curl,ef1d11a83ebc00588feb662e33f63f861374c1289ecacb851c056bcae623cbcc,2,train,bell_pepper__Leaf_Curl+bell_pepper__bacterial_spot,True,LOW_INTRA_SPLIT_DUPLICATE
model2_v4,data/processed/model2_v4/train/cauliflower/cauliflower_leaf_Alternaria Leaf Spot/Alternaria Leaf Spot_281.jpeg,Alternaria Leaf Spot_281.jpeg,train,cauliflower__cauliflower_leaf_Alternaria Leaf Spot,ef898fbb96820ed6660d4e9cf071864d341a0cfca1a1cc1eddf830eac78bf05d,2,train,cauliflower__cauliflower_leaf_Alternaria Leaf Spot+cauliflower__cauliflower_leaf_Downy Mildew,True,LOW_INTRA_SPLIT_DUPLICATE
model2_v4,data/processed/model2_v4/train/cauliflower/cauliflower_leaf_Downy Mildew/Downy Mildew. (4).jpeg,Downy Mildew. (4).jpeg,train,cauliflower__cauliflower_leaf_Downy Mildew,ef898fbb96820ed6660d4e9cf071864d341a0cfca1a1cc1eddf830eac78bf05d,2,train,cauliflower__cauliflower_leaf_Alternaria Leaf Spot+cauliflower__cauliflower_leaf_Downy Mildew,True,LOW_INTRA_SPLIT_DUPLICATE
model2_v4,data/processed/model2_v4/train/bell_pepper/Cerespora/download2 (26).jpg,download2 (26).jpg,train,bell_pepper__Cerespora,efa6e21afc39deff6f516cb14304f36940692f4861900039759dd7bbc809cd09,2,train,bell_pepper__Cerespora,True,LOW_INTRA_SPLIT_DUPLICATE
model2_v4,data/processed/model2_v4/train/bell_pepper/Cerespora/download2 (43).jpg,download2 (43).jpg,train,bell_pepper__Cerespora,efa6e21afc39deff6f516cb14304f36940692f4861900039759dd7bbc809cd09,2,train,bell_pepper__Cerespora,True,LOW_INTRA_SPLIT_DUPLICATE
model2_v4,data/processed/model2_v4/train/cauliflower/cauliflower_leaf_Downy Mildew/Downy Mildew. (73).jpg,Downy Mildew. (73).jpg,train,cauliflower__cauliflower_leaf_Downy Mildew,effefaa82e3b3a7abd84d854244e6054c7a917055b006399e83b8321c8224109,2,train,cauliflower__cauliflower_leaf_Downy Mildew,True,LOW_INTRA_SPLIT_DUPLICATE
model2_v4,data/processed/model2_v4/train/cauliflower/cauliflower_leaf_Downy Mildew/Downy Mildew_117.jpg,Downy Mildew_117.jpg,train,cauliflower__cauliflower_leaf_Downy Mildew,effefaa82e3b3a7abd84d854244e6054c7a917055b006399e83b8321c8224109,2,train,cauliflower__cauliflower_leaf_Downy Mildew,True,LOW_INTRA_SPLIT_DUPLICATE
model2_v4,data/processed/model2_v4/train/cauliflower/cauliflower_fruit_healthy/No disease. (105).jpg,No disease. (105).jpg,train,cauliflower__cauliflower_fruit_healthy,f1a3cd962d67871c62f422780799c80eaaf8f60d3defc7c29b79aebf944f6863,2,train,cauliflower__cauliflower_fruit_healthy+cauliflower__cauliflower_leaf_Healthy,True,LOW_INTRA_SPLIT_DUPLICATE
model2_v4,data/processed/model2_v4/train/cauliflower/cauliflower_leaf_Healthy/Healthy_187.jpg,Healthy_187.jpg,train,cauliflower__cauliflower_leaf_Healthy,f1a3cd962d67871c62f422780799c80eaaf8f60d3defc7c29b79aebf944f6863,2,train,cauliflower__cauliflower_fruit_healthy+cauliflower__cauliflower_leaf_Healthy,True,LOW_INTRA_SPLIT_DUPLICATE
model2_v4,data/processed/model2_v4/train/cauliflower/cauliflower_leaf_Downy Mildew/Downy Mildew. (124).jpg,Downy Mildew. (124).jpg,train,cauliflower__cauliflower_leaf_Downy Mildew,f1babd36cd37f5d39af3b23caa013faf2ee1cb6fb717f5e15afbf7b0077a3fd8,4,train,cauliflower__cauliflower_leaf_Downy Mildew,True,LOW_INTRA_SPLIT_DUPLICATE
model2_v4,data/processed/model2_v4/train/cauliflower/cauliflower_leaf_Downy Mildew/Downy Mildew. (144).jpg,Downy Mildew. (144).jpg,train,cauliflower__cauliflower_leaf_Downy Mildew,f1babd36cd37f5d39af3b23caa013faf2ee1cb6fb717f5e15afbf7b0077a3fd8,4,train,cauliflower__cauliflower_leaf_Downy Mildew,True,LOW_INTRA_SPLIT_DUPLICATE
model2_v4,data/processed/model2_v4/train/cauliflower/cauliflower_leaf_Downy Mildew/Downy Mildew_32.jpg,Downy Mildew_32.jpg,train,cauliflower__cauliflower_leaf_Downy Mildew,f1babd36cd37f5d39af3b23caa013faf2ee1cb6fb717f5e15afbf7b0077a3fd8,4,train,cauliflower__cauliflower_leaf_Downy Mildew,True,LOW_INTRA_SPLIT_DUPLICATE
model2_v4,data/processed/model2_v4/train/cauliflower/cauliflower_leaf_Downy Mildew/Downy Mildew_52.jpg,Downy Mildew_52.jpg,train,cauliflower__cauliflower_leaf_Downy Mildew,f1babd36cd37f5d39af3b23caa013faf2ee1cb6fb717f5e15afbf7b0077a3fd8,4,train,cauliflower__cauliflower_leaf_Downy Mildew,True,LOW_INTRA_SPLIT_DUPLICATE
model2_v4,data/processed/model2_v4/train/cauliflower/cauliflower_leaf_Downy Mildew/Downy Mildew. (6).jpg,Downy Mildew. (6).jpg,train,cauliflower__cauliflower_leaf_Downy Mildew,f22b6821d8aa22aeeaeebd5dd08d3aeed40f435515d9bc66ba7a47b637e3e90e,2,train,cauliflower__cauliflower_leaf_Downy Mildew,True,LOW_INTRA_SPLIT_DUPLICATE
model2_v4,data/processed/model2_v4/train/cauliflower/cauliflower_leaf_Downy Mildew/Downy Mildew_102.jpg,Downy Mildew_102.jpg,train,cauliflower__cauliflower_leaf_Downy Mildew,f22b6821d8aa22aeeaeebd5dd08d3aeed40f435515d9bc66ba7a47b637e3e90e,2,train,cauliflower__cauliflower_leaf_Downy Mildew,True,LOW_INTRA_SPLIT_DUPLICATE
model2_v4,data/processed/model2_v4/train/cauliflower/cauliflower_fruit_healthy/No disease. (107).jpg,No disease. (107).jpg,train,cauliflower__cauliflower_fruit_healthy,f35242f69ed1b9ea50b91e38772f5de65507248d67170fa01aa95b6431de9a75,2,train,cauliflower__cauliflower_fruit_healthy+cauliflower__cauliflower_leaf_Healthy,True,LOW_INTRA_SPLIT_DUPLICATE
model2_v4,data/processed/model2_v4/train/cauliflower/cauliflower_leaf_Healthy/Healthy_189.jpg,Healthy_189.jpg,train,cauliflower__cauliflower_leaf_Healthy,f35242f69ed1b9ea50b91e38772f5de65507248d67170fa01aa95b6431de9a75,2,train,cauliflower__cauliflower_fruit_healthy+cauliflower__cauliflower_leaf_Healthy,True,LOW_INTRA_SPLIT_DUPLICATE
model2_v4,data/processed/model2_v4/train/cauliflower/cauliflower_fruit_healthy/No disease. (60).jpg,No disease. (60).jpg,train,cauliflower__cauliflower_fruit_healthy,f3b0cf720314adee24274489fc9683bc078907f25f79bc488c0476c5587d545f,2,train,cauliflower__cauliflower_fruit_healthy+cauliflower__cauliflower_leaf_Healthy,True,LOW_INTRA_SPLIT_DUPLICATE
model2_v4,data/processed/model2_v4/train/cauliflower/cauliflower_leaf_Healthy/Healthy_303.jpg,Healthy_303.jpg,train,cauliflower__cauliflower_leaf_Healthy,f3b0cf720314adee24274489fc9683bc078907f25f79bc488c0476c5587d545f,2,train,cauliflower__cauliflower_fruit_healthy+cauliflower__cauliflower_leaf_Healthy,True,LOW_INTRA_SPLIT_DUPLICATE
model2_v4,data/processed/model2_v4/train/cauliflower/cauliflower_leaf_Alternaria Leaf Spot/Alternaria Leaf Spot_18.jpg,Alternaria Leaf Spot_18.jpg,train,cauliflower__cauliflower_leaf_Alternaria Leaf Spot,f4484029e499ede89f5ac1c93e68382e3d8e16c1a3705b787f2f5f2f23491c15,2,train,cauliflower__cauliflower_leaf_Alternaria Leaf Spot,True,LOW_INTRA_SPLIT_DUPLICATE
model2_v4,data/processed/model2_v4/train/cauliflower/cauliflower_leaf_Alternaria Leaf Spot/Alternaria Leaf Spot_5.jpg,Alternaria Leaf Spot_5.jpg,train,cauliflower__cauliflower_leaf_Alternaria Leaf Spot,f4484029e499ede89f5ac1c93e68382e3d8e16c1a3705b787f2f5f2f23491c15,2,train,cauliflower__cauliflower_leaf_Alternaria Leaf Spot,True,LOW_INTRA_SPLIT_DUPLICATE
model2_v4,data/processed/model2_v4/train/cauliflower/cauliflower_leaf_Downy Mildew/Downy Mildew. (9).jpg,Downy Mildew. (9).jpg,train,cauliflower__cauliflower_leaf_Downy Mildew,f449bcb0e932ac46de57d50f58692d9ebd86f510d48b21d77e7fc60d44f652b1,2,train,cauliflower__cauliflower_leaf_Downy Mildew,True,LOW_INTRA_SPLIT_DUPLICATE
model2_v4,data/processed/model2_v4/train/cauliflower/cauliflower_leaf_Downy Mildew/Downy Mildew_135.jpg,Downy Mildew_135.jpg,train,cauliflower__cauliflower_leaf_Downy Mildew,f449bcb0e932ac46de57d50f58692d9ebd86f510d48b21d77e7fc60d44f652b1,2,train,cauliflower__cauliflower_leaf_Downy Mildew,True,LOW_INTRA_SPLIT_DUPLICATE
model2_v4,data/processed/model2_v4/train/cauliflower/cauliflower_leaf_Downy Mildew/Downy Mildew. (134).jpg,Downy Mildew. (134).jpg,train,cauliflower__cauliflower_leaf_Downy Mildew,f4f0a89ef3eff79a03cde54ac9d309cd3ba44745c32a9b378d5caf1a5961fdf3,4,train,cauliflower__cauliflower_leaf_Downy Mildew,True,LOW_INTRA_SPLIT_DUPLICATE
model2_v4,data/processed/model2_v4/train/cauliflower/cauliflower_leaf_Downy Mildew/Downy Mildew. (136).jpg,Downy Mildew. (136).jpg,train,cauliflower__cauliflower_leaf_Downy Mildew,f4f0a89ef3eff79a03cde54ac9d309cd3ba44745c32a9b378d5caf1a5961fdf3,4,train,cauliflower__cauliflower_leaf_Downy Mildew,True,LOW_INTRA_SPLIT_DUPLICATE
model2_v4,data/processed/model2_v4/train/cauliflower/cauliflower_leaf_Downy Mildew/Downy Mildew_43.jpg,Downy Mildew_43.jpg,train,cauliflower__cauliflower_leaf_Downy Mildew,f4f0a89ef3eff79a03cde54ac9d309cd3ba44745c32a9b378d5caf1a5961fdf3,4,train,cauliflower__cauliflower_leaf_Downy Mildew,True,LOW_INTRA_SPLIT_DUPLICATE
model2_v4,data/processed/model2_v4/train/cauliflower/cauliflower_leaf_Downy Mildew/Downy Mildew_45.jpg,Downy Mildew_45.jpg,train,cauliflower__cauliflower_leaf_Downy Mildew,f4f0a89ef3eff79a03cde54ac9d309cd3ba44745c32a9b378d5caf1a5961fdf3,4,train,cauliflower__cauliflower_leaf_Downy Mildew,True,LOW_INTRA_SPLIT_DUPLICATE
model2_v4,data/processed/model2_v4/train/cauliflower/cauliflower_leaf_Healthy/Healthy_79.jpeg,Healthy_79.jpeg,train,cauliflower__cauliflower_leaf_Healthy,f5475014f1d92f1b69a27ddfd31ec4c55fb7136748969b7d23bb881f2ab9f5c7,2,train,cauliflower__cauliflower_leaf_Healthy,True,LOW_INTRA_SPLIT_DUPLICATE
model2_v4,data/processed/model2_v4/train/cauliflower/cauliflower_leaf_Healthy/Healthy_80.jpeg,Healthy_80.jpeg,train,cauliflower__cauliflower_leaf_Healthy,f5475014f1d92f1b69a27ddfd31ec4c55fb7136748969b7d23bb881f2ab9f5c7,2,train,cauliflower__cauliflower_leaf_Healthy,True,LOW_INTRA_SPLIT_DUPLICATE
model2_v4,data/processed/model2_v4/train/cauliflower/cauliflower_leaf_Downy Mildew/Downy Mildew. (111).jpg,Downy Mildew. (111).jpg,train,cauliflower__cauliflower_leaf_Downy Mildew,f659213849d41b4b81ffa6653abe35f28cafacf9d43c567268b012dfdbb06eda,2,train,cauliflower__cauliflower_leaf_Downy Mildew,True,LOW_INTRA_SPLIT_DUPLICATE
model2_v4,data/processed/model2_v4/train/cauliflower/cauliflower_leaf_Downy Mildew/Downy Mildew_18.jpg,Downy Mildew_18.jpg,train,cauliflower__cauliflower_leaf_Downy Mildew,f659213849d41b4b81ffa6653abe35f28cafacf9d43c567268b012dfdbb06eda,2,train,cauliflower__cauliflower_leaf_Downy Mildew,True,LOW_INTRA_SPLIT_DUPLICATE
model2_v4,data/processed/model2_v4/train/cauliflower/cauliflower_leaf_Downy Mildew/Downy Mildew. (30).jpg,Downy Mildew. (30).jpg,train,cauliflower__cauliflower_leaf_Downy Mildew,f6b5117f33ed99e1a8d8ad2d6662ab8e66253dab8fbb4b3bfb9c5a56b3f67064,2,train,cauliflower__cauliflower_leaf_Downy Mildew,True,LOW_INTRA_SPLIT_DUPLICATE
model2_v4,data/processed/model2_v4/train/cauliflower/cauliflower_leaf_Downy Mildew/Downy Mildew_70.jpg,Downy Mildew_70.jpg,train,cauliflower__cauliflower_leaf_Downy Mildew,f6b5117f33ed99e1a8d8ad2d6662ab8e66253dab8fbb4b3bfb9c5a56b3f67064,2,train,cauliflower__cauliflower_leaf_Downy Mildew,True,LOW_INTRA_SPLIT_DUPLICATE
model2_v4,data/processed/model2_v4/train/cauliflower/cauliflower_fruit_healthy/No disease. (76).jpg,No disease. (76).jpg,train,cauliflower__cauliflower_fruit_healthy,f6f6830af3b8506b043b220b93cf3dcf5ed1e9589650fba5eb8e29408c15fd33,2,train,cauliflower__cauliflower_fruit_healthy+cauliflower__cauliflower_leaf_Healthy,True,LOW_INTRA_SPLIT_DUPLICATE
model2_v4,data/processed/model2_v4/train/cauliflower/cauliflower_leaf_Healthy/Healthy_320.jpg,Healthy_320.jpg,train,cauliflower__cauliflower_leaf_Healthy,f6f6830af3b8506b043b220b93cf3dcf5ed1e9589650fba5eb8e29408c15fd33,2,train,cauliflower__cauliflower_fruit_healthy+cauliflower__cauliflower_leaf_Healthy,True,LOW_INTRA_SPLIT_DUPLICATE
model2_v4,data/processed/model2_v4/train/cauliflower/cauliflower_fruit_healthy/No disease. (110).jpg,No disease. (110).jpg,train,cauliflower__cauliflower_fruit_healthy,f71334245ffacd1cbd10128c1cc84646e7ebef2a2163a6e43c808391b402c407,2,train,cauliflower__cauliflower_fruit_healthy+cauliflower__cauliflower_leaf_Healthy,True,LOW_INTRA_SPLIT_DUPLICATE
model2_v4,data/processed/model2_v4/train/cauliflower/cauliflower_leaf_Healthy/Healthy_193.jpg,Healthy_193.jpg,train,cauliflower__cauliflower_leaf_Healthy,f71334245ffacd1cbd10128c1cc84646e7ebef2a2163a6e43c808391b402c407,2,train,cauliflower__cauliflower_fruit_healthy+cauliflower__cauliflower_leaf_Healthy,True,LOW_INTRA_SPLIT_DUPLICATE
model2_v4,data/processed/model2_v4/train/cauliflower/cauliflower_fruit_healthy/No disease. (78).jpg,No disease. (78).jpg,train,cauliflower__cauliflower_fruit_healthy,f835c5d731bf7083363b78f092c0c8bf4eb06815de24969f078edfdd8a67e25b,2,train,cauliflower__cauliflower_fruit_healthy+cauliflower__cauliflower_leaf_Healthy,True,LOW_INTRA_SPLIT_DUPLICATE
model2_v4,data/processed/model2_v4/train/cauliflower/cauliflower_leaf_Healthy/Healthy_322.jpg,Healthy_322.jpg,train,cauliflower__cauliflower_leaf_Healthy,f835c5d731bf7083363b78f092c0c8bf4eb06815de24969f078edfdd8a67e25b,2,train,cauliflower__cauliflower_fruit_healthy+cauliflower__cauliflower_leaf_Healthy,True,LOW_INTRA_SPLIT_DUPLICATE
model2_v4,data/processed/model2_v4/train/broccoli/downy_mildew/f91ad46af4_broccoli_downy_mildew_google_0045.jpg,f91ad46af4_broccoli_downy_mildew_google_0045.jpg,train,broccoli__downy_mildew,f91ad46af4be150c0a94626e90cb3009b1deff75daeca08ecd62f9dbc2fe6f12,2,train,broccoli__downy_mildew+cauliflower__cauliflower_leaf_Downy Mildew,False,LOW_INTRA_SPLIT_DUPLICATE
model2_v4,data/processed/model2_v4/train/cauliflower/cauliflower_leaf_Downy Mildew/Downy Mildew_152.jpg,Downy Mildew_152.jpg,train,cauliflower__cauliflower_leaf_Downy Mildew,f91ad46af4be150c0a94626e90cb3009b1deff75daeca08ecd62f9dbc2fe6f12,2,train,broccoli__downy_mildew+cauliflower__cauliflower_leaf_Downy Mildew,True,LOW_INTRA_SPLIT_DUPLICATE
model2_v4,data/processed/model2_v4/train/bell_pepper/Cerespora/download (5).jpg,download (5).jpg,train,bell_pepper__Cerespora,f948304b5e35f0ac5fd55c171cb10994a12ebdea777a7557d46240cf2da6c4c1,3,train,bell_pepper__Cerespora,True,LOW_INTRA_SPLIT_DUPLICATE
model2_v4,data/processed/model2_v4/train/bell_pepper/Cerespora/download2 (35).jpg,download2 (35).jpg,train,bell_pepper__Cerespora,f948304b5e35f0ac5fd55c171cb10994a12ebdea777a7557d46240cf2da6c4c1,3,train,bell_pepper__Cerespora,True,LOW_INTRA_SPLIT_DUPLICATE
model2_v4,data/processed/model2_v4/train/bell_pepper/Cerespora/download2 (39).jpg,download2 (39).jpg,train,bell_pepper__Cerespora,f948304b5e35f0ac5fd55c171cb10994a12ebdea777a7557d46240cf2da6c4c1,3,train,bell_pepper__Cerespora,True,LOW_INTRA_SPLIT_DUPLICATE
model2_v4,data/processed/model2_v4/train/bell_pepper/bacterial_spot/e2bc1ccf-bbc2-457b-89cb-6e7154ec3414___NREC_B.Spot_9092.JPG,e2bc1ccf-bbc2-457b-89cb-6e7154ec3414___NREC_B.Spot_9092.JPG,train,bell_pepper__bacterial_spot,f95a954f4899fd3f818554f136fb30bab364671305a6c61d15438e1c4f3f2a28,2,train,bell_pepper__Cerespora+bell_pepper__bacterial_spot,True,LOW_INTRA_SPLIT_DUPLICATE
model2_v4,data/processed/model2_v4/train/bell_pepper/Cerespora/e2bc1ccf-bbc2-457b-89cb-6e7154ec3414___NREC_B.Spot 9092.JPG,e2bc1ccf-bbc2-457b-89cb-6e7154ec3414___NREC_B.Spot 9092.JPG,train,bell_pepper__Cerespora,f95a954f4899fd3f818554f136fb30bab364671305a6c61d15438e1c4f3f2a28,2,train,bell_pepper__Cerespora+bell_pepper__bacterial_spot,True,LOW_INTRA_SPLIT_DUPLICATE
model2_v4,data/processed/model2_v4/train/bell_pepper/Cerespora/download.jpg,download.jpg,train,bell_pepper__Cerespora,f98bf8c4e96673fd47e17ad39323da89520f0e27225de7c01785ecad05005b58,2,train,bell_pepper__Cerespora,True,LOW_INTRA_SPLIT_DUPLICATE
model2_v4,data/processed/model2_v4/train/bell_pepper/Cerespora/download2 (47).jpg,download2 (47).jpg,train,bell_pepper__Cerespora,f98bf8c4e96673fd47e17ad39323da89520f0e27225de7c01785ecad05005b58,2,train,bell_pepper__Cerespora,True,LOW_INTRA_SPLIT_DUPLICATE
model2_v4,data/processed/model2_v4/train/cauliflower/cauliflower_leaf_Downy Mildew/Downy Mildew. (16).jpg,Downy Mildew. (16).jpg,train,cauliflower__cauliflower_leaf_Downy Mildew,f99cc1e5430b9e8d71926f5c6aec2e612952641fbc60c9cc75117596f3470156,2,train,cauliflower__cauliflower_leaf_Downy Mildew,True,LOW_INTRA_SPLIT_DUPLICATE
model2_v4,data/processed/model2_v4/train/cauliflower/cauliflower_leaf_Downy Mildew/Downy Mildew_54.jpg,Downy Mildew_54.jpg,train,cauliflower__cauliflower_leaf_Downy Mildew,f99cc1e5430b9e8d71926f5c6aec2e612952641fbc60c9cc75117596f3470156,2,train,cauliflower__cauliflower_leaf_Downy Mildew,True,LOW_INTRA_SPLIT_DUPLICATE
model2_v4,data/processed/model2_v4/train/bell_pepper/Cerespora/images (11).jpg,images (11).jpg,train,bell_pepper__Cerespora,fb4195e55d42ebda90879426e15893d59f69695ba7fd4caa784d0f6d320d652d,2,train,bell_pepper__Cerespora,True,LOW_INTRA_SPLIT_DUPLICATE
model2_v4,data/processed/model2_v4/train/bell_pepper/Cerespora/images (17).jpg,images (17).jpg,train,bell_pepper__Cerespora,fb4195e55d42ebda90879426e15893d59f69695ba7fd4caa784d0f6d320d652d,2,train,bell_pepper__Cerespora,True,LOW_INTRA_SPLIT_DUPLICATE
model2_v4,data/processed/model2_v4/train/bell_pepper/Cerespora/f815ab23-815d-4e3a-8ebf-47d9084645cc___NREC_B.Spot 1869.JPG,f815ab23-815d-4e3a-8ebf-47d9084645cc___NREC_B.Spot 1869.JPG,train,bell_pepper__Cerespora,fc5dbe2d78d19e31e734f0963eabd57335a6f940846d9a5e102b42cdc2b7ac04,2,train,bell_pepper__Cerespora+bell_pepper__Leaf_Curl,True,LOW_INTRA_SPLIT_DUPLICATE
model2_v4,data/processed/model2_v4/train/bell_pepper/Leaf_Curl/f815ab23-815d-4e3a-8ebf-47d9084645cc___NREC_B.Spot 1869.JPG,f815ab23-815d-4e3a-8ebf-47d9084645cc___NREC_B.Spot 1869.JPG,train,bell_pepper__Leaf_Curl,fc5dbe2d78d19e31e734f0963eabd57335a6f940846d9a5e102b42cdc2b7ac04,2,train,bell_pepper__Cerespora+bell_pepper__Leaf_Curl,True,LOW_INTRA_SPLIT_DUPLICATE
model2_v4,data/processed/model2_v4/train/cauliflower/cauliflower_fruit_healthy/No disease. (125).jpg,No disease. (125).jpg,train,cauliflower__cauliflower_fruit_healthy,fe729a38369c12ef5a8c63b7eceb74f277144daa4b9bb890c9670dd5348f29ad,2,train,cauliflower__cauliflower_fruit_healthy+cauliflower__cauliflower_leaf_Healthy,True,LOW_INTRA_SPLIT_DUPLICATE
model2_v4,data/processed/model2_v4/train/cauliflower/cauliflower_leaf_Healthy/Healthy_207.jpg,Healthy_207.jpg,train,cauliflower__cauliflower_leaf_Healthy,fe729a38369c12ef5a8c63b7eceb74f277144daa4b9bb890c9670dd5348f29ad,2,train,cauliflower__cauliflower_fruit_healthy+cauliflower__cauliflower_leaf_Healthy,True,LOW_INTRA_SPLIT_DUPLICATE
model2_v4,data/processed/model2_v4/train/cauliflower/cauliflower_fruit_healthy/No disease. (35).jpg,No disease. (35).jpg,train,cauliflower__cauliflower_fruit_healthy,fe9c1f405af1a0aafd9fbb062f2d8908add9425bd9ecbf5753b62df99901cb49,2,train,cauliflower__cauliflower_fruit_healthy+cauliflower__cauliflower_leaf_Healthy,True,LOW_INTRA_SPLIT_DUPLICATE
model2_v4,data/processed/model2_v4/train/cauliflower/cauliflower_leaf_Healthy/Healthy_277.jpg,Healthy_277.jpg,train,cauliflower__cauliflower_leaf_Healthy,fe9c1f405af1a0aafd9fbb062f2d8908add9425bd9ecbf5753b62df99901cb49,2,train,cauliflower__cauliflower_fruit_healthy+cauliflower__cauliflower_leaf_Healthy,True,LOW_INTRA_SPLIT_DUPLICATE
model2_v4,data/processed/model2_v4/train/cauliflower/cauliflower_fruit_healthy/No disease. (21).jpg,No disease. (21).jpg,train,cauliflower__cauliflower_fruit_healthy,ff3c4049504afb7946ceb83cf644d76d6a656b87b7e6d090987d63784959614b,2,train,cauliflower__cauliflower_fruit_healthy+cauliflower__cauliflower_leaf_Healthy,True,LOW_INTRA_SPLIT_DUPLICATE
model2_v4,data/processed/model2_v4/train/cauliflower/cauliflower_leaf_Healthy/Healthy_262.jpg,Healthy_262.jpg,train,cauliflower__cauliflower_leaf_Healthy,ff3c4049504afb7946ceb83cf644d76d6a656b87b7e6d090987d63784959614b,2,train,cauliflower__cauliflower_fruit_healthy+cauliflower__cauliflower_leaf_Healthy,True,LOW_INTRA_SPLIT_DUPLICATE
model2_v4,data/processed/model2_v4/train/bell_pepper/bacterial_spot/pepper_bell_bacterial_spot310.jpg,pepper_bell_bacterial_spot310.jpg,train,bell_pepper__bacterial_spot,ffa0f50e664c6594f7ab6ab1be17c4335df3bc99bc0088ee14a4510304cf8e28,3,train,bell_pepper__Cerespora+bell_pepper__Leaf_Curl+bell_pepper__bacterial_spot,True,LOW_INTRA_SPLIT_DUPLICATE
model2_v4,data/processed/model2_v4/train/bell_pepper/Cerespora/424602ec-36eb-425c-8bd9-73be3e544cf2___NREC_B.Spot 9251.JPG,424602ec-36eb-425c-8bd9-73be3e544cf2___NREC_B.Spot 9251.JPG,train,bell_pepper__Cerespora,ffa0f50e664c6594f7ab6ab1be17c4335df3bc99bc0088ee14a4510304cf8e28,3,train,bell_pepper__Cerespora+bell_pepper__Leaf_Curl+bell_pepper__bacterial_spot,True,LOW_INTRA_SPLIT_DUPLICATE
model2_v4,data/processed/model2_v4/train/bell_pepper/Leaf_Curl/424602ec-36eb-425c-8bd9-73be3e544cf2___NREC_B.Spot 9251.JPG,424602ec-36eb-425c-8bd9-73be3e544cf2___NREC_B.Spot 9251.JPG,train,bell_pepper__Leaf_Curl,ffa0f50e664c6594f7ab6ab1be17c4335df3bc99bc0088ee14a4510304cf8e28,3,train,bell_pepper__Cerespora+bell_pepper__Leaf_Curl+bell_pepper__bacterial_spot,True,LOW_INTRA_SPLIT_DUPLICATE
