original_image,detected_classes,exclusion_reason,leakage_match,near_dup_group
train/00001_jpg.rf.84c611d2f450df72c644f3a82d012a48.jpg,defect,crop identity unconfirmed (products_sam generic produce defect dataset); not in carrot taxonomy,no,
train/00003_jpg.rf.1e837f9ae599b32bb6c8f6cd61dbf149.jpg,defect,crop identity unconfirmed (products_sam generic produce defect dataset); not in carrot taxonomy,no,
train/00006_jpg.rf.bfcf4d133cc53cddfeed348d1dafe26e.jpg,defect,crop identity unconfirmed (products_sam generic produce defect dataset); not in carrot taxonomy,no,
train/00007_jpg.rf.76bf83efe0f751db7c6c7fa66ea6c89e.jpg,defect,crop identity unconfirmed (products_sam generic produce defect dataset); not in carrot taxonomy,no,
train/00008_jpg.rf.3e72f769093b198894b17afbf2bf116d.jpg,defect,crop identity unconfirmed (products_sam generic produce defect dataset); not in carrot taxonomy,no,
train/00009_jpg.rf.451574cd5960158f37a6000bef50784b.jpg,defect,crop identity unconfirmed (products_sam generic produce defect dataset); not in carrot taxonomy,no,
train/00012_jpg.rf.5e4a5e5bf0e451c783e77f6ba87b365c.jpg,defect,crop identity unconfirmed (products_sam generic produce defect dataset); not in carrot taxonomy,no,
train/00013_jpg.rf.8e9de8a21395d8c8cd79f7d80ba99990.jpg,defect,crop identity unconfirmed (products_sam generic produce defect dataset); not in carrot taxonomy,no,
train/00014_jpg.rf.86089375d3dd49c56a20d0b173cf119c.jpg,defect,crop identity unconfirmed (products_sam generic produce defect dataset); not in carrot taxonomy,no,
train/00015_jpg.rf.26ace2f8d4c6ab21a842e5a086d9f910.jpg,defect,crop identity unconfirmed (products_sam generic produce defect dataset); not in carrot taxonomy,no,
train/00018_jpg.rf.c0935e0c0f29f60e3520f4e588902ce7.jpg,defect,crop identity unconfirmed (products_sam generic produce defect dataset); not in carrot taxonomy,no,
train/00019_jpg.rf.7bdbf7dd7ec3d6a52b65a95ecdca39be.jpg,defect,crop identity unconfirmed (products_sam generic produce defect dataset); not in carrot taxonomy,no,
train/00020_jpg.rf.4a83e3c14f38cfe28f95532e8c4c0a95.jpg,defect,crop identity unconfirmed (products_sam generic produce defect dataset); not in carrot taxonomy,no,
train/00021_jpg.rf.eb4fabe9d225d6aedd79e3d8fef8d1c0.jpg,defect,crop identity unconfirmed (products_sam generic produce defect dataset); not in carrot taxonomy,no,
train/00022_jpg.rf.b837f747798761fdc5cd571f11a91546.jpg,defect,crop identity unconfirmed (products_sam generic produce defect dataset); not in carrot taxonomy,no,
train/00023_jpg.rf.f4727ac1022acfc2ba5aba15bb8b9855.jpg,defect,crop identity unconfirmed (products_sam generic produce defect dataset); not in carrot taxonomy,no,
train/00024_jpg.rf.f1f8b7dfa903477e980416842128f695.jpg,defect,crop identity unconfirmed (products_sam generic produce defect dataset); not in carrot taxonomy,no,
train/00025_jpg.rf.8fe0b0587a44a8926be364f6816c9a06.jpg,defect,crop identity unconfirmed (products_sam generic produce defect dataset); not in carrot taxonomy,no,
train/00029_jpg.rf.772d7fe48d6e6b3e1cb32004b3e1a4fe.jpg,defect,crop identity unconfirmed (products_sam generic produce defect dataset); not in carrot taxonomy,no,
train/00030_jpg.rf.a1a20c9ef9037afda5f18115acf172a7.jpg,defect,crop identity unconfirmed (products_sam generic produce defect dataset); not in carrot taxonomy,no,
train/00032_jpg.rf.b34446741ce0fb2366f941f0ee6af531.jpg,defect,crop identity unconfirmed (products_sam generic produce defect dataset); not in carrot taxonomy,no,
train/00033_jpg.rf.a7118ff2d1620f94f8e18f5937b07176.jpg,defect,crop identity unconfirmed (products_sam generic produce defect dataset); not in carrot taxonomy,no,
train/00034_jpg.rf.193ab9dfc9d320393de4c77894daff02.jpg,defect,crop identity unconfirmed (products_sam generic produce defect dataset); not in carrot taxonomy,no,
train/00035_jpg.rf.ea70ca8da6ec641697ded24e86a694af.jpg,defect,crop identity unconfirmed (products_sam generic produce defect dataset); not in carrot taxonomy,no,
train/00037_jpg.rf.e747ee344ccdcc54b7a5be12db7f9ba3.jpg,defect,crop identity unconfirmed (products_sam generic produce defect dataset); not in carrot taxonomy,no,
train/00038_jpg.rf.98518626c81e690d41c0c874296130ac.jpg,defect,crop identity unconfirmed (products_sam generic produce defect dataset); not in carrot taxonomy,no,
train/00039_jpg.rf.2fed374dcc4e1ddceb2dd6d502de4b78.jpg,defect,crop identity unconfirmed (products_sam generic produce defect dataset); not in carrot taxonomy,no,
train/00040_jpg.rf.5f3ee6fb455be92720792761fc7c2ae6.jpg,defect,crop identity unconfirmed (products_sam generic produce defect dataset); not in carrot taxonomy,no,
train/00041_jpg.rf.b5eae4fd9f4b1b700efe1a26085c461e.jpg,defect,crop identity unconfirmed (products_sam generic produce defect dataset); not in carrot taxonomy,no,
train/00042_jpg.rf.1f4be1f8ff7240738972ea95c771c078.jpg,defect,crop identity unconfirmed (products_sam generic produce defect dataset); not in carrot taxonomy,no,
train/00044_jpg.rf.de8a4bd51cf1d05ec8188b22f8940e37.jpg,defect,crop identity unconfirmed (products_sam generic produce defect dataset); not in carrot taxonomy,no,
train/00045_jpg.rf.8354ff1d9f4caaa24a739acc4487cd68.jpg,defect,crop identity unconfirmed (products_sam generic produce defect dataset); not in carrot taxonomy,no,
train/00046_jpg.rf.7f328211958059676e61aa11ef46b40b.jpg,defect,crop identity unconfirmed (products_sam generic produce defect dataset); not in carrot taxonomy,no,
train/00047_jpg.rf.99823ea1da2d8df4d734e4574c18e208.jpg,defect,crop identity unconfirmed (products_sam generic produce defect dataset); not in carrot taxonomy,no,
train/00048_jpg.rf.bf0d7df7923907e3b466d8ef3a087cd9.jpg,defect,crop identity unconfirmed (products_sam generic produce defect dataset); not in carrot taxonomy,no,
train/00050_jpg.rf.da8f276135051f806bcc903e31cdda5d.jpg,defect,crop identity unconfirmed (products_sam generic produce defect dataset); not in carrot taxonomy,no,
train/00051_jpg.rf.b6c3fe4b03410c59046d073f1a90486f.jpg,defect,crop identity unconfirmed (products_sam generic produce defect dataset); not in carrot taxonomy,no,
train/00052_jpg.rf.345a92c9bdb39fffb6691b563bbda95a.jpg,defect,crop identity unconfirmed (products_sam generic produce defect dataset); not in carrot taxonomy,no,
train/00053_jpg.rf.7a14e8484178c3cceb8254e5ac99c7e4.jpg,defect,crop identity unconfirmed (products_sam generic produce defect dataset); not in carrot taxonomy,no,
train/00055_jpg.rf.112c332c58bf34c2ca323e22dccb6620.jpg,defect,crop identity unconfirmed (products_sam generic produce defect dataset); not in carrot taxonomy,no,
train/00056_jpg.rf.4b284528493277575da581c6f9e4f412.jpg,defect,crop identity unconfirmed (products_sam generic produce defect dataset); not in carrot taxonomy,no,
train/00057_jpg.rf.e78f850544f03c1e75b149593958abac.jpg,defect,crop identity unconfirmed (products_sam generic produce defect dataset); not in carrot taxonomy,no,
train/00059_jpg.rf.8e0557d87cfdc12707e6af5844b9b0aa.jpg,defect,crop identity unconfirmed (products_sam generic produce defect dataset); not in carrot taxonomy,no,
train/00060_jpg.rf.288a088b93e11dfb8087cee0fe725adb.jpg,defect,crop identity unconfirmed (products_sam generic produce defect dataset); not in carrot taxonomy,no,
train/00061_jpg.rf.f870a60ae72452c4e185c8101ed60030.jpg,defect,crop identity unconfirmed (products_sam generic produce defect dataset); not in carrot taxonomy,no,
train/00062_jpg.rf.abca84ee83f46239855343000ba293de.jpg,defect,crop identity unconfirmed (products_sam generic produce defect dataset); not in carrot taxonomy,no,
train/00063_jpg.rf.3509b48b54b86879d0cae1c8ba8685d4.jpg,defect,crop identity unconfirmed (products_sam generic produce defect dataset); not in carrot taxonomy,no,
train/00065_jpg.rf.b3a51d787cc0333968499d372c7ab09a.jpg,defect,crop identity unconfirmed (products_sam generic produce defect dataset); not in carrot taxonomy,no,
train/00066_jpg.rf.dc4e873a642eeb7e162ff6a0bbbecd67.jpg,defect,crop identity unconfirmed (products_sam generic produce defect dataset); not in carrot taxonomy,no,
train/00067_jpg.rf.4634e4f803ab3a70b563626b0ea2ef39.jpg,defect,crop identity unconfirmed (products_sam generic produce defect dataset); not in carrot taxonomy,no,
train/00068_jpg.rf.41f4ba0cafdeb1759f743f4e54e7005a.jpg,defect,crop identity unconfirmed (products_sam generic produce defect dataset); not in carrot taxonomy,no,
train/00069_jpg.rf.1463ee55c8a47a3a3ea7dd3c6203c48e.jpg,defect,crop identity unconfirmed (products_sam generic produce defect dataset); not in carrot taxonomy,no,
train/00070_jpg.rf.1db5ac87b1c43fbaf664670b1f492faf.jpg,defect,crop identity unconfirmed (products_sam generic produce defect dataset); not in carrot taxonomy,no,
train/00072_jpg.rf.536cd46ad4d0136663ae943190a09919.jpg,defect,crop identity unconfirmed (products_sam generic produce defect dataset); not in carrot taxonomy,no,
train/00073_jpg.rf.5322d28a006b8e991c0b319c57e8bf72.jpg,defect,crop identity unconfirmed (products_sam generic produce defect dataset); not in carrot taxonomy,no,
train/00075_jpg.rf.43c423b69ece71eb61ad2698771b7a0a.jpg,defect,crop identity unconfirmed (products_sam generic produce defect dataset); not in carrot taxonomy,no,
train/00076_jpg.rf.bc8cf0f1a4565963cd04cb016066b4ef.jpg,defect,crop identity unconfirmed (products_sam generic produce defect dataset); not in carrot taxonomy,no,
train/00077_jpg.rf.e53de50db70398df3e9061bcab26dcd5.jpg,defect,crop identity unconfirmed (products_sam generic produce defect dataset); not in carrot taxonomy,no,
train/00079_jpg.rf.5d85c2caee608fad289729b22eafc44b.jpg,defect,crop identity unconfirmed (products_sam generic produce defect dataset); not in carrot taxonomy,no,
train/00080_jpg.rf.0ab2e5091c5bd4707334085b7f9c0551.jpg,defect,crop identity unconfirmed (products_sam generic produce defect dataset); not in carrot taxonomy,no,
train/00081_jpg.rf.5f80312ec93cec3bccf5ce8ba8245e42.jpg,defect,crop identity unconfirmed (products_sam generic produce defect dataset); not in carrot taxonomy,no,
train/00082_jpg.rf.479b0e9011b3e0b7cdd0e6bfd5c845a2.jpg,defect,crop identity unconfirmed (products_sam generic produce defect dataset); not in carrot taxonomy,no,
train/00084_jpg.rf.2fd353560e0bba28fed6a6c6709c16ba.jpg,defect,crop identity unconfirmed (products_sam generic produce defect dataset); not in carrot taxonomy,no,
train/00085_jpg.rf.a2f11462459ca33cdf900b690b781482.jpg,defect,crop identity unconfirmed (products_sam generic produce defect dataset); not in carrot taxonomy,no,
train/00086_jpg.rf.eb3f1228062a1be0f268a152b279482c.jpg,defect,crop identity unconfirmed (products_sam generic produce defect dataset); not in carrot taxonomy,no,
train/00087_jpg.rf.dd12df8da76fafc575c7c011af2e4141.jpg,defect,crop identity unconfirmed (products_sam generic produce defect dataset); not in carrot taxonomy,no,
train/00088_jpg.rf.57ba7ca350d6ae9d23105a7ba455ac4e.jpg,defect,crop identity unconfirmed (products_sam generic produce defect dataset); not in carrot taxonomy,no,
train/00089_jpg.rf.937363e4bf908588d324fecc8a5a726e.jpg,defect,crop identity unconfirmed (products_sam generic produce defect dataset); not in carrot taxonomy,no,
train/00090_jpg.rf.b1026cf65c64b4821611ca48f594866e.jpg,defect,crop identity unconfirmed (products_sam generic produce defect dataset); not in carrot taxonomy,no,
train/00092_jpg.rf.0ae98f4a4822479f5cd4ce9f1ac4eb1a.jpg,defect,crop identity unconfirmed (products_sam generic produce defect dataset); not in carrot taxonomy,no,
train/00093_jpg.rf.bf8c7afa24f7d71f5537e9661f5a502a.jpg,defect,crop identity unconfirmed (products_sam generic produce defect dataset); not in carrot taxonomy,no,
train/00094_jpg.rf.39e6e38efbafb0d52cd12a45f7b75a2e.jpg,defect,crop identity unconfirmed (products_sam generic produce defect dataset); not in carrot taxonomy,no,
train/00095_jpg.rf.762b4d11d5e12c0eeab4072e7f495fc7.jpg,defect,crop identity unconfirmed (products_sam generic produce defect dataset); not in carrot taxonomy,no,
train/00096_jpg.rf.ca9197f3ac00f02e26ef4797133f13b3.jpg,defect,crop identity unconfirmed (products_sam generic produce defect dataset); not in carrot taxonomy,no,
train/00097_jpg.rf.57862f0d76db96426eb72dcf6f14afec.jpg,defect,crop identity unconfirmed (products_sam generic produce defect dataset); not in carrot taxonomy,no,
train/00099_jpg.rf.94423b04f1d96466228e37f6b7ba4521.jpg,defect,crop identity unconfirmed (products_sam generic produce defect dataset); not in carrot taxonomy,no,
train/000_png.rf.126b118ad4f28eae8cad267a091ffd3b.jpg,print,crop identity unconfirmed (products_sam generic produce defect dataset); not in carrot taxonomy,no,
train/000_png.rf.15abee2cb14e8cc86c3713e0d0daef63.jpg,poke,crop identity unconfirmed (products_sam generic produce defect dataset); not in carrot taxonomy,no,
train/000_png.rf.2090abccd85b5ae272f292e0f14502b3.jpg,combined,crop identity unconfirmed (products_sam generic produce defect dataset); not in carrot taxonomy,no,
train/000_png.rf.20b8ebc608f4b940feb29d8bd45ed0a0.jpg,scratch,crop identity unconfirmed (products_sam generic produce defect dataset); not in carrot taxonomy,no,
train/000_png.rf.2155a4159f236e6b07889428b5e720cf.jpg,faulty_imprint,crop identity unconfirmed (products_sam generic produce defect dataset); not in carrot taxonomy,no,
train/000_png.rf.25292e397776f690292622d8cb3cd25e.jpg,scratch,crop identity unconfirmed (products_sam generic produce defect dataset); not in carrot taxonomy,no,
train/000_png.rf.3a39aa3f52ba760c86079276c0ee43d2.jpg,crack,crop identity unconfirmed (products_sam generic produce defect dataset); not in carrot taxonomy,no,
train/000_png.rf.686699b409f358fdd97e29771fc6ac00.jpg,contamination,crop identity unconfirmed (products_sam generic produce defect dataset); not in carrot taxonomy,no,
train/000_png.rf.6c2878643b4878563c83ab36127ff24e.jpg,squeeze,crop identity unconfirmed (products_sam generic produce defect dataset); not in carrot taxonomy,no,
train/000_png.rf.821131fa014de9096e01897c8689f4a1.jpg,crack,crop identity unconfirmed (products_sam generic produce defect dataset); not in carrot taxonomy,no,
train/000_png.rf.ba3b1f73ec13d0812a48fecb2d4c35f4.jpg,faulty_imprint,crop identity unconfirmed (products_sam generic produce defect dataset); not in carrot taxonomy,no,
train/000_png.rf.be33a53dcb1b382c1f0746c114d9e033.jpg,crack,crop identity unconfirmed (products_sam generic produce defect dataset); not in carrot taxonomy,no,
train/000_png.rf.ceee451cf5d207a3553c5cbc8a690c4d.jpg,cut,crop identity unconfirmed (products_sam generic produce defect dataset); not in carrot taxonomy,no,
train/000_png.rf.e7cce6a34d5e2bd367b50a423be823a7.jpg,color,crop identity unconfirmed (products_sam generic produce defect dataset); not in carrot taxonomy,no,
train/00100_jpg.rf.427265ff02a42c46c05bb342db6c5b36.jpg,defect,crop identity unconfirmed (products_sam generic produce defect dataset); not in carrot taxonomy,no,
train/00101_jpg.rf.397d8ef37db07310656b8649d1480be8.jpg,defect,crop identity unconfirmed (products_sam generic produce defect dataset); not in carrot taxonomy,no,
train/00102_jpg.rf.5884055caf90022fef1b0f44e960059a.jpg,defect,crop identity unconfirmed (products_sam generic produce defect dataset); not in carrot taxonomy,no,
train/00103_jpg.rf.017fb6c1be90ff7cd6dfafbceacb7cd7.jpg,defect,crop identity unconfirmed (products_sam generic produce defect dataset); not in carrot taxonomy,no,
train/00104_jpg.rf.6a438aed1649a9b954e8a846c3814606.jpg,defect,crop identity unconfirmed (products_sam generic produce defect dataset); not in carrot taxonomy,no,
train/00105_jpg.rf.73785e0c2a6833fd957397c932a9fa66.jpg,defect,crop identity unconfirmed (products_sam generic produce defect dataset); not in carrot taxonomy,no,
train/00107_jpg.rf.76a9061fac6e5c7262c72b175274a3c5.jpg,defect,crop identity unconfirmed (products_sam generic produce defect dataset); not in carrot taxonomy,no,
train/00108_jpg.rf.a6d2ed98dab1516d4dcffd89731f2486.jpg,defect,crop identity unconfirmed (products_sam generic produce defect dataset); not in carrot taxonomy,no,
train/00109_jpg.rf.d07ef89dae495da12b671f68b808f9c0.jpg,defect,crop identity unconfirmed (products_sam generic produce defect dataset); not in carrot taxonomy,no,
train/00110_jpg.rf.d2b1430855cbcc46cd708066d0f535f6.jpg,defect,crop identity unconfirmed (products_sam generic produce defect dataset); not in carrot taxonomy,no,
train/00111_jpg.rf.8e7293987da3babc2dcf1569bd5d56a7.jpg,defect,crop identity unconfirmed (products_sam generic produce defect dataset); not in carrot taxonomy,no,
train/00112_jpg.rf.9b0ae0c40deeeba38c518308f60c36d0.jpg,defect,crop identity unconfirmed (products_sam generic produce defect dataset); not in carrot taxonomy,no,
train/00113_jpg.rf.2c6bda3858a20f59168f51d563496312.jpg,defect,crop identity unconfirmed (products_sam generic produce defect dataset); not in carrot taxonomy,no,
train/00114_jpg.rf.10202c64a1f7da024dafd2f175365f6d.jpg,defect,crop identity unconfirmed (products_sam generic produce defect dataset); not in carrot taxonomy,no,
train/00115_jpg.rf.99bf09189b780606a5ee5a42201275c3.jpg,defect,crop identity unconfirmed (products_sam generic produce defect dataset); not in carrot taxonomy,no,
train/00116_jpg.rf.96c48e4a4e8cc02ef99a6bbdc4b4e842.jpg,defect,crop identity unconfirmed (products_sam generic produce defect dataset); not in carrot taxonomy,no,
train/00117_jpg.rf.592d65e5c2c3f65f5fdbd195e609567a.jpg,defect,crop identity unconfirmed (products_sam generic produce defect dataset); not in carrot taxonomy,no,
train/00118_jpg.rf.51b4ecd0133cbc9456119d959e43ef8f.jpg,defect,crop identity unconfirmed (products_sam generic produce defect dataset); not in carrot taxonomy,no,
train/00119_jpg.rf.b30bb74fffa8ba2a67266c0780fbc16b.jpg,defect,crop identity unconfirmed (products_sam generic produce defect dataset); not in carrot taxonomy,no,
train/00120_jpg.rf.500b501b4b4fed10dd7678f1cd7ea0af.jpg,defect,crop identity unconfirmed (products_sam generic produce defect dataset); not in carrot taxonomy,no,
train/00121_jpg.rf.0968a4a67be14f0dace0c937a1ed451b.jpg,defect,crop identity unconfirmed (products_sam generic produce defect dataset); not in carrot taxonomy,no,
train/00122_jpg.rf.b45c9caa4405acc94c6e89d81fbe0d2f.jpg,defect,crop identity unconfirmed (products_sam generic produce defect dataset); not in carrot taxonomy,no,
train/00123_jpg.rf.86b91e70d9115b2120b7e0d7ac6a06dd.jpg,defect,crop identity unconfirmed (products_sam generic produce defect dataset); not in carrot taxonomy,no,
train/00124_jpg.rf.9bd0f64c024c6642f6f88a4dba20c86a.jpg,defect,crop identity unconfirmed (products_sam generic produce defect dataset); not in carrot taxonomy,no,
train/00125_jpg.rf.433f3db7b4d127e7ce7d7c763a987a21.jpg,defect,crop identity unconfirmed (products_sam generic produce defect dataset); not in carrot taxonomy,no,
train/00127_jpg.rf.659dc0766c17a7f9869c003bd3a58372.jpg,defect,crop identity unconfirmed (products_sam generic produce defect dataset); not in carrot taxonomy,no,
train/00128_jpg.rf.2c88c265b3a53c484f3ffb2ad5fe2d75.jpg,defect,crop identity unconfirmed (products_sam generic produce defect dataset); not in carrot taxonomy,no,
train/00129_jpg.rf.54b64e50f33114916a51194cffaebedd.jpg,defect,crop identity unconfirmed (products_sam generic produce defect dataset); not in carrot taxonomy,no,
train/00130_jpg.rf.ea8064a28be0c6ca7c42823eaf225ea6.jpg,defect,crop identity unconfirmed (products_sam generic produce defect dataset); not in carrot taxonomy,no,
train/00131_jpg.rf.61198d59f1ed9aeb228205456d15f0c6.jpg,defect,crop identity unconfirmed (products_sam generic produce defect dataset); not in carrot taxonomy,no,
train/00133_jpg.rf.e59802283408ae4d525d782381939552.jpg,defect,crop identity unconfirmed (products_sam generic produce defect dataset); not in carrot taxonomy,no,
train/00134_jpg.rf.6e4b963333836ff58ab19b5e13d472f7.jpg,defect,crop identity unconfirmed (products_sam generic produce defect dataset); not in carrot taxonomy,no,
train/00135_jpg.rf.29e1993b7d667234c3eaec218366ed45.jpg,defect,crop identity unconfirmed (products_sam generic produce defect dataset); not in carrot taxonomy,no,
train/00136_jpg.rf.2d9a11222e9b07eedf63b93e4b8fe43f.jpg,defect,crop identity unconfirmed (products_sam generic produce defect dataset); not in carrot taxonomy,no,
train/00137_jpg.rf.4db845c06516b3799c8ab33289cf36ce.jpg,defect,crop identity unconfirmed (products_sam generic produce defect dataset); not in carrot taxonomy,no,
train/00139_jpg.rf.d8d8b70ac8ef54f3a231ded15702ce51.jpg,defect,crop identity unconfirmed (products_sam generic produce defect dataset); not in carrot taxonomy,no,
train/00140_jpg.rf.980497c6a8fe0bcadbeb267bf0b0c6d7.jpg,defect,crop identity unconfirmed (products_sam generic produce defect dataset); not in carrot taxonomy,no,
train/00141_jpg.rf.a63fd5658f02969428d33f743d72ce0a.jpg,defect,crop identity unconfirmed (products_sam generic produce defect dataset); not in carrot taxonomy,no,
train/00142_jpg.rf.825520d9752d2d2cbbc3ed997c4233f6.jpg,defect,crop identity unconfirmed (products_sam generic produce defect dataset); not in carrot taxonomy,no,
train/00143_jpg.rf.5bc443b0fdb92991688b9e12d964f4e5.jpg,defect,crop identity unconfirmed (products_sam generic produce defect dataset); not in carrot taxonomy,no,
train/00145_jpg.rf.c25d1f0df71c252dbbfae2e69e3040d0.jpg,defect,crop identity unconfirmed (products_sam generic produce defect dataset); not in carrot taxonomy,no,
train/00146_jpg.rf.1934c3cff0c14624a499c927a6146088.jpg,defect,crop identity unconfirmed (products_sam generic produce defect dataset); not in carrot taxonomy,no,
train/00147_jpg.rf.75c2ccb1644587355eb129cec9e943a3.jpg,defect,crop identity unconfirmed (products_sam generic produce defect dataset); not in carrot taxonomy,no,
train/00149_jpg.rf.20f6b9538528ef744c3ddff5c1afacae.jpg,defect,crop identity unconfirmed (products_sam generic produce defect dataset); not in carrot taxonomy,no,
train/00150_jpg.rf.df0b490c4268d7e70a8ddec130fd1422.jpg,defect,crop identity unconfirmed (products_sam generic produce defect dataset); not in carrot taxonomy,no,
train/00151_jpg.rf.7a992839ce96b48f6cbea258396a0198.jpg,defect,crop identity unconfirmed (products_sam generic produce defect dataset); not in carrot taxonomy,no,
train/00152_jpg.rf.24b583170c28ccc2753b0d4c92e70a3e.jpg,defect,crop identity unconfirmed (products_sam generic produce defect dataset); not in carrot taxonomy,no,
train/00153_jpg.rf.533d4ce49de1942f4bb2f6495126ba21.jpg,defect,crop identity unconfirmed (products_sam generic produce defect dataset); not in carrot taxonomy,no,
train/00154_jpg.rf.5236f2a67736bc619987ea093cd67535.jpg,defect,crop identity unconfirmed (products_sam generic produce defect dataset); not in carrot taxonomy,no,
train/00155_jpg.rf.001478df655c207b3363aefe8b778e8d.jpg,defect,crop identity unconfirmed (products_sam generic produce defect dataset); not in carrot taxonomy,no,
train/00156_jpg.rf.50737e555363e783e0cded77362e20bf.jpg,defect,crop identity unconfirmed (products_sam generic produce defect dataset); not in carrot taxonomy,no,
train/00157_jpg.rf.2697055b3c2eb4075771ff0940a0a2fa.jpg,defect,crop identity unconfirmed (products_sam generic produce defect dataset); not in carrot taxonomy,no,
train/00158_jpg.rf.2852785ddf806c0abdabaede6f9a1874.jpg,defect,crop identity unconfirmed (products_sam generic produce defect dataset); not in carrot taxonomy,no,
train/00159_jpg.rf.754525f1d5d32db549e9228b0b7739a6.jpg,defect,crop identity unconfirmed (products_sam generic produce defect dataset); not in carrot taxonomy,no,
train/00160_jpg.rf.bb221397cef2a5f75da208ed7c6755a4.jpg,defect,crop identity unconfirmed (products_sam generic produce defect dataset); not in carrot taxonomy,no,
train/00161_jpg.rf.e89330533c8f1f1dba2376d9cc3b01c1.jpg,defect,crop identity unconfirmed (products_sam generic produce defect dataset); not in carrot taxonomy,no,
train/00162_jpg.rf.525dc89396b3ee59293f6997ada4f7c2.jpg,defect,crop identity unconfirmed (products_sam generic produce defect dataset); not in carrot taxonomy,no,
train/00163_jpg.rf.3a065eea662c850645ce0ec76de3a70e.jpg,defect,crop identity unconfirmed (products_sam generic produce defect dataset); not in carrot taxonomy,no,
train/00164_jpg.rf.92bc47d6dfc28b0d3558d72a04157838.jpg,defect,crop identity unconfirmed (products_sam generic produce defect dataset); not in carrot taxonomy,no,
train/00166_jpg.rf.9715995f250d93fa709aa82aa1bcebd1.jpg,defect,crop identity unconfirmed (products_sam generic produce defect dataset); not in carrot taxonomy,no,
train/00167_jpg.rf.857dade91664760dcdedc9b039d9822e.jpg,defect,crop identity unconfirmed (products_sam generic produce defect dataset); not in carrot taxonomy,no,
train/00168_jpg.rf.e37b33a2435a027e8f47388063995e32.jpg,defect,crop identity unconfirmed (products_sam generic produce defect dataset); not in carrot taxonomy,no,
train/00170_jpg.rf.69c0cd8f90feb953e2b13ab6a19fc304.jpg,defect,crop identity unconfirmed (products_sam generic produce defect dataset); not in carrot taxonomy,no,
train/00171_jpg.rf.9c0aea66c1adfeeade17e215cfeb3111.jpg,defect,crop identity unconfirmed (products_sam generic produce defect dataset); not in carrot taxonomy,no,
train/00172_jpg.rf.c70f32f510d40131a7dbf858510861c2.jpg,defect,crop identity unconfirmed (products_sam generic produce defect dataset); not in carrot taxonomy,no,
train/00173_jpg.rf.0751fb1647b42a4e2c1237102bb968a5.jpg,defect,crop identity unconfirmed (products_sam generic produce defect dataset); not in carrot taxonomy,no,
train/00176_jpg.rf.fc8f81fda6b1915c212a5acd98ed5867.jpg,defect,crop identity unconfirmed (products_sam generic produce defect dataset); not in carrot taxonomy,no,
train/00177_jpg.rf.1da1af68268e29e92b2b867eb27459d9.jpg,defect,crop identity unconfirmed (products_sam generic produce defect dataset); not in carrot taxonomy,no,
train/00178_jpg.rf.88212582d79cf6baee66064053c41b07.jpg,defect,crop identity unconfirmed (products_sam generic produce defect dataset); not in carrot taxonomy,no,
train/00179_jpg.rf.0518841dd7c932968af2b391307441f4.jpg,defect,crop identity unconfirmed (products_sam generic produce defect dataset); not in carrot taxonomy,no,
train/00180_jpg.rf.60cbabb4366ee87e2411447c40a807ce.jpg,defect,crop identity unconfirmed (products_sam generic produce defect dataset); not in carrot taxonomy,no,
train/00182_jpg.rf.3d2b939d3a0614240a8a660daff20913.jpg,defect,crop identity unconfirmed (products_sam generic produce defect dataset); not in carrot taxonomy,no,
train/00184_jpg.rf.2e504d0b39af7b19a8ab910ea7c65229.jpg,defect,crop identity unconfirmed (products_sam generic produce defect dataset); not in carrot taxonomy,no,
train/00185_jpg.rf.88bc597f8fb63159a240e600f43667d5.jpg,defect,crop identity unconfirmed (products_sam generic produce defect dataset); not in carrot taxonomy,no,
train/00187_jpg.rf.2e239042d73c2e2b897b30316dea80b0.jpg,defect,crop identity unconfirmed (products_sam generic produce defect dataset); not in carrot taxonomy,no,
train/00188_jpg.rf.22eeabf4a5318adb6f3697d23cf2ca35.jpg,defect,crop identity unconfirmed (products_sam generic produce defect dataset); not in carrot taxonomy,no,
train/00189_jpg.rf.3eaaabe52e133eefcbfd7a249cde59dd.jpg,defect,crop identity unconfirmed (products_sam generic produce defect dataset); not in carrot taxonomy,no,
train/00190_jpg.rf.6fe4c4ae1cb861c052e67e29b3edb2d7.jpg,defect,crop identity unconfirmed (products_sam generic produce defect dataset); not in carrot taxonomy,no,
train/00191_jpg.rf.eea4eecee1a941ab82f3f61ab6a93341.jpg,defect,crop identity unconfirmed (products_sam generic produce defect dataset); not in carrot taxonomy,no,
train/00192_jpg.rf.864878ad7f6f08ea25ac706b2b662e38.jpg,defect,crop identity unconfirmed (products_sam generic produce defect dataset); not in carrot taxonomy,no,
train/00194_jpg.rf.cd7d478fdf7dc346b4f41cc78fdcb19c.jpg,defect,crop identity unconfirmed (products_sam generic produce defect dataset); not in carrot taxonomy,no,
train/00195_jpg.rf.517f40b8303b5228354e1dbe9c14d389.jpg,defect,crop identity unconfirmed (products_sam generic produce defect dataset); not in carrot taxonomy,no,
train/00196_jpg.rf.86b875e30c85a252f9224837e432777c.jpg,defect,crop identity unconfirmed (products_sam generic produce defect dataset); not in carrot taxonomy,no,
train/00197_jpg.rf.d2cd503ad7b102f62f50564b4e0cb8c5.jpg,defect,crop identity unconfirmed (products_sam generic produce defect dataset); not in carrot taxonomy,no,
train/00198_jpg.rf.74a4e163f54e5dfc488ac95d24d0fc4a.jpg,defect,crop identity unconfirmed (products_sam generic produce defect dataset); not in carrot taxonomy,no,
train/00199_jpg.rf.a5bb9d03c94ef1a5353271f8704c2f46.jpg,defect,crop identity unconfirmed (products_sam generic produce defect dataset); not in carrot taxonomy,no,
train/001_png.rf.07f601a69762d58021c75afae5b04791.jpg,squeeze,crop identity unconfirmed (products_sam generic produce defect dataset); not in carrot taxonomy,no,
train/001_png.rf.0f8b22c0c6f7e76d7e9e5fd0cbc13ac5.jpg,faulty_imprint,crop identity unconfirmed (products_sam generic produce defect dataset); not in carrot taxonomy,no,
train/001_png.rf.216f0818027f498e2ad9ad17686a43ce.jpg,print,crop identity unconfirmed (products_sam generic produce defect dataset); not in carrot taxonomy,no,
train/001_png.rf.47d80979fa86ba637e4f847d4c98b061.jpg,hole,crop identity unconfirmed (products_sam generic produce defect dataset); not in carrot taxonomy,no,
train/001_png.rf.487afdaed813ef0a96e2463cbf52c146.jpg,combined,crop identity unconfirmed (products_sam generic produce defect dataset); not in carrot taxonomy,no,
train/001_png.rf.81b3a78e005915e6633a95de456ccf77.jpg,scratch,crop identity unconfirmed (products_sam generic produce defect dataset); not in carrot taxonomy,no,
train/001_png.rf.876b65e797877dfb2e633871ca773daa.jpg,faulty_imprint,crop identity unconfirmed (products_sam generic produce defect dataset); not in carrot taxonomy,no,
train/001_png.rf.aa56f36e8e8ca087c846528166cfd7fa.jpg,scratch,crop identity unconfirmed (products_sam generic produce defect dataset); not in carrot taxonomy,no,
train/001_png.rf.b4998c62bf1f6c1c300c645f62355cf8.jpg,poke,crop identity unconfirmed (products_sam generic produce defect dataset); not in carrot taxonomy,no,
train/001_png.rf.f7048bb9a0b6178c7ddacf3d73e00940.jpg,crack,crop identity unconfirmed (products_sam generic produce defect dataset); not in carrot taxonomy,no,
train/001_png.rf.f71760d3769de8d4f21662386f41d3aa.jpg,cut,crop identity unconfirmed (products_sam generic produce defect dataset); not in carrot taxonomy,no,
train/001_png.rf.f9187cf5138b07aae1482d6c619bf486.jpg,crack,crop identity unconfirmed (products_sam generic produce defect dataset); not in carrot taxonomy,no,
train/00200_jpg.rf.209ca185deb8434cb06d0dfe481756f9.jpg,defect,crop identity unconfirmed (products_sam generic produce defect dataset); not in carrot taxonomy,no,
train/00203_jpg.rf.4a423eee3cbf23d04ce038c87888d0af.jpg,defect,crop identity unconfirmed (products_sam generic produce defect dataset); not in carrot taxonomy,no,
train/00204_jpg.rf.3d73c2b6ef350578928a9ca0e45f1340.jpg,defect,crop identity unconfirmed (products_sam generic produce defect dataset); not in carrot taxonomy,no,
train/00205_jpg.rf.60a6c6640995325a11f211ba7f885658.jpg,defect,crop identity unconfirmed (products_sam generic produce defect dataset); not in carrot taxonomy,no,
train/00206_jpg.rf.9544a99d8389b3dae0d289907a5cf658.jpg,defect,crop identity unconfirmed (products_sam generic produce defect dataset); not in carrot taxonomy,no,
train/00207_jpg.rf.fd9e894c0f1f9b30e83689a494b08dd6.jpg,defect,crop identity unconfirmed (products_sam generic produce defect dataset); not in carrot taxonomy,no,
train/00208_jpg.rf.2ff06c17f0717c3ef71a3fef85d39e73.jpg,defect,crop identity unconfirmed (products_sam generic produce defect dataset); not in carrot taxonomy,no,
train/00209_jpg.rf.55e3a357f257e5cd03d3c5193be202b1.jpg,defect,crop identity unconfirmed (products_sam generic produce defect dataset); not in carrot taxonomy,no,
train/00210_jpg.rf.c9bbb88d6f72759b23a44155751080ba.jpg,defect,crop identity unconfirmed (products_sam generic produce defect dataset); not in carrot taxonomy,no,
train/00211_jpg.rf.06501d8ae06ec5b16248d5d8ecd6d205.jpg,defect,crop identity unconfirmed (products_sam generic produce defect dataset); not in carrot taxonomy,no,
train/00212_jpg.rf.eeb4f411eea1441370393421b3dd1b86.jpg,defect,crop identity unconfirmed (products_sam generic produce defect dataset); not in carrot taxonomy,no,
train/00213_jpg.rf.cfc21f0412e2c97f43e42908e021e96e.jpg,defect,crop identity unconfirmed (products_sam generic produce defect dataset); not in carrot taxonomy,no,
train/00215_jpg.rf.c41c1b5971c482265c1dde64c562672d.jpg,defect,crop identity unconfirmed (products_sam generic produce defect dataset); not in carrot taxonomy,no,
train/00216_jpg.rf.5cb3023b2f8941ebfa987ae0fae433a1.jpg,defect,crop identity unconfirmed (products_sam generic produce defect dataset); not in carrot taxonomy,no,
train/00217_jpg.rf.740813ff771184d5eb3324c3cf7b277a.jpg,defect,crop identity unconfirmed (products_sam generic produce defect dataset); not in carrot taxonomy,no,
train/00218_jpg.rf.0ece9b63b21323696fa0e5cee77ea138.jpg,defect,crop identity unconfirmed (products_sam generic produce defect dataset); not in carrot taxonomy,no,
train/00219_jpg.rf.9c55d8b1879b691be1693bdaefa0acbd.jpg,defect,crop identity unconfirmed (products_sam generic produce defect dataset); not in carrot taxonomy,no,
train/00220_jpg.rf.f816a0750a3254e9bab899d2f45f2d31.jpg,defect,crop identity unconfirmed (products_sam generic produce defect dataset); not in carrot taxonomy,no,
train/00221_jpg.rf.112f7014e9718e7dff4332869d680839.jpg,defect,crop identity unconfirmed (products_sam generic produce defect dataset); not in carrot taxonomy,no,
train/00222_jpg.rf.9d377e6f4b00c327827de483733503bb.jpg,defect,crop identity unconfirmed (products_sam generic produce defect dataset); not in carrot taxonomy,no,
train/00223_jpg.rf.c7bc68abe52be5513cccfbee0920f8c1.jpg,defect,crop identity unconfirmed (products_sam generic produce defect dataset); not in carrot taxonomy,no,
train/00224_jpg.rf.f5133450fdab63499cd45484089d6ef7.jpg,defect,crop identity unconfirmed (products_sam generic produce defect dataset); not in carrot taxonomy,no,
train/00225_jpg.rf.72467257045d4b740b7e0116610a9040.jpg,defect,crop identity unconfirmed (products_sam generic produce defect dataset); not in carrot taxonomy,no,
train/00226_jpg.rf.ca9bfbbde79f750dce927bb98b0aa4f5.jpg,defect,crop identity unconfirmed (products_sam generic produce defect dataset); not in carrot taxonomy,no,
train/00229_jpg.rf.699616516a0089934028b3e16cc1c083.jpg,defect,crop identity unconfirmed (products_sam generic produce defect dataset); not in carrot taxonomy,no,
train/00230_jpg.rf.455e43835082a726da30da5f0f81f5d5.jpg,defect,crop identity unconfirmed (products_sam generic produce defect dataset); not in carrot taxonomy,no,
train/00231_jpg.rf.76f811e5b4e00d689ca5b7eddc6bb92a.jpg,defect,crop identity unconfirmed (products_sam generic produce defect dataset); not in carrot taxonomy,no,
train/00232_jpg.rf.bc0dd299bbb0d35abdd0aa815e2f2dd3.jpg,defect,crop identity unconfirmed (products_sam generic produce defect dataset); not in carrot taxonomy,no,
train/00234_jpg.rf.5c5181cbbb3b780ca764bc6d71e669f3.jpg,defect,crop identity unconfirmed (products_sam generic produce defect dataset); not in carrot taxonomy,no,
train/00235_jpg.rf.bc632526ee770a1469c1dfa5a0396297.jpg,defect,crop identity unconfirmed (products_sam generic produce defect dataset); not in carrot taxonomy,no,
train/00236_jpg.rf.a18cef8e7a16b284c77c8cdc7a2ea1be.jpg,defect,crop identity unconfirmed (products_sam generic produce defect dataset); not in carrot taxonomy,no,
train/00237_jpg.rf.a9bb2c5945bc6ae48c8856dab8ef61a0.jpg,defect,crop identity unconfirmed (products_sam generic produce defect dataset); not in carrot taxonomy,no,
train/00238_jpg.rf.cdbb437d96a57e82acb8ee8cf29777f6.jpg,defect,crop identity unconfirmed (products_sam generic produce defect dataset); not in carrot taxonomy,no,
train/00239_jpg.rf.0d6e9c295a23c61acc7abe5da43f6836.jpg,defect,crop identity unconfirmed (products_sam generic produce defect dataset); not in carrot taxonomy,no,
train/00240_jpg.rf.0fcf482646ff1295c18db7234de28361.jpg,defect,crop identity unconfirmed (products_sam generic produce defect dataset); not in carrot taxonomy,no,
train/00241_jpg.rf.c32003a82abad566f35c4883d80e4999.jpg,defect,crop identity unconfirmed (products_sam generic produce defect dataset); not in carrot taxonomy,no,
train/00242_jpg.rf.132f59a64f9a41069ae1917a8071ba85.jpg,defect,crop identity unconfirmed (products_sam generic produce defect dataset); not in carrot taxonomy,no,
train/00243_jpg.rf.a227b14ce2971ce1ab80f5bd09c1811d.jpg,defect,crop identity unconfirmed (products_sam generic produce defect dataset); not in carrot taxonomy,no,
train/00244_jpg.rf.36c4894fac3e5aa469e671b96688f528.jpg,defect,crop identity unconfirmed (products_sam generic produce defect dataset); not in carrot taxonomy,no,
train/00245_jpg.rf.4c79b0e0bcd9ada69946c96e41261ee6.jpg,defect,crop identity unconfirmed (products_sam generic produce defect dataset); not in carrot taxonomy,no,
train/00246_jpg.rf.29732479fac8f5b0ca0231d6bdfa755d.jpg,defect,crop identity unconfirmed (products_sam generic produce defect dataset); not in carrot taxonomy,no,
train/00247_jpg.rf.7b59a10e29e7e509730f19e7a595a34a.jpg,defect,crop identity unconfirmed (products_sam generic produce defect dataset); not in carrot taxonomy,no,
train/00248_jpg.rf.a462e0fc823210372378a5c9ab8bd830.jpg,defect,crop identity unconfirmed (products_sam generic produce defect dataset); not in carrot taxonomy,no,
train/00249_jpg.rf.f700539cfb0b637af5e8d96441afd530.jpg,defect,crop identity unconfirmed (products_sam generic produce defect dataset); not in carrot taxonomy,no,
train/00250_jpg.rf.4f86ab1d633715ebda0755099f6e97c3.jpg,defect,crop identity unconfirmed (products_sam generic produce defect dataset); not in carrot taxonomy,no,
train/00251_jpg.rf.c3c3f539286907e4ebe8427c600a30b4.jpg,defect,crop identity unconfirmed (products_sam generic produce defect dataset); not in carrot taxonomy,no,
train/00253_jpg.rf.8f89db62f08e596984bdbe667efee9ee.jpg,defect,crop identity unconfirmed (products_sam generic produce defect dataset); not in carrot taxonomy,no,
train/00254_jpg.rf.afffb2fb6c0fc274ba284e163d93f28a.jpg,defect,crop identity unconfirmed (products_sam generic produce defect dataset); not in carrot taxonomy,no,
train/00255_jpg.rf.31680b91a8574e690d3f74d33ccd0085.jpg,defect,crop identity unconfirmed (products_sam generic produce defect dataset); not in carrot taxonomy,no,
train/00256_jpg.rf.137a50477472d4567c44b84fadd30eb0.jpg,defect,crop identity unconfirmed (products_sam generic produce defect dataset); not in carrot taxonomy,no,
train/00258_jpg.rf.0381c9db4f17e2d2824f6a6b8c35431b.jpg,defect,crop identity unconfirmed (products_sam generic produce defect dataset); not in carrot taxonomy,no,
train/00259_jpg.rf.948faac222799eed4b09c6f00eb4ce8b.jpg,defect,crop identity unconfirmed (products_sam generic produce defect dataset); not in carrot taxonomy,no,
train/00260_jpg.rf.d915dae031870f50f1ccb1ca471520a0.jpg,defect,crop identity unconfirmed (products_sam generic produce defect dataset); not in carrot taxonomy,no,
train/00262_jpg.rf.8345108ed992f6f7009a1bc27bc6d477.jpg,defect,crop identity unconfirmed (products_sam generic produce defect dataset); not in carrot taxonomy,no,
train/00263_jpg.rf.b88a0e26f0e3e20fdc7ad4ec36beb9eb.jpg,defect,crop identity unconfirmed (products_sam generic produce defect dataset); not in carrot taxonomy,no,
train/00266_jpg.rf.042ba587b29c061c1bfc5fc0c1256420.jpg,defect,crop identity unconfirmed (products_sam generic produce defect dataset); not in carrot taxonomy,no,
train/00267_jpg.rf.b457d16b7566691ac1b228d3033f5a0c.jpg,defect,crop identity unconfirmed (products_sam generic produce defect dataset); not in carrot taxonomy,no,
train/00268_jpg.rf.5f006524526254f9eebba3e7197e158e.jpg,defect,crop identity unconfirmed (products_sam generic produce defect dataset); not in carrot taxonomy,no,
train/00269_jpg.rf.07a11b4b30335021b3b839d878560d59.jpg,defect,crop identity unconfirmed (products_sam generic produce defect dataset); not in carrot taxonomy,no,
train/00270_jpg.rf.776835defadc8999181df3620b04d29c.jpg,defect,crop identity unconfirmed (products_sam generic produce defect dataset); not in carrot taxonomy,no,
train/00272_jpg.rf.852897603cf4affd6f8d31c699894894.jpg,defect,crop identity unconfirmed (products_sam generic produce defect dataset); not in carrot taxonomy,no,
train/00273_jpg.rf.bdefe6c295e7304103b069db359b1702.jpg,defect,crop identity unconfirmed (products_sam generic produce defect dataset); not in carrot taxonomy,no,
train/00274_jpg.rf.107e19e2c8634e328d97b9d4e24ee936.jpg,defect,crop identity unconfirmed (products_sam generic produce defect dataset); not in carrot taxonomy,no,
train/00275_jpg.rf.b0a0eecccccf597ac426ff1118ae0921.jpg,defect,crop identity unconfirmed (products_sam generic produce defect dataset); not in carrot taxonomy,no,
train/00276_jpg.rf.23abf53bb0daaafbc4adf3ff88bdecca.jpg,defect,crop identity unconfirmed (products_sam generic produce defect dataset); not in carrot taxonomy,no,
train/00277_jpg.rf.7d115be2016697e761345bb100e6b44b.jpg,defect,crop identity unconfirmed (products_sam generic produce defect dataset); not in carrot taxonomy,no,
train/00278_jpg.rf.f731dd3681bd19869610b08097408831.jpg,defect,crop identity unconfirmed (products_sam generic produce defect dataset); not in carrot taxonomy,no,
train/00279_jpg.rf.f44ab6181f26ab76ceaf73fc5d8daa4a.jpg,defect,crop identity unconfirmed (products_sam generic produce defect dataset); not in carrot taxonomy,no,
train/00280_jpg.rf.9a2c98942cd7c807e92a6945fa322139.jpg,defect,crop identity unconfirmed (products_sam generic produce defect dataset); not in carrot taxonomy,no,
train/00281_jpg.rf.4235d197e31d770054aeace6ef164ba5.jpg,defect,crop identity unconfirmed (products_sam generic produce defect dataset); not in carrot taxonomy,no,
train/00282_jpg.rf.216cdea54278a85b742d2fcd10249ae9.jpg,defect,crop identity unconfirmed (products_sam generic produce defect dataset); not in carrot taxonomy,no,
train/00283_jpg.rf.bb3879a8434bee2d3838c34013483f28.jpg,defect,crop identity unconfirmed (products_sam generic produce defect dataset); not in carrot taxonomy,no,
train/00284_jpg.rf.daea20a1ba459e5d07e4bd8da534a5c1.jpg,defect,crop identity unconfirmed (products_sam generic produce defect dataset); not in carrot taxonomy,no,
train/00285_jpg.rf.d053c6aef7cbcbfe91e143f3109f225b.jpg,defect,crop identity unconfirmed (products_sam generic produce defect dataset); not in carrot taxonomy,no,
train/00286_jpg.rf.2aeb06055e72a0fddb01d11a0e9d13a1.jpg,defect,crop identity unconfirmed (products_sam generic produce defect dataset); not in carrot taxonomy,no,
train/00287_jpg.rf.62c03d53b1844b93e770329fba923c4a.jpg,defect,crop identity unconfirmed (products_sam generic produce defect dataset); not in carrot taxonomy,no,
train/00288_jpg.rf.7d48f23fb8dd4df334294fabad5b213d.jpg,defect,crop identity unconfirmed (products_sam generic produce defect dataset); not in carrot taxonomy,no,
train/00289_jpg.rf.f83de730355f60b20d417f84e9ba2610.jpg,defect,crop identity unconfirmed (products_sam generic produce defect dataset); not in carrot taxonomy,no,
train/00291_jpg.rf.dc143e3dae00ab7db1030ec32db303d2.jpg,defect,crop identity unconfirmed (products_sam generic produce defect dataset); not in carrot taxonomy,no,
train/00292_jpg.rf.811d10c04b77ddf5ccfc0b8b94b7aef2.jpg,defect,crop identity unconfirmed (products_sam generic produce defect dataset); not in carrot taxonomy,no,
train/00293_jpg.rf.f436c8a64d28bc2cbe64f692d616b974.jpg,defect,crop identity unconfirmed (products_sam generic produce defect dataset); not in carrot taxonomy,no,
train/00295_jpg.rf.a3788ab878f9f2730018224b8aa60028.jpg,defect,crop identity unconfirmed (products_sam generic produce defect dataset); not in carrot taxonomy,no,
train/00296_jpg.rf.45ce5cff304bdff8398ab920c0e2e904.jpg,defect,crop identity unconfirmed (products_sam generic produce defect dataset); not in carrot taxonomy,no,
train/00297_jpg.rf.bf4e712e2168b861af27ecf145203e46.jpg,defect,crop identity unconfirmed (products_sam generic produce defect dataset); not in carrot taxonomy,no,
train/00298_jpg.rf.0e9d16f2223ea67fa7202602cdb4ef95.jpg,defect,crop identity unconfirmed (products_sam generic produce defect dataset); not in carrot taxonomy,no,
train/00299_jpg.rf.7e4e97cffe6d6283d37d25b195578043.jpg,defect,crop identity unconfirmed (products_sam generic produce defect dataset); not in carrot taxonomy,no,
train/002_png.rf.0ac80fcf9b309376d34845ef49e5258a.jpg,hole,crop identity unconfirmed (products_sam generic produce defect dataset); not in carrot taxonomy,no,
train/002_png.rf.17613f7296132540bdb3ab42220379b1.jpg,cut,crop identity unconfirmed (products_sam generic produce defect dataset); not in carrot taxonomy,no,
train/002_png.rf.2e603522be17f334820c2b7fe51f9421.jpg,faulty_imprint,crop identity unconfirmed (products_sam generic produce defect dataset); not in carrot taxonomy,no,
train/002_png.rf.6f15886965fe86b5cbd589b83d6ff021.jpg,crack,crop identity unconfirmed (products_sam generic produce defect dataset); not in carrot taxonomy,no,
train/002_png.rf.88d2286e7b5ab2f24fa4ef7cde8427c9.jpg,scratch,crop identity unconfirmed (products_sam generic produce defect dataset); not in carrot taxonomy,no,
train/002_png.rf.9088418ae543f09b31b630306b4b7c08.jpg,squeeze,crop identity unconfirmed (products_sam generic produce defect dataset); not in carrot taxonomy,no,
train/002_png.rf.953ee8681d80a38999adbbaa77967129.jpg,contamination,crop identity unconfirmed (products_sam generic produce defect dataset); not in carrot taxonomy,no,
train/002_png.rf.9973a9dbf5ecad5f556577b4fad40885.jpg,crack,crop identity unconfirmed (products_sam generic produce defect dataset); not in carrot taxonomy,no,
train/002_png.rf.b0ce26da5041ee81d4a5c0dd683dd023.jpg,faulty_imprint,crop identity unconfirmed (products_sam generic produce defect dataset); not in carrot taxonomy,no,
train/002_png.rf.bf769bd0a1325677de4ef7050bfb6116.jpg,color,crop identity unconfirmed (products_sam generic produce defect dataset); not in carrot taxonomy,no,
train/002_png.rf.d54992df0ebc2910d4d76d65b9d0c289.jpg,combined,crop identity unconfirmed (products_sam generic produce defect dataset); not in carrot taxonomy,no,
train/002_png.rf.f2af2fa5c81d461ac8a08241e4e38702.jpg,crack,crop identity unconfirmed (products_sam generic produce defect dataset); not in carrot taxonomy,no,
train/00300_jpg.rf.943457904d38c4325c9b065c709b7783.jpg,defect,crop identity unconfirmed (products_sam generic produce defect dataset); not in carrot taxonomy,no,
train/00301_jpg.rf.a1063ffa97cc2b3bccd1d0a5957e1bac.jpg,defect,crop identity unconfirmed (products_sam generic produce defect dataset); not in carrot taxonomy,no,
train/00302_jpg.rf.75eb90a55e9d6b1494b74c7fd3e2a884.jpg,defect,crop identity unconfirmed (products_sam generic produce defect dataset); not in carrot taxonomy,no,
train/00303_jpg.rf.6dfdddd0e7eeff84fb0944d4c2984247.jpg,defect,crop identity unconfirmed (products_sam generic produce defect dataset); not in carrot taxonomy,no,
train/00304_jpg.rf.847105fb9b70982c2844035b3c5ac353.jpg,defect,crop identity unconfirmed (products_sam generic produce defect dataset); not in carrot taxonomy,no,
train/00305_jpg.rf.397bd40c81fb542eee195d164552bf9d.jpg,defect,crop identity unconfirmed (products_sam generic produce defect dataset); not in carrot taxonomy,no,
train/00307_jpg.rf.66b036896c3026e89aa30810f56ee202.jpg,defect,crop identity unconfirmed (products_sam generic produce defect dataset); not in carrot taxonomy,no,
train/00309_jpg.rf.c007a52b6a95479ef4c4714658083b6e.jpg,defect,crop identity unconfirmed (products_sam generic produce defect dataset); not in carrot taxonomy,no,
train/00310_jpg.rf.4ba96525c8e417c02ec03705b819eb17.jpg,defect,crop identity unconfirmed (products_sam generic produce defect dataset); not in carrot taxonomy,no,
train/00311_jpg.rf.4f40440a42846d4079085c67571477c0.jpg,defect,crop identity unconfirmed (products_sam generic produce defect dataset); not in carrot taxonomy,no,
train/00312_jpg.rf.ce2a25c3076c9b1740358952e60d56e7.jpg,defect,crop identity unconfirmed (products_sam generic produce defect dataset); not in carrot taxonomy,no,
train/00313_jpg.rf.2288ec109f0f647b086720d7410bd911.jpg,defect,crop identity unconfirmed (products_sam generic produce defect dataset); not in carrot taxonomy,no,
train/00315_jpg.rf.312c3d1276cd00671a39c6d494dd412e.jpg,defect,crop identity unconfirmed (products_sam generic produce defect dataset); not in carrot taxonomy,no,
train/00316_jpg.rf.dd9aab49ae4c0bb76d71f0d85e74abd4.jpg,defect,crop identity unconfirmed (products_sam generic produce defect dataset); not in carrot taxonomy,no,
train/00317_jpg.rf.412adc2c17b1d9bacc94bba52562f56c.jpg,defect,crop identity unconfirmed (products_sam generic produce defect dataset); not in carrot taxonomy,no,
train/00318_jpg.rf.f867f29ab8c730fcbdd4a9daf9404b14.jpg,defect,crop identity unconfirmed (products_sam generic produce defect dataset); not in carrot taxonomy,no,
train/00319_jpg.rf.0b2bc54f2ac35dc608bf4436fd0681a3.jpg,defect,crop identity unconfirmed (products_sam generic produce defect dataset); not in carrot taxonomy,no,
train/00320_jpg.rf.7ae812584fc3fdf93777de0f74a7e5c5.jpg,defect,crop identity unconfirmed (products_sam generic produce defect dataset); not in carrot taxonomy,no,
train/00322_jpg.rf.cb7ff3fcff658407435ce26f55e6b3ad.jpg,defect,crop identity unconfirmed (products_sam generic produce defect dataset); not in carrot taxonomy,no,
train/00323_jpg.rf.75e61e9a361a0437e9bb0bb8aa246d2c.jpg,defect,crop identity unconfirmed (products_sam generic produce defect dataset); not in carrot taxonomy,no,
train/00324_jpg.rf.257c14d1809332e54bba4def8d054112.jpg,defect,crop identity unconfirmed (products_sam generic produce defect dataset); not in carrot taxonomy,no,
train/00325_jpg.rf.4cadd467d87fb219a426fa30b36d26ab.jpg,defect,crop identity unconfirmed (products_sam generic produce defect dataset); not in carrot taxonomy,no,
train/00326_jpg.rf.d4c5b04033edbab26bc554e50a0a4912.jpg,defect,crop identity unconfirmed (products_sam generic produce defect dataset); not in carrot taxonomy,no,
train/00327_jpg.rf.513529dac6253d0fc184f13cba796c7f.jpg,defect,crop identity unconfirmed (products_sam generic produce defect dataset); not in carrot taxonomy,no,
train/00329_jpg.rf.eea32cba3566250a35e91850af215cb7.jpg,defect,crop identity unconfirmed (products_sam generic produce defect dataset); not in carrot taxonomy,no,
train/00330_jpg.rf.a43bad1b1d58dd0a7fa0fbb7ef100ee9.jpg,defect,crop identity unconfirmed (products_sam generic produce defect dataset); not in carrot taxonomy,no,
train/00331_jpg.rf.a1a5c54d806955b1172083ed0898df2b.jpg,defect,crop identity unconfirmed (products_sam generic produce defect dataset); not in carrot taxonomy,no,
train/00333_jpg.rf.fef7a1f489041511056665b2e29278a5.jpg,defect,crop identity unconfirmed (products_sam generic produce defect dataset); not in carrot taxonomy,no,
train/00334_jpg.rf.238b737106e23f0882d3d2f94b5f9a90.jpg,defect,crop identity unconfirmed (products_sam generic produce defect dataset); not in carrot taxonomy,no,
train/00335_jpg.rf.ebd54c771068769b42e696c5a046bb19.jpg,defect,crop identity unconfirmed (products_sam generic produce defect dataset); not in carrot taxonomy,no,
train/00336_jpg.rf.1e65a4680ddbb415d58f350f2f4d84e7.jpg,defect,crop identity unconfirmed (products_sam generic produce defect dataset); not in carrot taxonomy,no,
train/00337_jpg.rf.c69bba46ad80c49d1df60679ed5692d4.jpg,defect,crop identity unconfirmed (products_sam generic produce defect dataset); not in carrot taxonomy,no,
train/00338_jpg.rf.84469f7925e5c0650e63ed889cdb6e57.jpg,defect,crop identity unconfirmed (products_sam generic produce defect dataset); not in carrot taxonomy,no,
train/00339_jpg.rf.7a4d22c54244a3464dd921a1774bb232.jpg,defect,crop identity unconfirmed (products_sam generic produce defect dataset); not in carrot taxonomy,no,
train/00340_jpg.rf.da0df80ee15445dd56ba41ccde94cf65.jpg,defect,crop identity unconfirmed (products_sam generic produce defect dataset); not in carrot taxonomy,no,
train/00341_jpg.rf.273dd9e9a0f997a8c537c9f122d8c3be.jpg,defect,crop identity unconfirmed (products_sam generic produce defect dataset); not in carrot taxonomy,no,
train/00342_jpg.rf.beb9415d58a86a2b0a2ca530c21cfec2.jpg,defect,crop identity unconfirmed (products_sam generic produce defect dataset); not in carrot taxonomy,no,
train/00343_jpg.rf.d9028bc24862ca854e9b73b9c363eace.jpg,defect,crop identity unconfirmed (products_sam generic produce defect dataset); not in carrot taxonomy,no,
train/00345_jpg.rf.e2c539031628dbf89b95bb8bebd71b8d.jpg,defect,crop identity unconfirmed (products_sam generic produce defect dataset); not in carrot taxonomy,no,
train/00346_jpg.rf.e1cb0f49c528a7d3961febd906a9fcb7.jpg,defect,crop identity unconfirmed (products_sam generic produce defect dataset); not in carrot taxonomy,no,
train/00347_jpg.rf.fd2bcda244882bed6f1a7b66bb01498a.jpg,defect,crop identity unconfirmed (products_sam generic produce defect dataset); not in carrot taxonomy,no,
train/00348_jpg.rf.3f26958535e95de99ac00ac85b5bc315.jpg,defect,crop identity unconfirmed (products_sam generic produce defect dataset); not in carrot taxonomy,no,
train/00349_jpg.rf.7584f8cbb46867767b139cd084734e54.jpg,defect,crop identity unconfirmed (products_sam generic produce defect dataset); not in carrot taxonomy,no,
train/00350_jpg.rf.dcde8a247a677d5e443339aafc669bf7.jpg,defect,crop identity unconfirmed (products_sam generic produce defect dataset); not in carrot taxonomy,no,
train/00351_jpg.rf.ab984d9ecf3bcd36d91015e5d374ca71.jpg,defect,crop identity unconfirmed (products_sam generic produce defect dataset); not in carrot taxonomy,no,
train/00352_jpg.rf.cbc79eefb3621ee8235e4ec76c16f277.jpg,defect,crop identity unconfirmed (products_sam generic produce defect dataset); not in carrot taxonomy,no,
train/00353_jpg.rf.25d3600fc653b34be30045d8ac6b8197.jpg,defect,crop identity unconfirmed (products_sam generic produce defect dataset); not in carrot taxonomy,no,
train/00354_jpg.rf.6482749142e28302ee2736618ef1a9b2.jpg,defect,crop identity unconfirmed (products_sam generic produce defect dataset); not in carrot taxonomy,no,
train/00355_jpg.rf.2fe7ac8f0bc170b9a9c88579dba9bb92.jpg,defect,crop identity unconfirmed (products_sam generic produce defect dataset); not in carrot taxonomy,no,
train/00356_jpg.rf.4c6a4665437c685e360503674cf0e157.jpg,defect,crop identity unconfirmed (products_sam generic produce defect dataset); not in carrot taxonomy,no,
train/00357_jpg.rf.05e27056b70f570b7b271d9243f73dc2.jpg,defect,crop identity unconfirmed (products_sam generic produce defect dataset); not in carrot taxonomy,no,
train/00358_jpg.rf.f0dd974993dd910255d404476aecaa13.jpg,defect,crop identity unconfirmed (products_sam generic produce defect dataset); not in carrot taxonomy,no,
train/00359_jpg.rf.92feb5d56d43efbf6a5791010bbd9cfd.jpg,defect,crop identity unconfirmed (products_sam generic produce defect dataset); not in carrot taxonomy,no,
train/00361_jpg.rf.6d5b259a3653ae8c5fda4b69e132ca42.jpg,defect,crop identity unconfirmed (products_sam generic produce defect dataset); not in carrot taxonomy,no,
train/00362_jpg.rf.da7f247eae3cd2c5ca7bbc3539fe8d25.jpg,defect,crop identity unconfirmed (products_sam generic produce defect dataset); not in carrot taxonomy,no,
train/00364_jpg.rf.42ad92c43ac7a7cd3dfd5a5388c70946.jpg,defect,crop identity unconfirmed (products_sam generic produce defect dataset); not in carrot taxonomy,no,
train/00366_jpg.rf.cd3c3ec9031ceae4ba59e716398e648c.jpg,defect,crop identity unconfirmed (products_sam generic produce defect dataset); not in carrot taxonomy,no,
train/00367_jpg.rf.cb2fdc1bdce74c79dd42ea4f5507842f.jpg,defect,crop identity unconfirmed (products_sam generic produce defect dataset); not in carrot taxonomy,no,
train/00368_jpg.rf.a39f0f0a01c92730eb5bb231bbe57ff8.jpg,defect,crop identity unconfirmed (products_sam generic produce defect dataset); not in carrot taxonomy,no,
train/00369_jpg.rf.aee375de3ace2546920d500416924acf.jpg,defect,crop identity unconfirmed (products_sam generic produce defect dataset); not in carrot taxonomy,no,
train/00370_jpg.rf.b4da4bb790fbb92005a70645b0062674.jpg,defect,crop identity unconfirmed (products_sam generic produce defect dataset); not in carrot taxonomy,no,
train/00374_jpg.rf.c0461017ce4237740fb44b62876391ef.jpg,defect,crop identity unconfirmed (products_sam generic produce defect dataset); not in carrot taxonomy,no,
train/00375_jpg.rf.1d10d1a7642918b52e72949c299ea2d7.jpg,defect,crop identity unconfirmed (products_sam generic produce defect dataset); not in carrot taxonomy,no,
train/00377_jpg.rf.d4b0c0cef3ffd84f62922d4fb0e0fe39.jpg,defect,crop identity unconfirmed (products_sam generic produce defect dataset); not in carrot taxonomy,no,
train/00378_jpg.rf.601ac9534de87e08b1037feebbb26374.jpg,defect,crop identity unconfirmed (products_sam generic produce defect dataset); not in carrot taxonomy,no,
train/00379_jpg.rf.224aee7797e4b65bf3c7ebb4a0691b4a.jpg,defect,crop identity unconfirmed (products_sam generic produce defect dataset); not in carrot taxonomy,no,
train/00380_jpg.rf.e10d4bc07919b8e09d7b59500360325a.jpg,defect,crop identity unconfirmed (products_sam generic produce defect dataset); not in carrot taxonomy,no,
train/00381_jpg.rf.25a61ef505d6484bd6a7049642fc7e1d.jpg,defect,crop identity unconfirmed (products_sam generic produce defect dataset); not in carrot taxonomy,no,
train/00382_jpg.rf.ef3ca1733f6398dfeb66af839ed76884.jpg,defect,crop identity unconfirmed (products_sam generic produce defect dataset); not in carrot taxonomy,no,
train/00383_jpg.rf.f9908aac42cf05c9fa8155176df24036.jpg,defect,crop identity unconfirmed (products_sam generic produce defect dataset); not in carrot taxonomy,no,
train/00384_jpg.rf.e1c48ac198ba8c7712a44c5b8fe810f6.jpg,defect,crop identity unconfirmed (products_sam generic produce defect dataset); not in carrot taxonomy,no,
train/00385_jpg.rf.b1e1f2d8c097bbc39106d7a1a4bf451c.jpg,defect,crop identity unconfirmed (products_sam generic produce defect dataset); not in carrot taxonomy,no,
train/00386_jpg.rf.a15e12f87c96f29a9caf18ac0ef5f52b.jpg,defect,crop identity unconfirmed (products_sam generic produce defect dataset); not in carrot taxonomy,no,
train/00387_jpg.rf.a91528c849d9b82663de7535fd116acf.jpg,defect,crop identity unconfirmed (products_sam generic produce defect dataset); not in carrot taxonomy,no,
train/00388_jpg.rf.74d3d681a58345c44548cb104f1446d0.jpg,defect,crop identity unconfirmed (products_sam generic produce defect dataset); not in carrot taxonomy,no,
train/00389_jpg.rf.110bfcb5847ddb7080df4a576af41ea6.jpg,defect,crop identity unconfirmed (products_sam generic produce defect dataset); not in carrot taxonomy,no,
train/00390_jpg.rf.574309110765e91c2479029d532bbdff.jpg,defect,crop identity unconfirmed (products_sam generic produce defect dataset); not in carrot taxonomy,no,
train/00391_jpg.rf.eb4aad59a898a623839c5ed7ed083b2f.jpg,defect,crop identity unconfirmed (products_sam generic produce defect dataset); not in carrot taxonomy,no,
train/00392_jpg.rf.5a7c26cd83487adf0ff51c59c48881d7.jpg,defect,crop identity unconfirmed (products_sam generic produce defect dataset); not in carrot taxonomy,no,
train/00393_jpg.rf.8641d891818422cdb58e944d43639b59.jpg,defect,crop identity unconfirmed (products_sam generic produce defect dataset); not in carrot taxonomy,no,
train/00394_jpg.rf.3e1161203abdc0640d70cab74b9bf776.jpg,defect,crop identity unconfirmed (products_sam generic produce defect dataset); not in carrot taxonomy,no,
train/00396_jpg.rf.a3252030c2835dc18e01a846822cf603.jpg,defect,crop identity unconfirmed (products_sam generic produce defect dataset); not in carrot taxonomy,no,
train/00398_jpg.rf.3aca413561bd9bf844df686119dd4334.jpg,defect,crop identity unconfirmed (products_sam generic produce defect dataset); not in carrot taxonomy,no,
train/00399_jpg.rf.dd30a7102833d4f1239d1c87771f6e42.jpg,defect,crop identity unconfirmed (products_sam generic produce defect dataset); not in carrot taxonomy,no,
train/003_png.rf.1dd163ebb766ebafd34e73f87835376c.jpg,hole,crop identity unconfirmed (products_sam generic produce defect dataset); not in carrot taxonomy,no,
train/003_png.rf.1f6ef499b199597f7974e637abb86748.jpg,scratch,crop identity unconfirmed (products_sam generic produce defect dataset); not in carrot taxonomy,no,
train/003_png.rf.21faf59d6e089868b2d36f3675264418.jpg,poke,crop identity unconfirmed (products_sam generic produce defect dataset); not in carrot taxonomy,no,
train/003_png.rf.2f8613e37727a82ef5cafb6cd4c07b16.jpg,scratch,crop identity unconfirmed (products_sam generic produce defect dataset); not in carrot taxonomy,no,
train/003_png.rf.329b80cd01790ccd1b0414641c6eb715.jpg,contamination,crop identity unconfirmed (products_sam generic produce defect dataset); not in carrot taxonomy,no,
train/003_png.rf.7128b90e482e4764c6feb4a43dcbf8a2.jpg,print,crop identity unconfirmed (products_sam generic produce defect dataset); not in carrot taxonomy,no,
train/003_png.rf.8cd979158c5396d633e51af6d67327d9.jpg,cut,crop identity unconfirmed (products_sam generic produce defect dataset); not in carrot taxonomy,no,
train/003_png.rf.aa264967e740cc6b3caf1dfbce2dabbf.jpg,faulty_imprint,crop identity unconfirmed (products_sam generic produce defect dataset); not in carrot taxonomy,no,
train/003_png.rf.b4b93a7c263decb812666504e76c42b0.jpg,squeeze,crop identity unconfirmed (products_sam generic produce defect dataset); not in carrot taxonomy,no,
train/003_png.rf.c3a2ac9923a0b5c631ee40f9d09c9bc7.jpg,combined,crop identity unconfirmed (products_sam generic produce defect dataset); not in carrot taxonomy,no,
train/003_png.rf.d5a3cf27e8d90885b6c969c980f2c4c4.jpg,crack,crop identity unconfirmed (products_sam generic produce defect dataset); not in carrot taxonomy,no,
train/003_png.rf.de8a0c071a4acbf5e4af3e6ce5645b03.jpg,faulty_imprint,crop identity unconfirmed (products_sam generic produce defect dataset); not in carrot taxonomy,no,
train/003_png.rf.f30c2789a98c5714a88bc374c2c1c9d2.jpg,color,crop identity unconfirmed (products_sam generic produce defect dataset); not in carrot taxonomy,no,
train/00400_jpg.rf.ae1b5547e96399ce67b0f9d0d42142a9.jpg,defect,crop identity unconfirmed (products_sam generic produce defect dataset); not in carrot taxonomy,no,
train/00401_jpg.rf.8f2c6ece4293b4eee35bd35ffcaf744b.jpg,defect,crop identity unconfirmed (products_sam generic produce defect dataset); not in carrot taxonomy,no,
train/00402_jpg.rf.35e03a110cc2b984a1688f999e7f312b.jpg,defect,crop identity unconfirmed (products_sam generic produce defect dataset); not in carrot taxonomy,no,
train/00403_jpg.rf.0eada3a43a688d3247cedbb0f654707d.jpg,defect,crop identity unconfirmed (products_sam generic produce defect dataset); not in carrot taxonomy,no,
train/00405_jpg.rf.fa37cb1fb8914a2cf2362851f6c6c67b.jpg,defect,crop identity unconfirmed (products_sam generic produce defect dataset); not in carrot taxonomy,no,
train/00406_jpg.rf.451a53f25186517298eda604206d7d9f.jpg,defect,crop identity unconfirmed (products_sam generic produce defect dataset); not in carrot taxonomy,no,
train/00407_jpg.rf.cba27b1f56bce3a12bb526629a94bcf5.jpg,defect,crop identity unconfirmed (products_sam generic produce defect dataset); not in carrot taxonomy,no,
train/00408_jpg.rf.927af90f06aca9f136db58f438ac1f55.jpg,defect,crop identity unconfirmed (products_sam generic produce defect dataset); not in carrot taxonomy,no,
train/00410_jpg.rf.77cb9e3e5db06a4394f37e00e3ad8cb2.jpg,defect,crop identity unconfirmed (products_sam generic produce defect dataset); not in carrot taxonomy,no,
train/00411_jpg.rf.8cb0072fb9a24042b05b96008f18949d.jpg,defect,crop identity unconfirmed (products_sam generic produce defect dataset); not in carrot taxonomy,no,
train/00412_jpg.rf.8e77db5b2558e47ec9b4d6ad0b3223e7.jpg,defect,crop identity unconfirmed (products_sam generic produce defect dataset); not in carrot taxonomy,no,
train/00413_jpg.rf.617ad6c771a559e32c7b69976a9a2197.jpg,defect,crop identity unconfirmed (products_sam generic produce defect dataset); not in carrot taxonomy,no,
train/00414_jpg.rf.8bfc1499a6eaaa9f177a8ff966af87f9.jpg,defect,crop identity unconfirmed (products_sam generic produce defect dataset); not in carrot taxonomy,no,
train/00415_jpg.rf.e1890b14e66a4b398041b4e05247d520.jpg,defect,crop identity unconfirmed (products_sam generic produce defect dataset); not in carrot taxonomy,no,
train/00417_jpg.rf.1b67f11cbe96060b5390458053853e82.jpg,defect,crop identity unconfirmed (products_sam generic produce defect dataset); not in carrot taxonomy,no,
train/00418_jpg.rf.2860781bacdcc54486364a0579ef6efc.jpg,defect,crop identity unconfirmed (products_sam generic produce defect dataset); not in carrot taxonomy,no,
train/00419_jpg.rf.bf70fde1aecbd7188bd66e3a82ec424a.jpg,defect,crop identity unconfirmed (products_sam generic produce defect dataset); not in carrot taxonomy,no,
train/00420_jpg.rf.f7e4c11c33984e1bdea9554995a75a74.jpg,defect,crop identity unconfirmed (products_sam generic produce defect dataset); not in carrot taxonomy,no,
train/00422_jpg.rf.310cec9f7dd5e03f10452f4bf8a02039.jpg,defect,crop identity unconfirmed (products_sam generic produce defect dataset); not in carrot taxonomy,no,
train/00423_jpg.rf.d7ab644f40c47b00145dace06cba6ffd.jpg,defect,crop identity unconfirmed (products_sam generic produce defect dataset); not in carrot taxonomy,no,
train/00424_jpg.rf.f7e0036db162d6e74173d47ae1e0f03e.jpg,defect,crop identity unconfirmed (products_sam generic produce defect dataset); not in carrot taxonomy,no,
train/00425_jpg.rf.a1e94094b27eedf0e57bbcb9ba63b755.jpg,defect,crop identity unconfirmed (products_sam generic produce defect dataset); not in carrot taxonomy,no,
train/00426_jpg.rf.cb81f52eaeaa42152bd5c3db95c56c37.jpg,defect,crop identity unconfirmed (products_sam generic produce defect dataset); not in carrot taxonomy,no,
train/00427_jpg.rf.87f0fd49e521a9405ff1bf3c89b0bdfe.jpg,defect,crop identity unconfirmed (products_sam generic produce defect dataset); not in carrot taxonomy,no,
train/00428_jpg.rf.f968b015e6c188cba4b71051278dd927.jpg,defect,crop identity unconfirmed (products_sam generic produce defect dataset); not in carrot taxonomy,no,
train/00430_jpg.rf.0ccb9ad827eade6ffc2b8d54a0551fea.jpg,defect,crop identity unconfirmed (products_sam generic produce defect dataset); not in carrot taxonomy,no,
train/00431_jpg.rf.c45701f878544fb61d2f3cf4c25228b1.jpg,defect,crop identity unconfirmed (products_sam generic produce defect dataset); not in carrot taxonomy,no,
train/00432_jpg.rf.dacdda8f1dd40c4cada10b386c039aff.jpg,defect,crop identity unconfirmed (products_sam generic produce defect dataset); not in carrot taxonomy,no,
train/00433_jpg.rf.3c531dd869f8cae61c1804f96bed50ce.jpg,defect,crop identity unconfirmed (products_sam generic produce defect dataset); not in carrot taxonomy,no,
train/00434_jpg.rf.800e328f410669ee0741fd03f12319a9.jpg,defect,crop identity unconfirmed (products_sam generic produce defect dataset); not in carrot taxonomy,no,
train/00435_jpg.rf.ef59cf0b51ae513789a3b8e85ed2ae4b.jpg,defect,crop identity unconfirmed (products_sam generic produce defect dataset); not in carrot taxonomy,no,
train/00436_jpg.rf.fa95d04d5258ba052a5d71f12694bf7b.jpg,defect,crop identity unconfirmed (products_sam generic produce defect dataset); not in carrot taxonomy,no,
train/00437_jpg.rf.11727e99cbc31194a5005cefd7b7df1a.jpg,defect,crop identity unconfirmed (products_sam generic produce defect dataset); not in carrot taxonomy,no,
train/00438_jpg.rf.7b5bd26e74d8574965b25456505852ad.jpg,defect,crop identity unconfirmed (products_sam generic produce defect dataset); not in carrot taxonomy,no,
train/00440_jpg.rf.712b70a433a2708934bdea5b1d87eea8.jpg,defect,crop identity unconfirmed (products_sam generic produce defect dataset); not in carrot taxonomy,no,
train/00441_jpg.rf.97caeb0102db5e81c3d3b1a7612d8dbe.jpg,defect,crop identity unconfirmed (products_sam generic produce defect dataset); not in carrot taxonomy,no,
train/00442_jpg.rf.ec6bd7357ee7184ff682a0181dd76c91.jpg,defect,crop identity unconfirmed (products_sam generic produce defect dataset); not in carrot taxonomy,no,
train/00443_jpg.rf.f8c431875053551c1715db3abc04c266.jpg,defect,crop identity unconfirmed (products_sam generic produce defect dataset); not in carrot taxonomy,no,
train/00444_jpg.rf.e5f120c7d33b035a72eac7c95a596b74.jpg,defect,crop identity unconfirmed (products_sam generic produce defect dataset); not in carrot taxonomy,no,
train/00445_jpg.rf.0a66a588f39a7beed580a035e4440913.jpg,defect,crop identity unconfirmed (products_sam generic produce defect dataset); not in carrot taxonomy,no,
train/00446_jpg.rf.464fb639e6f46ab1ce86e46753dd1c52.jpg,defect,crop identity unconfirmed (products_sam generic produce defect dataset); not in carrot taxonomy,no,
train/00447_jpg.rf.08ee68302ce1b9fb6c1306fa3f1036fb.jpg,defect,crop identity unconfirmed (products_sam generic produce defect dataset); not in carrot taxonomy,no,
train/00448_jpg.rf.f7fe5a08633bf147bb8def7cb89e2c56.jpg,defect,crop identity unconfirmed (products_sam generic produce defect dataset); not in carrot taxonomy,no,
train/00450_jpg.rf.342f0f31fa74fa8c8e1c747d8c39c480.jpg,defect,crop identity unconfirmed (products_sam generic produce defect dataset); not in carrot taxonomy,no,
train/00451_jpg.rf.daf2b950ff64ec7f8321dabe0a0c19d1.jpg,defect,crop identity unconfirmed (products_sam generic produce defect dataset); not in carrot taxonomy,no,
train/00453_jpg.rf.8ae8ef45bed631e1fe278a37afd5f482.jpg,defect,crop identity unconfirmed (products_sam generic produce defect dataset); not in carrot taxonomy,no,
train/00454_jpg.rf.d1c753ec964e7969a00c5eff3e356f43.jpg,defect,crop identity unconfirmed (products_sam generic produce defect dataset); not in carrot taxonomy,no,
train/00455_jpg.rf.5368b1bf84bda7df8b7bdf87716c2da6.jpg,defect,crop identity unconfirmed (products_sam generic produce defect dataset); not in carrot taxonomy,no,
train/00456_jpg.rf.3f71c96ba38350a43c0db08d419544d0.jpg,defect,crop identity unconfirmed (products_sam generic produce defect dataset); not in carrot taxonomy,no,
train/00457_jpg.rf.f18ce9194b273b27c00bac7ca7b6d83d.jpg,defect,crop identity unconfirmed (products_sam generic produce defect dataset); not in carrot taxonomy,no,
train/00458_jpg.rf.5c50899bfc7bf92de2c892beee2031dd.jpg,defect,crop identity unconfirmed (products_sam generic produce defect dataset); not in carrot taxonomy,no,
train/00459_jpg.rf.fde12c9985015d5b84f4dcfe9e6b83e0.jpg,defect,crop identity unconfirmed (products_sam generic produce defect dataset); not in carrot taxonomy,no,
train/00461_jpg.rf.829558a77f0b53babffeb0151e5d6a54.jpg,defect,crop identity unconfirmed (products_sam generic produce defect dataset); not in carrot taxonomy,no,
train/00462_jpg.rf.bb87c567ec9e68e3e16aabf59083c5b4.jpg,defect,crop identity unconfirmed (products_sam generic produce defect dataset); not in carrot taxonomy,no,
train/00463_jpg.rf.68ed1b752ca03efe5733f84fb34af869.jpg,defect,crop identity unconfirmed (products_sam generic produce defect dataset); not in carrot taxonomy,no,
train/00464_jpg.rf.c8355b363ff1b557bf7ba61c64d94ac6.jpg,defect,crop identity unconfirmed (products_sam generic produce defect dataset); not in carrot taxonomy,no,
train/00465_jpg.rf.c0a2e14ab797e7b1afc31d49d36449aa.jpg,defect,crop identity unconfirmed (products_sam generic produce defect dataset); not in carrot taxonomy,no,
train/00469_jpg.rf.25565f8c7af29c7afe877102700453b1.jpg,defect,crop identity unconfirmed (products_sam generic produce defect dataset); not in carrot taxonomy,no,
train/00470_jpg.rf.7dea3879b67acfc0407f8606045574ee.jpg,defect,crop identity unconfirmed (products_sam generic produce defect dataset); not in carrot taxonomy,no,
train/00471_jpg.rf.20c6f15cd418a9e7c1d26df2885ad15d.jpg,defect,crop identity unconfirmed (products_sam generic produce defect dataset); not in carrot taxonomy,no,
train/00472_jpg.rf.b514a11db5e516afcc30c9736f312edb.jpg,defect,crop identity unconfirmed (products_sam generic produce defect dataset); not in carrot taxonomy,no,
train/00473_jpg.rf.60b25b56a546b3b090f115e1c05b9737.jpg,defect,crop identity unconfirmed (products_sam generic produce defect dataset); not in carrot taxonomy,no,
train/00474_jpg.rf.43c9a4016d85ed7a818916fa15a46886.jpg,defect,crop identity unconfirmed (products_sam generic produce defect dataset); not in carrot taxonomy,no,
train/00475_jpg.rf.49205b1a6df19d843857bdbbaace738c.jpg,defect,crop identity unconfirmed (products_sam generic produce defect dataset); not in carrot taxonomy,no,
train/00476_jpg.rf.61f067f16c63e6c6a3c4ae9a4a77e4ef.jpg,defect,crop identity unconfirmed (products_sam generic produce defect dataset); not in carrot taxonomy,no,
train/00477_jpg.rf.daccf03c3a816c2c3832167823d2d1cc.jpg,defect,crop identity unconfirmed (products_sam generic produce defect dataset); not in carrot taxonomy,no,
train/00479_jpg.rf.a15741c0a96dc612349f781d61fa893f.jpg,defect,crop identity unconfirmed (products_sam generic produce defect dataset); not in carrot taxonomy,no,
train/00480_jpg.rf.4510cbc48e862da2fac0dee7f9ac135e.jpg,defect,crop identity unconfirmed (products_sam generic produce defect dataset); not in carrot taxonomy,no,
train/00481_jpg.rf.cd8c68aafec2787aeff1df91a4c745ee.jpg,defect,crop identity unconfirmed (products_sam generic produce defect dataset); not in carrot taxonomy,no,
train/00482_jpg.rf.8102f52345d1af095c4aa9e8e71ff8b1.jpg,defect,crop identity unconfirmed (products_sam generic produce defect dataset); not in carrot taxonomy,no,
train/00484_jpg.rf.25f14d0e21b25788358dae0a0c45df55.jpg,defect,crop identity unconfirmed (products_sam generic produce defect dataset); not in carrot taxonomy,no,
train/00485_jpg.rf.097050ef4f60e17c750c1f82007d5dd0.jpg,defect,crop identity unconfirmed (products_sam generic produce defect dataset); not in carrot taxonomy,no,
train/00486_jpg.rf.b9f3de055ebd46227269da65f29d0cf2.jpg,defect,crop identity unconfirmed (products_sam generic produce defect dataset); not in carrot taxonomy,no,
train/00487_jpg.rf.43fab8be542060ed535c6ef03cf62b93.jpg,defect,crop identity unconfirmed (products_sam generic produce defect dataset); not in carrot taxonomy,no,
train/00488_jpg.rf.0695577f5fe06b6c04659cbf5b0f1f51.jpg,defect,crop identity unconfirmed (products_sam generic produce defect dataset); not in carrot taxonomy,no,
train/00489_jpg.rf.db153088d36f14f48e145c98a98c6894.jpg,defect,crop identity unconfirmed (products_sam generic produce defect dataset); not in carrot taxonomy,no,
train/00491_jpg.rf.9cb489ac2fbb7bf3b7d69b9f182b665c.jpg,defect,crop identity unconfirmed (products_sam generic produce defect dataset); not in carrot taxonomy,no,
train/00492_jpg.rf.76c1147f4a49677fa09104212479ff03.jpg,defect,crop identity unconfirmed (products_sam generic produce defect dataset); not in carrot taxonomy,no,
train/00493_jpg.rf.c667d7e4e7496e3ac389a6267d5eca87.jpg,defect,crop identity unconfirmed (products_sam generic produce defect dataset); not in carrot taxonomy,no,
train/00494_jpg.rf.b401ef7bf7d830e1c578c4c76f9eb558.jpg,defect,crop identity unconfirmed (products_sam generic produce defect dataset); not in carrot taxonomy,no,
train/00495_jpg.rf.859aed91377ad60507f0b850efb83486.jpg,defect,crop identity unconfirmed (products_sam generic produce defect dataset); not in carrot taxonomy,no,
train/00496_jpg.rf.9c048b4fd3d1b29c4638a9199755e082.jpg,defect,crop identity unconfirmed (products_sam generic produce defect dataset); not in carrot taxonomy,no,
train/00497_jpg.rf.5f2560b3656df0239165bb285ba369cb.jpg,defect,crop identity unconfirmed (products_sam generic produce defect dataset); not in carrot taxonomy,no,
train/00498_jpg.rf.401b8d2ef012fb55bfddd2ea877fb578.jpg,defect,crop identity unconfirmed (products_sam generic produce defect dataset); not in carrot taxonomy,no,
train/00499_jpg.rf.72427df0ec0de28ba3c28f1e22ffb801.jpg,defect,crop identity unconfirmed (products_sam generic produce defect dataset); not in carrot taxonomy,no,
train/004_png.rf.1f6179c38b987903e60207a8f6bbe69a.jpg,crack,crop identity unconfirmed (products_sam generic produce defect dataset); not in carrot taxonomy,no,
train/004_png.rf.2f8f83326fc3969196bd049abece3bdc.jpg,print,crop identity unconfirmed (products_sam generic produce defect dataset); not in carrot taxonomy,no,
train/004_png.rf.303a5982a4e541654a78dd355b162136.jpg,scratch,crop identity unconfirmed (products_sam generic produce defect dataset); not in carrot taxonomy,no,
train/004_png.rf.35f161275d0465fc2220fb27d3548dd6.jpg,contamination,crop identity unconfirmed (products_sam generic produce defect dataset); not in carrot taxonomy,no,
train/004_png.rf.43836d6a2dfb6bcf8877472f1aa4d8d3.jpg,crack,crop identity unconfirmed (products_sam generic produce defect dataset); not in carrot taxonomy,no,
train/004_png.rf.4426210355a5b112ae5bcb6e2d077c57.jpg,combined,crop identity unconfirmed (products_sam generic produce defect dataset); not in carrot taxonomy,no,
train/004_png.rf.785da87933add99d4e29491372d1c61c.jpg,faulty_imprint,crop identity unconfirmed (products_sam generic produce defect dataset); not in carrot taxonomy,no,
train/004_png.rf.891bb409c2a1696012bac61cdce3da09.jpg,hole,crop identity unconfirmed (products_sam generic produce defect dataset); not in carrot taxonomy,no,
train/004_png.rf.a0f74254c6df256f59140f5f519872c6.jpg,poke,crop identity unconfirmed (products_sam generic produce defect dataset); not in carrot taxonomy,no,
train/004_png.rf.c357caf793b973989f9d1f8edcc6768b.jpg,squeeze,crop identity unconfirmed (products_sam generic produce defect dataset); not in carrot taxonomy,no,
train/004_png.rf.d03fa603b572ffecee12c08bb7a9b16f.jpg,scratch,crop identity unconfirmed (products_sam generic produce defect dataset); not in carrot taxonomy,no,
train/004_png.rf.d201697801eac0282f9d3813bd6c4f62.jpg,color,crop identity unconfirmed (products_sam generic produce defect dataset); not in carrot taxonomy,no,
train/004_png.rf.ead8db4c7b3be54ae0bd4b44ab1e285d.jpg,cut,crop identity unconfirmed (products_sam generic produce defect dataset); not in carrot taxonomy,no,
train/004_png.rf.f0498e3ffe2ef99536204410e778e0c8.jpg,faulty_imprint,crop identity unconfirmed (products_sam generic produce defect dataset); not in carrot taxonomy,no,
train/004_png.rf.faaeb5c2e1d265f6e10b15462daa81f3.jpg,crack,crop identity unconfirmed (products_sam generic produce defect dataset); not in carrot taxonomy,no,
train/00500_jpg.rf.cb7aa5ae935316ef21f7074aeda4710c.jpg,defect,crop identity unconfirmed (products_sam generic produce defect dataset); not in carrot taxonomy,no,
train/00502_jpg.rf.0c01a5b266875ed0b5563809c66513ae.jpg,defect,crop identity unconfirmed (products_sam generic produce defect dataset); not in carrot taxonomy,no,
train/00503_jpg.rf.404005f80a2bdfbab054e2ea12e7af5f.jpg,defect,crop identity unconfirmed (products_sam generic produce defect dataset); not in carrot taxonomy,no,
train/00504_jpg.rf.13c26c0cf4e3cc63430aa17db7e57e12.jpg,defect,crop identity unconfirmed (products_sam generic produce defect dataset); not in carrot taxonomy,no,
train/00505_jpg.rf.a4210ad6915bef96e1d375a43c99cdfd.jpg,defect,crop identity unconfirmed (products_sam generic produce defect dataset); not in carrot taxonomy,no,
train/00506_jpg.rf.49d886a6ad4960da87661262acca3790.jpg,defect,crop identity unconfirmed (products_sam generic produce defect dataset); not in carrot taxonomy,no,
train/00507_jpg.rf.d278cf634502045afe461d62c82a3b64.jpg,defect,crop identity unconfirmed (products_sam generic produce defect dataset); not in carrot taxonomy,no,
train/00508_jpg.rf.f8bf7a999a347afeaf8f573b062606de.jpg,defect,crop identity unconfirmed (products_sam generic produce defect dataset); not in carrot taxonomy,no,
train/00511_jpg.rf.cb54fcd1084df86f3dcd23de241737a4.jpg,defect,crop identity unconfirmed (products_sam generic produce defect dataset); not in carrot taxonomy,no,
train/00512_jpg.rf.7de9d271cb48a75e1bb9edb421d4e104.jpg,defect,crop identity unconfirmed (products_sam generic produce defect dataset); not in carrot taxonomy,no,
train/00513_jpg.rf.99863afcc71afe8615378113cb3a4235.jpg,defect,crop identity unconfirmed (products_sam generic produce defect dataset); not in carrot taxonomy,no,
train/00514_jpg.rf.e823c7c61db2a373cf16f32e9ec9085f.jpg,defect,crop identity unconfirmed (products_sam generic produce defect dataset); not in carrot taxonomy,no,
train/00515_jpg.rf.e0fac748c78cfeaaab6ead9a9bd80c5b.jpg,defect,crop identity unconfirmed (products_sam generic produce defect dataset); not in carrot taxonomy,no,
train/00516_jpg.rf.403d339bcdf4f24d9beee6a9ea4cdb21.jpg,defect,crop identity unconfirmed (products_sam generic produce defect dataset); not in carrot taxonomy,no,
train/00517_jpg.rf.5d486f0854648ce00b2ffcc432511e17.jpg,defect,crop identity unconfirmed (products_sam generic produce defect dataset); not in carrot taxonomy,no,
train/00518_jpg.rf.b606a7bcd296f2524a52ff6e544b04ec.jpg,defect,crop identity unconfirmed (products_sam generic produce defect dataset); not in carrot taxonomy,no,
train/00519_jpg.rf.fc1cf9f6edef7d54d33bf907c83a5749.jpg,defect,crop identity unconfirmed (products_sam generic produce defect dataset); not in carrot taxonomy,no,
train/00521_jpg.rf.9947ecbb4c594795651485c99d6b442a.jpg,defect,crop identity unconfirmed (products_sam generic produce defect dataset); not in carrot taxonomy,no,
train/00523_jpg.rf.3ea90853925c2fa8806220e0cb3129e2.jpg,defect,crop identity unconfirmed (products_sam generic produce defect dataset); not in carrot taxonomy,no,
train/00524_jpg.rf.1dc0ad57871cc9c886dddc73950bff49.jpg,defect,crop identity unconfirmed (products_sam generic produce defect dataset); not in carrot taxonomy,no,
train/00525_jpg.rf.8c75e57cd43fc207905b6ff65f735dfd.jpg,defect,crop identity unconfirmed (products_sam generic produce defect dataset); not in carrot taxonomy,no,
train/00527_jpg.rf.c7655c60a544f7f6ac841b8f61f904d1.jpg,defect,crop identity unconfirmed (products_sam generic produce defect dataset); not in carrot taxonomy,no,
train/00528_jpg.rf.79a76b13fbff14798d327d76190f19fd.jpg,defect,crop identity unconfirmed (products_sam generic produce defect dataset); not in carrot taxonomy,no,
train/00530_jpg.rf.a944d73034c5628c3077a07fc2a8372b.jpg,defect,crop identity unconfirmed (products_sam generic produce defect dataset); not in carrot taxonomy,no,
train/00531_jpg.rf.1345eeb6e1fc3a0747fc0b4f3620a740.jpg,defect,crop identity unconfirmed (products_sam generic produce defect dataset); not in carrot taxonomy,no,
train/00533_jpg.rf.f7babf5012f8ee5f3274a2f65e582b74.jpg,defect,crop identity unconfirmed (products_sam generic produce defect dataset); not in carrot taxonomy,no,
train/00534_jpg.rf.6c9c12a2421ed081a4b58a95565f4548.jpg,defect,crop identity unconfirmed (products_sam generic produce defect dataset); not in carrot taxonomy,no,
train/00535_jpg.rf.ea159d1fd59b5836509da48eca1b919a.jpg,defect,crop identity unconfirmed (products_sam generic produce defect dataset); not in carrot taxonomy,no,
train/00536_jpg.rf.9c6bcb6ebfa42eda95d7cb3916c2566e.jpg,defect,crop identity unconfirmed (products_sam generic produce defect dataset); not in carrot taxonomy,no,
train/00538_jpg.rf.1bf0a7a2cedd0d16323e49da5f5dffb4.jpg,defect,crop identity unconfirmed (products_sam generic produce defect dataset); not in carrot taxonomy,no,
train/00539_jpg.rf.e0c2e951d675aa14f382a67026a9a99b.jpg,defect,crop identity unconfirmed (products_sam generic produce defect dataset); not in carrot taxonomy,no,
train/00540_jpg.rf.8ab7339cbc57edda4cee550923564fc2.jpg,defect,crop identity unconfirmed (products_sam generic produce defect dataset); not in carrot taxonomy,no,
train/00541_jpg.rf.14a560534b8a038fb7be53c67e3b1143.jpg,defect,crop identity unconfirmed (products_sam generic produce defect dataset); not in carrot taxonomy,no,
train/00542_jpg.rf.a68a4e04b50cb1b5253678dd1374fc61.jpg,defect,crop identity unconfirmed (products_sam generic produce defect dataset); not in carrot taxonomy,no,
train/00543_jpg.rf.2b42931be4d10ea1ae5434a802dff5db.jpg,defect,crop identity unconfirmed (products_sam generic produce defect dataset); not in carrot taxonomy,no,
train/00544_jpg.rf.6803eff577b1cb5c328588015b38989c.jpg,defect,crop identity unconfirmed (products_sam generic produce defect dataset); not in carrot taxonomy,no,
train/00545_jpg.rf.330c81bdf2df98277b0784986470d6ca.jpg,defect,crop identity unconfirmed (products_sam generic produce defect dataset); not in carrot taxonomy,no,
train/00546_jpg.rf.667ad79187ec4fe57541fc0811a84f77.jpg,defect,crop identity unconfirmed (products_sam generic produce defect dataset); not in carrot taxonomy,no,
train/00547_jpg.rf.740a4ad7810f22f4fa5905877152c4ac.jpg,defect,crop identity unconfirmed (products_sam generic produce defect dataset); not in carrot taxonomy,no,
train/00548_jpg.rf.24720577c112aadfcd5baad50ff84a0c.jpg,defect,crop identity unconfirmed (products_sam generic produce defect dataset); not in carrot taxonomy,no,
train/00549_jpg.rf.1f3f0ea6654773212479dc095037c26a.jpg,defect,crop identity unconfirmed (products_sam generic produce defect dataset); not in carrot taxonomy,no,
train/00550_jpg.rf.a393a97e6346db2966bcd209b61ac4d4.jpg,defect,crop identity unconfirmed (products_sam generic produce defect dataset); not in carrot taxonomy,no,
train/00551_jpg.rf.fc8f8315a4e94320f4215298f54cc902.jpg,defect,crop identity unconfirmed (products_sam generic produce defect dataset); not in carrot taxonomy,no,
train/00552_jpg.rf.b291e666cd658ab693d820bdf76f0521.jpg,defect,crop identity unconfirmed (products_sam generic produce defect dataset); not in carrot taxonomy,no,
train/00553_jpg.rf.10de14611be5b590961bd4f1cb7e5608.jpg,defect,crop identity unconfirmed (products_sam generic produce defect dataset); not in carrot taxonomy,no,
train/00554_jpg.rf.ae1868218969d40f9f790b33a941df3d.jpg,defect,crop identity unconfirmed (products_sam generic produce defect dataset); not in carrot taxonomy,no,
train/00556_jpg.rf.a3b3e3cb70a06d7db98cce33338c5621.jpg,defect,crop identity unconfirmed (products_sam generic produce defect dataset); not in carrot taxonomy,no,
train/00557_jpg.rf.cd041c93d1697b0adf3e6937ac45383f.jpg,defect,crop identity unconfirmed (products_sam generic produce defect dataset); not in carrot taxonomy,no,
train/00558_jpg.rf.7fabacfa50ac2e457d4dec2552cbf607.jpg,defect,crop identity unconfirmed (products_sam generic produce defect dataset); not in carrot taxonomy,no,
train/00559_jpg.rf.f3034ed635e99d9580f23988691dccc9.jpg,defect,crop identity unconfirmed (products_sam generic produce defect dataset); not in carrot taxonomy,no,
train/00560_jpg.rf.309836e1db6c99449d37f192c7fbdccb.jpg,defect,crop identity unconfirmed (products_sam generic produce defect dataset); not in carrot taxonomy,no,
train/00562_jpg.rf.078ca7f2cdfb192b8da3f492f3a2286b.jpg,defect,crop identity unconfirmed (products_sam generic produce defect dataset); not in carrot taxonomy,no,
train/00563_jpg.rf.522fa2e2c3cd463460c40ac5fca241d7.jpg,defect,crop identity unconfirmed (products_sam generic produce defect dataset); not in carrot taxonomy,no,
train/00566_jpg.rf.ca9e4f6c48ff59caff0d904a5918e906.jpg,defect,crop identity unconfirmed (products_sam generic produce defect dataset); not in carrot taxonomy,no,
train/00567_jpg.rf.5e185c048389c5e6214f6d0e0af9526c.jpg,defect,crop identity unconfirmed (products_sam generic produce defect dataset); not in carrot taxonomy,no,
train/00568_jpg.rf.26e7a172c605879f202d12a1d823fb7b.jpg,defect,crop identity unconfirmed (products_sam generic produce defect dataset); not in carrot taxonomy,no,
train/00569_jpg.rf.6001f757e58315d8a8a704268b804247.jpg,defect,crop identity unconfirmed (products_sam generic produce defect dataset); not in carrot taxonomy,no,
train/00570_jpg.rf.03a061c79d40e3249fe035bd52a3209e.jpg,defect,crop identity unconfirmed (products_sam generic produce defect dataset); not in carrot taxonomy,no,
train/00571_jpg.rf.fc795001d6b73c9c8cf95e208be44121.jpg,defect,crop identity unconfirmed (products_sam generic produce defect dataset); not in carrot taxonomy,no,
train/00572_jpg.rf.e7c123a3e9d0d6652d1d4b539204b2e2.jpg,defect,crop identity unconfirmed (products_sam generic produce defect dataset); not in carrot taxonomy,no,
train/00573_jpg.rf.154be297faf03b564e3290696d767241.jpg,defect,crop identity unconfirmed (products_sam generic produce defect dataset); not in carrot taxonomy,no,
train/00574_jpg.rf.95713e823bfe2fbfc8251ce14b942cc9.jpg,defect,crop identity unconfirmed (products_sam generic produce defect dataset); not in carrot taxonomy,no,
train/00575_jpg.rf.ba440bd7f6e0808a27de261a81ee6742.jpg,defect,crop identity unconfirmed (products_sam generic produce defect dataset); not in carrot taxonomy,no,
train/00578_jpg.rf.fe32ba9478b3af5f7227e27a30a9f130.jpg,defect,crop identity unconfirmed (products_sam generic produce defect dataset); not in carrot taxonomy,no,
train/00579_jpg.rf.612b0b86666b59f212e43dc54ce0ac88.jpg,defect,crop identity unconfirmed (products_sam generic produce defect dataset); not in carrot taxonomy,no,
train/00580_jpg.rf.7f6b5bc640649b9b463464bf56deed6e.jpg,defect,crop identity unconfirmed (products_sam generic produce defect dataset); not in carrot taxonomy,no,
train/00581_jpg.rf.691cf0c47a37d418af2ab99ce9ec3338.jpg,defect,crop identity unconfirmed (products_sam generic produce defect dataset); not in carrot taxonomy,no,
train/00582_jpg.rf.ac986e49e6347e970e6490e591fbaf32.jpg,defect,crop identity unconfirmed (products_sam generic produce defect dataset); not in carrot taxonomy,no,
train/00583_jpg.rf.505655a9244c897354ef38d0102b2cd5.jpg,defect,crop identity unconfirmed (products_sam generic produce defect dataset); not in carrot taxonomy,no,
train/00584_jpg.rf.3d08aea50d7c278bb312dd6bfce535d3.jpg,defect,crop identity unconfirmed (products_sam generic produce defect dataset); not in carrot taxonomy,no,
train/00585_jpg.rf.8564fdd4d099a007a0935c3f000ba85c.jpg,defect,crop identity unconfirmed (products_sam generic produce defect dataset); not in carrot taxonomy,no,
train/00586_jpg.rf.b1c6c7c678596647c2a4c1ea8a3c6b2b.jpg,defect,crop identity unconfirmed (products_sam generic produce defect dataset); not in carrot taxonomy,no,
train/00587_jpg.rf.6eaa961b9a5d1f6e0df693dc1d3a1dab.jpg,defect,crop identity unconfirmed (products_sam generic produce defect dataset); not in carrot taxonomy,no,
train/005_png.rf.0d484ef1eb4ada4775c247e6535d5aed.jpg,print,crop identity unconfirmed (products_sam generic produce defect dataset); not in carrot taxonomy,no,
train/005_png.rf.16af6757d73ff1f8e24783f64873c0df.jpg,scratch,crop identity unconfirmed (products_sam generic produce defect dataset); not in carrot taxonomy,no,
train/005_png.rf.25e01a4913917f16a9e47ca77d1c7598.jpg,faulty_imprint,crop identity unconfirmed (products_sam generic produce defect dataset); not in carrot taxonomy,no,
train/005_png.rf.445a2143f00afab25137ad6e6f3d00cc.jpg,crack,crop identity unconfirmed (products_sam generic produce defect dataset); not in carrot taxonomy,no,
train/005_png.rf.8b197cfff018fb42fabd1140f0ff991d.jpg,squeeze,crop identity unconfirmed (products_sam generic produce defect dataset); not in carrot taxonomy,no,
train/005_png.rf.95588e40724664da034a186d0bdcf34c.jpg,scratch,crop identity unconfirmed (products_sam generic produce defect dataset); not in carrot taxonomy,no,
train/005_png.rf.bf08690adc07dd26f317a2f3d6256447.jpg,contamination,crop identity unconfirmed (products_sam generic produce defect dataset); not in carrot taxonomy,no,
train/005_png.rf.c55daed06433b61c6ee2e1582d264a43.jpg,crack,crop identity unconfirmed (products_sam generic produce defect dataset); not in carrot taxonomy,no,
train/005_png.rf.ecd92ca470ed7263d9881e99c730707e.jpg,color,crop identity unconfirmed (products_sam generic produce defect dataset); not in carrot taxonomy,no,
train/005_png.rf.f3c9f4808f40e04d101352e3fcd34f7e.jpg,combined,crop identity unconfirmed (products_sam generic produce defect dataset); not in carrot taxonomy,no,
train/005_png.rf.f4b9da8a77f1fc3624da169abea71b4b.jpg,poke,crop identity unconfirmed (products_sam generic produce defect dataset); not in carrot taxonomy,no,
train/005_png.rf.fa82750dee56918cf90563a10aa2d019.jpg,hole,crop identity unconfirmed (products_sam generic produce defect dataset); not in carrot taxonomy,no,
train/005_png.rf.fe23b67ed47831f65196ce77accf4ca4.jpg,faulty_imprint,crop identity unconfirmed (products_sam generic produce defect dataset); not in carrot taxonomy,no,
train/006_png.rf.2f05a90dde4e49ac763c0c213773e8ae.jpg,crack,crop identity unconfirmed (products_sam generic produce defect dataset); not in carrot taxonomy,no,
train/006_png.rf.370c3b57fa290160d4f4dc4d70117fb2.jpg,scratch,crop identity unconfirmed (products_sam generic produce defect dataset); not in carrot taxonomy,no,
train/006_png.rf.57962dd5315f95ca1f79b79427667b93.jpg,poke,crop identity unconfirmed (products_sam generic produce defect dataset); not in carrot taxonomy,no,
train/006_png.rf.5ab5bebed2eed88cc108f772a1231792.jpg,crack,crop identity unconfirmed (products_sam generic produce defect dataset); not in carrot taxonomy,no,
train/006_png.rf.6adf3ef3416a48b07775963a54e0c68a.jpg,scratch,crop identity unconfirmed (products_sam generic produce defect dataset); not in carrot taxonomy,no,
train/006_png.rf.73999550c5ccb849fc86b585d125f289.jpg,hole,crop identity unconfirmed (products_sam generic produce defect dataset); not in carrot taxonomy,no,
train/006_png.rf.73bb7b32ddb57dff7f6e9fc30176a112.jpg,crack,crop identity unconfirmed (products_sam generic produce defect dataset); not in carrot taxonomy,no,
train/006_png.rf.807c233cf258fe87f33742fe7b8903ae.jpg,color,crop identity unconfirmed (products_sam generic produce defect dataset); not in carrot taxonomy,no,
train/006_png.rf.86c29ff54084a5cb24b64b5e3826142e.jpg,squeeze,crop identity unconfirmed (products_sam generic produce defect dataset); not in carrot taxonomy,no,
train/006_png.rf.8db14d79fa63adab859a936a709543d4.jpg,contamination,crop identity unconfirmed (products_sam generic produce defect dataset); not in carrot taxonomy,no,
train/006_png.rf.a69c2d838378a3ea6058fbb0ae1c2585.jpg,combined,crop identity unconfirmed (products_sam generic produce defect dataset); not in carrot taxonomy,no,
train/006_png.rf.e6bd0bc909d23b79bd87cfd2352d2d6c.jpg,faulty_imprint,crop identity unconfirmed (products_sam generic produce defect dataset); not in carrot taxonomy,no,
train/006_png.rf.f37f3769d7a09c9e6ff3c65887197e49.jpg,print,crop identity unconfirmed (products_sam generic produce defect dataset); not in carrot taxonomy,no,
train/007_png.rf.02515572fc0018ae1413bb069c077928.jpg,cut,crop identity unconfirmed (products_sam generic produce defect dataset); not in carrot taxonomy,no,
train/007_png.rf.08db3629e3c59242d8c539d48c58c172.jpg,crack,crop identity unconfirmed (products_sam generic produce defect dataset); not in carrot taxonomy,no,
train/007_png.rf.220108797b004f421683ebc3ad5a34bd.jpg,squeeze,crop identity unconfirmed (products_sam generic produce defect dataset); not in carrot taxonomy,no,
train/007_png.rf.27055531ef22d222f507c9e1222b71ad.jpg,print,crop identity unconfirmed (products_sam generic produce defect dataset); not in carrot taxonomy,no,
train/007_png.rf.3ba698977e2623a48898fbc5df4bc8d8.jpg,poke,crop identity unconfirmed (products_sam generic produce defect dataset); not in carrot taxonomy,no,
train/007_png.rf.65427cda294740c85869a940eae33fe4.jpg,faulty_imprint,crop identity unconfirmed (products_sam generic produce defect dataset); not in carrot taxonomy,no,
train/007_png.rf.681aeb8e7cb6bfc2baef0479f6dcb608.jpg,hole,crop identity unconfirmed (products_sam generic produce defect dataset); not in carrot taxonomy,no,
train/007_png.rf.8b2b7a08dbe9b4de6696554f339211fa.jpg,combined,crop identity unconfirmed (products_sam generic produce defect dataset); not in carrot taxonomy,no,
train/007_png.rf.a3a9721c471451074bb179948ad039ea.jpg,scratch,crop identity unconfirmed (products_sam generic produce defect dataset); not in carrot taxonomy,no,
train/007_png.rf.cef5e6b6c8a3c53030c169f3883b7510.jpg,crack,crop identity unconfirmed (products_sam generic produce defect dataset); not in carrot taxonomy,no,
train/007_png.rf.e0f973b20054fa5667467e39a63547cd.jpg,scratch,crop identity unconfirmed (products_sam generic produce defect dataset); not in carrot taxonomy,no,
train/007_png.rf.f14097c990655425101cb9b933955b72.jpg,color,crop identity unconfirmed (products_sam generic produce defect dataset); not in carrot taxonomy,no,
train/008_png.rf.1c69a8d706499120ada828e1a1be494c.jpg,cut,crop identity unconfirmed (products_sam generic produce defect dataset); not in carrot taxonomy,no,
train/008_png.rf.444e77fe0e8a3bdae49d7adf0d16a12b.jpg,combined,crop identity unconfirmed (products_sam generic produce defect dataset); not in carrot taxonomy,no,
train/008_png.rf.4da35a53e1ab5132f18467d1271f8e1e.jpg,scratch,crop identity unconfirmed (products_sam generic produce defect dataset); not in carrot taxonomy,no,
train/008_png.rf.530f19eb1ceb7b911823ff8547ee752b.jpg,faulty_imprint,crop identity unconfirmed (products_sam generic produce defect dataset); not in carrot taxonomy,no,
train/008_png.rf.766f8f0624619c4b93b637dda080cbc7.jpg,poke,crop identity unconfirmed (products_sam generic produce defect dataset); not in carrot taxonomy,no,
train/008_png.rf.7de76f945c31a573484c1756369456f6.jpg,squeeze,crop identity unconfirmed (products_sam generic produce defect dataset); not in carrot taxonomy,no,
train/008_png.rf.84b754fb4d611a5a0d8cf198a00265c1.jpg,contamination,crop identity unconfirmed (products_sam generic produce defect dataset); not in carrot taxonomy,no,
train/008_png.rf.86e557625779a2dd88bc59f891ee8b87.jpg,faulty_imprint,crop identity unconfirmed (products_sam generic produce defect dataset); not in carrot taxonomy,no,
train/008_png.rf.9c7fb0311969d1efe03e7c9b71f6565e.jpg,hole,crop identity unconfirmed (products_sam generic produce defect dataset); not in carrot taxonomy,no,
train/008_png.rf.9f5c18cc0987f95ed9a27190fc624881.jpg,color,crop identity unconfirmed (products_sam generic produce defect dataset); not in carrot taxonomy,no,
train/008_png.rf.af4f075ded7a3cfc803c7cc4527f0332.jpg,crack,crop identity unconfirmed (products_sam generic produce defect dataset); not in carrot taxonomy,no,
train/008_png.rf.c5cfb0b43c44851c34882286ced7bdd1.jpg,crack,crop identity unconfirmed (products_sam generic produce defect dataset); not in carrot taxonomy,no,
train/008_png.rf.cb14db5cfbe83b39bae4284a2a887ea1.jpg,crack,crop identity unconfirmed (products_sam generic produce defect dataset); not in carrot taxonomy,no,
train/008_png.rf.df8a1efecc81179e3b21f48988a6bc41.jpg,print,crop identity unconfirmed (products_sam generic produce defect dataset); not in carrot taxonomy,no,
train/008_png.rf.e47cbe9da48b8f6098fbb3e837bc1a71.jpg,scratch,crop identity unconfirmed (products_sam generic produce defect dataset); not in carrot taxonomy,no,
train/009_png.rf.16c199a9d50560f43b397bc49c7806f6.jpg,faulty_imprint,crop identity unconfirmed (products_sam generic produce defect dataset); not in carrot taxonomy,no,
train/009_png.rf.2dae2a9b73ed9070faf7b81ff117adfe.jpg,scratch,crop identity unconfirmed (products_sam generic produce defect dataset); not in carrot taxonomy,no,
train/009_png.rf.3b4a1cc330c6cc165a82fd89b1663c4e.jpg,poke,crop identity unconfirmed (products_sam generic produce defect dataset); not in carrot taxonomy,no,
train/009_png.rf.4accd1d9665fd9ce297c787b57952baf.jpg,hole,crop identity unconfirmed (products_sam generic produce defect dataset); not in carrot taxonomy,no,
train/009_png.rf.8f10f6091298b6532e5f7deeaaceee19.jpg,crack,crop identity unconfirmed (products_sam generic produce defect dataset); not in carrot taxonomy,no,
train/009_png.rf.975e7a03f09fe43a46a9bc2c84d83e97.jpg,print,crop identity unconfirmed (products_sam generic produce defect dataset); not in carrot taxonomy,no,
train/009_png.rf.9bd4467cd34585f274b42ef96fd98aa9.jpg,scratch,crop identity unconfirmed (products_sam generic produce defect dataset); not in carrot taxonomy,no,
train/009_png.rf.cef57590605c46c14f89bab9141ea782.jpg,combined,crop identity unconfirmed (products_sam generic produce defect dataset); not in carrot taxonomy,no,
train/009_png.rf.d3678325ebb2121f8721e0009c52b23d.jpg,contamination,crop identity unconfirmed (products_sam generic produce defect dataset); not in carrot taxonomy,no,
train/009_png.rf.e2ea04c45f4a08c76c4205f366d16a1b.jpg,crack,crop identity unconfirmed (products_sam generic produce defect dataset); not in carrot taxonomy,no,
train/009_png.rf.f71db03bceb76b2e2804423b0df80c4c.jpg,cut,crop identity unconfirmed (products_sam generic produce defect dataset); not in carrot taxonomy,no,
train/009_png.rf.f93bd33bb025d86b0233cdcba9f981c1.jpg,squeeze,crop identity unconfirmed (products_sam generic produce defect dataset); not in carrot taxonomy,no,
train/010_png.rf.09c7759c0752e75615bb784d9f3525a8.jpg,crack,crop identity unconfirmed (products_sam generic produce defect dataset); not in carrot taxonomy,no,
train/010_png.rf.0e62df52e5ac3f6862c70f8170adc62b.jpg,contamination,crop identity unconfirmed (products_sam generic produce defect dataset); not in carrot taxonomy,no,
train/010_png.rf.228d2a73a0c31b98e15594186e098028.jpg,scratch,crop identity unconfirmed (products_sam generic produce defect dataset); not in carrot taxonomy,no,
train/010_png.rf.281a3a54adbbd405f8b91e23afc5f437.jpg,cut,crop identity unconfirmed (products_sam generic produce defect dataset); not in carrot taxonomy,no,
train/010_png.rf.340826ddb818885e0d86a6d7a05cbbec.jpg,print,crop identity unconfirmed (products_sam generic produce defect dataset); not in carrot taxonomy,no,
train/010_png.rf.7f07aa49e687dcff3a912f0cbca3af38.jpg,hole,crop identity unconfirmed (products_sam generic produce defect dataset); not in carrot taxonomy,no,
train/010_png.rf.850b75d986d9b62fa3310064240d5bd8.jpg,color,crop identity unconfirmed (products_sam generic produce defect dataset); not in carrot taxonomy,no,
train/010_png.rf.b1491677d6edacc77989013eb18c193e.jpg,poke,crop identity unconfirmed (products_sam generic produce defect dataset); not in carrot taxonomy,no,
train/010_png.rf.bbecc5a860a3fbeb4524eeb9a8ff518b.jpg,crack,crop identity unconfirmed (products_sam generic produce defect dataset); not in carrot taxonomy,no,
train/010_png.rf.cc570eeb2ec51dfc483ddbe8781fab1b.jpg,scratch,crop identity unconfirmed (products_sam generic produce defect dataset); not in carrot taxonomy,no,
train/010_png.rf.cfb371c48933884f3ba5ebb212f9dfc3.jpg,crack,crop identity unconfirmed (products_sam generic produce defect dataset); not in carrot taxonomy,no,
train/010_png.rf.e9fd99682043e2eec01232b9e59e3935.jpg,faulty_imprint,crop identity unconfirmed (products_sam generic produce defect dataset); not in carrot taxonomy,no,
train/011_png.rf.1e8832ff43fe58d3877057ad99e3f68d.jpg,print,crop identity unconfirmed (products_sam generic produce defect dataset); not in carrot taxonomy,no,
train/011_png.rf.3f67d6836590d567f4ae2caea0fe37d2.jpg,scratch,crop identity unconfirmed (products_sam generic produce defect dataset); not in carrot taxonomy,no,
train/011_png.rf.6b803b432bbdf4090e5bdb1729223738.jpg,crack,crop identity unconfirmed (products_sam generic produce defect dataset); not in carrot taxonomy,no,
train/011_png.rf.6e99ac67624beae90830ca75e3381fed.jpg,scratch,crop identity unconfirmed (products_sam generic produce defect dataset); not in carrot taxonomy,no,
train/011_png.rf.6fc73cba150ba0cd3dd7b9dcf37eb242.jpg,crack,crop identity unconfirmed (products_sam generic produce defect dataset); not in carrot taxonomy,no,
train/011_png.rf.74863209cd191599618986dda94d467c.jpg,crack,crop identity unconfirmed (products_sam generic produce defect dataset); not in carrot taxonomy,no,
train/011_png.rf.7c7dc4420f0a181ca2b34d0ae6ef9383.jpg,color,crop identity unconfirmed (products_sam generic produce defect dataset); not in carrot taxonomy,no,
train/011_png.rf.81864106ca60459c0d8bc1963774cdb8.jpg,faulty_imprint,crop identity unconfirmed (products_sam generic produce defect dataset); not in carrot taxonomy,no,
train/011_png.rf.88797dbeeef22613943d9952c09d9bfa.jpg,poke,crop identity unconfirmed (products_sam generic produce defect dataset); not in carrot taxonomy,no,
train/011_png.rf.8b19269f099fb7ccf293b5cc76e98ad2.jpg,squeeze,crop identity unconfirmed (products_sam generic produce defect dataset); not in carrot taxonomy,no,
train/011_png.rf.a1889108f46d4ce7cf40b00be9c56cb7.jpg,faulty_imprint,crop identity unconfirmed (products_sam generic produce defect dataset); not in carrot taxonomy,no,
train/011_png.rf.dd7f5452bf22df34040e094bfb4f6cca.jpg,cut,crop identity unconfirmed (products_sam generic produce defect dataset); not in carrot taxonomy,no,
train/011_png.rf.df828c219ee637616c181f6a1c5f9b01.jpg,combined,crop identity unconfirmed (products_sam generic produce defect dataset); not in carrot taxonomy,no,
train/011_png.rf.ec9c136e31d15441ef53c95ecd747915.jpg,hole,crop identity unconfirmed (products_sam generic produce defect dataset); not in carrot taxonomy,no,
train/011_png.rf.edc1a67eebb2d5523180e8f65fad7b04.jpg,contamination,crop identity unconfirmed (products_sam generic produce defect dataset); not in carrot taxonomy,no,
train/012_png.rf.001e2bd8b44cea44684693eabf90851c.jpg,faulty_imprint,crop identity unconfirmed (products_sam generic produce defect dataset); not in carrot taxonomy,no,
train/012_png.rf.10c358bbf08bdbd954a71308ea6075b2.jpg,contamination,crop identity unconfirmed (products_sam generic produce defect dataset); not in carrot taxonomy,no,
train/012_png.rf.1c11f27c8bb32eb2e066a1fc69b4a2e3.jpg,print,crop identity unconfirmed (products_sam generic produce defect dataset); not in carrot taxonomy,no,
train/012_png.rf.1ef64a4dc2184b5a8b39f9491d43143d.jpg,scratch,crop identity unconfirmed (products_sam generic produce defect dataset); not in carrot taxonomy,no,
train/012_png.rf.5fca8d4df85b2bd79e572f489c7b6d08.jpg,squeeze,crop identity unconfirmed (products_sam generic produce defect dataset); not in carrot taxonomy,no,
train/012_png.rf.895e6311deb88945cd21d306ea10530f.jpg,crack,crop identity unconfirmed (products_sam generic produce defect dataset); not in carrot taxonomy,no,
train/012_png.rf.abc9cacbe924c523df76f5a314808ace.jpg,poke,crop identity unconfirmed (products_sam generic produce defect dataset); not in carrot taxonomy,no,
train/012_png.rf.aed34633dfb4c041b4f07616580605ed.jpg,color,crop identity unconfirmed (products_sam generic produce defect dataset); not in carrot taxonomy,no,
train/012_png.rf.c97572a72e667e471f99c843b931cda0.jpg,crack,crop identity unconfirmed (products_sam generic produce defect dataset); not in carrot taxonomy,no,
train/012_png.rf.e53d009b14d0f61fff93769f76ec3dc8.jpg,scratch,crop identity unconfirmed (products_sam generic produce defect dataset); not in carrot taxonomy,no,
train/012_png.rf.e8b040393f517ddbaf80d14f7114899c.jpg,cut,crop identity unconfirmed (products_sam generic produce defect dataset); not in carrot taxonomy,no,
train/012_png.rf.faec4554bf5cc9671ac4b6f026dd09ac.jpg,combined,crop identity unconfirmed (products_sam generic produce defect dataset); not in carrot taxonomy,no,
train/012_png.rf.fcdb231a82601da8dd3d5d36ba990d75.jpg,faulty_imprint,crop identity unconfirmed (products_sam generic produce defect dataset); not in carrot taxonomy,no,
train/013_png.rf.07e36bcca53c5138c98098c5a8b66b43.jpg,poke,crop identity unconfirmed (products_sam generic produce defect dataset); not in carrot taxonomy,no,
train/013_png.rf.09725ad86f406f94f716372522128ae2.jpg,combined,crop identity unconfirmed (products_sam generic produce defect dataset); not in carrot taxonomy,no,
train/013_png.rf.0cd80cb024fa73046ff500099ba8c46a.jpg,scratch,crop identity unconfirmed (products_sam generic produce defect dataset); not in carrot taxonomy,no,
train/013_png.rf.0d2a314591d1563c00850780b5bba6b9.jpg,print,crop identity unconfirmed (products_sam generic produce defect dataset); not in carrot taxonomy,no,
train/013_png.rf.1690818c648930fd23646bacaa4a0916.jpg,color,crop identity unconfirmed (products_sam generic produce defect dataset); not in carrot taxonomy,no,
train/013_png.rf.2b056cbe71bcb7d89bc7451591ae5ba8.jpg,scratch,crop identity unconfirmed (products_sam generic produce defect dataset); not in carrot taxonomy,no,
train/013_png.rf.32fd5b0acc367bb4194c1cc901d9815f.jpg,contamination,crop identity unconfirmed (products_sam generic produce defect dataset); not in carrot taxonomy,no,
train/013_png.rf.9e393f443ac60263c41e0e83e8619eb1.jpg,crack,crop identity unconfirmed (products_sam generic produce defect dataset); not in carrot taxonomy,no,
train/013_png.rf.eb44bc4e661550a50e0514cd9a8cb00a.jpg,faulty_imprint,crop identity unconfirmed (products_sam generic produce defect dataset); not in carrot taxonomy,no,
train/013_png.rf.ec9428b29f04e31cdcb09ff6d71b90b6.jpg,cut,crop identity unconfirmed (products_sam generic produce defect dataset); not in carrot taxonomy,no,
train/013_png.rf.ed9729f52139ba2f4da212406e775098.jpg,crack,crop identity unconfirmed (products_sam generic produce defect dataset); not in carrot taxonomy,no,
train/013_png.rf.f70232f8ced4bc7485aa8f2b2b4dc90a.jpg,squeeze,crop identity unconfirmed (products_sam generic produce defect dataset); not in carrot taxonomy,no,
train/014_png.rf.27a7d828b41a0cf483de91efa34ce82d.jpg,combined,crop identity unconfirmed (products_sam generic produce defect dataset); not in carrot taxonomy,no,
train/014_png.rf.2c81fc299d0bb4763c77a08e40fa7e34.jpg,poke,crop identity unconfirmed (products_sam generic produce defect dataset); not in carrot taxonomy,no,
train/014_png.rf.2db0445803bb4195710249816a309514.jpg,color,crop identity unconfirmed (products_sam generic produce defect dataset); not in carrot taxonomy,no,
train/014_png.rf.4fd10d74b098ad512d3cf11a421373c5.jpg,crack,crop identity unconfirmed (products_sam generic produce defect dataset); not in carrot taxonomy,no,
train/014_png.rf.5281dbea438544fa8c4e035f7f48fe9e.jpg,contamination,crop identity unconfirmed (products_sam generic produce defect dataset); not in carrot taxonomy,no,
train/014_png.rf.b38532d36313dba2eeb507f13f6402ce.jpg,scratch,crop identity unconfirmed (products_sam generic produce defect dataset); not in carrot taxonomy,no,
train/014_png.rf.bb77e38c965d3126f4c7ebf95d711327.jpg,print,crop identity unconfirmed (products_sam generic produce defect dataset); not in carrot taxonomy,no,
train/014_png.rf.ce1916dd482f2f39ba32226b8fda6803.jpg,faulty_imprint,crop identity unconfirmed (products_sam generic produce defect dataset); not in carrot taxonomy,no,
train/014_png.rf.cf0038373638b9fedf3442daec48b685.jpg,hole,crop identity unconfirmed (products_sam generic produce defect dataset); not in carrot taxonomy,no,
train/014_png.rf.d2511171cd82483e44cd1297e9aa5b75.jpg,squeeze,crop identity unconfirmed (products_sam generic produce defect dataset); not in carrot taxonomy,no,
train/014_png.rf.db3b9405575be6b11e0e26c686593840.jpg,scratch,crop identity unconfirmed (products_sam generic produce defect dataset); not in carrot taxonomy,no,
train/014_png.rf.ddf028a836ca0687a75f75191f81750d.jpg,cut,crop identity unconfirmed (products_sam generic produce defect dataset); not in carrot taxonomy,no,
train/014_png.rf.e99c9e24b1c698049832730519ff05be.jpg,faulty_imprint,crop identity unconfirmed (products_sam generic produce defect dataset); not in carrot taxonomy,no,
train/014_png.rf.fd95b56dafbed1802fb52141767fc9d9.jpg,crack,crop identity unconfirmed (products_sam generic produce defect dataset); not in carrot taxonomy,no,
train/015_png.rf.02fbdbe437547b8470829bc208d0ec80.jpg,color,crop identity unconfirmed (products_sam generic produce defect dataset); not in carrot taxonomy,no,
train/015_png.rf.193bc0aa1ded49df01936ca41fa52d5a.jpg,print,crop identity unconfirmed (products_sam generic produce defect dataset); not in carrot taxonomy,no,
train/015_png.rf.22507cd64fe8fc5e9d3018f8db1d7c66.jpg,faulty_imprint,crop identity unconfirmed (products_sam generic produce defect dataset); not in carrot taxonomy,no,
train/015_png.rf.631e1ac425b91ac0e0d8ca27637efd38.jpg,crack,crop identity unconfirmed (products_sam generic produce defect dataset); not in carrot taxonomy,no,
train/015_png.rf.9fd810453dffa3391330e66d89e1d6f7.jpg,poke,crop identity unconfirmed (products_sam generic produce defect dataset); not in carrot taxonomy,no,
train/015_png.rf.a5e12366f00beb6fe18a2f6d7af4a66d.jpg,cut,crop identity unconfirmed (products_sam generic produce defect dataset); not in carrot taxonomy,no,
train/015_png.rf.bcf6a459907c7633e13209e3d475893f.jpg,crack,crop identity unconfirmed (products_sam generic produce defect dataset); not in carrot taxonomy,no,
train/015_png.rf.cacceebfe1ea05170f044782306d1e2d.jpg,faulty_imprint,crop identity unconfirmed (products_sam generic produce defect dataset); not in carrot taxonomy,no,
train/015_png.rf.cec1fc8bbab3a8f8475b1e0671113e66.jpg,crack,crop identity unconfirmed (products_sam generic produce defect dataset); not in carrot taxonomy,no,
train/015_png.rf.dec42ca67ac4294af043baa08f9c95c4.jpg,squeeze,crop identity unconfirmed (products_sam generic produce defect dataset); not in carrot taxonomy,no,
train/015_png.rf.eafaef278820ee34117700200d017367.jpg,contamination,crop identity unconfirmed (products_sam generic produce defect dataset); not in carrot taxonomy,no,
train/015_png.rf.ee771a4902f30fd538e9a15ca4c24766.jpg,scratch,crop identity unconfirmed (products_sam generic produce defect dataset); not in carrot taxonomy,no,
train/015_png.rf.fa624e26dc458ec291385447e5cec392.jpg,scratch,crop identity unconfirmed (products_sam generic produce defect dataset); not in carrot taxonomy,no,
train/016_png.rf.0550cac33f7df81f0cf7f26fa0c6370e.jpg,faulty_imprint,crop identity unconfirmed (products_sam generic produce defect dataset); not in carrot taxonomy,no,
train/016_png.rf.1c313191856fde00812740768e2d8c5f.jpg,squeeze,crop identity unconfirmed (products_sam generic produce defect dataset); not in carrot taxonomy,no,
train/016_png.rf.202f5a35f0ac6fd862a81e52936edfc3.jpg,poke,crop identity unconfirmed (products_sam generic produce defect dataset); not in carrot taxonomy,no,
train/016_png.rf.2b2f10cb6ba3bc4648d9c7aaa77668b3.jpg,print,crop identity unconfirmed (products_sam generic produce defect dataset); not in carrot taxonomy,no,
train/016_png.rf.2c222dcb9620af7ff136b9ff5d482635.jpg,crack,crop identity unconfirmed (products_sam generic produce defect dataset); not in carrot taxonomy,no,
train/016_png.rf.397132b44ee3b90f9552db7a037d4e6f.jpg,crack,crop identity unconfirmed (products_sam generic produce defect dataset); not in carrot taxonomy,no,
train/016_png.rf.41202a8a42218992438d9f12ea090453.jpg,crack,crop identity unconfirmed (products_sam generic produce defect dataset); not in carrot taxonomy,no,
train/016_png.rf.582ed47d67d23bad9b5bffbb44f587a4.jpg,combined,crop identity unconfirmed (products_sam generic produce defect dataset); not in carrot taxonomy,no,
train/016_png.rf.632e4487979c829f1a8fef17d7912aa9.jpg,scratch,crop identity unconfirmed (products_sam generic produce defect dataset); not in carrot taxonomy,no,
train/016_png.rf.79c36df4bff71ed2c3d977bc18e0ab66.jpg,faulty_imprint,crop identity unconfirmed (products_sam generic produce defect dataset); not in carrot taxonomy,no,
train/016_png.rf.8107dc2c3a9318f193484064c404b31a.jpg,hole,crop identity unconfirmed (products_sam generic produce defect dataset); not in carrot taxonomy,no,
train/016_png.rf.c8f0f80d048e3db85aae40fc789e8946.jpg,color,crop identity unconfirmed (products_sam generic produce defect dataset); not in carrot taxonomy,no,
train/016_png.rf.cafddf11a18e14157de3ea210fa304d8.jpg,contamination,crop identity unconfirmed (products_sam generic produce defect dataset); not in carrot taxonomy,no,
train/017_png.rf.178d6a754a323fb97a61b61375604be7.jpg,scratch,crop identity unconfirmed (products_sam generic produce defect dataset); not in carrot taxonomy,no,
train/017_png.rf.1d13d8d510105521f58c5f2487ccfd14.jpg,faulty_imprint,crop identity unconfirmed (products_sam generic produce defect dataset); not in carrot taxonomy,no,
train/017_png.rf.4b80b8b282dcb9d689b608c62d41a54e.jpg,hole,crop identity unconfirmed (products_sam generic produce defect dataset); not in carrot taxonomy,no,
train/017_png.rf.660dad3d5db5ab2ea6d89ec76e47ebe9.jpg,crack,crop identity unconfirmed (products_sam generic produce defect dataset); not in carrot taxonomy,no,
train/017_png.rf.6975c710a6491113c54e45ff7c4e72d7.jpg,crack,crop identity unconfirmed (products_sam generic produce defect dataset); not in carrot taxonomy,no,
train/017_png.rf.6a376fd506f9f49093595fe7d30fb75a.jpg,faulty_imprint,crop identity unconfirmed (products_sam generic produce defect dataset); not in carrot taxonomy,no,
train/017_png.rf.cee7dd1c50b62dd22961c2408dcf3879.jpg,poke,crop identity unconfirmed (products_sam generic produce defect dataset); not in carrot taxonomy,no,
train/017_png.rf.d4920f64d71fd1082cc023b1c108db97.jpg,contamination,crop identity unconfirmed (products_sam generic produce defect dataset); not in carrot taxonomy,no,
train/017_png.rf.e99fcb844b47eb9c0f12e2ff67dae9d6.jpg,squeeze,crop identity unconfirmed (products_sam generic produce defect dataset); not in carrot taxonomy,no,
train/017_png.rf.ed2c5c2de810fbc69904e8af97c95ac9.jpg,scratch,crop identity unconfirmed (products_sam generic produce defect dataset); not in carrot taxonomy,no,
train/018_png.rf.25e0c9e515c16bd46732cf49ff893e77.jpg,poke,crop identity unconfirmed (products_sam generic produce defect dataset); not in carrot taxonomy,no,
train/018_png.rf.7c4fa6ebf5bce4b0b04bae79c02862a7.jpg,scratch,crop identity unconfirmed (products_sam generic produce defect dataset); not in carrot taxonomy,no,
train/018_png.rf.87ae698bcac96ddd55714a90f2e24178.jpg,faulty_imprint,crop identity unconfirmed (products_sam generic produce defect dataset); not in carrot taxonomy,no,
train/018_png.rf.9b01bd3d5bd2d5d76f4f8e6c085cbf65.jpg,crack,crop identity unconfirmed (products_sam generic produce defect dataset); not in carrot taxonomy,no,
train/018_png.rf.a875b2b9ccfb0c4bf97b9d8cf16a35b1.jpg,color,crop identity unconfirmed (products_sam generic produce defect dataset); not in carrot taxonomy,no,
train/018_png.rf.b1119219a685a01ebc61fbd149e873f7.jpg,scratch,crop identity unconfirmed (products_sam generic produce defect dataset); not in carrot taxonomy,no,
train/018_png.rf.b3421c2cdfc3f8c4f10d45bd18535b77.jpg,faulty_imprint,crop identity unconfirmed (products_sam generic produce defect dataset); not in carrot taxonomy,no,
train/018_png.rf.ee7867a6511e9c53ee59e001fe74267e.jpg,squeeze,crop identity unconfirmed (products_sam generic produce defect dataset); not in carrot taxonomy,no,
train/018_png.rf.fce3a5323b1a7ca8d4d39fd28aa43639.jpg,contamination,crop identity unconfirmed (products_sam generic produce defect dataset); not in carrot taxonomy,no,
train/019_png.rf.7eda32a03f441a958dd73e0293cb3589.jpg,faulty_imprint,crop identity unconfirmed (products_sam generic produce defect dataset); not in carrot taxonomy,no,
train/019_png.rf.aecb960609c9038a1cb919a35c90f0cb.jpg,crack,crop identity unconfirmed (products_sam generic produce defect dataset); not in carrot taxonomy,no,
train/019_png.rf.b9ceba1b735cfa073f5f84a980d3dfbf.jpg,squeeze,crop identity unconfirmed (products_sam generic produce defect dataset); not in carrot taxonomy,no,
train/019_png.rf.c93e4d5eba310b832cbadea6c00eb4df.jpg,color,crop identity unconfirmed (products_sam generic produce defect dataset); not in carrot taxonomy,no,
train/019_png.rf.cbf4b878987f20642a6b7c10d42b0800.jpg,poke,crop identity unconfirmed (products_sam generic produce defect dataset); not in carrot taxonomy,no,
train/020_png.rf.529f164f706c0777df322e16662b399d.jpg,crack,crop identity unconfirmed (products_sam generic produce defect dataset); not in carrot taxonomy,no,
train/020_png.rf.a274982120eae3ee4fabc7305e1ad4ac.jpg,scratch,crop identity unconfirmed (products_sam generic produce defect dataset); not in carrot taxonomy,no,
train/020_png.rf.c7b4ba1e9ed09ab0bdb38b6d049eb6d2.jpg,faulty_imprint,crop identity unconfirmed (products_sam generic produce defect dataset); not in carrot taxonomy,no,
train/020_png.rf.ccbb29fb691b4cb099b0498693a39bed.jpg,poke,crop identity unconfirmed (products_sam generic produce defect dataset); not in carrot taxonomy,no,
train/020_png.rf.d1196e7587acdaab937c1fcfc32148b7.jpg,scratch,crop identity unconfirmed (products_sam generic produce defect dataset); not in carrot taxonomy,no,
train/020_png.rf.e69fb2111dc718afbe2a0193a8a6dd81.jpg,contamination,crop identity unconfirmed (products_sam generic produce defect dataset); not in carrot taxonomy,no,
train/021_png.rf.3a3a9702481233af4a32c3ba4124c870.jpg,crack,crop identity unconfirmed (products_sam generic produce defect dataset); not in carrot taxonomy,no,
train/021_png.rf.4de5a4c91ef888191568043d688d34a8.jpg,crack,crop identity unconfirmed (products_sam generic produce defect dataset); not in carrot taxonomy,no,
train/021_png.rf.b5e32c54bb253ed580c40641e8f97cd1.jpg,scratch,crop identity unconfirmed (products_sam generic produce defect dataset); not in carrot taxonomy,no,
train/021_png.rf.c744db996560e6463528370fbc92e9d5.jpg,faulty_imprint,crop identity unconfirmed (products_sam generic produce defect dataset); not in carrot taxonomy,no,
train/021_png.rf.f2a9d75789c8fecf8f0f9b255e117501.jpg,color,crop identity unconfirmed (products_sam generic produce defect dataset); not in carrot taxonomy,no,
train/022_png.rf.83211d0d11f86f8ef9854ff394c1266c.jpg,scratch,crop identity unconfirmed (products_sam generic produce defect dataset); not in carrot taxonomy,no,
train/022_png.rf.85597ba0cedb4a5c519a6fa97ae5b934.jpg,color,crop identity unconfirmed (products_sam generic produce defect dataset); not in carrot taxonomy,no,
train/022_png.rf.dc63dbd1675617bb81f515f34439e42b.jpg,crack,crop identity unconfirmed (products_sam generic produce defect dataset); not in carrot taxonomy,no,
train/023_png.rf.0e3cb0c83ca82128b516541e5932403f.jpg,scratch,crop identity unconfirmed (products_sam generic produce defect dataset); not in carrot taxonomy,no,
train/023_png.rf.262e347103fa98bed1c0c338ea4b8225.jpg,crack,crop identity unconfirmed (products_sam generic produce defect dataset); not in carrot taxonomy,no,
train/023_png.rf.850b76e2fd1fd3743418fc80f52b9794.jpg,color,crop identity unconfirmed (products_sam generic produce defect dataset); not in carrot taxonomy,no,
train/024_png.rf.bb48f48ed4b5be8da9fc636f752562f0.jpg,color,crop identity unconfirmed (products_sam generic produce defect dataset); not in carrot taxonomy,no,
train/024_png.rf.e6b9df123f95ec938c62c838b9f91141.jpg,crack,crop identity unconfirmed (products_sam generic produce defect dataset); not in carrot taxonomy,no,
train/025_png.rf.4d0c0e6377f334cefab076f39dbbab60.jpg,crack,crop identity unconfirmed (products_sam generic produce defect dataset); not in carrot taxonomy,no,
train/16336421110_1aa2eb9a6b_m_jpg.rf.d5f9945f93b422364ad994d08ff36102.jpg,mold-bread,crop identity unconfirmed (products_sam generic produce defect dataset); not in carrot taxonomy,no,
train/240_F_452287895_rgQufQ0fYFijPip6o3RjOQczY8jguAYL_jpg.rf.798eca1abbee869ab7df9b49c4f63d1f.jpg,mold-bread,crop identity unconfirmed (products_sam generic produce defect dataset); not in carrot taxonomy,no,
train/28_jpg.rf.8532e8e1a5637861a4ec45a99373cd78.jpg,mold-bread,crop identity unconfirmed (products_sam generic produce defect dataset); not in carrot taxonomy,no,
train/35_jpg.rf.bc12efbb111d9e9a42232392497e1ab0.jpg,mold-bread,crop identity unconfirmed (products_sam generic produce defect dataset); not in carrot taxonomy,no,
train/36_jpg.rf.71cd9823678e675a98e4dcba293beb2d.jpg,mold-bread,crop identity unconfirmed (products_sam generic produce defect dataset); not in carrot taxonomy,no,
train/45_jpg.rf.db8bdb4b55f9c14710bd30dfde1b1642.jpg,mold-bread,crop identity unconfirmed (products_sam generic produce defect dataset); not in carrot taxonomy,no,
train/48_jpg.rf.e6ecac2367db606a51e102ae241185bd.jpg,mold-bread,crop identity unconfirmed (products_sam generic produce defect dataset); not in carrot taxonomy,no,
train/9_jpg.rf.d3049e8d47475e28a3dc0e8a2b61d661.jpg,mold-bread,crop identity unconfirmed (products_sam generic produce defect dataset); not in carrot taxonomy,no,
train/DSCN4595_JPG.rf.214b1de76a218cb5b2b07ab0e2620024.jpg,anthracnose,crop identity unconfirmed (products_sam generic produce defect dataset); not in carrot taxonomy,no,
train/DSCN4596_JPG.rf.869f9320b1502389d5fee1932c469832.jpg,anthracnose,crop identity unconfirmed (products_sam generic produce defect dataset); not in carrot taxonomy,no,
train/DSCN4597_JPG.rf.78723f12cc0535af0fd6996ab9efe81e.jpg,anthracnose,crop identity unconfirmed (products_sam generic produce defect dataset); not in carrot taxonomy,no,
train/DSCN4599_JPG.rf.f4e286af690355e7389e50233230e0d4.jpg,anthracnose,crop identity unconfirmed (products_sam generic produce defect dataset); not in carrot taxonomy,no,
train/DSCN4600_JPG.rf.3680d25124c582cac0d8c380378017a4.jpg,anthracnose,crop identity unconfirmed (products_sam generic produce defect dataset); not in carrot taxonomy,no,
train/DSCN4601_JPG.rf.d80414bc853c565a02b64866c67c079e.jpg,anthracnose,crop identity unconfirmed (products_sam generic produce defect dataset); not in carrot taxonomy,no,
train/DSCN4602_JPG.rf.a94b68a1d851040f7aa0fecd68566038.jpg,anthracnose,crop identity unconfirmed (products_sam generic produce defect dataset); not in carrot taxonomy,no,
train/DSCN4604_JPG.rf.b681dceb50f84b2b3386667b46dec30c.jpg,anthracnose,crop identity unconfirmed (products_sam generic produce defect dataset); not in carrot taxonomy,no,
train/DSCN4607_JPG.rf.8d08c5f91a9ac504cd6696e6c8cb6b1b.jpg,anthracnose,crop identity unconfirmed (products_sam generic produce defect dataset); not in carrot taxonomy,no,
train/DSCN4609_JPG.rf.497463cd7ff6f96e4796598f4110c15e.jpg,anthracnose,crop identity unconfirmed (products_sam generic produce defect dataset); not in carrot taxonomy,no,
train/DSCN4610_JPG.rf.b2ede6dfbf71f0a466a3eb33ecf49ef5.jpg,anthracnose,crop identity unconfirmed (products_sam generic produce defect dataset); not in carrot taxonomy,no,
train/DSCN5211_JPG.rf.95ade099f1a2a38914f38c3f5dedb23a.jpg,anthracnose,crop identity unconfirmed (products_sam generic produce defect dataset); not in carrot taxonomy,no,
train/DSCN5333_JPG.rf.b23a1ebc91bc6b75c493ee4125f57c15.jpg,anthracnose,crop identity unconfirmed (products_sam generic produce defect dataset); not in carrot taxonomy,no,
train/DSCN5336_JPG.rf.471220367ece20a933304625b295d28a.jpg,anthracnose,crop identity unconfirmed (products_sam generic produce defect dataset); not in carrot taxonomy,no,
train/DSCN9554_JPG.rf.9817215c1567132f5e09b322ce9d312c.jpg,anthracnose,crop identity unconfirmed (products_sam generic produce defect dataset); not in carrot taxonomy,no,
train/DSC_0240_JPG.rf.8ab0c2ac10acef5d1684b9762e80d712.jpg,anthracnose,crop identity unconfirmed (products_sam generic produce defect dataset); not in carrot taxonomy,no,
train/DSC_0241_JPG.rf.5d54d8d3791878e2cdc0931ea17b8ce6.jpg,anthracnose,crop identity unconfirmed (products_sam generic produce defect dataset); not in carrot taxonomy,no,
train/DSC_0251_JPG.rf.9e4506b6d2e704c3e5888cfef6d4a6a8.jpg,anthracnose,crop identity unconfirmed (products_sam generic produce defect dataset); not in carrot taxonomy,no,
train/DSC_0252_JPG.rf.2cd626b0f2be882bc6a37fa5d03371e1.jpg,anthracnose,crop identity unconfirmed (products_sam generic produce defect dataset); not in carrot taxonomy,no,
train/IMG_0639_JPG.rf.03d3a81c2141401d48adc4febb9e30f4.jpg,anthracnose,crop identity unconfirmed (products_sam generic produce defect dataset); not in carrot taxonomy,no,
train/IMG_0919_JPG.rf.fbf1e525e4fdcd7b0d480bb97064bf30.jpg,anthracnose,crop identity unconfirmed (products_sam generic produce defect dataset); not in carrot taxonomy,no,
train/IMG_0920_JPG.rf.c26ae01825489a405486cd278f27f25b.jpg,anthracnose,crop identity unconfirmed (products_sam generic produce defect dataset); not in carrot taxonomy,no,
train/IMG_0921_JPG.rf.8ac1a2e422a520342c5eb7f7dfcd3902.jpg,anthracnose,crop identity unconfirmed (products_sam generic produce defect dataset); not in carrot taxonomy,no,
train/IMG_0922_JPG.rf.7dba066f1646720cf7ec33cc9a73cd20.jpg,anthracnose,crop identity unconfirmed (products_sam generic produce defect dataset); not in carrot taxonomy,no,
train/IMG_0925_JPG.rf.53ba14cf76eb6322c58bae2ef6de05d6.jpg,anthracnose,crop identity unconfirmed (products_sam generic produce defect dataset); not in carrot taxonomy,no,
train/IMG_0927_JPG.rf.9db57260bd3e1bb72aa7d92e75616459.jpg,anthracnose,crop identity unconfirmed (products_sam generic produce defect dataset); not in carrot taxonomy,no,
train/IMG_0929_JPG.rf.ca8223362d3de056bc8345afed172bae.jpg,anthracnose,crop identity unconfirmed (products_sam generic produce defect dataset); not in carrot taxonomy,no,
train/IMG_0931_JPG.rf.6aabcfc2ab346bb88fc1c2b8621508a7.jpg,anthracnose,crop identity unconfirmed (products_sam generic produce defect dataset); not in carrot taxonomy,no,
train/IMG_0934_JPG.rf.d378b3184222cf35bd07a917ee252cdb.jpg,anthracnose,crop identity unconfirmed (products_sam generic produce defect dataset); not in carrot taxonomy,no,
train/IMG_0936_JPG.rf.7d0ea33b757cb2f391f2c2b9de5409f9.jpg,anthracnose,crop identity unconfirmed (products_sam generic produce defect dataset); not in carrot taxonomy,no,
train/IMG_0939_JPG.rf.70fb6a163582754eb3484ed0ca0e4382.jpg,anthracnose,crop identity unconfirmed (products_sam generic produce defect dataset); not in carrot taxonomy,no,
train/IMG_0946_JPG.rf.04ca4ae7347aa2760d262fd5096406e1.jpg,anthracnose,crop identity unconfirmed (products_sam generic produce defect dataset); not in carrot taxonomy,no,
train/IMG_0949_JPG.rf.f47fc65430a6fe9a1e8b9171c1c8c8b7.jpg,anthracnose,crop identity unconfirmed (products_sam generic produce defect dataset); not in carrot taxonomy,no,
train/IMG_0955_JPG.rf.05a9ca0c713144326da8a80ff50dd8a5.jpg,anthracnose,crop identity unconfirmed (products_sam generic produce defect dataset); not in carrot taxonomy,no,
train/IMG_1016_JPG.rf.0e7b622406bf72dbe31b77127c562382.jpg,anthracnose,crop identity unconfirmed (products_sam generic produce defect dataset); not in carrot taxonomy,no,
train/IMG_1252_JPG.rf.23200738f4a0f7e8f7bc52b58e0061ca.jpg,anthracnose,crop identity unconfirmed (products_sam generic produce defect dataset); not in carrot taxonomy,no,
train/IMG_1253_JPG.rf.3c0ab975cae63e067c56cd517801a06d.jpg,anthracnose,crop identity unconfirmed (products_sam generic produce defect dataset); not in carrot taxonomy,no,
train/IMG_1255_JPG.rf.555e7ae77fdd40117ea8e5ffeda9f706.jpg,anthracnose,crop identity unconfirmed (products_sam generic produce defect dataset); not in carrot taxonomy,no,
train/IMG_1256_JPG.rf.065c7e1c73eb9886b46955b80657dbb0.jpg,anthracnose,crop identity unconfirmed (products_sam generic produce defect dataset); not in carrot taxonomy,no,
train/IMG_1271_JPG.rf.464905af21b9d4baa54146395f8f633f.jpg,anthracnose,crop identity unconfirmed (products_sam generic produce defect dataset); not in carrot taxonomy,no,
train/IMG_1272_JPG.rf.dd9db47c27568e1a85fde26e7b8afa17.jpg,anthracnose,crop identity unconfirmed (products_sam generic produce defect dataset); not in carrot taxonomy,no,
train/IMG_1275_JPG.rf.115e017e46b839e186c3b6637b2edd32.jpg,anthracnose,crop identity unconfirmed (products_sam generic produce defect dataset); not in carrot taxonomy,no,
train/IMG_1280_JPG.rf.cc6975ba77fc0c9bda05f0517942cdd6.jpg,anthracnose,crop identity unconfirmed (products_sam generic produce defect dataset); not in carrot taxonomy,no,
train/IMG_1281_JPG.rf.bdb7b9ac4622139905d6aacf812e1829.jpg,anthracnose,crop identity unconfirmed (products_sam generic produce defect dataset); not in carrot taxonomy,no,
train/IMG_1287_JPG.rf.c7535db12c153579de668461ff79fd51.jpg,anthracnose,crop identity unconfirmed (products_sam generic produce defect dataset); not in carrot taxonomy,no,
train/IMG_1296_JPG.rf.412090603af3199217eefd2cd907dd4e.jpg,anthracnose,crop identity unconfirmed (products_sam generic produce defect dataset); not in carrot taxonomy,no,
train/IMG_1446_JPG.rf.3c19237c83df0bbae63bd232b58a61f1.jpg,anthracnose,crop identity unconfirmed (products_sam generic produce defect dataset); not in carrot taxonomy,no,
train/IMG_1447_JPG.rf.bda1a1b6e2a25d84e936a46b580b67b4.jpg,anthracnose,crop identity unconfirmed (products_sam generic produce defect dataset); not in carrot taxonomy,no,
train/IMG_1454_JPG.rf.ff972e63da0b0145c208a63ee5fd1c7f.jpg,anthracnose,crop identity unconfirmed (products_sam generic produce defect dataset); not in carrot taxonomy,no,
train/IMG_1458_JPG.rf.f26f278bb123393745ee2e8ca5e8ed62.jpg,anthracnose,crop identity unconfirmed (products_sam generic produce defect dataset); not in carrot taxonomy,no,
train/IMG_1461_JPG.rf.33d1ef176b9903a79c600db81e064204.jpg,anthracnose,crop identity unconfirmed (products_sam generic produce defect dataset); not in carrot taxonomy,no,
train/IMG_1474_JPG.rf.7e7f9c308f2f2834106a18df6c749715.jpg,anthracnose,crop identity unconfirmed (products_sam generic produce defect dataset); not in carrot taxonomy,no,
train/IMG_1477_JPG.rf.054e6bd9821b78465c9024c3ae47310a.jpg,anthracnose,crop identity unconfirmed (products_sam generic produce defect dataset); not in carrot taxonomy,no,
train/IMG_1482_JPG.rf.9b9a36b733584141db0515341b45f2f9.jpg,anthracnose,crop identity unconfirmed (products_sam generic produce defect dataset); not in carrot taxonomy,no,
train/IMG_1504_JPG.rf.218ebc89d032cafe24f10f14d0d11f86.jpg,anthracnose,crop identity unconfirmed (products_sam generic produce defect dataset); not in carrot taxonomy,no,
train/IMG_1509_JPG.rf.4138f4d8e3017e34c2360d689b21a9b0.jpg,anthracnose,crop identity unconfirmed (products_sam generic produce defect dataset); not in carrot taxonomy,no,
train/IMG_3304_JPG.rf.22cdbfec10b43e3e59e3e3222bdc20bf.jpg,anthracnose,crop identity unconfirmed (products_sam generic produce defect dataset); not in carrot taxonomy,no,
train/IMG_6427_JPG.rf.790246be096ace261c42be0d680a6de7.jpg,anthracnose,crop identity unconfirmed (products_sam generic produce defect dataset); not in carrot taxonomy,no,
train/IMG_6429_JPG.rf.2e8012927f62e5b5756300b22b2dc4ed.jpg,anthracnose,crop identity unconfirmed (products_sam generic produce defect dataset); not in carrot taxonomy,no,
train/IMG_6567_JPG.rf.2dd896cc6129caf32c2394f57232c849.jpg,anthracnose,crop identity unconfirmed (products_sam generic produce defect dataset); not in carrot taxonomy,no,
train/IMG_6600_JPG.rf.155bf5116de782f7f23ed9c433e96d19.jpg,anthracnose,crop identity unconfirmed (products_sam generic produce defect dataset); not in carrot taxonomy,no,
train/IMG_6602_JPG.rf.cd03843c33fe088ec41efac9045a6b07.jpg,anthracnose,crop identity unconfirmed (products_sam generic produce defect dataset); not in carrot taxonomy,no,
train/IMG_6605_JPG.rf.51859ae9f00cb65a70619e32360790a3.jpg,anthracnose,crop identity unconfirmed (products_sam generic produce defect dataset); not in carrot taxonomy,no,
train/IMG_6668_JPG.rf.7d4f8dd2b4f813ab855943ecd61a548b.jpg,anthracnose,crop identity unconfirmed (products_sam generic produce defect dataset); not in carrot taxonomy,no,
train/IMG_6673_JPG.rf.4ba07ab8fb0dd5699733c0a56cfb51e9.jpg,anthracnose,crop identity unconfirmed (products_sam generic produce defect dataset); not in carrot taxonomy,no,
train/Screenshot-2023-10-03-123332_png_jpg.rf.94d428ccd344608ceebdab79c00c4a77.jpg,mold-bread,crop identity unconfirmed (products_sam generic produce defect dataset); not in carrot taxonomy,no,
train/Screenshot-2023-10-03-125211_png_jpg.rf.faf002f876905e63b6928a3411fcbab6.jpg,mold-bread,crop identity unconfirmed (products_sam generic produce defect dataset); not in carrot taxonomy,no,
train/anthracnose_fruit_rot100_jpg.rf.9a8e4bdc06fd03ed7b4b22c2514e9d33.jpg,anthracnose_fruit_rot,crop identity unconfirmed (products_sam generic produce defect dataset); not in carrot taxonomy,no,
train/anthracnose_fruit_rot101_jpg.rf.36f95d9f3b68173a7612acd449077ace.jpg,anthracnose_fruit_rot,crop identity unconfirmed (products_sam generic produce defect dataset); not in carrot taxonomy,no,
train/anthracnose_fruit_rot102_jpg.rf.0e528be2354cdcdd7b6f5cf2adee6ffc.jpg,anthracnose_fruit_rot,crop identity unconfirmed (products_sam generic produce defect dataset); not in carrot taxonomy,no,
train/anthracnose_fruit_rot103_jpg.rf.a80e86e69ea2ca8334d29c733e39b6d3.jpg,anthracnose_fruit_rot,crop identity unconfirmed (products_sam generic produce defect dataset); not in carrot taxonomy,no,
train/anthracnose_fruit_rot105_jpg.rf.cce2fdc30ff85244bb147c67999bb217.jpg,anthracnose_fruit_rot,crop identity unconfirmed (products_sam generic produce defect dataset); not in carrot taxonomy,no,
train/anthracnose_fruit_rot106_jpg.rf.f913098539c515bdb6b51a77b5f6cd08.jpg,anthracnose_fruit_rot,crop identity unconfirmed (products_sam generic produce defect dataset); not in carrot taxonomy,no,
train/anthracnose_fruit_rot107_jpg.rf.415da3da34a7ec115f297651d23f8d5f.jpg,anthracnose,crop identity unconfirmed (products_sam generic produce defect dataset); not in carrot taxonomy,no,
train/anthracnose_fruit_rot108_jpg.rf.b0f70d2751915733fbb00b403937fefb.jpg,anthracnose_fruit_rot,crop identity unconfirmed (products_sam generic produce defect dataset); not in carrot taxonomy,no,
train/anthracnose_fruit_rot109_jpg.rf.5deec2d8175fb8d2e8d29affd5f93632.jpg,anthracnose_fruit_rot,crop identity unconfirmed (products_sam generic produce defect dataset); not in carrot taxonomy,no,
train/anthracnose_fruit_rot110_jpg.rf.10913f382d075f62ceaa91aa6f20075e.jpg,anthracnose_fruit_rot,crop identity unconfirmed (products_sam generic produce defect dataset); not in carrot taxonomy,no,
train/anthracnose_fruit_rot111_jpg.rf.f7a8bdc01b79d1733db0431ed97aee61.jpg,anthracnose_fruit_rot,crop identity unconfirmed (products_sam generic produce defect dataset); not in carrot taxonomy,no,
train/anthracnose_fruit_rot11_jpg.rf.817db0d1ae9b725349cc87ab401914c3.jpg,anthracnose_fruit_rot,crop identity unconfirmed (products_sam generic produce defect dataset); not in carrot taxonomy,no,
train/anthracnose_fruit_rot12_jpg.rf.d0bb71d855d7797b4abe49e989419911.jpg,anthracnose_fruit_rot,crop identity unconfirmed (products_sam generic produce defect dataset); not in carrot taxonomy,no,
train/anthracnose_fruit_rot13_jpg.rf.c543b59c700b2a55a4c7741391ba92a2.jpg,anthracnose_fruit_rot,crop identity unconfirmed (products_sam generic produce defect dataset); not in carrot taxonomy,no,
train/anthracnose_fruit_rot14_jpg.rf.b7d9ebdbe00c93ea54f9e482bb04a814.jpg,anthracnose_fruit_rot,crop identity unconfirmed (products_sam generic produce defect dataset); not in carrot taxonomy,no,
train/anthracnose_fruit_rot16_jpg.rf.5b6725d22ef3d7e0f9fbf02f869aba9c.jpg,anthracnose_fruit_rot,crop identity unconfirmed (products_sam generic produce defect dataset); not in carrot taxonomy,no,
train/anthracnose_fruit_rot17_jpg.rf.524b5439b5387f556959be13f46afdc6.jpg,anthracnose_fruit_rot,crop identity unconfirmed (products_sam generic produce defect dataset); not in carrot taxonomy,no,
train/anthracnose_fruit_rot1_jpg.rf.2d45231dbb620d6816632cc1eb27de8b.jpg,anthracnose_fruit_rot,crop identity unconfirmed (products_sam generic produce defect dataset); not in carrot taxonomy,no,
train/anthracnose_fruit_rot20_jpg.rf.017254118dff2f6e0562209ed1cd2304.jpg,anthracnose_fruit_rot,crop identity unconfirmed (products_sam generic produce defect dataset); not in carrot taxonomy,no,
train/anthracnose_fruit_rot22_jpg.rf.fb93ba7bf5e5d2e7b8c244b6e569a250.jpg,anthracnose_fruit_rot,crop identity unconfirmed (products_sam generic produce defect dataset); not in carrot taxonomy,no,
train/anthracnose_fruit_rot23_jpg.rf.c97e3adf3215960545bfe50f815baf15.jpg,anthracnose_fruit_rot,crop identity unconfirmed (products_sam generic produce defect dataset); not in carrot taxonomy,no,
train/anthracnose_fruit_rot26_jpg.rf.35652ad01e6eba3a4c381cc1b77d972b.jpg,anthracnose_fruit_rot,crop identity unconfirmed (products_sam generic produce defect dataset); not in carrot taxonomy,no,
train/anthracnose_fruit_rot29_jpg.rf.6e36323488822d4b9806c4146c59f848.jpg,anthracnose_fruit_rot,crop identity unconfirmed (products_sam generic produce defect dataset); not in carrot taxonomy,no,
train/anthracnose_fruit_rot2_jpg.rf.974da52f1013345233610dcea34fca1a.jpg,anthracnose_fruit_rot,crop identity unconfirmed (products_sam generic produce defect dataset); not in carrot taxonomy,no,
train/anthracnose_fruit_rot31_jpg.rf.8e18bc4ac97a652a33d449616cbfc199.jpg,anthracnose_fruit_rot,crop identity unconfirmed (products_sam generic produce defect dataset); not in carrot taxonomy,no,
train/anthracnose_fruit_rot32_jpg.rf.0351d079e8c49171322ab7c424fdd683.jpg,anthracnose_fruit_rot,crop identity unconfirmed (products_sam generic produce defect dataset); not in carrot taxonomy,no,
train/anthracnose_fruit_rot33_jpg.rf.8462eb8e7475d4b162712426fe1f1c8d.jpg,anthracnose_fruit_rot,crop identity unconfirmed (products_sam generic produce defect dataset); not in carrot taxonomy,no,
train/anthracnose_fruit_rot35_jpg.rf.476513ddcc91bf237767f65e18b1124e.jpg,anthracnose_fruit_rot,crop identity unconfirmed (products_sam generic produce defect dataset); not in carrot taxonomy,no,
train/anthracnose_fruit_rot36_jpg.rf.db3a3337c8314ebab7e6b778257d5709.jpg,anthracnose_fruit_rot,crop identity unconfirmed (products_sam generic produce defect dataset); not in carrot taxonomy,no,
train/anthracnose_fruit_rot37_jpg.rf.52b85ef65fe65e3f9b6e48d7e78694cb.jpg,anthracnose_fruit_rot,crop identity unconfirmed (products_sam generic produce defect dataset); not in carrot taxonomy,no,
train/anthracnose_fruit_rot39_jpg.rf.15b7fd0fcd664179ee5c68f55cf454d6.jpg,anthracnose_fruit_rot,crop identity unconfirmed (products_sam generic produce defect dataset); not in carrot taxonomy,no,
train/anthracnose_fruit_rot3_jpg.rf.7d92b9eda6ea276970772e05c4fe1ffc.jpg,anthracnose_fruit_rot,crop identity unconfirmed (products_sam generic produce defect dataset); not in carrot taxonomy,no,
train/anthracnose_fruit_rot40_jpg.rf.03fe831dc331c22a81634e613c6e8272.jpg,anthracnose_fruit_rot,crop identity unconfirmed (products_sam generic produce defect dataset); not in carrot taxonomy,no,
train/anthracnose_fruit_rot42_jpg.rf.aaedd4a0929fa41dc0127fa1e024bec0.jpg,anthracnose_fruit_rot,crop identity unconfirmed (products_sam generic produce defect dataset); not in carrot taxonomy,no,
train/anthracnose_fruit_rot43_jpg.rf.9ecd42b6c8c284b676ff58325e68da26.jpg,anthracnose_fruit_rot,crop identity unconfirmed (products_sam generic produce defect dataset); not in carrot taxonomy,no,
train/anthracnose_fruit_rot46_jpg.rf.beae3cdf7a82ea243ebae07012b5ba95.jpg,anthracnose_fruit_rot,crop identity unconfirmed (products_sam generic produce defect dataset); not in carrot taxonomy,no,
train/anthracnose_fruit_rot47_jpg.rf.f592a0c663f98bd7704ff8a3852854ed.jpg,anthracnose_fruit_rot,crop identity unconfirmed (products_sam generic produce defect dataset); not in carrot taxonomy,no,
train/anthracnose_fruit_rot48_jpg.rf.0358073fe95a00b252e023ab366371c0.jpg,anthracnose_fruit_rot,crop identity unconfirmed (products_sam generic produce defect dataset); not in carrot taxonomy,no,
train/anthracnose_fruit_rot49_jpg.rf.5731f0954753eb0131255265d50fd225.jpg,anthracnose_fruit_rot,crop identity unconfirmed (products_sam generic produce defect dataset); not in carrot taxonomy,no,
train/anthracnose_fruit_rot4_jpg.rf.0924f6b0ea241220728b783e54a04ea1.jpg,anthracnose_fruit_rot,crop identity unconfirmed (products_sam generic produce defect dataset); not in carrot taxonomy,no,
train/anthracnose_fruit_rot50_jpg.rf.83d2ae1e9c7df6a544f87d6f677859d0.jpg,anthracnose_fruit_rot,crop identity unconfirmed (products_sam generic produce defect dataset); not in carrot taxonomy,no,
train/anthracnose_fruit_rot51_jpg.rf.6660597b36d87a12ec5f39e405be92b4.jpg,anthracnose_fruit_rot,crop identity unconfirmed (products_sam generic produce defect dataset); not in carrot taxonomy,no,
train/anthracnose_fruit_rot53_jpg.rf.d445657b390a9de4eb60dd80de56b00a.jpg,anthracnose_fruit_rot,crop identity unconfirmed (products_sam generic produce defect dataset); not in carrot taxonomy,no,
train/anthracnose_fruit_rot54_jpg.rf.425d14805629c0fb09e9c5f15c01c570.jpg,anthracnose_fruit_rot,crop identity unconfirmed (products_sam generic produce defect dataset); not in carrot taxonomy,no,
train/anthracnose_fruit_rot55_jpg.rf.1dc85c58ef7d4774b9b0b629e5bb03aa.jpg,anthracnose_fruit_rot,crop identity unconfirmed (products_sam generic produce defect dataset); not in carrot taxonomy,no,
train/anthracnose_fruit_rot56_jpg.rf.dd70b0bb4876f9b5817bbbd8736fd3a7.jpg,anthracnose_fruit_rot,crop identity unconfirmed (products_sam generic produce defect dataset); not in carrot taxonomy,no,
train/anthracnose_fruit_rot57_jpg.rf.e069b789e7e2ff7e38558534ad639550.jpg,anthracnose_fruit_rot,crop identity unconfirmed (products_sam generic produce defect dataset); not in carrot taxonomy,no,
train/anthracnose_fruit_rot5_jpg.rf.2be294492f492dd01eecaefcdde69cc7.jpg,anthracnose_fruit_rot,crop identity unconfirmed (products_sam generic produce defect dataset); not in carrot taxonomy,no,
train/anthracnose_fruit_rot60_jpg.rf.1d55047ef3a53ab31b05ed56cab6f38b.jpg,anthracnose_fruit_rot,crop identity unconfirmed (products_sam generic produce defect dataset); not in carrot taxonomy,no,
train/anthracnose_fruit_rot62_jpg.rf.046acee699a067894756a086f776befd.jpg,anthracnose_fruit_rot,crop identity unconfirmed (products_sam generic produce defect dataset); not in carrot taxonomy,no,
train/anthracnose_fruit_rot65_jpg.rf.2175b0f03aaf139e831713f8ec10b386.jpg,anthracnose_fruit_rot,crop identity unconfirmed (products_sam generic produce defect dataset); not in carrot taxonomy,no,
train/anthracnose_fruit_rot67_jpg.rf.73cc95533dabfd75616f0b46fadd1b66.jpg,anthracnose_fruit_rot,crop identity unconfirmed (products_sam generic produce defect dataset); not in carrot taxonomy,no,
train/anthracnose_fruit_rot68_jpg.rf.241f40aec249eb832b6d13955516a453.jpg,anthracnose_fruit_rot,crop identity unconfirmed (products_sam generic produce defect dataset); not in carrot taxonomy,no,
train/anthracnose_fruit_rot69_jpg.rf.bd158e31136495967bc1f5edd9d2c0a0.jpg,anthracnose_fruit_rot,crop identity unconfirmed (products_sam generic produce defect dataset); not in carrot taxonomy,no,
train/anthracnose_fruit_rot6_jpg.rf.8156cc8d4c2c2747ee11eec0258397df.jpg,anthracnose_fruit_rot,crop identity unconfirmed (products_sam generic produce defect dataset); not in carrot taxonomy,no,
train/anthracnose_fruit_rot70_jpg.rf.3909f45cc78951009c49646f6615ba2b.jpg,anthracnose_fruit_rot,crop identity unconfirmed (products_sam generic produce defect dataset); not in carrot taxonomy,no,
train/anthracnose_fruit_rot71_jpg.rf.8e0223adc2e2e774edeb065c72941e63.jpg,anthracnose_fruit_rot,crop identity unconfirmed (products_sam generic produce defect dataset); not in carrot taxonomy,no,
train/anthracnose_fruit_rot72_jpg.rf.ca0e488a19df879857bdb04b72f456e4.jpg,anthracnose_fruit_rot,crop identity unconfirmed (products_sam generic produce defect dataset); not in carrot taxonomy,no,
train/anthracnose_fruit_rot73_jpg.rf.66847b44238a32f3aa890fd6b3350df6.jpg,anthracnose_fruit_rot,crop identity unconfirmed (products_sam generic produce defect dataset); not in carrot taxonomy,no,
train/anthracnose_fruit_rot75_jpg.rf.851ed279194b018f1de638946342be2f.jpg,anthracnose_fruit_rot,crop identity unconfirmed (products_sam generic produce defect dataset); not in carrot taxonomy,no,
train/anthracnose_fruit_rot76_jpg.rf.d14df93b5f8e45375da6d776f59f0a56.jpg,anthracnose_fruit_rot,crop identity unconfirmed (products_sam generic produce defect dataset); not in carrot taxonomy,no,
train/anthracnose_fruit_rot78_jpg.rf.08106c0eb98c14a880c54175c47501af.jpg,anthracnose_fruit_rot,crop identity unconfirmed (products_sam generic produce defect dataset); not in carrot taxonomy,no,
train/anthracnose_fruit_rot79_jpg.rf.fd7186f390c228933a0ac9a4815a99b3.jpg,anthracnose_fruit_rot,crop identity unconfirmed (products_sam generic produce defect dataset); not in carrot taxonomy,no,
train/anthracnose_fruit_rot80_jpg.rf.bcb24fc5b2cb4ad249eeb111764bd694.jpg,anthracnose_fruit_rot,crop identity unconfirmed (products_sam generic produce defect dataset); not in carrot taxonomy,no,
train/anthracnose_fruit_rot84_jpg.rf.fb8806d5794d7466f1c8df940413e9ca.jpg,anthracnose_fruit_rot,crop identity unconfirmed (products_sam generic produce defect dataset); not in carrot taxonomy,no,
train/anthracnose_fruit_rot85_jpg.rf.ad971d157b3b4725f5bf78a34eccc9c5.jpg,anthracnose_fruit_rot,crop identity unconfirmed (products_sam generic produce defect dataset); not in carrot taxonomy,no,
train/anthracnose_fruit_rot86_jpg.rf.e29599288b61460731d513a60e30aa9d.jpg,anthracnose_fruit_rot,crop identity unconfirmed (products_sam generic produce defect dataset); not in carrot taxonomy,no,
train/anthracnose_fruit_rot87_jpg.rf.f8b6ca3308e66d7331adaef29515d48a.jpg,anthracnose_fruit_rot,crop identity unconfirmed (products_sam generic produce defect dataset); not in carrot taxonomy,no,
train/anthracnose_fruit_rot88_jpg.rf.c0def3efc3dc3fc3609b05013f02df43.jpg,anthracnose_fruit_rot,crop identity unconfirmed (products_sam generic produce defect dataset); not in carrot taxonomy,no,
train/anthracnose_fruit_rot89_jpg.rf.600374d8c18efb03fb291ce740516638.jpg,anthracnose_fruit_rot,crop identity unconfirmed (products_sam generic produce defect dataset); not in carrot taxonomy,no,
train/anthracnose_fruit_rot90_jpg.rf.d8176be55073ebafbbf7ee84f72ea0ec.jpg,anthracnose_fruit_rot,crop identity unconfirmed (products_sam generic produce defect dataset); not in carrot taxonomy,no,
train/anthracnose_fruit_rot91_jpg.rf.2ae6915e622534a3ba44662ff7758d07.jpg,anthracnose_fruit_rot,crop identity unconfirmed (products_sam generic produce defect dataset); not in carrot taxonomy,no,
train/anthracnose_fruit_rot92_jpg.rf.0959e49ef54d7cdf4bd515bf3d9b3f26.jpg,anthracnose_fruit_rot,crop identity unconfirmed (products_sam generic produce defect dataset); not in carrot taxonomy,no,
train/anthracnose_fruit_rot93_jpg.rf.7919182979921c8321b71ba067ed80fb.jpg,anthracnose_fruit_rot,crop identity unconfirmed (products_sam generic produce defect dataset); not in carrot taxonomy,no,
train/anthracnose_fruit_rot94_jpg.rf.95d05a9db91efc16963913cfb38e51c0.jpg,anthracnose_fruit_rot,crop identity unconfirmed (products_sam generic produce defect dataset); not in carrot taxonomy,no,
train/anthracnose_fruit_rot95_jpg.rf.f2875ea304e5b052ce32aac9a1abb12c.jpg,anthracnose_fruit_rot,crop identity unconfirmed (products_sam generic produce defect dataset); not in carrot taxonomy,no,
train/anthracnose_fruit_rot96_jpg.rf.d73989e21d93262e977571c6e07684e3.jpg,anthracnose_fruit_rot,crop identity unconfirmed (products_sam generic produce defect dataset); not in carrot taxonomy,no,
train/anthracnose_fruit_rot98_jpg.rf.6af30dc64d38583d3881326757306153.jpg,anthracnose_fruit_rot,crop identity unconfirmed (products_sam generic produce defect dataset); not in carrot taxonomy,no,
train/g1-1024-_JPG_jpg.rf.5ee0a31f8aeefff52080a54cd80155e2.jpg,leaf scorch,crop identity unconfirmed (products_sam generic produce defect dataset); not in carrot taxonomy,no,
train/g1-1030-_JPG_jpg.rf.e1a263d2c56734d5dc7047f0917c3757.jpg,leaf scorch,crop identity unconfirmed (products_sam generic produce defect dataset); not in carrot taxonomy,no,
train/g1-1057-_JPG_jpg.rf.b036b39fc7d3b648ae46bb83f877cf28.jpg,leaf scorch,crop identity unconfirmed (products_sam generic produce defect dataset); not in carrot taxonomy,no,
train/g1-1095-_JPG_jpg.rf.f62076082c96ce559564dedbc6a332d6.jpg,leaf scorch,crop identity unconfirmed (products_sam generic produce defect dataset); not in carrot taxonomy,no,
train/g1-843-_JPG_jpg.rf.6d66457a91845df39f2363b6f4c1a925.jpg,leaf scorch,crop identity unconfirmed (products_sam generic produce defect dataset); not in carrot taxonomy,no,
train/g1-884-_JPG_jpg.rf.c2c2f09477d8fba124884fa0928f7698.jpg,leaf scorch,crop identity unconfirmed (products_sam generic produce defect dataset); not in carrot taxonomy,no,
train/g1-958-_JPG_jpg.rf.e2c64c9145d7c6fc0254ef0d319732da.jpg,leaf scorch,crop identity unconfirmed (products_sam generic produce defect dataset); not in carrot taxonomy,no,
train/gray_mold101_jpg.rf.473b6de230c8ccd962144e86b0f547a5.jpg,gray_mold,crop identity unconfirmed (products_sam generic produce defect dataset); not in carrot taxonomy,no,
train/gray_mold102_jpg.rf.b8142eb80011c2d2d2f4b10bbffb7374.jpg,gray_mold,crop identity unconfirmed (products_sam generic produce defect dataset); not in carrot taxonomy,no,
train/gray_mold108_jpg.rf.cdb2dd6a0e3613660196268e6ee1bc7e.jpg,gray_mold,crop identity unconfirmed (products_sam generic produce defect dataset); not in carrot taxonomy,no,
train/gray_mold10_jpg.rf.9d36150e5ae74a1bc3f3c5be990f3bba.jpg,gray_mold,crop identity unconfirmed (products_sam generic produce defect dataset); not in carrot taxonomy,no,
train/gray_mold110_jpg.rf.ac2dd3e85e36c1818c5d534dd758d6f5.jpg,gray_mold,crop identity unconfirmed (products_sam generic produce defect dataset); not in carrot taxonomy,no,
train/gray_mold111_jpg.rf.e95b492c7af2723b393ad7a1b416803f.jpg,gray_mold,crop identity unconfirmed (products_sam generic produce defect dataset); not in carrot taxonomy,no,
train/gray_mold118_jpg.rf.28206c26e0b9707b98cbcbbe9165c476.jpg,gray_mold,crop identity unconfirmed (products_sam generic produce defect dataset); not in carrot taxonomy,no,
train/gray_mold123_jpg.rf.0b9d919bacc1a3d7b2f2ac8746fd1ec7.jpg,gray_mold,crop identity unconfirmed (products_sam generic produce defect dataset); not in carrot taxonomy,no,
train/gray_mold125_jpg.rf.290c07f4ea3a9e9e621c8f1ffbbbe6f9.jpg,gray_mold,crop identity unconfirmed (products_sam generic produce defect dataset); not in carrot taxonomy,no,
train/gray_mold129_jpg.rf.bee2cfdee778a6b1fdf425252ec615ce.jpg,gray_mold,crop identity unconfirmed (products_sam generic produce defect dataset); not in carrot taxonomy,no,
train/gray_mold12_jpg.rf.0a97be6ca3ee36facbbed931fc68f715.jpg,gray_mold,crop identity unconfirmed (products_sam generic produce defect dataset); not in carrot taxonomy,no,
train/gray_mold135_jpg.rf.7a4fcf5b60c17f49c54f7a14f686196b.jpg,gray_mold,crop identity unconfirmed (products_sam generic produce defect dataset); not in carrot taxonomy,no,
train/gray_mold139_jpg.rf.92648d3d16161fc4695163ebd1b1a712.jpg,gray_mold,crop identity unconfirmed (products_sam generic produce defect dataset); not in carrot taxonomy,no,
train/gray_mold13_jpg.rf.9710b93db5ff88ff97aeaf5e96d3613b.jpg,gray_mold,crop identity unconfirmed (products_sam generic produce defect dataset); not in carrot taxonomy,no,
train/gray_mold141_jpg.rf.eaa208d7ec6b02f4325e94c057cb588c.jpg,gray_mold,crop identity unconfirmed (products_sam generic produce defect dataset); not in carrot taxonomy,no,
train/gray_mold14_jpg.rf.4ae127f3ea461dcdad80217d72f85b66.jpg,gray_mold,crop identity unconfirmed (products_sam generic produce defect dataset); not in carrot taxonomy,no,
train/gray_mold152_jpg.rf.8a085208fe78fe4b50f53809d150434a.jpg,gray_mold,crop identity unconfirmed (products_sam generic produce defect dataset); not in carrot taxonomy,no,
train/gray_mold154_jpg.rf.12763c2e9826407008b66a3046071d09.jpg,gray_mold,crop identity unconfirmed (products_sam generic produce defect dataset); not in carrot taxonomy,no,
train/gray_mold155_jpg.rf.b4fb6a75ea590206dd0b891f5a2fed64.jpg,gray_mold,crop identity unconfirmed (products_sam generic produce defect dataset); not in carrot taxonomy,no,
train/gray_mold156_jpg.rf.70f47284123414d7d7c505f5695f9efa.jpg,gray_mold,crop identity unconfirmed (products_sam generic produce defect dataset); not in carrot taxonomy,no,
train/gray_mold161_jpg.rf.905aa6b8479ef587e905d6274bde660a.jpg,gray_mold,crop identity unconfirmed (products_sam generic produce defect dataset); not in carrot taxonomy,no,
train/gray_mold166_jpg.rf.19e8effc3f89f0137383bde9cd1fe21d.jpg,gray_mold,crop identity unconfirmed (products_sam generic produce defect dataset); not in carrot taxonomy,no,
train/gray_mold16_jpg.rf.9d5d4fbb42d5a0b11854692dfdee2d27.jpg,gray_mold,crop identity unconfirmed (products_sam generic produce defect dataset); not in carrot taxonomy,no,
train/gray_mold204_jpg.rf.035336bb62341404783d6fb59801ecb9.jpg,gray_mold,crop identity unconfirmed (products_sam generic produce defect dataset); not in carrot taxonomy,no,
train/gray_mold22_jpg.rf.586ffc4233113c3c8f86cbf977b9bf7d.jpg,gray_mold,crop identity unconfirmed (products_sam generic produce defect dataset); not in carrot taxonomy,no,
train/gray_mold23_jpg.rf.d3d3ddcda476642cb53eb8dfd937bf23.jpg,gray_mold,crop identity unconfirmed (products_sam generic produce defect dataset); not in carrot taxonomy,no,
train/gray_mold261_jpg.rf.1e824ac0430fcc32225d589ced78ced2.jpg,gray_mold,crop identity unconfirmed (products_sam generic produce defect dataset); not in carrot taxonomy,no,
train/gray_mold275_jpg.rf.da1500f294a7cd7d80d0490e7805d307.jpg,gray_mold,crop identity unconfirmed (products_sam generic produce defect dataset); not in carrot taxonomy,no,
train/gray_mold27_jpg.rf.a34b87040e69691a63365dca6556d879.jpg,gray_mold,crop identity unconfirmed (products_sam generic produce defect dataset); not in carrot taxonomy,no,
train/gray_mold28_jpg.rf.1014e0040eab6a3bd9bd59998f8d3f84.jpg,gray_mold,crop identity unconfirmed (products_sam generic produce defect dataset); not in carrot taxonomy,no,
train/gray_mold29_jpg.rf.103ad79668a6b66c338fe6cb56f35375.jpg,gray_mold,crop identity unconfirmed (products_sam generic produce defect dataset); not in carrot taxonomy,no,
train/gray_mold33_jpg.rf.01e4a26396cc9ef4ceefdcc09e12378d.jpg,gray_mold,crop identity unconfirmed (products_sam generic produce defect dataset); not in carrot taxonomy,no,
train/gray_mold34_jpg.rf.475a35de54cd5ec86b115d4e93c1b1e8.jpg,gray_mold,crop identity unconfirmed (products_sam generic produce defect dataset); not in carrot taxonomy,no,
train/gray_mold36_jpg.rf.c896f303b072c038e337e56e25e5b34e.jpg,gray_mold,crop identity unconfirmed (products_sam generic produce defect dataset); not in carrot taxonomy,no,
train/gray_mold37_jpg.rf.6d335149335b3548d878dbef03b5ea9d.jpg,gray_mold,crop identity unconfirmed (products_sam generic produce defect dataset); not in carrot taxonomy,no,
train/gray_mold3_jpg.rf.61d2cbcf46f28a44a413b85f97740f07.jpg,gray_mold,crop identity unconfirmed (products_sam generic produce defect dataset); not in carrot taxonomy,no,
train/gray_mold405_jpg.rf.2302a295d7e3818d1952c7137c2702df.jpg,gray_mold,crop identity unconfirmed (products_sam generic produce defect dataset); not in carrot taxonomy,no,
train/gray_mold419_jpg.rf.e0e814504e8cb543f434ac57192e114c.jpg,gray_mold,crop identity unconfirmed (products_sam generic produce defect dataset); not in carrot taxonomy,no,
train/gray_mold41_jpg.rf.8896011958d4d974f10cb6af17860cb6.jpg,gray_mold,crop identity unconfirmed (products_sam generic produce defect dataset); not in carrot taxonomy,no,
train/gray_mold49_jpg.rf.d8f019f16a65f3ac20b72a2892b9bd47.jpg,gray_mold,crop identity unconfirmed (products_sam generic produce defect dataset); not in carrot taxonomy,no,
train/gray_mold52_jpg.rf.096ee518837cf06218fc2973f8b56ede.jpg,gray_mold,crop identity unconfirmed (products_sam generic produce defect dataset); not in carrot taxonomy,no,
train/gray_mold54_jpg.rf.01e93f0be951975c303aa064b74ca69b.jpg,gray_mold,crop identity unconfirmed (products_sam generic produce defect dataset); not in carrot taxonomy,no,
train/gray_mold553_jpg.rf.4290d9dc979151dd6a084e11040c7422.jpg,gray_mold,crop identity unconfirmed (products_sam generic produce defect dataset); not in carrot taxonomy,no,
train/gray_mold55_jpg.rf.de48e9ae7e8a78f9f339030098d83343.jpg,gray_mold,crop identity unconfirmed (products_sam generic produce defect dataset); not in carrot taxonomy,no,
train/gray_mold56_jpg.rf.a8222de5188041925891a7eb0f7a1fce.jpg,gray_mold,crop identity unconfirmed (products_sam generic produce defect dataset); not in carrot taxonomy,no,
train/gray_mold57_jpg.rf.6c94f9acf598f0e12d4f98456f33dedd.jpg,gray_mold,crop identity unconfirmed (products_sam generic produce defect dataset); not in carrot taxonomy,no,
train/gray_mold580_jpg.rf.25338428f28dad963533f6ac92816555.jpg,gray_mold,crop identity unconfirmed (products_sam generic produce defect dataset); not in carrot taxonomy,no,
train/gray_mold582_jpg.rf.9988ae54bc725f26bb1b95f39393ee69.jpg,gray_mold,crop identity unconfirmed (products_sam generic produce defect dataset); not in carrot taxonomy,no,
train/gray_mold591_jpg.rf.2182541a1b561faaa00ab9f39312d707.jpg,gray_mold,crop identity unconfirmed (products_sam generic produce defect dataset); not in carrot taxonomy,no,
train/gray_mold5_jpg.rf.927810158d4449a76a15ab6b6c27c7f5.jpg,gray_mold,crop identity unconfirmed (products_sam generic produce defect dataset); not in carrot taxonomy,no,
train/gray_mold60_jpg.rf.0819c99d740152d4c8e580cc24d8863d.jpg,gray_mold,crop identity unconfirmed (products_sam generic produce defect dataset); not in carrot taxonomy,no,
train/gray_mold61_jpg.rf.1db2b489e84016fe39e2991a75599918.jpg,gray_mold,crop identity unconfirmed (products_sam generic produce defect dataset); not in carrot taxonomy,no,
train/gray_mold62_jpg.rf.173775394abb2ca6594c332f285fbb4c.jpg,gray_mold,crop identity unconfirmed (products_sam generic produce defect dataset); not in carrot taxonomy,no,
train/gray_mold63_jpg.rf.52ad327ae6b2c834e63d4db8bee78a21.jpg,gray_mold,crop identity unconfirmed (products_sam generic produce defect dataset); not in carrot taxonomy,no,
train/gray_mold64_jpg.rf.5e5452647c5955300080d9a2ac31ae47.jpg,gray_mold,crop identity unconfirmed (products_sam generic produce defect dataset); not in carrot taxonomy,no,
train/gray_mold66_jpg.rf.0f295eb516252e94e7f06c3133b557f3.jpg,gray_mold,crop identity unconfirmed (products_sam generic produce defect dataset); not in carrot taxonomy,no,
train/gray_mold67_jpg.rf.8490145edffd3a561b1bba821f520056.jpg,gray_mold,crop identity unconfirmed (products_sam generic produce defect dataset); not in carrot taxonomy,no,
train/gray_mold68_jpg.rf.dda5ed353b4035a81c2a33885cebf5ee.jpg,gray_mold,crop identity unconfirmed (products_sam generic produce defect dataset); not in carrot taxonomy,no,
train/gray_mold69_jpg.rf.82d4e4fb38860b9005e0ed4f115362f2.jpg,gray_mold,crop identity unconfirmed (products_sam generic produce defect dataset); not in carrot taxonomy,no,
train/gray_mold6_jpg.rf.5b8b57d1a9bfb458591d20a1fe735817.jpg,gray_mold,crop identity unconfirmed (products_sam generic produce defect dataset); not in carrot taxonomy,no,
train/gray_mold70_jpg.rf.9c2fe98d71096d3667d029518ace12c0.jpg,gray_mold,crop identity unconfirmed (products_sam generic produce defect dataset); not in carrot taxonomy,no,
train/gray_mold72_jpg.rf.ec4e6f65ebfa01060dd1025c146c7ffb.jpg,gray_mold,crop identity unconfirmed (products_sam generic produce defect dataset); not in carrot taxonomy,no,
train/gray_mold73_jpg.rf.18ad8a3ba4a79b3b6f259ffc2fe69d97.jpg,gray_mold,crop identity unconfirmed (products_sam generic produce defect dataset); not in carrot taxonomy,no,
train/gray_mold74_jpg.rf.62c72309e71a35893a8b0c5d637e3fcc.jpg,gray_mold,crop identity unconfirmed (products_sam generic produce defect dataset); not in carrot taxonomy,no,
train/gray_mold75_jpg.rf.9d1fd34cbca7fe8402d5112ba7bfd070.jpg,gray_mold,crop identity unconfirmed (products_sam generic produce defect dataset); not in carrot taxonomy,no,
train/gray_mold76_jpg.rf.68749a90edb15f0a51b8fbafc8dd2483.jpg,gray_mold,crop identity unconfirmed (products_sam generic produce defect dataset); not in carrot taxonomy,no,
train/gray_mold77_jpg.rf.5fdc3e58c9eb79397ae87d0aec5f4357.jpg,gray_mold,crop identity unconfirmed (products_sam generic produce defect dataset); not in carrot taxonomy,no,
train/gray_mold78_jpg.rf.882eb2d7f3550e593724be7babb55ac3.jpg,gray_mold,crop identity unconfirmed (products_sam generic produce defect dataset); not in carrot taxonomy,no,
train/gray_mold79_jpg.rf.37332dead01f9ca6dd251d8cfd7174e2.jpg,gray_mold,crop identity unconfirmed (products_sam generic produce defect dataset); not in carrot taxonomy,no,
train/gray_mold7_jpg.rf.bfdcc67625580da28cc65e5396104472.jpg,gray_mold,crop identity unconfirmed (products_sam generic produce defect dataset); not in carrot taxonomy,no,
train/gray_mold80_jpg.rf.71d90c22ccd8ae5c8846e53682639f33.jpg,gray_mold,crop identity unconfirmed (products_sam generic produce defect dataset); not in carrot taxonomy,no,
train/gray_mold81_jpg.rf.71955f84e670a9a8aa323210206a7d84.jpg,gray_mold,crop identity unconfirmed (products_sam generic produce defect dataset); not in carrot taxonomy,no,
train/gray_mold82_jpg.rf.a2d73abd1d9a2057fbd25aff08126f2f.jpg,gray_mold,crop identity unconfirmed (products_sam generic produce defect dataset); not in carrot taxonomy,no,
train/gray_mold83_jpg.rf.e3b9dbc75dbf913ecf625d27db2e8b71.jpg,gray_mold,crop identity unconfirmed (products_sam generic produce defect dataset); not in carrot taxonomy,no,
train/gray_mold85_jpg.rf.8b86fd2e874121bef544aa9804a6c55a.jpg,gray_mold,crop identity unconfirmed (products_sam generic produce defect dataset); not in carrot taxonomy,no,
train/gray_mold86_jpg.rf.3d1e71a306d51c1487e6a1a30f20fafc.jpg,gray_mold,crop identity unconfirmed (products_sam generic produce defect dataset); not in carrot taxonomy,no,
train/gray_mold87_jpg.rf.b20308630845ddc2ade5e697c4092e81.jpg,gray_mold,crop identity unconfirmed (products_sam generic produce defect dataset); not in carrot taxonomy,no,
train/gray_mold88_jpg.rf.e3a37d1f5ef57281569fa908ffa80cca.jpg,gray_mold,crop identity unconfirmed (products_sam generic produce defect dataset); not in carrot taxonomy,no,
train/gray_mold89_jpg.rf.b5605bee7c5e888e27a6bced9b9630fc.jpg,gray_mold,crop identity unconfirmed (products_sam generic produce defect dataset); not in carrot taxonomy,no,
train/gray_mold8_jpg.rf.a570082b5346aee3cf2c857c55bd3ff0.jpg,gray_mold,crop identity unconfirmed (products_sam generic produce defect dataset); not in carrot taxonomy,no,
train/gray_mold91_jpg.rf.acb47e97090e2cc2613bb8f9c2ebcc0d.jpg,gray_mold,crop identity unconfirmed (products_sam generic produce defect dataset); not in carrot taxonomy,no,
train/gray_mold92_jpg.rf.dad1a4ebe2b2417dc2c67822965e720a.jpg,gray_mold,crop identity unconfirmed (products_sam generic produce defect dataset); not in carrot taxonomy,no,
train/gray_mold93_jpg.rf.9a2912bd9ed05309c7ab83bc3fe419ca.jpg,gray_mold,crop identity unconfirmed (products_sam generic produce defect dataset); not in carrot taxonomy,no,
train/gray_mold94_jpg.rf.4cf8a090ea617cbf5e2c7d7433ff02f5.jpg,gray_mold,crop identity unconfirmed (products_sam generic produce defect dataset); not in carrot taxonomy,no,
train/gray_mold95_jpg.rf.2ef424b5de08cfaa7bb1a69b748f157e.jpg,gray_mold,crop identity unconfirmed (products_sam generic produce defect dataset); not in carrot taxonomy,no,
train/gray_mold96_jpg.rf.a61f5e4f3e768845f471342d3ea65198.jpg,gray_mold,crop identity unconfirmed (products_sam generic produce defect dataset); not in carrot taxonomy,no,
train/gray_mold97_jpg.rf.6af8cb1a36d84f9409ff0f52688ca42c.jpg,gray_mold,crop identity unconfirmed (products_sam generic produce defect dataset); not in carrot taxonomy,no,
train/gray_mold98_jpg.rf.61fbd3eb1ff172ac25d2961bd9ad877c.jpg,gray_mold,crop identity unconfirmed (products_sam generic produce defect dataset); not in carrot taxonomy,no,
train/gray_mold99_jpg.rf.eabefb60cf77453e391e17e1ea6a737f.jpg,gray_mold,crop identity unconfirmed (products_sam generic produce defect dataset); not in carrot taxonomy,no,
train/gray_mold9_jpg.rf.fc4c52c9c4cc36730d182cee03e31a05.jpg,gray_mold,crop identity unconfirmed (products_sam generic produce defect dataset); not in carrot taxonomy,no,
train/image-1-_JPG_jpg.rf.52dc9c467a851ba679d49095b99fdd88.jpg,mold,crop identity unconfirmed (products_sam generic produce defect dataset); not in carrot taxonomy,no,
train/image-1-_JPG_jpg.rf.debfa9320644c856673efc805e75bf01.jpg,black_rot,crop identity unconfirmed (products_sam generic produce defect dataset); not in carrot taxonomy,no,
train/image-100-_JPG_jpg.rf.34a6e852580362d7e9fdfc777eca5984.jpg,bacterial_spot,crop identity unconfirmed (products_sam generic produce defect dataset); not in carrot taxonomy,no,
train/image-1000-_JPG_jpg.rf.bf5d45da269637ae9949d89053c0d6e8.jpg,late_blight,crop identity unconfirmed (products_sam generic produce defect dataset); not in carrot taxonomy,no,
train/image-105-_JPG_jpg.rf.674f4f7656158af75c3320fe1e0b0fc1.jpg,rust,crop identity unconfirmed (products_sam generic produce defect dataset); not in carrot taxonomy,no,
train/image-106-_JPG_jpg.rf.f22ab2a5e7ab2f0175d79c0a46526997.jpg,early_blight,crop identity unconfirmed (products_sam generic produce defect dataset); not in carrot taxonomy,no,
train/image-11-_JPG_jpg.rf.07233d8aee4179fd7ea91f0dd12803b4.jpg,esca,crop identity unconfirmed (products_sam generic produce defect dataset); not in carrot taxonomy,no,
train/image-12-_JPG_jpg.rf.45373bc0f5d6d75734747a4359ba5314.jpg,early_blight,crop identity unconfirmed (products_sam generic produce defect dataset); not in carrot taxonomy,no,
train/image-121-_JPG_jpg.rf.b14acf676278500592bb37411f876588.jpg,rust,crop identity unconfirmed (products_sam generic produce defect dataset); not in carrot taxonomy,no,
train/image-121-_JPG_jpg.rf.cce6582b84a68beb5234df99ce1f9238.jpg,bacterial_spot,crop identity unconfirmed (products_sam generic produce defect dataset); not in carrot taxonomy,no,
train/image-122-_JPG_jpg.rf.1c38aa48d17771f9b21a893e9645eb11.jpg,rust,crop identity unconfirmed (products_sam generic produce defect dataset); not in carrot taxonomy,no,
train/image-122-_JPG_jpg.rf.787d302fb8fa829cf41b0839075438f3.jpg,scab,crop identity unconfirmed (products_sam generic produce defect dataset); not in carrot taxonomy,no,
train/image-125-_JPG_jpg.rf.5cfba9f24eb091a7cb5323f152d64ae5.jpg,scab,crop identity unconfirmed (products_sam generic produce defect dataset); not in carrot taxonomy,no,
train/image-129-_JPG_jpg.rf.502c066b0c05af5aab2caf9dad78a90f.jpg,early_blight,crop identity unconfirmed (products_sam generic produce defect dataset); not in carrot taxonomy,no,
train/image-13-_JPG_jpg.rf.561b3275848e8b690e4743be8958c9b6.jpg,early_blight,crop identity unconfirmed (products_sam generic produce defect dataset); not in carrot taxonomy,no,
train/image-132-_JPG_jpg.rf.2541c7b684f002847d8a3c88bb02d812.jpg,scab,crop identity unconfirmed (products_sam generic produce defect dataset); not in carrot taxonomy,no,
train/image-135-_JPG_jpg.rf.c03132c56d84ad93b0fdad42b7931025.jpg,mold,crop identity unconfirmed (products_sam generic produce defect dataset); not in carrot taxonomy,no,
train/image-1357-_JPG_jpg.rf.b4bb89ec8a380bb7cf8454c9978fcbed.jpg,esca,crop identity unconfirmed (products_sam generic produce defect dataset); not in carrot taxonomy,no,
train/image-1373-_JPG_jpg.rf.d98382e19de4d452a4534ceb1b41af24.jpg,esca,crop identity unconfirmed (products_sam generic produce defect dataset); not in carrot taxonomy,no,
train/image-14-_JPG_jpg.rf.36855278ffc0d3ddceda66fca796d680.jpg,bacterial_spot,crop identity unconfirmed (products_sam generic produce defect dataset); not in carrot taxonomy,no,
train/image-143-_JPG_jpg.rf.87207bbfa74334e857c2c3eba5a34b4f.jpg,scab,crop identity unconfirmed (products_sam generic produce defect dataset); not in carrot taxonomy,no,
train/image-143-_JPG_jpg.rf.cb714ac29206aa4111eec4403e2a27e1.jpg,bacterial_spot,crop identity unconfirmed (products_sam generic produce defect dataset); not in carrot taxonomy,no,
train/image-146-_JPG_jpg.rf.b75935cd91870b784aa06dcd80255a77.jpg,scab,crop identity unconfirmed (products_sam generic produce defect dataset); not in carrot taxonomy,no,
train/image-147-_JPG_jpg.rf.c2aa40fb198db8b3b14552d78be53870.jpg,mold,crop identity unconfirmed (products_sam generic produce defect dataset); not in carrot taxonomy,no,
train/image-15-_JPG_jpg.rf.d4e7744b387a6d28220fd8fb7fb9d139.jpg,esca,crop identity unconfirmed (products_sam generic produce defect dataset); not in carrot taxonomy,no,
train/image-157-_JPG_jpg.rf.36b6e30e3e3296e71f9aa01cb96f90fc.jpg,late_blight,crop identity unconfirmed (products_sam generic produce defect dataset); not in carrot taxonomy,no,
train/image-161-_JPG_jpg.rf.7027abb295781346f09b0ea1f3d02b9b.jpg,scab,crop identity unconfirmed (products_sam generic produce defect dataset); not in carrot taxonomy,no,
train/image-163-_JPG_jpg.rf.ddcfb5bc8bbfce972b41baf1e3151089.jpg,scab,crop identity unconfirmed (products_sam generic produce defect dataset); not in carrot taxonomy,no,
train/image-165-_JPG_jpg.rf.e12f99a6ce2b459804873f2f4a218881.jpg,black_rot,crop identity unconfirmed (products_sam generic produce defect dataset); not in carrot taxonomy,no,
train/image-168-_JPG_jpg.rf.3616794c9a84ea0d128123d320242b7c.jpg,esca,crop identity unconfirmed (products_sam generic produce defect dataset); not in carrot taxonomy,no,
train/image-17-_JPG_jpg.rf.1002f15fe006cb692826cd5e0f8a77dc.jpg,early_blight,crop identity unconfirmed (products_sam generic produce defect dataset); not in carrot taxonomy,no,
train/image-17-_JPG_jpg.rf.f600384f888af3c8fbc1ab8aeffc4509.jpg,late_blight,crop identity unconfirmed (products_sam generic produce defect dataset); not in carrot taxonomy,no,
train/image-171-_JPG_jpg.rf.ac3e3d3e12eb2bd3b07cf9fd928c2523.jpg,late_blight,crop identity unconfirmed (products_sam generic produce defect dataset); not in carrot taxonomy,no,
train/image-1765-_JPG_jpg.rf.44fc507133b1a47aa3765e6bd1371ad7.jpg,bacterial_spot,crop identity unconfirmed (products_sam generic produce defect dataset); not in carrot taxonomy,no,
train/image-18-_JPG_jpg.rf.60adb58c90d06e072d9346b50fc916c8.jpg,early_blight,crop identity unconfirmed (products_sam generic produce defect dataset); not in carrot taxonomy,no,
train/image-18-_JPG_jpg.rf.839476d219935205ec2c994a85e44cc5.jpg,late_blight,crop identity unconfirmed (products_sam generic produce defect dataset); not in carrot taxonomy,no,
train/image-19-_JPG_jpg.rf.bbd6c612d8200a7ca9b4c9b6246981d7.jpg,mold,crop identity unconfirmed (products_sam generic produce defect dataset); not in carrot taxonomy,no,
train/image-192-_JPG_jpg.rf.f3f52ce230627a8c98677d2f554f5434.jpg,mold,crop identity unconfirmed (products_sam generic produce defect dataset); not in carrot taxonomy,no,
train/image-1953-_JPG_jpg.rf.74ec50306ad6b9fa6cf3970121b50727.jpg,bacterial_spot,crop identity unconfirmed (products_sam generic produce defect dataset); not in carrot taxonomy,no,
train/image-199-_JPG_jpg.rf.b57dea677d2fbf4cabe5371711fee75e.jpg,scab,crop identity unconfirmed (products_sam generic produce defect dataset); not in carrot taxonomy,no,
train/image-2-_JPG_jpg.rf.55661eed9204eecf8b362058832288c2.jpg,rust,crop identity unconfirmed (products_sam generic produce defect dataset); not in carrot taxonomy,no,
train/image-20-_JPG_jpg.rf.79159dbf038b3278de364ef55ec13181.jpg,rust,crop identity unconfirmed (products_sam generic produce defect dataset); not in carrot taxonomy,no,
train/image-202-_JPG_jpg.rf.eb0ad8b123896ce692eaf30e00ef977f.jpg,early_blight,crop identity unconfirmed (products_sam generic produce defect dataset); not in carrot taxonomy,no,
train/image-207-_JPG_jpg.rf.029136117b0a1fdf3fc058533fecbd59.jpg,rust,crop identity unconfirmed (products_sam generic produce defect dataset); not in carrot taxonomy,no,
train/image-21-_JPG_jpg.rf.dd793e6d66292b817202a7e8bcc85938.jpg,bacterial_spot,crop identity unconfirmed (products_sam generic produce defect dataset); not in carrot taxonomy,no,
train/image-21-_JPG_jpg.rf.f71373762ad101b78079aa84c1664a0c.jpg,black_rot,crop identity unconfirmed (products_sam generic produce defect dataset); not in carrot taxonomy,no,
train/image-2117-_JPG_jpg.rf.a1e4c8db847f863d71431c8a65b53c8c.jpg,bacterial_spot,crop identity unconfirmed (products_sam generic produce defect dataset); not in carrot taxonomy,no,
train/image-22-_JPG_jpg.rf.96f1f96f4a8c875b0309164fdde6ad42.jpg,rust,crop identity unconfirmed (products_sam generic produce defect dataset); not in carrot taxonomy,no,
train/image-239-_JPG_jpg.rf.b1a09d42e6c2e0ec6f59ae3a91f4c764.jpg,leaf scorch,crop identity unconfirmed (products_sam generic produce defect dataset); not in carrot taxonomy,no,
train/image-24-_JPG_jpg.rf.7823c34d7d74cbb950529d78df87b378.jpg,leaf scorch,crop identity unconfirmed (products_sam generic produce defect dataset); not in carrot taxonomy,no,
train/image-27-_JPG_jpg.rf.088811098f478bd3fac9c6407ec81ea2.jpg,bacterial_spot,crop identity unconfirmed (products_sam generic produce defect dataset); not in carrot taxonomy,no,
train/image-271-_JPG_jpg.rf.73e8b4a04740c8d13deef014662c01de.jpg,early_blight,crop identity unconfirmed (products_sam generic produce defect dataset); not in carrot taxonomy,no,
train/image-273-_JPG_jpg.rf.20636d47d65c1d1d13d9e75d789b6d16.jpg,esca,crop identity unconfirmed (products_sam generic produce defect dataset); not in carrot taxonomy,no,
train/image-29-_JPG_jpg.rf.a0eaf12a85ecc2a13425d13902ca8deb.jpg,scab,crop identity unconfirmed (products_sam generic produce defect dataset); not in carrot taxonomy,no,
train/image-291-_JPG_jpg.rf.b476885b32cf55ce1af810eae5455ab6.jpg,leaf scorch,crop identity unconfirmed (products_sam generic produce defect dataset); not in carrot taxonomy,no,
train/image-294-_JPG_jpg.rf.9305a2a19f70f4bdf93fdc5060c28518.jpg,early_blight,crop identity unconfirmed (products_sam generic produce defect dataset); not in carrot taxonomy,no,
train/image-297-_JPG_jpg.rf.2be896094291207172a8e9e8d0b81b25.jpg,scab,crop identity unconfirmed (products_sam generic produce defect dataset); not in carrot taxonomy,no,
train/image-310-_JPG_jpg.rf.0bee185da6dd18abc8403519ba2b2968.jpg,mold,crop identity unconfirmed (products_sam generic produce defect dataset); not in carrot taxonomy,no,
train/image-336-_JPG_jpg.rf.45b157ddc018b63e6097f015819ccf5b.jpg,leaf scorch,crop identity unconfirmed (products_sam generic produce defect dataset); not in carrot taxonomy,no,
train/image-34-_JPG_jpg.rf.016ee5e19ca36734cab059890105e01b.jpg,leaf scorch,crop identity unconfirmed (products_sam generic produce defect dataset); not in carrot taxonomy,no,
train/image-35-_JPG_jpg.rf.bb46d468cf7b9043269ab0c64f10a32a.jpg,black_rot,crop identity unconfirmed (products_sam generic produce defect dataset); not in carrot taxonomy,no,
train/image-370-_JPG_jpg.rf.317ea6eb91d88e5522751f888d89cc0b.jpg,scab,crop identity unconfirmed (products_sam generic produce defect dataset); not in carrot taxonomy,no,
train/image-375-_JPG_jpg.rf.1f9364dfea5e0cd5495ce617a9cd8f6a.jpg,leaf scorch,crop identity unconfirmed (products_sam generic produce defect dataset); not in carrot taxonomy,no,
train/image-377-_JPG_jpg.rf.dc648b9294a269707e84042a81922b49.jpg,early_blight,crop identity unconfirmed (products_sam generic produce defect dataset); not in carrot taxonomy,no,
train/image-38-_JPG_jpg.rf.0c0602a2b648c6d6b0affc25ce8a015e.jpg,leaf scorch,crop identity unconfirmed (products_sam generic produce defect dataset); not in carrot taxonomy,no,
train/image-380-_JPG_jpg.rf.6151c13f2024cac8bc269c3cbe303709.jpg,black_rot,crop identity unconfirmed (products_sam generic produce defect dataset); not in carrot taxonomy,no,
train/image-39-_JPG_jpg.rf.51de4a09d4e6e813e503b745a24529e6.jpg,scab,crop identity unconfirmed (products_sam generic produce defect dataset); not in carrot taxonomy,no,
train/image-407-_JPG_jpg.rf.637952f04e666b87c3708f2f7d1f7ac0.jpg,early_blight,crop identity unconfirmed (products_sam generic produce defect dataset); not in carrot taxonomy,no,
train/image-42-_JPG_jpg.rf.4043c50df6e9b3a65680810b6537920e.jpg,bacterial_spot,crop identity unconfirmed (products_sam generic produce defect dataset); not in carrot taxonomy,no,
train/image-43-_JPG_jpg.rf.809e5430836bec956a6bc647ca45d063.jpg,black_rot,crop identity unconfirmed (products_sam generic produce defect dataset); not in carrot taxonomy,no,
train/image-44-_JPG_jpg.rf.15f93c0713748f788e763238c3570528.jpg,rust,crop identity unconfirmed (products_sam generic produce defect dataset); not in carrot taxonomy,no,
train/image-44-_JPG_jpg.rf.cd9bd52c5bda8a017868be2baa0ffae5.jpg,black_rot,crop identity unconfirmed (products_sam generic produce defect dataset); not in carrot taxonomy,no,
train/image-45-_JPG_jpg.rf.040d5829b84050482bbe54f254438fe0.jpg,late_blight,crop identity unconfirmed (products_sam generic produce defect dataset); not in carrot taxonomy,no,
train/image-47-_JPG_jpg.rf.c6d63b97b264ccc71f5634f35206ee4d.jpg,late_blight,crop identity unconfirmed (products_sam generic produce defect dataset); not in carrot taxonomy,no,
train/image-484-_JPG_jpg.rf.02813034083eb2d809fc9cb6de751ffd.jpg,early_blight,crop identity unconfirmed (products_sam generic produce defect dataset); not in carrot taxonomy,no,
train/image-507-_JPG_jpg.rf.8bd600d2f77d38b5d6bcc35d97cfaa22.jpg,early_blight,crop identity unconfirmed (products_sam generic produce defect dataset); not in carrot taxonomy,no,
train/image-53-_JPG_jpg.rf.4dccd01186960d4faa1d378ea7d0b2aa.jpg,black_rot,crop identity unconfirmed (products_sam generic produce defect dataset); not in carrot taxonomy,no,
train/image-53-_JPG_jpg.rf.e0eaa6737b542a5a373960d4c6c5b3c4.jpg,scab,crop identity unconfirmed (products_sam generic produce defect dataset); not in carrot taxonomy,no,
train/image-535-_JPG_jpg.rf.d7b988b8c795d8d52d3637a6bb68da74.jpg,mold,crop identity unconfirmed (products_sam generic produce defect dataset); not in carrot taxonomy,no,
train/image-54-_JPG_jpg.rf.048bca8d12403f77c89e38e783504ff4.jpg,black_rot,crop identity unconfirmed (products_sam generic produce defect dataset); not in carrot taxonomy,no,
train/image-55-_JPG_jpg.rf.a232a68a8568857136e28525197b740f.jpg,black_rot,crop identity unconfirmed (products_sam generic produce defect dataset); not in carrot taxonomy,no,
train/image-56-_JPG_jpg.rf.11f9615824f8756ac43785fcc1d2e651.jpg,black_rot,crop identity unconfirmed (products_sam generic produce defect dataset); not in carrot taxonomy,no,
train/image-56-_JPG_jpg.rf.758f1b1b30df33d9058113d466b18bdb.jpg,late_blight,crop identity unconfirmed (products_sam generic produce defect dataset); not in carrot taxonomy,no,
train/image-578-_JPG_jpg.rf.6be66a61a0a1860eeb2174063c0bd86e.jpg,black_rot,crop identity unconfirmed (products_sam generic produce defect dataset); not in carrot taxonomy,no,
train/image-58-_JPG_jpg.rf.1fb6ce36b2e69795e3fca41b9f782f3e.jpg,black_rot,crop identity unconfirmed (products_sam generic produce defect dataset); not in carrot taxonomy,no,
train/image-59-_JPG_jpg.rf.aad32af0418de3d729a987ab0dd066de.jpg,scab,crop identity unconfirmed (products_sam generic produce defect dataset); not in carrot taxonomy,no,
train/image-597-_JPG_jpg.rf.a77004176b0b26dd6436770a0367101e.jpg,esca,crop identity unconfirmed (products_sam generic produce defect dataset); not in carrot taxonomy,no,
train/image-6-_JPG_jpg.rf.206071768032b1fbb89b301c00d2e22e.jpg,bacterial_spot,crop identity unconfirmed (products_sam generic produce defect dataset); not in carrot taxonomy,no,
train/image-628-_JPG_jpg.rf.dc380a5fb855140e4d086d649ec6348d.jpg,early_blight,crop identity unconfirmed (products_sam generic produce defect dataset); not in carrot taxonomy,no,
train/image-636-_JPG_jpg.rf.933f0f70f60fed007d007ad8ff6dcd45.jpg,esca,crop identity unconfirmed (products_sam generic produce defect dataset); not in carrot taxonomy,no,
train/image-64-_JPG_jpg.rf.a652b429fcccabe2d1858fbc445a7256.jpg,rust,crop identity unconfirmed (products_sam generic produce defect dataset); not in carrot taxonomy,no,
train/image-64-_JPG_jpg.rf.ac9697fb0a232a8396ec67194811c7f6.jpg,bacterial_spot,crop identity unconfirmed (products_sam generic produce defect dataset); not in carrot taxonomy,no,
train/image-642-_JPG_jpg.rf.b80ab8ca59f2f42e5c68980695093617.jpg,esca,crop identity unconfirmed (products_sam generic produce defect dataset); not in carrot taxonomy,no,
train/image-67-_JPG_jpg.rf.00337fdc04c74827d6392bc4d6ab2740.jpg,late_blight,crop identity unconfirmed (products_sam generic produce defect dataset); not in carrot taxonomy,no,
train/image-67-_JPG_jpg.rf.32bc950bca37ac3b21436c56bd2e8a27.jpg,late_blight,crop identity unconfirmed (products_sam generic produce defect dataset); not in carrot taxonomy,no,
train/image-685-_JPG_jpg.rf.abd0e1e464fadc6faae4207c76f8df5f.jpg,mold,crop identity unconfirmed (products_sam generic produce defect dataset); not in carrot taxonomy,no,
train/image-692-_JPG_jpg.rf.e4dd253f942ce00c28301517d3eb2b86.jpg,late_blight,crop identity unconfirmed (products_sam generic produce defect dataset); not in carrot taxonomy,no,
train/image-71-_JPG_jpg.rf.38a353213e2b9ee23bec54a41013f0ad.jpg,mold,crop identity unconfirmed (products_sam generic produce defect dataset); not in carrot taxonomy,no,
train/image-712-_JPG_jpg.rf.f2f409a09e1e80a3c7298bcd80578843.jpg,mold,crop identity unconfirmed (products_sam generic produce defect dataset); not in carrot taxonomy,no,
train/image-715-_JPG_jpg.rf.7a998c4ea972b26a734bf791f558836c.jpg,late_blight,crop identity unconfirmed (products_sam generic produce defect dataset); not in carrot taxonomy,no,
train/image-75-_JPG_jpg.rf.d9d67cd3e7af8d8a1da4027e81eb9e73.jpg,mold,crop identity unconfirmed (products_sam generic produce defect dataset); not in carrot taxonomy,no,
train/image-76-_JPG_jpg.rf.e3ec8b2ee8ce4bcc04618e26867f7a52.jpg,late_blight,crop identity unconfirmed (products_sam generic produce defect dataset); not in carrot taxonomy,no,
train/image-785-_JPG_jpg.rf.3ac1fd95815fb958d12b82c0d627f4af.jpg,mold,crop identity unconfirmed (products_sam generic produce defect dataset); not in carrot taxonomy,no,
train/image-8-_JPG_jpg.rf.00b8305b52c58c96fad1a1e7d0676d19.jpg,bacterial_spot,crop identity unconfirmed (products_sam generic produce defect dataset); not in carrot taxonomy,no,
train/image-8-_JPG_jpg.rf.73156aa6fea416dbffcdda123645db54.jpg,mold,crop identity unconfirmed (products_sam generic produce defect dataset); not in carrot taxonomy,no,
train/image-83-_JPG_jpg.rf.92ebe201a76551538b95daee41117434.jpg,black_rot,crop identity unconfirmed (products_sam generic produce defect dataset); not in carrot taxonomy,no,
train/image-856-_JPG_jpg.rf.b892ef462ac7911ed329a2bfdf82a983.jpg,early_blight,crop identity unconfirmed (products_sam generic produce defect dataset); not in carrot taxonomy,no,
train/image-86-_JPG_jpg.rf.931947766acd465431de2be9661f75f2.jpg,bacterial_spot,crop identity unconfirmed (products_sam generic produce defect dataset); not in carrot taxonomy,no,
train/image-873-_JPG_jpg.rf.f89523e65a5b0f211117a5685974ea21.jpg,early_blight,crop identity unconfirmed (products_sam generic produce defect dataset); not in carrot taxonomy,no,
train/image-88-_JPG_jpg.rf.1036d38c8be32f134ec1abdcaaff7ba2.jpg,bacterial_spot,crop identity unconfirmed (products_sam generic produce defect dataset); not in carrot taxonomy,no,
train/image-9-_JPG_jpg.rf.6bba979074c567b4f3a02d2cd108eeb1.jpg,mold,crop identity unconfirmed (products_sam generic produce defect dataset); not in carrot taxonomy,no,
train/image-9-_JPG_jpg.rf.f09d23bc3bf33e3f32c199a1d5c21569.jpg,esca,crop identity unconfirmed (products_sam generic produce defect dataset); not in carrot taxonomy,no,
train/image-905-_JPG_jpg.rf.839ed66073c8a15548bc180e98537427.jpg,esca,crop identity unconfirmed (products_sam generic produce defect dataset); not in carrot taxonomy,no,
train/image-917-_JPG_jpg.rf.4e408a295313ba6e77f0a1e0a1070330.jpg,esca,crop identity unconfirmed (products_sam generic produce defect dataset); not in carrot taxonomy,no,
train/image-93-_JPG_jpg.rf.ace8b2255e109e7242a3d2ea23805d34.jpg,mold,crop identity unconfirmed (products_sam generic produce defect dataset); not in carrot taxonomy,no,
train/image-93-_JPG_jpg.rf.dfb3514d0a6371768f4c3876e2ff4922.jpg,early_blight,crop identity unconfirmed (products_sam generic produce defect dataset); not in carrot taxonomy,no,
train/image-95-_JPG_jpg.rf.b539e152e61fb5b4062354de84cdf481.jpg,black_rot,crop identity unconfirmed (products_sam generic produce defect dataset); not in carrot taxonomy,no,
train/image-950-_JPG_jpg.rf.339220f90bc5b39360c6b2ef0441ecae.jpg,mold,crop identity unconfirmed (products_sam generic produce defect dataset); not in carrot taxonomy,no,
train/image-954-_JPG_jpg.rf.3c8f056e67a754557b1772dde955eb62.jpg,esca,crop identity unconfirmed (products_sam generic produce defect dataset); not in carrot taxonomy,no,
train/image-96-_JPG_jpg.rf.b0ca85a50c8504ca1cf9bec30bb9be69.jpg,black_rot,crop identity unconfirmed (products_sam generic produce defect dataset); not in carrot taxonomy,no,
train/image-97-_JPG_jpg.rf.ea28893ed7c1975f5186c1abc04cfe0e.jpg,black_rot,crop identity unconfirmed (products_sam generic produce defect dataset); not in carrot taxonomy,no,
train/image-971-_JPG_jpg.rf.b4cbf4761345bd81fbec117296eeef0f.jpg,early_blight,crop identity unconfirmed (products_sam generic produce defect dataset); not in carrot taxonomy,no,
train/image-980-_JPG_jpg.rf.02ef66ffab386a72e9193cc20370151d.jpg,late_blight,crop identity unconfirmed (products_sam generic produce defect dataset); not in carrot taxonomy,no,
train/image-99-_JPG_jpg.rf.08df1c504cf94bf374f4bf1713c22c3a.jpg,scab,crop identity unconfirmed (products_sam generic produce defect dataset); not in carrot taxonomy,no,
train/image-997-_JPG_jpg.rf.a3504d57091f7a1c579f7cd56dcb67de.jpg,late_blight,crop identity unconfirmed (products_sam generic produce defect dataset); not in carrot taxonomy,no,
train/images-15-_jpeg_jpg.rf.a7608ed4d7d8159fde746d393f851181.jpg,mold-bread,crop identity unconfirmed (products_sam generic produce defect dataset); not in carrot taxonomy,no,
train/images-16-_jpeg_jpg.rf.43ee7bed7a2ed34447aff12b8674875d.jpg,mold-bread,crop identity unconfirmed (products_sam generic produce defect dataset); not in carrot taxonomy,no,
train/images-17-_jpeg_jpg.rf.be66168602df70791fd4e48c2ff70954.jpg,mold-bread,crop identity unconfirmed (products_sam generic produce defect dataset); not in carrot taxonomy,no,
train/images-2-_jpeg_jpg.rf.55f0f48f22a04dd3fae6f4bd43fe411c.jpg,mold-bread,crop identity unconfirmed (products_sam generic produce defect dataset); not in carrot taxonomy,no,
train/images-5-_jpeg_jpg.rf.c2825dc4a877fcbf0dc1dadf42b3953d.jpg,mold-bread,crop identity unconfirmed (products_sam generic produce defect dataset); not in carrot taxonomy,no,
train/images_jpeg_jpg.rf.cb053f914b888ba20e438cd5189c3b88.jpg,mold-bread,crop identity unconfirmed (products_sam generic produce defect dataset); not in carrot taxonomy,no,
train/istockphoto-1391084144-612x612_jpg.rf.a807882de5f9d23dab341a5833d54f99.jpg,mold-bread,crop identity unconfirmed (products_sam generic produce defect dataset); not in carrot taxonomy,no,
train/istockphoto-482604343-612x612_jpg.rf.058b4143a2c5684d7cb2b7a659371139.jpg,mold-bread,crop identity unconfirmed (products_sam generic produce defect dataset); not in carrot taxonomy,no,
train/istockphoto-502286856-612x612_jpg.rf.dc5af631ba8949b007f8bc59db696ecc.jpg,mold-bread,crop identity unconfirmed (products_sam generic produce defect dataset); not in carrot taxonomy,no,
train/istockphoto-540590760-612x612_jpg.rf.5be7d82911132c0f7efae598a20f7689.jpg,mold-bread,crop identity unconfirmed (products_sam generic produce defect dataset); not in carrot taxonomy,no,
train/istockphoto-540590830-612x612_jpg.rf.9bc7ded64033291798ebeaa6ffcedc6d.jpg,mold-bread,crop identity unconfirmed (products_sam generic produce defect dataset); not in carrot taxonomy,no,
train/istockphoto-540591740-612x612_jpg.rf.7c6e2202a488728387c947babc62162f.jpg,mold-bread,crop identity unconfirmed (products_sam generic produce defect dataset); not in carrot taxonomy,no,
train/istockphoto-639021620-612x612_jpg.rf.b2545c0a97d23c8f03577fbd8c48d8f6.jpg,mold-bread,crop identity unconfirmed (products_sam generic produce defect dataset); not in carrot taxonomy,no,
train/istockphoto-639021718-612x612_jpg.rf.53895b4e86fe6d2e531e5f94ac285bc7.jpg,mold-bread,crop identity unconfirmed (products_sam generic produce defect dataset); not in carrot taxonomy,no,
train/orange_10_jpg.rf.f52337a238bf27512c82512e82c28e5f.jpg,bruise,crop identity unconfirmed (products_sam generic produce defect dataset); not in carrot taxonomy,no,
train/orange_12_jpg.rf.e1181fb81c0cfef35097d492035369a1.jpg,bruise,crop identity unconfirmed (products_sam generic produce defect dataset); not in carrot taxonomy,no,
train/orange_15_jpg.rf.d2066a7bdb69312f6ccea8eb06a4b5da.jpg,bruise,crop identity unconfirmed (products_sam generic produce defect dataset); not in carrot taxonomy,no,
train/orange_16_jpeg_jpg.rf.88acd83a95ad30ddcb7324fb0d93efcb.jpg,bruise,crop identity unconfirmed (products_sam generic produce defect dataset); not in carrot taxonomy,no,
train/orange_17_jpeg_jpg.rf.cb8d05a760a9fc1c9a7a7c2bfac11487.jpg,bruise,crop identity unconfirmed (products_sam generic produce defect dataset); not in carrot taxonomy,no,
train/orange_18_jpg.rf.ec1ccf2bc4271bf093812f34955e41fb.jpg,bruise,crop identity unconfirmed (products_sam generic produce defect dataset); not in carrot taxonomy,no,
train/orange_1_jpg.rf.a3c485170ac70b41ec77755b6c94b4e4.jpg,bruise,crop identity unconfirmed (products_sam generic produce defect dataset); not in carrot taxonomy,no,
train/orange_20_jpg.rf.0c29421cb82304a06ca4709d7b15eb10.jpg,bruise,crop identity unconfirmed (products_sam generic produce defect dataset); not in carrot taxonomy,no,
train/orange_21_jpg.rf.51dd97b2cf32b5c37a704d1fd754b7f9.jpg,bruise,crop identity unconfirmed (products_sam generic produce defect dataset); not in carrot taxonomy,no,
train/orange_22_jpg.rf.05390f052ec2703f328e70181a9c85a3.jpg,bruise,crop identity unconfirmed (products_sam generic produce defect dataset); not in carrot taxonomy,no,
train/orange_23_jpg.rf.03590d2aa3d42e364c91e0f04bca19e8.jpg,bruise,crop identity unconfirmed (products_sam generic produce defect dataset); not in carrot taxonomy,no,
train/orange_24_jpg.rf.ff932bd1d8dcad27eb090255a3f648dc.jpg,bruise,crop identity unconfirmed (products_sam generic produce defect dataset); not in carrot taxonomy,no,
train/orange_25_jpg.rf.9e951e20b34f0e7246c2feb59064e330.jpg,bruise,crop identity unconfirmed (products_sam generic produce defect dataset); not in carrot taxonomy,no,
train/orange_26_jpg.rf.315af79d623fcc9861307b3de563306d.jpg,bruise,crop identity unconfirmed (products_sam generic produce defect dataset); not in carrot taxonomy,no,
train/orange_27_jpg.rf.683cb52a2359ff51496783deee5ccf14.jpg,bruise,crop identity unconfirmed (products_sam generic produce defect dataset); not in carrot taxonomy,no,
train/orange_2_jpg.rf.afcc3605a58e0d23b3a8cda968830526.jpg,bruise,crop identity unconfirmed (products_sam generic produce defect dataset); not in carrot taxonomy,no,
train/orange_3_jpg.rf.f68cdb3d389624ea52f88d40b838147d.jpg,bruise,crop identity unconfirmed (products_sam generic produce defect dataset); not in carrot taxonomy,no,
train/orange_4_jpg.rf.a35af04207d97569aa1b8276089171e5.jpg,bruise,crop identity unconfirmed (products_sam generic produce defect dataset); not in carrot taxonomy,no,
train/orange_5_jpg.rf.6ff781ff319fc081d60362d31abbecb9.jpg,bruise,crop identity unconfirmed (products_sam generic produce defect dataset); not in carrot taxonomy,no,
train/orange_6_jpg.rf.ffe919d7177f77e9fbde65c278c18227.jpg,bruise,crop identity unconfirmed (products_sam generic produce defect dataset); not in carrot taxonomy,no,
train/orange_7_jpg.rf.4dfdb22703ede025a0ccc4d9c77026f6.jpg,bruise,crop identity unconfirmed (products_sam generic produce defect dataset); not in carrot taxonomy,no,
train/orange_8_jpeg_jpg.rf.674bd5b6bf04bb43fccfa2eda0022036.jpg,bruise,crop identity unconfirmed (products_sam generic produce defect dataset); not in carrot taxonomy,no,
train/orange_9_jpeg_jpg.rf.8ce6f4203bca98f0e1246009c46c0c6b.jpg,bruise,crop identity unconfirmed (products_sam generic produce defect dataset); not in carrot taxonomy,no,
train/u-10-_JPG_jpg.rf.ee830848ea8dac93ca69dc7852343a3f.jpg,bacterial_spot,crop identity unconfirmed (products_sam generic produce defect dataset); not in carrot taxonomy,no,
train/u-5-_JPG_jpg.rf.05e280c111a1a319a5ed63112335b7f1.jpg,bacterial_spot,crop identity unconfirmed (products_sam generic produce defect dataset); not in carrot taxonomy,no,
test/00000_jpg.rf.0f950165c1e5f5fbc071a2b11b87d0be.jpg,defect,crop identity unconfirmed (products_sam generic produce defect dataset); not in carrot taxonomy,no,
test/00002_jpg.rf.e962f8371901487eb0a4989fd575a057.jpg,defect,crop identity unconfirmed (products_sam generic produce defect dataset); not in carrot taxonomy,no,
test/00004_jpg.rf.48ae5096a73af9b9a1525eb4289bc288.jpg,defect,crop identity unconfirmed (products_sam generic produce defect dataset); not in carrot taxonomy,no,
test/00005_jpg.rf.5c5b299dbccd1f6d0417324df080af3f.jpg,defect,crop identity unconfirmed (products_sam generic produce defect dataset); not in carrot taxonomy,no,
test/00010_jpg.rf.a65c7f8254e30da0a64890facc426ea5.jpg,defect,crop identity unconfirmed (products_sam generic produce defect dataset); not in carrot taxonomy,no,
test/00011_jpg.rf.ebb8e14551ad0ca5dbdc09374160f497.jpg,defect,crop identity unconfirmed (products_sam generic produce defect dataset); not in carrot taxonomy,no,
test/00016_jpg.rf.0689e6ae5c90aa8cf061fa505264e2fe.jpg,defect,crop identity unconfirmed (products_sam generic produce defect dataset); not in carrot taxonomy,no,
test/00017_jpg.rf.9c896e692dfa1ee6a273ae9c5781a40b.jpg,defect,crop identity unconfirmed (products_sam generic produce defect dataset); not in carrot taxonomy,no,
test/00026_jpg.rf.e642048f1bb8769f740f6a39b6545b74.jpg,defect,crop identity unconfirmed (products_sam generic produce defect dataset); not in carrot taxonomy,no,
test/00027_jpg.rf.d7430eae36ae256ee78893abfa9a7297.jpg,defect,crop identity unconfirmed (products_sam generic produce defect dataset); not in carrot taxonomy,no,
test/00028_jpg.rf.054aa2175feb5b5309922feb870dac60.jpg,defect,crop identity unconfirmed (products_sam generic produce defect dataset); not in carrot taxonomy,no,
test/00031_jpg.rf.9d8905f5cdacc74e24df827218593d4a.jpg,defect,crop identity unconfirmed (products_sam generic produce defect dataset); not in carrot taxonomy,no,
test/00036_jpg.rf.40c2f21bc39314f18f939e7317b37ff4.jpg,defect,crop identity unconfirmed (products_sam generic produce defect dataset); not in carrot taxonomy,no,
test/00043_jpg.rf.a156fbbcfdb85952039c9ec2c8a4028a.jpg,defect,crop identity unconfirmed (products_sam generic produce defect dataset); not in carrot taxonomy,no,
test/00049_jpg.rf.9fd5aab591f7ed545e720a76af87f259.jpg,defect,crop identity unconfirmed (products_sam generic produce defect dataset); not in carrot taxonomy,no,
test/00054_jpg.rf.620078885b037b355ee027848b9bd659.jpg,defect,crop identity unconfirmed (products_sam generic produce defect dataset); not in carrot taxonomy,no,
test/00058_jpg.rf.156ec020b3e89a208403b94c62d2d868.jpg,defect,crop identity unconfirmed (products_sam generic produce defect dataset); not in carrot taxonomy,no,
test/00064_jpg.rf.a45906efe23f489f033bd997a8a8fccd.jpg,defect,crop identity unconfirmed (products_sam generic produce defect dataset); not in carrot taxonomy,no,
test/00071_jpg.rf.62877806c6980cccfcafea98568489c3.jpg,defect,crop identity unconfirmed (products_sam generic produce defect dataset); not in carrot taxonomy,no,
test/00074_jpg.rf.90ba97608a8579bab0f4b7440bc2d9f3.jpg,defect,crop identity unconfirmed (products_sam generic produce defect dataset); not in carrot taxonomy,no,
test/00078_jpg.rf.b6fd27085176ffc9da8e3296a4069cdc.jpg,defect,crop identity unconfirmed (products_sam generic produce defect dataset); not in carrot taxonomy,no,
test/00083_jpg.rf.02b090a703a8b20bdbb3b42a89240e5b.jpg,defect,crop identity unconfirmed (products_sam generic produce defect dataset); not in carrot taxonomy,no,
test/00091_jpg.rf.b3ae8f1776f0ea195c951aa211d21ae5.jpg,defect,crop identity unconfirmed (products_sam generic produce defect dataset); not in carrot taxonomy,no,
test/00098_jpg.rf.558b1e185278c17caaf45de1481aa40f.jpg,defect,crop identity unconfirmed (products_sam generic produce defect dataset); not in carrot taxonomy,no,
test/000_png.rf.9d626c3e8294ed66f9c622200e1ad81b.jpg,hole,crop identity unconfirmed (products_sam generic produce defect dataset); not in carrot taxonomy,no,
test/00106_jpg.rf.5b4b4715a5558455c3a803b267de268f.jpg,defect,crop identity unconfirmed (products_sam generic produce defect dataset); not in carrot taxonomy,no,
test/00126_jpg.rf.087207aedddd68d710369e23dc9171f2.jpg,defect,crop identity unconfirmed (products_sam generic produce defect dataset); not in carrot taxonomy,no,
test/00132_jpg.rf.3b12d6d0ca72e95b77a11710a705473b.jpg,defect,crop identity unconfirmed (products_sam generic produce defect dataset); not in carrot taxonomy,no,
test/00138_jpg.rf.226ba448abe214241e123e47fa3b301c.jpg,defect,crop identity unconfirmed (products_sam generic produce defect dataset); not in carrot taxonomy,no,
test/00144_jpg.rf.df86cfd01e084607bc69aee5786fa8ed.jpg,defect,crop identity unconfirmed (products_sam generic produce defect dataset); not in carrot taxonomy,no,
test/00148_jpg.rf.22da32ba396a7f82c3e9c69221642570.jpg,defect,crop identity unconfirmed (products_sam generic produce defect dataset); not in carrot taxonomy,no,
test/00165_jpg.rf.088ff006020c8eab86ba055faa31ec3c.jpg,defect,crop identity unconfirmed (products_sam generic produce defect dataset); not in carrot taxonomy,no,
test/00169_jpg.rf.f949fee94c9e8c01a7d24e51d85d9ca4.jpg,defect,crop identity unconfirmed (products_sam generic produce defect dataset); not in carrot taxonomy,no,
test/00174_jpg.rf.0f33348121e7bfecc3f0baa1d976a6f1.jpg,defect,crop identity unconfirmed (products_sam generic produce defect dataset); not in carrot taxonomy,no,
test/00175_jpg.rf.87080753c21c8a85400bcc5809a6e838.jpg,defect,crop identity unconfirmed (products_sam generic produce defect dataset); not in carrot taxonomy,no,
test/00181_jpg.rf.12ec9b0a57a5f152796cbfcb57703066.jpg,defect,crop identity unconfirmed (products_sam generic produce defect dataset); not in carrot taxonomy,no,
test/00183_jpg.rf.74639bea5b54d385b0540776c6188f88.jpg,defect,crop identity unconfirmed (products_sam generic produce defect dataset); not in carrot taxonomy,no,
test/00186_jpg.rf.cc9d2e7a76b80b3c385e18aeaca8f2d8.jpg,defect,crop identity unconfirmed (products_sam generic produce defect dataset); not in carrot taxonomy,no,
test/00193_jpg.rf.b515d6cecf9809d3e101d80aba6fa863.jpg,defect,crop identity unconfirmed (products_sam generic produce defect dataset); not in carrot taxonomy,no,
test/001_png.rf.2e84fb1acd05311de822a7a64b7dd0ba.jpg,contamination,crop identity unconfirmed (products_sam generic produce defect dataset); not in carrot taxonomy,no,
test/001_png.rf.7baecdb2740e2dc940ef1c014e5117dc.jpg,color,crop identity unconfirmed (products_sam generic produce defect dataset); not in carrot taxonomy,no,
test/001_png.rf.ecc103735edc091ed422c7d9729f2dd8.jpg,crack,crop identity unconfirmed (products_sam generic produce defect dataset); not in carrot taxonomy,no,
test/00201_jpg.rf.2d0a89759ad184299531a6bd99853da7.jpg,defect,crop identity unconfirmed (products_sam generic produce defect dataset); not in carrot taxonomy,no,
test/00202_jpg.rf.43ca20b8995a5b1f7401cb8c708ed2f3.jpg,defect,crop identity unconfirmed (products_sam generic produce defect dataset); not in carrot taxonomy,no,
test/00214_jpg.rf.75c7c138a3fbd5b66e3be4f47d83fb63.jpg,defect,crop identity unconfirmed (products_sam generic produce defect dataset); not in carrot taxonomy,no,
test/00227_jpg.rf.897a80d8edf6c035fa28b8b7231084a0.jpg,defect,crop identity unconfirmed (products_sam generic produce defect dataset); not in carrot taxonomy,no,
test/00228_jpg.rf.309f8325d93a3ef5747d64bdead27cc5.jpg,defect,crop identity unconfirmed (products_sam generic produce defect dataset); not in carrot taxonomy,no,
test/00233_jpg.rf.54e732c13ce227731925a2e2a5d196b6.jpg,defect,crop identity unconfirmed (products_sam generic produce defect dataset); not in carrot taxonomy,no,
test/00252_jpg.rf.dd4e3fbf2667f2810fce95733910af04.jpg,defect,crop identity unconfirmed (products_sam generic produce defect dataset); not in carrot taxonomy,no,
test/00257_jpg.rf.4dec6d066a418ac8a8b60d2d9cf45565.jpg,defect,crop identity unconfirmed (products_sam generic produce defect dataset); not in carrot taxonomy,no,
test/00261_jpg.rf.d0dda9144e13b8b7734de51aa9e8125c.jpg,defect,crop identity unconfirmed (products_sam generic produce defect dataset); not in carrot taxonomy,no,
test/00265_jpg.rf.b924c33412e29f67c51eff2a59aeab97.jpg,defect,crop identity unconfirmed (products_sam generic produce defect dataset); not in carrot taxonomy,no,
test/00271_jpg.rf.a59f701745b781bc1590bb0cef2c9377.jpg,defect,crop identity unconfirmed (products_sam generic produce defect dataset); not in carrot taxonomy,no,
test/00290_jpg.rf.0c2a4685084359027a0b4e68dcc1f238.jpg,defect,crop identity unconfirmed (products_sam generic produce defect dataset); not in carrot taxonomy,no,
test/00294_jpg.rf.74e7bf62a7affc058941a887113c6212.jpg,defect,crop identity unconfirmed (products_sam generic produce defect dataset); not in carrot taxonomy,no,
test/002_png.rf.1efe625897b89d96be436ffbe0f4e829.jpg,print,crop identity unconfirmed (products_sam generic produce defect dataset); not in carrot taxonomy,no,
test/002_png.rf.298bf91c16444d5134699933325d49eb.jpg,scratch,crop identity unconfirmed (products_sam generic produce defect dataset); not in carrot taxonomy,no,
test/002_png.rf.986559e8975248efac3cdfdc44cc5bdf.jpg,poke,crop identity unconfirmed (products_sam generic produce defect dataset); not in carrot taxonomy,no,
test/00306_jpg.rf.dbae5bc2852a89a27346bf7f5406c7be.jpg,defect,crop identity unconfirmed (products_sam generic produce defect dataset); not in carrot taxonomy,no,
test/00308_jpg.rf.b9ebfd16440f6434a2ac9af3702319f7.jpg,defect,crop identity unconfirmed (products_sam generic produce defect dataset); not in carrot taxonomy,no,
test/00314_jpg.rf.840ee2600c36a613c000a33d8d0a866a.jpg,defect,crop identity unconfirmed (products_sam generic produce defect dataset); not in carrot taxonomy,no,
test/00321_jpg.rf.66e0a375b1e99a2f6a07163bc473aedc.jpg,defect,crop identity unconfirmed (products_sam generic produce defect dataset); not in carrot taxonomy,no,
test/00328_jpg.rf.d42627cc270efb645e79686affc37369.jpg,defect,crop identity unconfirmed (products_sam generic produce defect dataset); not in carrot taxonomy,no,
test/00332_jpg.rf.9251b43ab27244ba686b5e7fcaa48507.jpg,defect,crop identity unconfirmed (products_sam generic produce defect dataset); not in carrot taxonomy,no,
test/00344_jpg.rf.5cba9be1382f4a9c845bfe099f9be252.jpg,defect,crop identity unconfirmed (products_sam generic produce defect dataset); not in carrot taxonomy,no,
test/00360_jpg.rf.8f5701ca0fca0e7979305f1bf768dd54.jpg,defect,crop identity unconfirmed (products_sam generic produce defect dataset); not in carrot taxonomy,no,
test/00363_jpg.rf.d4690534fcc4380e296dd9321fc3972c.jpg,defect,crop identity unconfirmed (products_sam generic produce defect dataset); not in carrot taxonomy,no,
test/00365_jpg.rf.c2bc111a9c4808620f1a484b757b3794.jpg,defect,crop identity unconfirmed (products_sam generic produce defect dataset); not in carrot taxonomy,no,
test/00371_jpg.rf.298896285205abcd4c54a641b9484b22.jpg,defect,crop identity unconfirmed (products_sam generic produce defect dataset); not in carrot taxonomy,no,
test/00372_jpg.rf.fd2e4701c6f348a81e2b269648a79c0d.jpg,defect,crop identity unconfirmed (products_sam generic produce defect dataset); not in carrot taxonomy,no,
test/00373_jpg.rf.20809503f731f0aaaf508c396529385b.jpg,defect,crop identity unconfirmed (products_sam generic produce defect dataset); not in carrot taxonomy,no,
test/00376_jpg.rf.fdef9202d2bcd2c4e8a846f106770023.jpg,defect,crop identity unconfirmed (products_sam generic produce defect dataset); not in carrot taxonomy,no,
test/00395_jpg.rf.6e080af87a427c34fd735f75892156d2.jpg,defect,crop identity unconfirmed (products_sam generic produce defect dataset); not in carrot taxonomy,no,
test/00397_jpg.rf.1221c5559f43b4d9ff1a950b66ec4341.jpg,defect,crop identity unconfirmed (products_sam generic produce defect dataset); not in carrot taxonomy,no,
test/003_png.rf.292b5ab400c2efcfdf38cbcc36fa6c26.jpg,crack,crop identity unconfirmed (products_sam generic produce defect dataset); not in carrot taxonomy,no,
test/003_png.rf.29890060c67097e92b99407cc136ef34.jpg,crack,crop identity unconfirmed (products_sam generic produce defect dataset); not in carrot taxonomy,no,
test/00404_jpg.rf.e17e81cbc07369e46cdf32f81bc0feca.jpg,defect,crop identity unconfirmed (products_sam generic produce defect dataset); not in carrot taxonomy,no,
test/00409_jpg.rf.3907c563912d94862f83d04e120db823.jpg,defect,crop identity unconfirmed (products_sam generic produce defect dataset); not in carrot taxonomy,no,
test/00416_jpg.rf.59c6a41027402d32c68d0eb3c1a62b3f.jpg,defect,crop identity unconfirmed (products_sam generic produce defect dataset); not in carrot taxonomy,no,
test/00421_jpg.rf.7258c8e87c3fbdccf05f3903af36b6bb.jpg,defect,crop identity unconfirmed (products_sam generic produce defect dataset); not in carrot taxonomy,no,
test/00429_jpg.rf.93cbd2e3d909336914d7a89c74271be0.jpg,defect,crop identity unconfirmed (products_sam generic produce defect dataset); not in carrot taxonomy,no,
test/00439_jpg.rf.ca4c02b36a998e9130c0ebb540b5d504.jpg,defect,crop identity unconfirmed (products_sam generic produce defect dataset); not in carrot taxonomy,no,
test/00449_jpg.rf.9b84d6a743bf574bcb020c0633e04cfb.jpg,defect,crop identity unconfirmed (products_sam generic produce defect dataset); not in carrot taxonomy,no,
test/00452_jpg.rf.8bba23ca1cc477e0db7dd67ce9c4cfc9.jpg,defect,crop identity unconfirmed (products_sam generic produce defect dataset); not in carrot taxonomy,no,
test/00460_jpg.rf.339fe73c062a3ec437ad87edc594a8e1.jpg,defect,crop identity unconfirmed (products_sam generic produce defect dataset); not in carrot taxonomy,no,
test/00466_jpg.rf.dfea92341c9ebde903eaf26c2f378b97.jpg,defect,crop identity unconfirmed (products_sam generic produce defect dataset); not in carrot taxonomy,no,
test/00467_jpg.rf.cf97466fd56028344c567ead435b9a20.jpg,defect,crop identity unconfirmed (products_sam generic produce defect dataset); not in carrot taxonomy,no,
test/00468_jpg.rf.c03dbcc36b4b39d56bf3abf9a260b1f9.jpg,defect,crop identity unconfirmed (products_sam generic produce defect dataset); not in carrot taxonomy,no,
test/00478_jpg.rf.a93c4726f67bfc98c9a795469a53b38f.jpg,defect,crop identity unconfirmed (products_sam generic produce defect dataset); not in carrot taxonomy,no,
test/00483_jpg.rf.e2d85eeee33ebb560f99893a1987e46a.jpg,defect,crop identity unconfirmed (products_sam generic produce defect dataset); not in carrot taxonomy,no,
test/00490_jpg.rf.0b9b3e74717472ecd5eba726991b6ccb.jpg,defect,crop identity unconfirmed (products_sam generic produce defect dataset); not in carrot taxonomy,no,
test/00501_jpg.rf.e843fcaa966b863ded1454643e2ddd30.jpg,defect,crop identity unconfirmed (products_sam generic produce defect dataset); not in carrot taxonomy,no,
test/00509_jpg.rf.bb57f3279190cb27c267c2c608943f0b.jpg,defect,crop identity unconfirmed (products_sam generic produce defect dataset); not in carrot taxonomy,no,
test/00510_jpg.rf.3b2f0a5af8bf2aa1076a6950aca23c19.jpg,defect,crop identity unconfirmed (products_sam generic produce defect dataset); not in carrot taxonomy,no,
test/00520_jpg.rf.22c11a47f9ad02e1c8a8a22365d8c9b4.jpg,defect,crop identity unconfirmed (products_sam generic produce defect dataset); not in carrot taxonomy,no,
test/00522_jpg.rf.cbd936afe50f50834cebf723a89a9433.jpg,defect,crop identity unconfirmed (products_sam generic produce defect dataset); not in carrot taxonomy,no,
test/00526_jpg.rf.dad53dceddb5550cfa9b7363b5e5d626.jpg,defect,crop identity unconfirmed (products_sam generic produce defect dataset); not in carrot taxonomy,no,
test/00529_jpg.rf.c61ed5d2e21b3d5b958b8626af7aadf1.jpg,defect,crop identity unconfirmed (products_sam generic produce defect dataset); not in carrot taxonomy,no,
test/00532_jpg.rf.fabe99d2768b8c8fc98dc5786ead4924.jpg,defect,crop identity unconfirmed (products_sam generic produce defect dataset); not in carrot taxonomy,no,
test/00537_jpg.rf.dc104de79a9256e118121d0a49fcb127.jpg,defect,crop identity unconfirmed (products_sam generic produce defect dataset); not in carrot taxonomy,no,
test/00555_jpg.rf.b5ed34baccf06ee66e17fa64a3ca5fbc.jpg,defect,crop identity unconfirmed (products_sam generic produce defect dataset); not in carrot taxonomy,no,
test/00561_jpg.rf.b3632c60a5a69b22b9cd293a28636afb.jpg,defect,crop identity unconfirmed (products_sam generic produce defect dataset); not in carrot taxonomy,no,
test/00564_jpg.rf.262445a48c8bcbd457a8f82bf454e82b.jpg,defect,crop identity unconfirmed (products_sam generic produce defect dataset); not in carrot taxonomy,no,
test/00565_jpg.rf.17ab6c08883aaa611ce290269fc89650.jpg,defect,crop identity unconfirmed (products_sam generic produce defect dataset); not in carrot taxonomy,no,
test/00576_jpg.rf.beddb1552cf642cc392709bbd73a5965.jpg,defect,crop identity unconfirmed (products_sam generic produce defect dataset); not in carrot taxonomy,no,
test/00577_jpg.rf.44ea8b8f8c39531ac995aff8a3cff2d9.jpg,defect,crop identity unconfirmed (products_sam generic produce defect dataset); not in carrot taxonomy,no,
test/005_png.rf.a7b8bba474a63f288eaf4c3309f0f017.jpg,crack,crop identity unconfirmed (products_sam generic produce defect dataset); not in carrot taxonomy,no,
test/005_png.rf.ad2a3380b4abc69c5f0e119b3444efa3.jpg,cut,crop identity unconfirmed (products_sam generic produce defect dataset); not in carrot taxonomy,no,
test/006_png.rf.88abb97ff7220a3ef03a305fdb472bf8.jpg,cut,crop identity unconfirmed (products_sam generic produce defect dataset); not in carrot taxonomy,no,
test/006_png.rf.8cd097afca3bf9e815ff77cc890e70b5.jpg,faulty_imprint,crop identity unconfirmed (products_sam generic produce defect dataset); not in carrot taxonomy,no,
test/007_png.rf.7ab6f694105ba4a02612729da55958c8.jpg,crack,crop identity unconfirmed (products_sam generic produce defect dataset); not in carrot taxonomy,no,
test/007_png.rf.a5b29ba6638edef1448b1e4d5f17e46d.jpg,contamination,crop identity unconfirmed (products_sam generic produce defect dataset); not in carrot taxonomy,no,
test/007_png.rf.d54e8fae4b074cd1b58b490c36302fb4.jpg,faulty_imprint,crop identity unconfirmed (products_sam generic produce defect dataset); not in carrot taxonomy,no,
test/009_png.rf.0a363e51c2ae243bcc7beb9ef084a15c.jpg,crack,crop identity unconfirmed (products_sam generic produce defect dataset); not in carrot taxonomy,no,
test/009_png.rf.81b8f18251bcdda3d2f42c28bd1253cb.jpg,color,crop identity unconfirmed (products_sam generic produce defect dataset); not in carrot taxonomy,no,
test/009_png.rf.a2bf57c6eb2a671fbbe4e86095dccec9.jpg,faulty_imprint,crop identity unconfirmed (products_sam generic produce defect dataset); not in carrot taxonomy,no,
test/010_png.rf.3844dcab918f7993a3fb9200131670c0.jpg,squeeze,crop identity unconfirmed (products_sam generic produce defect dataset); not in carrot taxonomy,no,
test/010_png.rf.48ad9a6205b7119b60d5c607e868a360.jpg,combined,crop identity unconfirmed (products_sam generic produce defect dataset); not in carrot taxonomy,no,
test/010_png.rf.a191b5451dfd18ebb9e3eac3fa938892.jpg,faulty_imprint,crop identity unconfirmed (products_sam generic produce defect dataset); not in carrot taxonomy,no,
test/012_png.rf.327f6f19468d22351331ea78265d75b8.jpg,crack,crop identity unconfirmed (products_sam generic produce defect dataset); not in carrot taxonomy,no,
test/012_png.rf.8018d71559cdcc3348e8360e354099ef.jpg,hole,crop identity unconfirmed (products_sam generic produce defect dataset); not in carrot taxonomy,no,
test/013_png.rf.221420621346acad9624a114e5137c0a.jpg,hole,crop identity unconfirmed (products_sam generic produce defect dataset); not in carrot taxonomy,no,
test/013_png.rf.e7d10295d38dc66028f504cc9b5de3bf.jpg,crack,crop identity unconfirmed (products_sam generic produce defect dataset); not in carrot taxonomy,no,
test/013_png.rf.fef274ae9ebd33879cbfeef74e5e4c41.jpg,faulty_imprint,crop identity unconfirmed (products_sam generic produce defect dataset); not in carrot taxonomy,no,
test/014_png.rf.ed7fc418604a095a9f64aa27bfe9ea27.jpg,crack,crop identity unconfirmed (products_sam generic produce defect dataset); not in carrot taxonomy,no,
test/015_png.rf.43b8324ec04f8da3f72c78e6e04c579a.jpg,combined,crop identity unconfirmed (products_sam generic produce defect dataset); not in carrot taxonomy,no,
test/015_png.rf.f11d2428ca7926516c65f1ba9ea940ac.jpg,hole,crop identity unconfirmed (products_sam generic produce defect dataset); not in carrot taxonomy,no,
test/016_png.rf.5c933c9ddc207bf5523fc7b3a29ff424.jpg,scratch,crop identity unconfirmed (products_sam generic produce defect dataset); not in carrot taxonomy,no,
test/016_png.rf.95290b7ce9c59f0109b107adb8ba72a2.jpg,cut,crop identity unconfirmed (products_sam generic produce defect dataset); not in carrot taxonomy,no,
test/017_png.rf.0e2a0fa822fc1e64d613d489c7ca6fdb.jpg,color,crop identity unconfirmed (products_sam generic produce defect dataset); not in carrot taxonomy,no,
test/017_png.rf.41bfdc950f2fd477cac89ec6b70be098.jpg,crack,crop identity unconfirmed (products_sam generic produce defect dataset); not in carrot taxonomy,no,
test/018_png.rf.4cee4510c66e85ca799cbf188617f5ef.jpg,crack,crop identity unconfirmed (products_sam generic produce defect dataset); not in carrot taxonomy,no,
test/019_png.rf.1b3448bf7797b717f85042aedbb99aea.jpg,scratch,crop identity unconfirmed (products_sam generic produce defect dataset); not in carrot taxonomy,no,
test/019_png.rf.7d2ce5b96926a7829b89f9a5ede234a4.jpg,contamination,crop identity unconfirmed (products_sam generic produce defect dataset); not in carrot taxonomy,no,
test/019_png.rf.ac9bd95b886b6ec66ccbd83ab46a7901.jpg,scratch,crop identity unconfirmed (products_sam generic produce defect dataset); not in carrot taxonomy,no,
test/019_png.rf.c319b06091ff171b3f9a049cda2444f5.jpg,crack,crop identity unconfirmed (products_sam generic produce defect dataset); not in carrot taxonomy,no,
test/020_png.rf.93662bbc43e01d2c39cb45b39a49ee8d.jpg,crack,crop identity unconfirmed (products_sam generic produce defect dataset); not in carrot taxonomy,no,
test/020_png.rf.af49dbc98969b0c05b5648662ab36e07.jpg,color,crop identity unconfirmed (products_sam generic produce defect dataset); not in carrot taxonomy,no,
test/021_png.rf.8be0bcd24b263db04ac082389e652e77.jpg,scratch,crop identity unconfirmed (products_sam generic produce defect dataset); not in carrot taxonomy,no,
test/022_png.rf.7009d86c0a615dbd6258f249a7601d1f.jpg,scratch,crop identity unconfirmed (products_sam generic produce defect dataset); not in carrot taxonomy,no,
test/022_png.rf.8bc49c3063542e675bd1263f78924023.jpg,crack,crop identity unconfirmed (products_sam generic produce defect dataset); not in carrot taxonomy,no,
test/2147657789_a8064d73c1_n_jpg.rf.2455647e9311294a5aa298d414fc843c.jpg,mold-bread,crop identity unconfirmed (products_sam generic produce defect dataset); not in carrot taxonomy,no,
test/240_F_188059752_ceGLs76xYZStZVi2ChVEgsbmDDpp3GDW_jpg.rf.e349012a94f23307513409f95580841a.jpg,mold-bread,crop identity unconfirmed (products_sam generic produce defect dataset); not in carrot taxonomy,no,
test/31_jpg.rf.828a5e765b64d5278d85b27a41837d5e.jpg,mold-bread,crop identity unconfirmed (products_sam generic produce defect dataset); not in carrot taxonomy,no,
test/37_jpg.rf.daddeacb6770e8a2ed81ed61d4bb9553.jpg,mold-bread,crop identity unconfirmed (products_sam generic produce defect dataset); not in carrot taxonomy,no,
test/DSCN4608_JPG.rf.a813fd980d2e6afddb6cc8540288eb1a.jpg,anthracnose,crop identity unconfirmed (products_sam generic produce defect dataset); not in carrot taxonomy,no,
test/DSCN9550_JPG.rf.7b4b79be776a03e7b98111dab4234e9e.jpg,anthracnose,crop identity unconfirmed (products_sam generic produce defect dataset); not in carrot taxonomy,no,
test/DSC_0160_JPG.rf.8f2e79b2ef9dedb45b18d7952781b969.jpg,anthracnose,crop identity unconfirmed (products_sam generic produce defect dataset); not in carrot taxonomy,no,
test/DSC_0235_JPG.rf.9c58d463f6027b338499647bec0601ab.jpg,anthracnose,crop identity unconfirmed (products_sam generic produce defect dataset); not in carrot taxonomy,no,
test/IMG_1456_JPG.rf.464972e0332898dc064d9c403d0604e9.jpg,anthracnose,crop identity unconfirmed (products_sam generic produce defect dataset); not in carrot taxonomy,no,
test/IMG_1466_JPG.rf.c4ae356364007f1290bc17d34f1d984d.jpg,anthracnose,crop identity unconfirmed (products_sam generic produce defect dataset); not in carrot taxonomy,no,
test/IMG_3303_JPG.rf.9977e99500def255b4916566338812ef.jpg,anthracnose,crop identity unconfirmed (products_sam generic produce defect dataset); not in carrot taxonomy,no,
test/IMG_3315_JPG.rf.0839b284bee5fe37ce7bd30c7a13f3a5.jpg,anthracnose,crop identity unconfirmed (products_sam generic produce defect dataset); not in carrot taxonomy,no,
test/IMG_6616_JPG.rf.114b51bb64eacfcc513c5064964e3ae4.jpg,anthracnose,crop identity unconfirmed (products_sam generic produce defect dataset); not in carrot taxonomy,no,
test/anthracnose_fruit_rot104_jpg.rf.63445592b81db4ba369c144508aefdf1.jpg,anthracnose_fruit_rot,crop identity unconfirmed (products_sam generic produce defect dataset); not in carrot taxonomy,no,
test/anthracnose_fruit_rot15_jpg.rf.d2a1cbf0237a3400e8e7dfdb30af160b.jpg,anthracnose_fruit_rot,crop identity unconfirmed (products_sam generic produce defect dataset); not in carrot taxonomy,no,
test/anthracnose_fruit_rot18_jpg.rf.6ecae90185aae5d25fbb2017fe4f3841.jpg,anthracnose_fruit_rot,crop identity unconfirmed (products_sam generic produce defect dataset); not in carrot taxonomy,no,
test/anthracnose_fruit_rot21_jpg.rf.1359367f8311d9a77d01900f3ccf7741.jpg,anthracnose_fruit_rot,crop identity unconfirmed (products_sam generic produce defect dataset); not in carrot taxonomy,no,
test/anthracnose_fruit_rot27_jpg.rf.56d711a133484288bfaa7b7a410178ab.jpg,anthracnose_fruit_rot,crop identity unconfirmed (products_sam generic produce defect dataset); not in carrot taxonomy,no,
test/anthracnose_fruit_rot28_jpg.rf.83bd09255ed4c4c65caaf0a5dcba480e.jpg,anthracnose_fruit_rot,crop identity unconfirmed (products_sam generic produce defect dataset); not in carrot taxonomy,no,
test/anthracnose_fruit_rot41_jpg.rf.8bbfcbb44b8e0c156e84ee453f7eb24e.jpg,anthracnose_fruit_rot,crop identity unconfirmed (products_sam generic produce defect dataset); not in carrot taxonomy,no,
test/anthracnose_fruit_rot44_jpg.rf.b8aee3426665d94dae678fccd846b516.jpg,anthracnose_fruit_rot,crop identity unconfirmed (products_sam generic produce defect dataset); not in carrot taxonomy,no,
test/anthracnose_fruit_rot52_jpg.rf.6ccf5e46add8e05763e8989097abcf1e.jpg,anthracnose_fruit_rot,crop identity unconfirmed (products_sam generic produce defect dataset); not in carrot taxonomy,no,
test/anthracnose_fruit_rot63_jpg.rf.1700316e7ad8556a50a1bf3726443965.jpg,anthracnose_fruit_rot,crop identity unconfirmed (products_sam generic produce defect dataset); not in carrot taxonomy,no,
test/anthracnose_fruit_rot64_jpg.rf.4be68ccc68be49b5ba76df7e48023ce9.jpg,anthracnose_fruit_rot,crop identity unconfirmed (products_sam generic produce defect dataset); not in carrot taxonomy,no,
test/anthracnose_fruit_rot66_jpg.rf.9b35e2d38eefd8e96c09b0240d6a5ac6.jpg,anthracnose_fruit_rot,crop identity unconfirmed (products_sam generic produce defect dataset); not in carrot taxonomy,no,
test/anthracnose_fruit_rot74_jpg.rf.adeed033b394099eadbf95b45f8ec558.jpg,anthracnose_fruit_rot,crop identity unconfirmed (products_sam generic produce defect dataset); not in carrot taxonomy,no,
test/anthracnose_fruit_rot81_jpg.rf.6cba3697404980866cd3302f80852771.jpg,anthracnose_fruit_rot,crop identity unconfirmed (products_sam generic produce defect dataset); not in carrot taxonomy,no,
test/anthracnose_fruit_rot82_jpg.rf.4e5c5c516a2384230b8887c70c38f85f.jpg,anthracnose_fruit_rot,crop identity unconfirmed (products_sam generic produce defect dataset); not in carrot taxonomy,no,
test/anthracnose_fruit_rot83_jpg.rf.b0532d180f76a356f7b4f255eb9c07aa.jpg,anthracnose_fruit_rot,crop identity unconfirmed (products_sam generic produce defect dataset); not in carrot taxonomy,no,
test/anthracnose_fruit_rot97_jpg.rf.983d86e385ad4d993355cfe4ddacb53a.jpg,anthracnose_fruit_rot,crop identity unconfirmed (products_sam generic produce defect dataset); not in carrot taxonomy,no,
test/anthracnose_fruit_rot99_jpg.rf.0eb0270bba830ede6fe4e2e0323fd824.jpg,anthracnose_fruit_rot,crop identity unconfirmed (products_sam generic produce defect dataset); not in carrot taxonomy,no,
test/anthracnose_fruit_rot9_jpg.rf.159a0a0eb662b2ef81cdc4acb3f27bb0.jpg,anthracnose_fruit_rot,crop identity unconfirmed (products_sam generic produce defect dataset); not in carrot taxonomy,no,
test/g1-845-_JPG_jpg.rf.11cab78ee727e6b4a693a2e7c8fe7d9e.jpg,leaf scorch,crop identity unconfirmed (products_sam generic produce defect dataset); not in carrot taxonomy,no,
test/g1-971-_JPG_jpg.rf.cf65bdf6979ca7a4d89d7b45c807cabc.jpg,leaf scorch,crop identity unconfirmed (products_sam generic produce defect dataset); not in carrot taxonomy,no,
test/g1-978-_JPG_jpg.rf.bfabde8275050313f0a0282f442ddee1.jpg,leaf scorch,crop identity unconfirmed (products_sam generic produce defect dataset); not in carrot taxonomy,no,
test/gray_mold112_jpg.rf.477bd201a5a928a98926b2d554b6749d.jpg,gray_mold,crop identity unconfirmed (products_sam generic produce defect dataset); not in carrot taxonomy,no,
test/gray_mold163_jpg.rf.854141e67d0e30992e1411effefbde64.jpg,gray_mold,crop identity unconfirmed (products_sam generic produce defect dataset); not in carrot taxonomy,no,
test/gray_mold170_jpg.rf.994199050c0713efc8a416f70d9d9f86.jpg,gray_mold,crop identity unconfirmed (products_sam generic produce defect dataset); not in carrot taxonomy,no,
test/gray_mold174_jpg.rf.b318f72b031eb23aeb8dfe6742231168.jpg,gray_mold,crop identity unconfirmed (products_sam generic produce defect dataset); not in carrot taxonomy,no,
test/gray_mold30_jpg.rf.5972abb243f00e0973499cc45f33636e.jpg,gray_mold,crop identity unconfirmed (products_sam generic produce defect dataset); not in carrot taxonomy,no,
test/gray_mold38_jpg.rf.c51756e24ca462fbd4f9c8ccee2cc4e3.jpg,gray_mold,crop identity unconfirmed (products_sam generic produce defect dataset); not in carrot taxonomy,no,
test/gray_mold42_jpg.rf.712895fdfc351bfdebb352d55d8013e5.jpg,gray_mold,crop identity unconfirmed (products_sam generic produce defect dataset); not in carrot taxonomy,no,
test/gray_mold45_jpg.rf.426f39aceca853061aa5f64d49f077e9.jpg,gray_mold,crop identity unconfirmed (products_sam generic produce defect dataset); not in carrot taxonomy,no,
test/gray_mold53_jpg.rf.a4cbf24afae5c29157137d936d074c25.jpg,gray_mold,crop identity unconfirmed (products_sam generic produce defect dataset); not in carrot taxonomy,no,
test/gray_mold58_jpg.rf.4909b7d3646d683f59c00def91c34978.jpg,gray_mold,crop identity unconfirmed (products_sam generic produce defect dataset); not in carrot taxonomy,no,
test/gray_mold65_jpg.rf.b0f9bf6729467a492508874294eab27a.jpg,gray_mold,crop identity unconfirmed (products_sam generic produce defect dataset); not in carrot taxonomy,no,
test/gray_mold71_jpg.rf.a6138def72865fbe94bc2e9d2e122600.jpg,gray_mold,crop identity unconfirmed (products_sam generic produce defect dataset); not in carrot taxonomy,no,
test/gray_mold84_jpg.rf.8bc84c04c3c7cfa48164e720f906a58d.jpg,gray_mold,crop identity unconfirmed (products_sam generic produce defect dataset); not in carrot taxonomy,no,
test/gray_mold90_jpg.rf.56eee46b0060174b63b1ab24e2b36b0c.jpg,gray_mold,crop identity unconfirmed (products_sam generic produce defect dataset); not in carrot taxonomy,no,
test/image-102-_JPG_jpg.rf.9aa1d6fe4892ceaec0906a0234d8a5f7.jpg,bacterial_spot,crop identity unconfirmed (products_sam generic produce defect dataset); not in carrot taxonomy,no,
test/image-105-_JPG_jpg.rf.cf8c9d0d5953bc7fc6e93b53b8d0b9f7.jpg,scab,crop identity unconfirmed (products_sam generic produce defect dataset); not in carrot taxonomy,no,
test/image-112-_JPG_jpg.rf.932d90a1b5c578bc4b0d1c8be7394401.jpg,scab,crop identity unconfirmed (products_sam generic produce defect dataset); not in carrot taxonomy,no,
test/image-130-_JPG_jpg.rf.1d38166328a035bdcd7aadc3a9fa1c47.jpg,scab,crop identity unconfirmed (products_sam generic produce defect dataset); not in carrot taxonomy,no,
test/image-134-_JPG_jpg.rf.c33bc47ae9cf16eccede8c6fdff0efe2.jpg,leaf scorch,crop identity unconfirmed (products_sam generic produce defect dataset); not in carrot taxonomy,no,
test/image-167-_JPG_jpg.rf.7bb594d3d0dc76800d748cbed8105e3d.jpg,rust,crop identity unconfirmed (products_sam generic produce defect dataset); not in carrot taxonomy,no,
test/image-179-_JPG_jpg.rf.fc1c61cbc42f927b8042794fc06102e2.jpg,esca,crop identity unconfirmed (products_sam generic produce defect dataset); not in carrot taxonomy,no,
test/image-187-_JPG_jpg.rf.66d23a9455ed1edc01b29ff9f5f4489d.jpg,early_blight,crop identity unconfirmed (products_sam generic produce defect dataset); not in carrot taxonomy,no,
test/image-2-_JPG_jpg.rf.942d08ac62bc482ad2aeda9dc4f0f4a6.jpg,late_blight,crop identity unconfirmed (products_sam generic produce defect dataset); not in carrot taxonomy,no,
test/image-20-_JPG_jpg.rf.99ec2dd6a81f96734ccc1a9bc1604d23.jpg,esca,crop identity unconfirmed (products_sam generic produce defect dataset); not in carrot taxonomy,no,
test/image-202-_JPG_jpg.rf.4e6e8dc128d4a828991ad0f023591fe9.jpg,leaf scorch,crop identity unconfirmed (products_sam generic produce defect dataset); not in carrot taxonomy,no,
test/image-33-_JPG_jpg.rf.37e2ea92dabc1db84b2482606caa29eb.jpg,black_rot,crop identity unconfirmed (products_sam generic produce defect dataset); not in carrot taxonomy,no,
test/image-41-_JPG_jpg.rf.f3848cf35afae4976ccbb2a4cef1439a.jpg,leaf scorch,crop identity unconfirmed (products_sam generic produce defect dataset); not in carrot taxonomy,no,
test/image-423-_JPG_jpg.rf.43716e19f6b516d014330573cfdfc453.jpg,late_blight,crop identity unconfirmed (products_sam generic produce defect dataset); not in carrot taxonomy,no,
test/image-424-_JPG_jpg.rf.4c761ec3dcb1dc1d0216f5aa77493ea3.jpg,esca,crop identity unconfirmed (products_sam generic produce defect dataset); not in carrot taxonomy,no,
test/image-470-_JPG_jpg.rf.ec2c8e00f82ed10139dc2118fbf06d16.jpg,esca,crop identity unconfirmed (products_sam generic produce defect dataset); not in carrot taxonomy,no,
test/image-484-_JPG_jpg.rf.414e6862d26852768eed5b420deb1add.jpg,esca,crop identity unconfirmed (products_sam generic produce defect dataset); not in carrot taxonomy,no,
test/image-5-_JPG_jpg.rf.cc532160a8c99af75c14c323ee050add.jpg,late_blight,crop identity unconfirmed (products_sam generic produce defect dataset); not in carrot taxonomy,no,
test/image-50-_JPG_jpg.rf.e2da16e22edaa6f3c9a70b65f4578f56.jpg,scab,crop identity unconfirmed (products_sam generic produce defect dataset); not in carrot taxonomy,no,
test/image-587-_JPG_jpg.rf.6b9aec693d77dda79b6d91d26b3592b5.jpg,mold,crop identity unconfirmed (products_sam generic produce defect dataset); not in carrot taxonomy,no,
test/image-607-_JPG_jpg.rf.01ffcf64d2e726ea31e11f0e6aaf497c.jpg,late_blight,crop identity unconfirmed (products_sam generic produce defect dataset); not in carrot taxonomy,no,
test/image-756-_JPG_jpg.rf.86cc2a128db92b74e2bd21074d72a2e4.jpg,mold,crop identity unconfirmed (products_sam generic produce defect dataset); not in carrot taxonomy,no,
test/image-76-_JPG_jpg.rf.31be522023b1ce47fa68d13b86c44f3e.jpg,scab,crop identity unconfirmed (products_sam generic produce defect dataset); not in carrot taxonomy,no,
test/image-83-_JPG_jpg.rf.8ccdf400f61bbc3b7cdd7810cfa29582.jpg,mold,crop identity unconfirmed (products_sam generic produce defect dataset); not in carrot taxonomy,no,
test/image-874-_JPG_jpg.rf.efe0eb9811b5be18d7597206483db17b.jpg,esca,crop identity unconfirmed (products_sam generic produce defect dataset); not in carrot taxonomy,no,
test/image-875-_JPG_jpg.rf.18c86aad373de0b890f3deb5178960bb.jpg,mold,crop identity unconfirmed (products_sam generic produce defect dataset); not in carrot taxonomy,no,
test/image-889-_JPG_jpg.rf.3e86a088c8b2e5bb11a3839dcdf5be17.jpg,early_blight,crop identity unconfirmed (products_sam generic produce defect dataset); not in carrot taxonomy,no,
test/image-92-_JPG_jpg.rf.066e11edfcf24e531f076f0dd92badb0.jpg,black_rot,crop identity unconfirmed (products_sam generic produce defect dataset); not in carrot taxonomy,no,
test/images-1-_jpeg_jpg.rf.c8297b06b33541d02f23063571f636f1.jpg,mold-bread,crop identity unconfirmed (products_sam generic produce defect dataset); not in carrot taxonomy,no,
test/istockphoto-578803614-612x612_jpg.rf.0e6ee3c94f520d3d91d9bd1744cf069e.jpg,mold-bread,crop identity unconfirmed (products_sam generic produce defect dataset); not in carrot taxonomy,no,
test/orange_11_jpg.rf.925a18704449f393b4b17b01fe7186d4.jpg,bruise,crop identity unconfirmed (products_sam generic produce defect dataset); not in carrot taxonomy,no,
test/orange_14_jpg.rf.9e3bd1b60b49fd26c42bf3799518426f.jpg,bruise,crop identity unconfirmed (products_sam generic produce defect dataset); not in carrot taxonomy,no,
test/orange_19_jpeg_jpg.rf.c13a82c9b2dae7449177412db69c9e45.jpg,bruise,crop identity unconfirmed (products_sam generic produce defect dataset); not in carrot taxonomy,no,
