source_file,detected_plant,detected_part,output_path,duplicate_status,invalid_status,reason,decision_source
Fruits Model.v1i.yolov11/test/images/0_jpg.rf.e4a18127f4076acf447f4facf0a837b1.jpg,,,,,ambiguous,empty_annotation,yolo_label
Fruits Model.v1i.yolov11/test/images/17_jpg.rf.b09f5b7a5ad2b3e4e0e79ff61c1455fe.jpg,,,,,ambiguous,empty_annotation,yolo_label
Fruits Model.v1i.yolov11/test/images/20_jpg.rf.7dab4c35cdde33f2ed7005e4638d213e.jpg,,,,,ambiguous,empty_annotation,yolo_label
Fruits Model.v1i.yolov11/test/images/21_jpg.rf.e055bd8c3eb08555998eaab0fe58d5a0.jpg,,,,,ambiguous,empty_annotation,yolo_label
Fruits Model.v1i.yolov11/test/images/34_jpg.rf.b44833745cb56dd900649aa8c2b151d4.jpg,,,,,ambiguous,empty_annotation,yolo_label
Fruits Model.v1i.yolov11/test/images/36_jpg.rf.90c6e4b7c0fbfe6122bd4e8ffc18869d.jpg,,,,,ambiguous,empty_annotation,yolo_label
Fruits Model.v1i.yolov11/test/images/38_jpg.rf.e83d7f3e14739777edbe9c004413dd65.jpg,,,,,ambiguous,empty_annotation,yolo_label
Fruits Model.v1i.yolov11/test/images/42_jpg.rf.685c9778bed63aebc1d8e785b900d854.jpg,,,,,ambiguous,empty_annotation,yolo_label
Fruits Model.v1i.yolov11/test/images/46_jpg.rf.f24029e325784605512e92a79305f7b7.jpg,,,,,ambiguous,empty_annotation,yolo_label
Fruits Model.v1i.yolov11/test/images/53_jpg.rf.557da67d3ee0d117895eb0ca820412ca.jpg,,,,,ambiguous,empty_annotation,yolo_label
Fruits Model.v1i.yolov11/test/images/56_jpg.rf.40232a194dbbf972238aac82c9de9962.jpg,,,,,ambiguous,empty_annotation,yolo_label
Fruits Model.v1i.yolov11/test/images/56_jpg.rf.a85b5f1d0bcfbec729f6c1b4d74996ca.jpg,,,,,ambiguous,empty_annotation,yolo_label
Fruits Model.v1i.yolov11/test/images/58_jpg.rf.2fa30327ee28f959081985f9f4580daa.jpg,,,,,ambiguous,empty_annotation,yolo_label
Fruits Model.v1i.yolov11/test/images/59_jpg.rf.bda70f4493757e4e42d4c215545e8a62.jpg,,,,,ambiguous,empty_annotation,yolo_label
Fruits Model.v1i.yolov11/test/images/60_jpg.rf.a7ae2788fcd5784a4803948f3d46b6f1.jpg,,,,,ambiguous,empty_annotation,yolo_label
Fruits Model.v1i.yolov11/test/images/63_jpg.rf.7b26ad988e1c69ac54dd925f88cd4694.jpg,,,,,ambiguous,empty_annotation,yolo_label
Fruits Model.v1i.yolov11/test/images/68_jpg.rf.65705d7a85430bae9d83e0e9497f678b.jpg,,,,,ambiguous,empty_annotation,yolo_label
Fruits Model.v1i.yolov11/test/images/6_jpg.rf.400ef4fbacf6ebda2eb3bf05ffb34d17.jpg,,,,,ambiguous,empty_annotation,yolo_label
Fruits Model.v1i.yolov11/test/images/6_jpg.rf.e4d192f40005ea7e91908837532ac3d9.jpg,,,,,ambiguous,empty_annotation,yolo_label
Fruits Model.v1i.yolov11/test/images/725_jpg.rf.30a85829065a0e867275036428c17fe8.jpg,,,,,ambiguous,empty_annotation,yolo_label
Fruits Model.v1i.yolov11/test/images/731_jpg.rf.265bb9ef157be02c8f0f7638032553e6.jpg,,,,,ambiguous,empty_annotation,yolo_label
Fruits Model.v1i.yolov11/test/images/732_jpg.rf.50e3faccd567fc347e0213e3ce0eb8b1.jpg,,,,,ambiguous,empty_annotation,yolo_label
Fruits Model.v1i.yolov11/test/images/734_jpg.rf.5d8112dcf822c06839d9f9f0e198437c.jpg,,,,,ambiguous,empty_annotation,yolo_label
Fruits Model.v1i.yolov11/test/images/7_jpg.rf.9dc808dd6beef6d8514d6ced77d483c4.jpg,,,,,ambiguous,empty_annotation,yolo_label
Fruits Model.v1i.yolov11/test/images/81_jpg.rf.5e5453f970b8dbdd768762d36f36e0ce.jpg,,,,,ambiguous,empty_annotation,yolo_label
Fruits Model.v1i.yolov11/test/images/84_jpg.rf.7d1e1df952ca2652bd7d5f0df45b83b1.jpg,,,,,ambiguous,empty_annotation,yolo_label
Fruits Model.v1i.yolov11/test/images/88_jpg.rf.40ff94e61b0d9c2b1ed5a6c3ab5ae6cc.jpg,,,,,ambiguous,empty_annotation,yolo_label
Fruits Model.v1i.yolov11/test/images/89_jpg.rf.7856761e235d4ceeecc6a377d13b5d13.jpg,,,,,ambiguous,empty_annotation,yolo_label
Fruits Model.v1i.yolov11/test/images/8_jpg.rf.4466f87a441681a7ad47ce3e77f16232.jpg,,,,,ambiguous,empty_annotation,yolo_label
Fruits Model.v1i.yolov11/test/images/9_jpg.rf.10f1c4bbccd856f4baa1fb66bd92c2fc.jpg,,,,,ambiguous,empty_annotation,yolo_label
Fruits Model.v1i.yolov11/train/images/0_jpg.rf.199d3ce589b2a1e2bc638a3824fc3785.jpg,,,,,ambiguous,empty_annotation,yolo_label
Fruits Model.v1i.yolov11/train/images/0_jpg.rf.d6f1bb8cc0887beb49e49e604cf003cf.jpg,,,,,ambiguous,empty_annotation,yolo_label
Fruits Model.v1i.yolov11/train/images/0_jpg.rf.de0553cd3417d010a8a3ae64519f6262.jpg,,,,,ambiguous,empty_annotation,yolo_label
Fruits Model.v1i.yolov11/train/images/10_jpg.rf.5d0c57a8751c9993a893f11bc72f18ba.jpg,,,,,ambiguous,empty_annotation,yolo_label
Fruits Model.v1i.yolov11/train/images/10_jpg.rf.7bc996daad3053e993ef30d0cc41bebd.jpg,,,,,ambiguous,empty_annotation,yolo_label
Fruits Model.v1i.yolov11/train/images/10_jpg.rf.9f28cdd905b29c2b7eb033d11b6ce139.jpg,,,,,ambiguous,empty_annotation,yolo_label
Fruits Model.v1i.yolov11/train/images/10_jpg.rf.b9f87848067a27bf29586b5448c02e98.jpg,,,,,ambiguous,empty_annotation,yolo_label
Fruits Model.v1i.yolov11/train/images/10_jpg.rf.c967a405e7508f4945e8fddbd2554cdf.jpg,,,,,ambiguous,empty_annotation,yolo_label
Fruits Model.v1i.yolov11/train/images/10_jpg.rf.fc6caf5619c3562ac842003c0e44679b.jpg,,,,,ambiguous,empty_annotation,yolo_label
Fruits Model.v1i.yolov11/train/images/11_jpg.rf.17217f8664259d721c1423fed11b1764.jpg,,,,,ambiguous,empty_annotation,yolo_label
Fruits Model.v1i.yolov11/train/images/11_jpg.rf.2e49889c6d4d17854553449efbaa5774.jpg,,,,,ambiguous,empty_annotation,yolo_label
Fruits Model.v1i.yolov11/train/images/11_jpg.rf.4a47c24163e80ce59cfbb255d2189e31.jpg,,,,,ambiguous,empty_annotation,yolo_label
Fruits Model.v1i.yolov11/train/images/11_jpg.rf.64aa47ff28be5230ce52aa39bcc77c75.jpg,,,,,ambiguous,empty_annotation,yolo_label
Fruits Model.v1i.yolov11/train/images/11_jpg.rf.c8c75edf5919a44b8533211ce6014cec.jpg,,,,,ambiguous,empty_annotation,yolo_label
Fruits Model.v1i.yolov11/train/images/11_jpg.rf.dbf525a7a866cf5f6f9595431322218e.jpg,,,,,ambiguous,empty_annotation,yolo_label
Fruits Model.v1i.yolov11/train/images/12_jpg.rf.104562a42ae8369c345a752ba6f6d137.jpg,,,,,ambiguous,empty_annotation,yolo_label
Fruits Model.v1i.yolov11/train/images/12_jpg.rf.18c3875116fe68c8f9d537b1d2770d13.jpg,,,,,ambiguous,empty_annotation,yolo_label
Fruits Model.v1i.yolov11/train/images/12_jpg.rf.1a8f71ec6c7cdc419dae1875c237417e.jpg,,,,,ambiguous,empty_annotation,yolo_label
Fruits Model.v1i.yolov11/train/images/12_jpg.rf.669184f37e16a1962047226b040d1473.jpg,,,,,ambiguous,empty_annotation,yolo_label
Fruits Model.v1i.yolov11/train/images/12_jpg.rf.801f2c9010f5cade97895ff2631d4c24.jpg,,,,,ambiguous,empty_annotation,yolo_label
Fruits Model.v1i.yolov11/train/images/12_jpg.rf.c4109b0799e8acf0223b60a6df13560f.jpg,,,,,ambiguous,empty_annotation,yolo_label
Fruits Model.v1i.yolov11/train/images/13_jpg.rf.5d46fde0b30b319c68f56730680df547.jpg,,,,,ambiguous,empty_annotation,yolo_label
Fruits Model.v1i.yolov11/train/images/13_jpg.rf.b74df81fb8a5502d6d37d5bd2976daaf.jpg,,,,,ambiguous,empty_annotation,yolo_label
Fruits Model.v1i.yolov11/train/images/13_jpg.rf.d0e74b2db02f9dc0066afdde74b6feed.jpg,,,,,ambiguous,empty_annotation,yolo_label
Fruits Model.v1i.yolov11/train/images/14_jpg.rf.1c51e22f307d828695c5c2c922947656.jpg,,,,,ambiguous,empty_annotation,yolo_label
Fruits Model.v1i.yolov11/train/images/14_jpg.rf.3701c763dee5a70e55c6c38542a42a31.jpg,,,,,ambiguous,empty_annotation,yolo_label
Fruits Model.v1i.yolov11/train/images/14_jpg.rf.7f86d6233b4e84d1255a35eb558d5345.jpg,,,,,ambiguous,empty_annotation,yolo_label
Fruits Model.v1i.yolov11/train/images/14_jpg.rf.ae7d44a7f73bf0dad006bbc56d62ea14.jpg,,,,,ambiguous,empty_annotation,yolo_label
Fruits Model.v1i.yolov11/train/images/14_jpg.rf.e853b260b2c786d54c33c418885cfc9d.jpg,,,,,ambiguous,empty_annotation,yolo_label
Fruits Model.v1i.yolov11/train/images/14_jpg.rf.f33c2ad01063548d49b229bf11f11f2a.jpg,,,,,ambiguous,empty_annotation,yolo_label
Fruits Model.v1i.yolov11/train/images/15_jpg.rf.17baa7dacc217d72953e09a121d8086d.jpg,,,,,ambiguous,empty_annotation,yolo_label
Fruits Model.v1i.yolov11/train/images/15_jpg.rf.1f40cce9571e8d4a1010642e5509240d.jpg,,,,,ambiguous,empty_annotation,yolo_label
Fruits Model.v1i.yolov11/train/images/15_jpg.rf.5c3878e371d9848c9ac30b35bd6f6b8f.jpg,,,,,ambiguous,empty_annotation,yolo_label
Fruits Model.v1i.yolov11/train/images/15_jpg.rf.d726b4477dc988bcdefc6f1d261ebf09.jpg,,,,,ambiguous,empty_annotation,yolo_label
Fruits Model.v1i.yolov11/train/images/15_jpg.rf.e15baceb04fa7dccaab37b41948fd7ff.jpg,,,,,ambiguous,empty_annotation,yolo_label
Fruits Model.v1i.yolov11/train/images/15_jpg.rf.e59581e2aa0a25731b5b8dd82d511a3d.jpg,,,,,ambiguous,empty_annotation,yolo_label
Fruits Model.v1i.yolov11/train/images/16_jpg.rf.11b21c541d789d5b0871b94644510230.jpg,,,,,ambiguous,empty_annotation,yolo_label
Fruits Model.v1i.yolov11/train/images/16_jpg.rf.3faf50317856f84ebd5cae221e17d8d5.jpg,,,,,ambiguous,empty_annotation,yolo_label
Fruits Model.v1i.yolov11/train/images/16_jpg.rf.6c0b2f2537e3f7721253236b90ac0600.jpg,,,,,ambiguous,empty_annotation,yolo_label
Fruits Model.v1i.yolov11/train/images/16_jpg.rf.9648a209c48cd41b6fa68fd44d5431d6.jpg,,,,,ambiguous,empty_annotation,yolo_label
Fruits Model.v1i.yolov11/train/images/16_jpg.rf.f74da5ae93cea7bffe38f372e9f03156.jpg,,,,,ambiguous,empty_annotation,yolo_label
Fruits Model.v1i.yolov11/train/images/16_jpg.rf.fa831b7f1a398d49469a754819d674e6.jpg,,,,,ambiguous,empty_annotation,yolo_label
Fruits Model.v1i.yolov11/train/images/17_jpg.rf.1caf1582647c753c67d386193786cf94.jpg,,,,,ambiguous,empty_annotation,yolo_label
Fruits Model.v1i.yolov11/train/images/17_jpg.rf.47cd8329d1197243f56b7fe56d25cb2b.jpg,,,,,ambiguous,empty_annotation,yolo_label
Fruits Model.v1i.yolov11/train/images/17_jpg.rf.724e7dfb09213673db22e6e35e20709b.jpg,,,,,ambiguous,empty_annotation,yolo_label
Fruits Model.v1i.yolov11/train/images/17_jpg.rf.ada503af76c55b2c59a906f0525624b0.jpg,,,,,ambiguous,empty_annotation,yolo_label
Fruits Model.v1i.yolov11/train/images/17_jpg.rf.bc4abf66a9151b4900fe543e1bbbe6fa.jpg,,,,,ambiguous,empty_annotation,yolo_label
Fruits Model.v1i.yolov11/train/images/17_jpg.rf.d7bb655cf82ab559326450708eac24e4.jpg,,,,,ambiguous,empty_annotation,yolo_label
Fruits Model.v1i.yolov11/train/images/18_jpg.rf.273f56d284298b66b52150fd71a638f9.jpg,,,,,ambiguous,empty_annotation,yolo_label
Fruits Model.v1i.yolov11/train/images/18_jpg.rf.4a30b4a791f748737afb81a30a0b1b94.jpg,,,,,ambiguous,empty_annotation,yolo_label
Fruits Model.v1i.yolov11/train/images/18_jpg.rf.5a4d6dfdaa5ce61dcadb684a9e731386.jpg,,,,,ambiguous,empty_annotation,yolo_label
Fruits Model.v1i.yolov11/train/images/18_jpg.rf.968f3d9bc4e43d798e4905ec64c637bb.jpg,,,,,ambiguous,empty_annotation,yolo_label
Fruits Model.v1i.yolov11/train/images/18_jpg.rf.9de8a4a6eb99cd97357373a39eb71aca.jpg,,,,,ambiguous,empty_annotation,yolo_label
Fruits Model.v1i.yolov11/train/images/18_jpg.rf.b0728f8afd5cac90eb07970cee017cd1.jpg,,,,,ambiguous,empty_annotation,yolo_label
Fruits Model.v1i.yolov11/train/images/18_jpg.rf.c40788dd5f3115c784531aca622013b9.jpg,,,,,ambiguous,empty_annotation,yolo_label
Fruits Model.v1i.yolov11/train/images/18_jpg.rf.e0750462b5da685be958c9801f73ad8f.jpg,,,,,ambiguous,empty_annotation,yolo_label
Fruits Model.v1i.yolov11/train/images/18_jpg.rf.e8f91e11300047f34bc14216cec15b43.jpg,,,,,ambiguous,empty_annotation,yolo_label
Fruits Model.v1i.yolov11/train/images/19_jpg.rf.21d72e58ee25c4616664464f4ab9ca3a.jpg,,,,,ambiguous,empty_annotation,yolo_label
Fruits Model.v1i.yolov11/train/images/19_jpg.rf.9a1614fae8eedd7c87509fd8f3cb04b3.jpg,,,,,ambiguous,empty_annotation,yolo_label
Fruits Model.v1i.yolov11/train/images/19_jpg.rf.a2edfc5f091c0ed5093d6265223a16cb.jpg,,,,,ambiguous,empty_annotation,yolo_label
Fruits Model.v1i.yolov11/train/images/19_jpg.rf.cf7d11c4b8f9b3abef121852b4d42483.jpg,,,,,ambiguous,empty_annotation,yolo_label
Fruits Model.v1i.yolov11/train/images/19_jpg.rf.d0680d42fbfcd54a67787f3bd80885c5.jpg,,,,,ambiguous,empty_annotation,yolo_label
Fruits Model.v1i.yolov11/train/images/19_jpg.rf.e89ab8b44c571f08a045794e2c404e47.jpg,,,,,ambiguous,empty_annotation,yolo_label
Fruits Model.v1i.yolov11/train/images/1_jpg.rf.204817c9d5551e9c0f4eabd88e39ad29.jpg,,,,,ambiguous,empty_annotation,yolo_label
Fruits Model.v1i.yolov11/train/images/1_jpg.rf.2ba4ca76a334e3b4680fdd7530e22e92.jpg,,,,,ambiguous,empty_annotation,yolo_label
Fruits Model.v1i.yolov11/train/images/1_jpg.rf.8e3fca2c4f6b3b01b01fbc679c2445f1.jpg,,,,,ambiguous,empty_annotation,yolo_label
Fruits Model.v1i.yolov11/train/images/1_jpg.rf.ab4a80af72ddb84fefcc9fbf6915f006.jpg,,,,,ambiguous,empty_annotation,yolo_label
Fruits Model.v1i.yolov11/train/images/1_jpg.rf.cdfca96f9eff65b172f47c208df7c719.jpg,,,,,ambiguous,empty_annotation,yolo_label
Fruits Model.v1i.yolov11/train/images/1_jpg.rf.f727003adda8a436b184c950123fc519.jpg,,,,,ambiguous,empty_annotation,yolo_label
Fruits Model.v1i.yolov11/train/images/20_jpg.rf.6ee4af0eba5a43b9ac81d7343028babe.jpg,,,,,ambiguous,empty_annotation,yolo_label
Fruits Model.v1i.yolov11/train/images/20_jpg.rf.73af6450f07f0a239d725ec3d6128566.jpg,,,,,ambiguous,empty_annotation,yolo_label
Fruits Model.v1i.yolov11/train/images/20_jpg.rf.98a0fc88965e63cb287ab805f2d05018.jpg,,,,,ambiguous,empty_annotation,yolo_label
Fruits Model.v1i.yolov11/train/images/22_jpg.rf.53a5f591d4d8da02799414acee77d27d.jpg,,,,,ambiguous,empty_annotation,yolo_label
Fruits Model.v1i.yolov11/train/images/22_jpg.rf.74584b0628a63799c1d306e11e7f56ed.jpg,,,,,ambiguous,empty_annotation,yolo_label
Fruits Model.v1i.yolov11/train/images/22_jpg.rf.d7ce04d851a6f71981f12d8d3da0c5ca.jpg,,,,,ambiguous,empty_annotation,yolo_label
Fruits Model.v1i.yolov11/train/images/23_jpg.rf.21051063483c1586d9ac7e5c3b38b592.jpg,,,,,ambiguous,empty_annotation,yolo_label
Fruits Model.v1i.yolov11/train/images/23_jpg.rf.e1c7cbe757431b943aada47bd53c9f06.jpg,,,,,ambiguous,empty_annotation,yolo_label
Fruits Model.v1i.yolov11/train/images/23_jpg.rf.ec12d843f9a259d72d24e68e686e3234.jpg,,,,,ambiguous,empty_annotation,yolo_label
Fruits Model.v1i.yolov11/train/images/24_jpg.rf.480c7f445132ffd7fa86acf3b3216669.jpg,,,,,ambiguous,empty_annotation,yolo_label
Fruits Model.v1i.yolov11/train/images/24_jpg.rf.5dfb23d88ce1f279969f376b46df51fd.jpg,,,,,ambiguous,empty_annotation,yolo_label
Fruits Model.v1i.yolov11/train/images/24_jpg.rf.607a6e14f36fa38b8624f799edaf9a70.jpg,,,,,ambiguous,empty_annotation,yolo_label
Fruits Model.v1i.yolov11/train/images/24_jpg.rf.8689ba52509a4a50cee64109677e5d0e.jpg,,,,,ambiguous,empty_annotation,yolo_label
Fruits Model.v1i.yolov11/train/images/24_jpg.rf.f4ebe73ce173c5bbe76994417e392136.jpg,,,,,ambiguous,empty_annotation,yolo_label
Fruits Model.v1i.yolov11/train/images/24_jpg.rf.fc62c9c7d9557295e6626e691ae79cc7.jpg,,,,,ambiguous,empty_annotation,yolo_label
Fruits Model.v1i.yolov11/train/images/25_jpg.rf.1ba7ad60a21d7f9f93194525a22cc0f0.jpg,,,,,ambiguous,empty_annotation,yolo_label
Fruits Model.v1i.yolov11/train/images/25_jpg.rf.916058f6416ee1dac49f51e7a553528b.jpg,,,,,ambiguous,empty_annotation,yolo_label
Fruits Model.v1i.yolov11/train/images/25_jpg.rf.c83ad05ec53f1102b00109f91bf9197e.jpg,,,,,ambiguous,empty_annotation,yolo_label
Fruits Model.v1i.yolov11/train/images/26_jpg.rf.061ca97e247fdeb72133fa229b167c2c.jpg,,,,,ambiguous,empty_annotation,yolo_label
Fruits Model.v1i.yolov11/train/images/26_jpg.rf.0c0ca667e129f58ef2dbe3d76577a1a1.jpg,,,,,ambiguous,empty_annotation,yolo_label
Fruits Model.v1i.yolov11/train/images/26_jpg.rf.b5c0d19d732a6384d8ac535041568ca5.jpg,,,,,ambiguous,empty_annotation,yolo_label
Fruits Model.v1i.yolov11/train/images/27_jpg.rf.0870fe0a1eccfd040fe78279bce7389e.jpg,,,,,ambiguous,empty_annotation,yolo_label
Fruits Model.v1i.yolov11/train/images/27_jpg.rf.27ca5284c42c882f33d0b557045705f1.jpg,,,,,ambiguous,empty_annotation,yolo_label
Fruits Model.v1i.yolov11/train/images/27_jpg.rf.3c526e3dd6ec95758750aa56a9c01a57.jpg,,,,,ambiguous,empty_annotation,yolo_label
Fruits Model.v1i.yolov11/train/images/27_jpg.rf.455e476c83f7e416ad06164623b06db6.jpg,,,,,ambiguous,empty_annotation,yolo_label
Fruits Model.v1i.yolov11/train/images/27_jpg.rf.5a7aa7f22eac9a97f894c141a2dcf5de.jpg,,,,,ambiguous,empty_annotation,yolo_label
Fruits Model.v1i.yolov11/train/images/28_jpg.rf.34d1eb110352b49cdf6e19fc9b2261b6.jpg,,,,,ambiguous,empty_annotation,yolo_label
Fruits Model.v1i.yolov11/train/images/28_jpg.rf.3972e57507305a3b695fa7886cf33013.jpg,,,,,ambiguous,empty_annotation,yolo_label
Fruits Model.v1i.yolov11/train/images/28_jpg.rf.99756d81861e66054692a009c36114dd.jpg,,,,,ambiguous,empty_annotation,yolo_label
Fruits Model.v1i.yolov11/train/images/28_jpg.rf.bb8e6aba82a96d3a802e6dd974cceacd.jpg,,,,,ambiguous,empty_annotation,yolo_label
Fruits Model.v1i.yolov11/train/images/28_jpg.rf.bdad179cb842f97048005ed218c11dc6.jpg,,,,,ambiguous,empty_annotation,yolo_label
Fruits Model.v1i.yolov11/train/images/28_jpg.rf.fbd8ea98dc53ef96ff11f452db221e88.jpg,,,,,ambiguous,empty_annotation,yolo_label
Fruits Model.v1i.yolov11/train/images/29_jpg.rf.15faff0143312c063ada251ad8acb6f9.jpg,,,,,ambiguous,empty_annotation,yolo_label
Fruits Model.v1i.yolov11/train/images/29_jpg.rf.23b675e52346d378a709c74965a1fecb.jpg,,,,,ambiguous,empty_annotation,yolo_label
Fruits Model.v1i.yolov11/train/images/29_jpg.rf.673568fcec130b308795de5732b17b4d.jpg,,,,,ambiguous,empty_annotation,yolo_label
Fruits Model.v1i.yolov11/train/images/29_jpg.rf.9afb4d251795706afa162a3c290d6130.jpg,,,,,ambiguous,empty_annotation,yolo_label
Fruits Model.v1i.yolov11/train/images/29_jpg.rf.b57cc94777635692917bd706bc8a0497.jpg,,,,,ambiguous,empty_annotation,yolo_label
Fruits Model.v1i.yolov11/train/images/29_jpg.rf.ca41d1222585ed9acd2400a4aecc82c5.jpg,,,,,ambiguous,empty_annotation,yolo_label
Fruits Model.v1i.yolov11/train/images/2_jpg.rf.00873316dce8543f9c8ff2b956cd2d0e.jpg,,,,,ambiguous,empty_annotation,yolo_label
Fruits Model.v1i.yolov11/train/images/2_jpg.rf.0e2053350b5d02af4eda87f4433479d3.jpg,,,,,ambiguous,empty_annotation,yolo_label
Fruits Model.v1i.yolov11/train/images/2_jpg.rf.2d36e9c371fdd80e44b85764c7a0aa18.jpg,,,,,ambiguous,empty_annotation,yolo_label
Fruits Model.v1i.yolov11/train/images/2_jpg.rf.6c45e2f13a3363250c13e975a249d998.jpg,,,,,ambiguous,empty_annotation,yolo_label
Fruits Model.v1i.yolov11/train/images/2_jpg.rf.9274d33e28e281748bd4c7e3bd716c41.jpg,,,,,ambiguous,empty_annotation,yolo_label
Fruits Model.v1i.yolov11/train/images/2_jpg.rf.98a0201c320c265066fdaf1437734706.jpg,,,,,ambiguous,empty_annotation,yolo_label
Fruits Model.v1i.yolov11/train/images/2_jpg.rf.a2c8588adf0c7042074bf8047f9cc520.jpg,,,,,ambiguous,empty_annotation,yolo_label
Fruits Model.v1i.yolov11/train/images/2_jpg.rf.a6f1e8c2a6905882955c0bed58787487.jpg,,,,,ambiguous,empty_annotation,yolo_label
Fruits Model.v1i.yolov11/train/images/2_jpg.rf.e97e6f2a9b1d10ec83d6c8d5fb9a1a74.jpg,,,,,ambiguous,empty_annotation,yolo_label
Fruits Model.v1i.yolov11/train/images/30_jpg.rf.19617744dfb7290ea2f43cdc93b32442.jpg,,,,,ambiguous,empty_annotation,yolo_label
Fruits Model.v1i.yolov11/train/images/30_jpg.rf.3855bc1d73e7f66a554fabd4d440297a.jpg,,,,,ambiguous,empty_annotation,yolo_label
Fruits Model.v1i.yolov11/train/images/30_jpg.rf.4c8fb2b552b9c0836eef19f5c17022f4.jpg,,,,,ambiguous,empty_annotation,yolo_label
Fruits Model.v1i.yolov11/train/images/30_jpg.rf.58101f14ea40d5fece62dc5df702f8c2.jpg,,,,,ambiguous,empty_annotation,yolo_label
Fruits Model.v1i.yolov11/train/images/30_jpg.rf.7c2e9d367451ceb4320f595cbcc42f10.jpg,,,,,ambiguous,empty_annotation,yolo_label
Fruits Model.v1i.yolov11/train/images/30_jpg.rf.fb33a51554bb28ed5f0f8d37c9a1390a.jpg,,,,,ambiguous,empty_annotation,yolo_label
Fruits Model.v1i.yolov11/train/images/31_jpg.rf.358b4d1417ddf10f843e906f6701731c.jpg,,,,,ambiguous,empty_annotation,yolo_label
Fruits Model.v1i.yolov11/train/images/31_jpg.rf.35cac40da35afc06511ea640cd34eea1.jpg,,,,,ambiguous,empty_annotation,yolo_label
Fruits Model.v1i.yolov11/train/images/31_jpg.rf.5ae130abfb9c6c3e691367ed13b52885.jpg,,,,,ambiguous,empty_annotation,yolo_label
Fruits Model.v1i.yolov11/train/images/31_jpg.rf.8df477b93ed15da862a3f7d6b31b3c5e.jpg,,,,,ambiguous,empty_annotation,yolo_label
Fruits Model.v1i.yolov11/train/images/31_jpg.rf.a1c405e17ac0b4d7ba0454aec902066c.jpg,,,,,ambiguous,empty_annotation,yolo_label
Fruits Model.v1i.yolov11/train/images/31_jpg.rf.a9e02b80feddcf94c255b7223e4a9c08.jpg,,,,,ambiguous,empty_annotation,yolo_label
Fruits Model.v1i.yolov11/train/images/31_jpg.rf.b03bf42bfc0f5e7c93925537f3698229.jpg,,,,,ambiguous,empty_annotation,yolo_label
Fruits Model.v1i.yolov11/train/images/31_jpg.rf.b31201a820c8933ddd6be5d0be9aa427.jpg,,,,,ambiguous,empty_annotation,yolo_label
Fruits Model.v1i.yolov11/train/images/31_jpg.rf.ff2c6d4c310b18a8d0b0bf5cfa684e55.jpg,,,,,ambiguous,empty_annotation,yolo_label
Fruits Model.v1i.yolov11/train/images/32_jpg.rf.03b526cec725f85910015dd826f1447c.jpg,,,,,ambiguous,empty_annotation,yolo_label
Fruits Model.v1i.yolov11/train/images/32_jpg.rf.3cb8dc1056bd732d3c59fdac7658a8c9.jpg,,,,,ambiguous,empty_annotation,yolo_label
Fruits Model.v1i.yolov11/train/images/32_jpg.rf.47d753d77179674f40368d360b4ed617.jpg,,,,,ambiguous,empty_annotation,yolo_label
Fruits Model.v1i.yolov11/train/images/32_jpg.rf.5837ad1676d8991f1c0f60c849e8afdd.jpg,,,,,ambiguous,empty_annotation,yolo_label
Fruits Model.v1i.yolov11/train/images/32_jpg.rf.a834ec11f54121261b251e6bf6e4cfab.jpg,,,,,ambiguous,empty_annotation,yolo_label
Fruits Model.v1i.yolov11/train/images/32_jpg.rf.b66305e844e64027d82d9bea56e15732.jpg,,,,,ambiguous,empty_annotation,yolo_label
Fruits Model.v1i.yolov11/train/images/32_jpg.rf.b7b40bdeb1c3ca386c3486a25cd3192e.jpg,,,,,ambiguous,empty_annotation,yolo_label
Fruits Model.v1i.yolov11/train/images/32_jpg.rf.e6418166c7b7b71221c1fc6ac05bdaf8.jpg,,,,,ambiguous,empty_annotation,yolo_label
Fruits Model.v1i.yolov11/train/images/32_jpg.rf.f8ecf316a5efb5ede215f8f3172a7955.jpg,,,,,ambiguous,empty_annotation,yolo_label
Fruits Model.v1i.yolov11/train/images/33_jpg.rf.0cded7b56d614abfc685246013f199a2.jpg,,,,,ambiguous,empty_annotation,yolo_label
Fruits Model.v1i.yolov11/train/images/33_jpg.rf.1623e20d70c5e2ed0ac3899677fcb611.jpg,,,,,ambiguous,empty_annotation,yolo_label
Fruits Model.v1i.yolov11/train/images/33_jpg.rf.2ba673075327d642a8fdd901e581a63e.jpg,,,,,ambiguous,empty_annotation,yolo_label
Fruits Model.v1i.yolov11/train/images/33_jpg.rf.4b3ef0dc7fbf2275cfed1a1166433a1d.jpg,,,,,ambiguous,empty_annotation,yolo_label
Fruits Model.v1i.yolov11/train/images/33_jpg.rf.5d8d9727614c129780f97f40d727c8f5.jpg,,,,,ambiguous,empty_annotation,yolo_label
Fruits Model.v1i.yolov11/train/images/33_jpg.rf.8b4f3f5ffd007e54435d60aeba8d3636.jpg,,,,,ambiguous,empty_annotation,yolo_label
Fruits Model.v1i.yolov11/train/images/33_jpg.rf.938c9ca886e6c32267d30407868f83a3.jpg,,,,,ambiguous,empty_annotation,yolo_label
Fruits Model.v1i.yolov11/train/images/33_jpg.rf.b3a420875e8c63d93b5339c10bbc73ed.jpg,,,,,ambiguous,empty_annotation,yolo_label
Fruits Model.v1i.yolov11/train/images/33_jpg.rf.b82dfd331b977530e6aee2a0be4fe276.jpg,,,,,ambiguous,empty_annotation,yolo_label
Fruits Model.v1i.yolov11/train/images/34_jpg.rf.37d594533207a1bab6f32b5b581442d0.jpg,,,,,ambiguous,empty_annotation,yolo_label
Fruits Model.v1i.yolov11/train/images/34_jpg.rf.4d4e4cc567ffa32d71041d1fbf66f7e0.jpg,,,,,ambiguous,empty_annotation,yolo_label
Fruits Model.v1i.yolov11/train/images/34_jpg.rf.6c1ff3d654fbef4e6e1ce7e95230f86d.jpg,,,,,ambiguous,empty_annotation,yolo_label
Fruits Model.v1i.yolov11/train/images/34_jpg.rf.bd4cbac9505c597ca99ba0fe870d2aa1.jpg,,,,,ambiguous,empty_annotation,yolo_label
Fruits Model.v1i.yolov11/train/images/34_jpg.rf.d66cb824dceed1097ddcb83ae40b8d7a.jpg,,,,,ambiguous,empty_annotation,yolo_label
Fruits Model.v1i.yolov11/train/images/34_jpg.rf.fc0978dd8005036aa89e670cc1f5c62f.jpg,,,,,ambiguous,empty_annotation,yolo_label
Fruits Model.v1i.yolov11/train/images/35_jpg.rf.123c1bb378d110cfd00b84b18ee027fe.jpg,,,,,ambiguous,empty_annotation,yolo_label
Fruits Model.v1i.yolov11/train/images/35_jpg.rf.15d73ea9353e3355167dd4b46a96de04.jpg,,,,,ambiguous,empty_annotation,yolo_label
Fruits Model.v1i.yolov11/train/images/35_jpg.rf.171983b973aea17bb05ed3b0a7163a1f.jpg,,,,,ambiguous,empty_annotation,yolo_label
Fruits Model.v1i.yolov11/train/images/35_jpg.rf.1a2fcbeda1a59ef7bcb69e69a508f427.jpg,,,,,ambiguous,empty_annotation,yolo_label
Fruits Model.v1i.yolov11/train/images/35_jpg.rf.1f7dc870c59d48d3a66380c142417007.jpg,,,,,ambiguous,empty_annotation,yolo_label
Fruits Model.v1i.yolov11/train/images/35_jpg.rf.241e83e588937e85b4aa579c1ebc78e4.jpg,,,,,ambiguous,empty_annotation,yolo_label
Fruits Model.v1i.yolov11/train/images/35_jpg.rf.5d3262a998a3ee14d45c0fbd1b1822ad.jpg,,,,,ambiguous,empty_annotation,yolo_label
Fruits Model.v1i.yolov11/train/images/35_jpg.rf.84103d724daa64c7e3f030514bc8d7f3.jpg,,,,,ambiguous,empty_annotation,yolo_label
Fruits Model.v1i.yolov11/train/images/35_jpg.rf.cd573d0dbf72ccfce62dc2befe02c175.jpg,,,,,ambiguous,empty_annotation,yolo_label
Fruits Model.v1i.yolov11/train/images/36_jpg.rf.08ccb8701a1686a86cb1cd2578fbd574.jpg,,,,,ambiguous,empty_annotation,yolo_label
Fruits Model.v1i.yolov11/train/images/36_jpg.rf.0c6a8b31249f3a68266fd95d6d313beb.jpg,,,,,ambiguous,empty_annotation,yolo_label
Fruits Model.v1i.yolov11/train/images/36_jpg.rf.1bfc33e9f29bdba48ce97f019c37e5d8.jpg,,,,,ambiguous,empty_annotation,yolo_label
Fruits Model.v1i.yolov11/train/images/36_jpg.rf.56dc07a530bf589dc8d88a9fa77885c4.jpg,,,,,ambiguous,empty_annotation,yolo_label
Fruits Model.v1i.yolov11/train/images/36_jpg.rf.c255b383810abb513ce8f2c0d7dc5cb2.jpg,,,,,ambiguous,empty_annotation,yolo_label
Fruits Model.v1i.yolov11/train/images/36_jpg.rf.d22365034ddef2d39307ec598cfbf24b.jpg,,,,,ambiguous,empty_annotation,yolo_label
Fruits Model.v1i.yolov11/train/images/37_jpg.rf.00cf1cc295aabb59f47f079a79f3931e.jpg,,,,,ambiguous,empty_annotation,yolo_label
Fruits Model.v1i.yolov11/train/images/37_jpg.rf.16fc1c46f0c54ef3569cd5d32c83dd2a.jpg,,,,,ambiguous,empty_annotation,yolo_label
Fruits Model.v1i.yolov11/train/images/37_jpg.rf.4ee5e13ecfb93c714461d0bbeabf1c8c.jpg,,,,,ambiguous,empty_annotation,yolo_label
Fruits Model.v1i.yolov11/train/images/37_jpg.rf.60b7ea8908cc13e41181f2dd1cfa66e8.jpg,,,,,ambiguous,empty_annotation,yolo_label
Fruits Model.v1i.yolov11/train/images/37_jpg.rf.6b26b6e3ea84529972bfd6f43bc13e45.jpg,,,,,ambiguous,empty_annotation,yolo_label
Fruits Model.v1i.yolov11/train/images/37_jpg.rf.75f37dedcc486b9b3cc4c3e38f7d7941.jpg,,,,,ambiguous,empty_annotation,yolo_label
Fruits Model.v1i.yolov11/train/images/37_jpg.rf.99a01827161067b21813998ed2e94c05.jpg,,,,,ambiguous,empty_annotation,yolo_label
Fruits Model.v1i.yolov11/train/images/37_jpg.rf.c5ab4e4f0a6cae937e65b821ebed4a19.jpg,,,,,ambiguous,empty_annotation,yolo_label
Fruits Model.v1i.yolov11/train/images/37_jpg.rf.dde340860036f7fd0e1ac3ff65abbc62.jpg,,,,,ambiguous,empty_annotation,yolo_label
Fruits Model.v1i.yolov11/train/images/38_jpg.rf.5c174d2f5cfd6b005df72796e75a773f.jpg,,,,,ambiguous,empty_annotation,yolo_label
Fruits Model.v1i.yolov11/train/images/38_jpg.rf.6e1e64281cd72c178db214314ea0b641.jpg,,,,,ambiguous,empty_annotation,yolo_label
Fruits Model.v1i.yolov11/train/images/38_jpg.rf.8303143ed5d3f04af227e24a16835a01.jpg,,,,,ambiguous,empty_annotation,yolo_label
Fruits Model.v1i.yolov11/train/images/38_jpg.rf.bb20a84ba72df11c0374736bb76800bc.jpg,,,,,ambiguous,empty_annotation,yolo_label
Fruits Model.v1i.yolov11/train/images/38_jpg.rf.ca8818e45ec0f8c2f0533f604f72a868.jpg,,,,,ambiguous,empty_annotation,yolo_label
Fruits Model.v1i.yolov11/train/images/38_jpg.rf.d1e1ee6f91fd4d0d0bcdd28b10492ca5.jpg,,,,,ambiguous,empty_annotation,yolo_label
Fruits Model.v1i.yolov11/train/images/39_jpg.rf.07863c0fa1720481d570525bb8e2bad0.jpg,,,,,ambiguous,empty_annotation,yolo_label
Fruits Model.v1i.yolov11/train/images/39_jpg.rf.1d68f2855340f856bfeaff0e24b1afc2.jpg,,,,,ambiguous,empty_annotation,yolo_label
Fruits Model.v1i.yolov11/train/images/39_jpg.rf.23466f815ebdf4c19759c8a40f4f85f1.jpg,,,,,ambiguous,empty_annotation,yolo_label
Fruits Model.v1i.yolov11/train/images/39_jpg.rf.34137a228977b8afbdbe59bb344c53cb.jpg,,,,,ambiguous,empty_annotation,yolo_label
Fruits Model.v1i.yolov11/train/images/39_jpg.rf.60fecdba82b5dbb85cbe946529432fe7.jpg,,,,,ambiguous,empty_annotation,yolo_label
Fruits Model.v1i.yolov11/train/images/39_jpg.rf.97da4b0fcfac7037b38ccc069a8fe706.jpg,,,,,ambiguous,empty_annotation,yolo_label
Fruits Model.v1i.yolov11/train/images/39_jpg.rf.a97ef158940da2fa5b54680321029d41.jpg,,,,,ambiguous,empty_annotation,yolo_label
Fruits Model.v1i.yolov11/train/images/39_jpg.rf.b8f328b37daace183764063d63795281.jpg,,,,,ambiguous,empty_annotation,yolo_label
Fruits Model.v1i.yolov11/train/images/39_jpg.rf.c5ec1cf3a9f676d7838a0ec49605042c.jpg,,,,,ambiguous,empty_annotation,yolo_label
Fruits Model.v1i.yolov11/train/images/3_jpg.rf.59f1325106c72c80b33ac4e5181ee246.jpg,,,,,ambiguous,empty_annotation,yolo_label
Fruits Model.v1i.yolov11/train/images/3_jpg.rf.70ed4c25f4f08ce09616d1cac25f1f06.jpg,,,,,ambiguous,empty_annotation,yolo_label
Fruits Model.v1i.yolov11/train/images/3_jpg.rf.a826235eccfc103a381da6001f9ffd37.jpg,,,,,ambiguous,empty_annotation,yolo_label
Fruits Model.v1i.yolov11/train/images/3_jpg.rf.cc17ceb8a37957ce0906e6fed999116f.jpg,,,,,ambiguous,empty_annotation,yolo_label
Fruits Model.v1i.yolov11/train/images/3_jpg.rf.d8bc82c2fe32452920ba20aecad8796a.jpg,,,,,ambiguous,empty_annotation,yolo_label
Fruits Model.v1i.yolov11/train/images/3_jpg.rf.ee0f94cb3c19db4510cb89328c4bb608.jpg,,,,,ambiguous,empty_annotation,yolo_label
Fruits Model.v1i.yolov11/train/images/40_jpg.rf.0bae7f707eec05df82766621c7e028ad.jpg,,,,,ambiguous,empty_annotation,yolo_label
Fruits Model.v1i.yolov11/train/images/40_jpg.rf.1f2cff6d7685c784c53a1f2fe71b66a1.jpg,,,,,ambiguous,empty_annotation,yolo_label
Fruits Model.v1i.yolov11/train/images/40_jpg.rf.34ecb3653a09fe3814912b5fea4508c3.jpg,,,,,ambiguous,empty_annotation,yolo_label
Fruits Model.v1i.yolov11/train/images/40_jpg.rf.7c094ca7a7b7ed920554cf35ae531c57.jpg,,,,,ambiguous,empty_annotation,yolo_label
Fruits Model.v1i.yolov11/train/images/40_jpg.rf.b0aa5e9c67fd5c9a1330b11328fa8555.jpg,,,,,ambiguous,empty_annotation,yolo_label
Fruits Model.v1i.yolov11/train/images/40_jpg.rf.bbfb98b088b4556318e07a4470b4c458.jpg,,,,,ambiguous,empty_annotation,yolo_label
Fruits Model.v1i.yolov11/train/images/40_jpg.rf.d8a68c65c41307e248b81a46a508ca12.jpg,,,,,ambiguous,empty_annotation,yolo_label
Fruits Model.v1i.yolov11/train/images/40_jpg.rf.da69ae3c49a3b0e02bb104c188847c82.jpg,,,,,ambiguous,empty_annotation,yolo_label
Fruits Model.v1i.yolov11/train/images/41_jpg.rf.09296c32f92cd80db70f7f15002e32b9.jpg,,,,,ambiguous,empty_annotation,yolo_label
Fruits Model.v1i.yolov11/train/images/41_jpg.rf.0b09f1cadcc42aa72cff444146a5f682.jpg,,,,,ambiguous,empty_annotation,yolo_label
Fruits Model.v1i.yolov11/train/images/41_jpg.rf.2b1558d3816954d215db0687d5a2b7b1.jpg,,,,,ambiguous,empty_annotation,yolo_label
Fruits Model.v1i.yolov11/train/images/41_jpg.rf.409f2a45d75be30ac0c344e1f115cf44.jpg,,,,,ambiguous,empty_annotation,yolo_label
Fruits Model.v1i.yolov11/train/images/41_jpg.rf.5bc3953e8b7e89b494e2c70bff5b76ed.jpg,,,,,ambiguous,empty_annotation,yolo_label
Fruits Model.v1i.yolov11/train/images/41_jpg.rf.7c1f9bc59a2c160aad82b703ea730262.jpg,,,,,ambiguous,empty_annotation,yolo_label
Fruits Model.v1i.yolov11/train/images/42_jpg.rf.7f37398bd5c910fbc12e9279b5bd08ee.jpg,,,,,ambiguous,empty_annotation,yolo_label
Fruits Model.v1i.yolov11/train/images/42_jpg.rf.b74f3602a034f9d46b061902d519aa9c.jpg,,,,,ambiguous,empty_annotation,yolo_label
Fruits Model.v1i.yolov11/train/images/42_jpg.rf.cb4303d16f342e5641c19705fa026bdc.jpg,,,,,ambiguous,empty_annotation,yolo_label
Fruits Model.v1i.yolov11/train/images/43_jpg.rf.2616302c87d435f48df979aef4f0d800.jpg,,,,,ambiguous,empty_annotation,yolo_label
Fruits Model.v1i.yolov11/train/images/43_jpg.rf.2df568931b8f5a8d6c6e798f0b023254.jpg,,,,,ambiguous,empty_annotation,yolo_label
Fruits Model.v1i.yolov11/train/images/43_jpg.rf.7ac2da4eada45eff5c7e68b0d417910d.jpg,,,,,ambiguous,empty_annotation,yolo_label
Fruits Model.v1i.yolov11/train/images/43_jpg.rf.814cae7f690c43ebef44f37477b29418.jpg,,,,,ambiguous,empty_annotation,yolo_label
Fruits Model.v1i.yolov11/train/images/43_jpg.rf.8521074bb420aa338393c2b68439537e.jpg,,,,,ambiguous,empty_annotation,yolo_label
Fruits Model.v1i.yolov11/train/images/43_jpg.rf.9412018f43387926e102fd857cddda6f.jpg,,,,,ambiguous,empty_annotation,yolo_label
Fruits Model.v1i.yolov11/train/images/43_jpg.rf.a4f6ed5f5bfbb3529b046341ab7a104b.jpg,,,,,ambiguous,empty_annotation,yolo_label
Fruits Model.v1i.yolov11/train/images/43_jpg.rf.c8659b0a24d897f27002211aa61a7c24.jpg,,,,,ambiguous,empty_annotation,yolo_label
Fruits Model.v1i.yolov11/train/images/43_jpg.rf.ccb77b71e8e83a71a5de2efa9a8de1b8.jpg,,,,,ambiguous,empty_annotation,yolo_label
Fruits Model.v1i.yolov11/train/images/44_jpg.rf.16792c84eb2df51dc06b04881ca22659.jpg,,,,,ambiguous,empty_annotation,yolo_label
Fruits Model.v1i.yolov11/train/images/44_jpg.rf.3d9e2b109de793311b8c48e25640252e.jpg,,,,,ambiguous,empty_annotation,yolo_label
Fruits Model.v1i.yolov11/train/images/44_jpg.rf.6dda28788906a521bad875750a6bcd31.jpg,,,,,ambiguous,empty_annotation,yolo_label
Fruits Model.v1i.yolov11/train/images/44_jpg.rf.d2362cd12d3778824ce2e0658eeea25d.jpg,,,,,ambiguous,empty_annotation,yolo_label
Fruits Model.v1i.yolov11/train/images/44_jpg.rf.f2ee3562a1ed140582b7032bc1ba03ba.jpg,,,,,ambiguous,empty_annotation,yolo_label
Fruits Model.v1i.yolov11/train/images/44_jpg.rf.f39ad4b3a76b74bef296874d20491d4c.jpg,,,,,ambiguous,empty_annotation,yolo_label
Fruits Model.v1i.yolov11/train/images/45_jpg.rf.1b128411fbec3d1db0ae821098d668af.jpg,,,,,ambiguous,empty_annotation,yolo_label
Fruits Model.v1i.yolov11/train/images/45_jpg.rf.240ed61337f97941b2df5194574cebef.jpg,,,,,ambiguous,empty_annotation,yolo_label
Fruits Model.v1i.yolov11/train/images/45_jpg.rf.4ca8b9e95c197bf61a6309f7aad08c1d.jpg,,,,,ambiguous,empty_annotation,yolo_label
Fruits Model.v1i.yolov11/train/images/45_jpg.rf.bc5175b3f2761d73bd0cbc5baf6cc96b.jpg,,,,,ambiguous,empty_annotation,yolo_label
Fruits Model.v1i.yolov11/train/images/45_jpg.rf.c13c7dc5f24178e85fd6c3c7260db01d.jpg,,,,,ambiguous,empty_annotation,yolo_label
Fruits Model.v1i.yolov11/train/images/45_jpg.rf.ce60b20011ef3a5935d9e0b552831ab7.jpg,,,,,ambiguous,empty_annotation,yolo_label
Fruits Model.v1i.yolov11/train/images/45_jpg.rf.d2e8331892048357ccdaa77afa9c5ff5.jpg,,,,,ambiguous,empty_annotation,yolo_label
Fruits Model.v1i.yolov11/train/images/45_jpg.rf.df270dae2062068c9b1dadc4a0a58c8c.jpg,,,,,ambiguous,empty_annotation,yolo_label
Fruits Model.v1i.yolov11/train/images/45_jpg.rf.f3d9da32a8ec36bc24eb2696be9ab3ee.jpg,,,,,ambiguous,empty_annotation,yolo_label
Fruits Model.v1i.yolov11/train/images/46_jpg.rf.1d546e6c54805f4d05077717bb5d88b7.jpg,,,,,ambiguous,empty_annotation,yolo_label
Fruits Model.v1i.yolov11/train/images/46_jpg.rf.4af1ca37e08c009bde16e5068e7a08d2.jpg,,,,,ambiguous,empty_annotation,yolo_label
Fruits Model.v1i.yolov11/train/images/46_jpg.rf.54543ece801ee0ba96a4d0fe140d9457.jpg,,,,,ambiguous,empty_annotation,yolo_label
Fruits Model.v1i.yolov11/train/images/46_jpg.rf.68f5901a35d2e0847bbc5cd5851f01b0.jpg,,,,,ambiguous,empty_annotation,yolo_label
Fruits Model.v1i.yolov11/train/images/46_jpg.rf.c8dd0071ec8e539e52e2a44e9d038f14.jpg,,,,,ambiguous,empty_annotation,yolo_label
Fruits Model.v1i.yolov11/train/images/46_jpg.rf.cc8581cd93f2fecc17e8838b13591f5f.jpg,,,,,ambiguous,empty_annotation,yolo_label
Fruits Model.v1i.yolov11/train/images/47_jpg.rf.0720a87a524d315cbd7c81a8ea107254.jpg,,,,,ambiguous,empty_annotation,yolo_label
Fruits Model.v1i.yolov11/train/images/47_jpg.rf.261eb28d8b28dd70025cbb122d2cb34e.jpg,,,,,ambiguous,empty_annotation,yolo_label
Fruits Model.v1i.yolov11/train/images/47_jpg.rf.40376a79a4c3adb77047a55e7bacbb36.jpg,,,,,ambiguous,empty_annotation,yolo_label
Fruits Model.v1i.yolov11/train/images/47_jpg.rf.42a441b4920479e550d29a10925cdc61.jpg,,,,,ambiguous,empty_annotation,yolo_label
Fruits Model.v1i.yolov11/train/images/47_jpg.rf.82af2830cd2d15342782f76dc409ed19.jpg,,,,,ambiguous,empty_annotation,yolo_label
Fruits Model.v1i.yolov11/train/images/47_jpg.rf.8890596586fa97ce203187cb76203589.jpg,,,,,ambiguous,empty_annotation,yolo_label
Fruits Model.v1i.yolov11/train/images/47_jpg.rf.bdd0b0ac3699d08a05f6d58edb6c23c7.jpg,,,,,ambiguous,empty_annotation,yolo_label
Fruits Model.v1i.yolov11/train/images/47_jpg.rf.c2a2f7a7ce10f68c73409b5b1e392a10.jpg,,,,,ambiguous,empty_annotation,yolo_label
Fruits Model.v1i.yolov11/train/images/47_jpg.rf.c5267e03b28596e82ab0c9d560a703c9.jpg,,,,,ambiguous,empty_annotation,yolo_label
Fruits Model.v1i.yolov11/train/images/48_jpg.rf.0a95d70dba621f75b71bb1029896f4f0.jpg,,,,,ambiguous,empty_annotation,yolo_label
Fruits Model.v1i.yolov11/train/images/48_jpg.rf.0b4e0735053e305431d21036f948f1e0.jpg,,,,,ambiguous,empty_annotation,yolo_label
Fruits Model.v1i.yolov11/train/images/48_jpg.rf.103e03ba2c9f78048780e5f4aa55b3fe.jpg,,,,,ambiguous,empty_annotation,yolo_label
Fruits Model.v1i.yolov11/train/images/48_jpg.rf.7b656b0c99c2ae794201d76302290af4.jpg,,,,,ambiguous,empty_annotation,yolo_label
Fruits Model.v1i.yolov11/train/images/48_jpg.rf.8739aeaac50e7e302b17749c8dcdef77.jpg,,,,,ambiguous,empty_annotation,yolo_label
Fruits Model.v1i.yolov11/train/images/48_jpg.rf.8c4bacef8ce97ad96d6332c8a3c2279d.jpg,,,,,ambiguous,empty_annotation,yolo_label
Fruits Model.v1i.yolov11/train/images/48_jpg.rf.94d8ed0ea9f57b91a853b4c1c84c226f.jpg,,,,,ambiguous,empty_annotation,yolo_label
Fruits Model.v1i.yolov11/train/images/48_jpg.rf.c9d8018fe7b622a043088e4de0ee19cc.jpg,,,,,ambiguous,empty_annotation,yolo_label
Fruits Model.v1i.yolov11/train/images/48_jpg.rf.fe9d3fef3bc21c85cca2cdab9b3fe890.jpg,,,,,ambiguous,empty_annotation,yolo_label
Fruits Model.v1i.yolov11/train/images/49_jpg.rf.36413d4177bc98569b169a59be5f82e8.jpg,,,,,ambiguous,empty_annotation,yolo_label
Fruits Model.v1i.yolov11/train/images/49_jpg.rf.42bf2bd1f034ddd4103600c3ca37a16e.jpg,,,,,ambiguous,empty_annotation,yolo_label
Fruits Model.v1i.yolov11/train/images/49_jpg.rf.639301e8e9d0adff2868ca6db06667f9.jpg,,,,,ambiguous,empty_annotation,yolo_label
Fruits Model.v1i.yolov11/train/images/49_jpg.rf.7e9177f71047a8f100aa4a33db4b5b1c.jpg,,,,,ambiguous,empty_annotation,yolo_label
Fruits Model.v1i.yolov11/train/images/49_jpg.rf.877c242e22ae0cec01620187d520a3e5.jpg,,,,,ambiguous,empty_annotation,yolo_label
Fruits Model.v1i.yolov11/train/images/49_jpg.rf.9fb9fec53d420a81f89070036d194c75.jpg,,,,,ambiguous,empty_annotation,yolo_label
Fruits Model.v1i.yolov11/train/images/49_jpg.rf.a14b572340800b62c8f834bb7d830aae.jpg,,,,,ambiguous,empty_annotation,yolo_label
Fruits Model.v1i.yolov11/train/images/49_jpg.rf.f45a769d49b5fd01808ff99efb2557d9.jpg,,,,,ambiguous,empty_annotation,yolo_label
Fruits Model.v1i.yolov11/train/images/4_jpg.rf.100cd5daa80a7eca4b1630e553665d2b.jpg,,,,,ambiguous,empty_annotation,yolo_label
Fruits Model.v1i.yolov11/train/images/4_jpg.rf.1970d8c32834e47fc6234896e2b9e5cc.jpg,,,,,ambiguous,empty_annotation,yolo_label
Fruits Model.v1i.yolov11/train/images/4_jpg.rf.350fc0f6aed08b3ed1dc3cfd0b0f8faa.jpg,,,,,ambiguous,empty_annotation,yolo_label
Fruits Model.v1i.yolov11/train/images/4_jpg.rf.3e10a206d15aebe7300fbb6d007764fa.jpg,,,,,ambiguous,empty_annotation,yolo_label
Fruits Model.v1i.yolov11/train/images/4_jpg.rf.5020a161c8c81e9e3b23be328bb558cc.jpg,,,,,ambiguous,empty_annotation,yolo_label
Fruits Model.v1i.yolov11/train/images/4_jpg.rf.85e28350a08db3eead4146064bfa00f5.jpg,,,,,ambiguous,empty_annotation,yolo_label
Fruits Model.v1i.yolov11/train/images/4_jpg.rf.96cdc3fade18816f9cb598c718a70404.jpg,,,,,ambiguous,empty_annotation,yolo_label
Fruits Model.v1i.yolov11/train/images/4_jpg.rf.b3b72798e6648e7cac0f20d1edd76790.jpg,,,,,ambiguous,empty_annotation,yolo_label
Fruits Model.v1i.yolov11/train/images/4_jpg.rf.b6c8637e137e9d5768ced1d514ab9489.jpg,,,,,ambiguous,empty_annotation,yolo_label
Fruits Model.v1i.yolov11/train/images/50_jpg.rf.2265215b77918c9924508a1f8600f3f1.jpg,,,,,ambiguous,empty_annotation,yolo_label
Fruits Model.v1i.yolov11/train/images/50_jpg.rf.3a2079d7d434ab0a6010a9fdab7fcc96.jpg,,,,,ambiguous,empty_annotation,yolo_label
Fruits Model.v1i.yolov11/train/images/50_jpg.rf.4a43cb3a2083d44cbfae721bb2ce2ba7.jpg,,,,,ambiguous,empty_annotation,yolo_label
Fruits Model.v1i.yolov11/train/images/50_jpg.rf.6732584cd8491b476f1b0e760768d91f.jpg,,,,,ambiguous,empty_annotation,yolo_label
Fruits Model.v1i.yolov11/train/images/50_jpg.rf.8bad9ec7a0bbe3f7f9e7025990fad15f.jpg,,,,,ambiguous,empty_annotation,yolo_label
Fruits Model.v1i.yolov11/train/images/50_jpg.rf.971b1d4b1f06ad630635ea5c59e872cd.jpg,,,,,ambiguous,empty_annotation,yolo_label
Fruits Model.v1i.yolov11/train/images/50_jpg.rf.9af0353550b90ec45cf5a461efb3d6e3.jpg,,,,,ambiguous,empty_annotation,yolo_label
Fruits Model.v1i.yolov11/train/images/50_jpg.rf.b878a1a87641befc0df21eaa976d3717.jpg,,,,,ambiguous,empty_annotation,yolo_label
Fruits Model.v1i.yolov11/train/images/50_jpg.rf.c0681289a618491d3a7bf526e8d71c30.jpg,,,,,ambiguous,empty_annotation,yolo_label
Fruits Model.v1i.yolov11/train/images/51_jpg.rf.0024624baea809636a582352a9a30664.jpg,,,,,ambiguous,empty_annotation,yolo_label
Fruits Model.v1i.yolov11/train/images/51_jpg.rf.17d20d0df0cb4ffa689a2360a057ffd2.jpg,,,,,ambiguous,empty_annotation,yolo_label
Fruits Model.v1i.yolov11/train/images/51_jpg.rf.21718ec5642c2c28284009f203d0c37c.jpg,,,,,ambiguous,empty_annotation,yolo_label
Fruits Model.v1i.yolov11/train/images/51_jpg.rf.229e7b8afcefd9fd80071d388678f9af.jpg,,,,,ambiguous,empty_annotation,yolo_label
Fruits Model.v1i.yolov11/train/images/51_jpg.rf.4a40462ff8d00c10aca9b8895837201d.jpg,,,,,ambiguous,empty_annotation,yolo_label
Fruits Model.v1i.yolov11/train/images/51_jpg.rf.54c477cc0e8c1dbd79c27c4cd522d63f.jpg,,,,,ambiguous,empty_annotation,yolo_label
Fruits Model.v1i.yolov11/train/images/51_jpg.rf.aebd5f63939eaae1c3eeb1f49248795e.jpg,,,,,ambiguous,empty_annotation,yolo_label
Fruits Model.v1i.yolov11/train/images/51_jpg.rf.af6baa5f6c6912705f48c054aabacd0f.jpg,,,,,ambiguous,empty_annotation,yolo_label
Fruits Model.v1i.yolov11/train/images/51_jpg.rf.c2b6aa68f757defa2a226e5d4716d6b1.jpg,,,,,ambiguous,empty_annotation,yolo_label
Fruits Model.v1i.yolov11/train/images/52_jpg.rf.1d18c79fab79af0c6ea2b74bd7cf5094.jpg,,,,,ambiguous,empty_annotation,yolo_label
Fruits Model.v1i.yolov11/train/images/52_jpg.rf.38c2ca6c40ebb01bc3ea2ba23556bcd8.jpg,,,,,ambiguous,empty_annotation,yolo_label
Fruits Model.v1i.yolov11/train/images/52_jpg.rf.61f548b43e27877007893005e3858fb3.jpg,,,,,ambiguous,empty_annotation,yolo_label
Fruits Model.v1i.yolov11/train/images/52_jpg.rf.66f96fa51bd2c5cfa2c27b40c22398a8.jpg,,,,,ambiguous,empty_annotation,yolo_label
Fruits Model.v1i.yolov11/train/images/52_jpg.rf.67c2ccabbea950da7682ec200155cff0.jpg,,,,,ambiguous,empty_annotation,yolo_label
Fruits Model.v1i.yolov11/train/images/52_jpg.rf.79995c521c51232fa5316f32455975c8.jpg,,,,,ambiguous,empty_annotation,yolo_label
Fruits Model.v1i.yolov11/train/images/52_jpg.rf.87511acc4ae957b7a09290ccf9aa1bd9.jpg,,,,,ambiguous,empty_annotation,yolo_label
Fruits Model.v1i.yolov11/train/images/52_jpg.rf.97e453a6ad1cd0357c4391ad9833fe8c.jpg,,,,,ambiguous,empty_annotation,yolo_label
Fruits Model.v1i.yolov11/train/images/52_jpg.rf.a5c43a447b9ccb3b9570f0a82088192c.jpg,,,,,ambiguous,empty_annotation,yolo_label
Fruits Model.v1i.yolov11/train/images/53_jpg.rf.16db0ae50245545f8e62f97fa9028122.jpg,,,,,ambiguous,empty_annotation,yolo_label
Fruits Model.v1i.yolov11/train/images/53_jpg.rf.25ff681ee4889b0a5c39e64041fc6d57.jpg,,,,,ambiguous,empty_annotation,yolo_label
Fruits Model.v1i.yolov11/train/images/53_jpg.rf.39b6689377f6e9b342e9eed8e95802cf.jpg,,,,,ambiguous,empty_annotation,yolo_label
Fruits Model.v1i.yolov11/train/images/53_jpg.rf.4f9962d62862bcd0e9c418ff48534af8.jpg,,,,,ambiguous,empty_annotation,yolo_label
Fruits Model.v1i.yolov11/train/images/53_jpg.rf.58afad4d404a636951c3bb80a2430383.jpg,,,,,ambiguous,empty_annotation,yolo_label
Fruits Model.v1i.yolov11/train/images/53_jpg.rf.ba596b66228d0b916522a6288bb14ff3.jpg,,,,,ambiguous,empty_annotation,yolo_label
Fruits Model.v1i.yolov11/train/images/54_jpg.rf.0769b40c41cbf0f3656a26ea69624e4e.jpg,,,,,ambiguous,empty_annotation,yolo_label
Fruits Model.v1i.yolov11/train/images/54_jpg.rf.18fddfba15f37b093cf6d0473b94e246.jpg,,,,,ambiguous,empty_annotation,yolo_label
Fruits Model.v1i.yolov11/train/images/54_jpg.rf.2487b5b028d542f90f85bb1b14ee5318.jpg,,,,,ambiguous,empty_annotation,yolo_label
Fruits Model.v1i.yolov11/train/images/54_jpg.rf.2f7787ac9f5bdc6404919517821b38c7.jpg,,,,,ambiguous,empty_annotation,yolo_label
Fruits Model.v1i.yolov11/train/images/54_jpg.rf.462563c217444861d2ecd87725b05972.jpg,,,,,ambiguous,empty_annotation,yolo_label
Fruits Model.v1i.yolov11/train/images/54_jpg.rf.5d7ab3b10b4c247a21577b2a81ad3e4d.jpg,,,,,ambiguous,empty_annotation,yolo_label
Fruits Model.v1i.yolov11/train/images/54_jpg.rf.6bab68204ec6371d48ff2a173617ce18.jpg,,,,,ambiguous,empty_annotation,yolo_label
Fruits Model.v1i.yolov11/train/images/54_jpg.rf.9d06909851c47d53af4888b685eb60df.jpg,,,,,ambiguous,empty_annotation,yolo_label
Fruits Model.v1i.yolov11/train/images/54_jpg.rf.c7fcd1c29d16776fcb687c3a64874ebb.jpg,,,,,ambiguous,empty_annotation,yolo_label
Fruits Model.v1i.yolov11/train/images/55_jpg.rf.1118213c3bfda71cca8f5cd444848693.jpg,,,,,ambiguous,empty_annotation,yolo_label
Fruits Model.v1i.yolov11/train/images/55_jpg.rf.78d75f74d0c7fcfa30ae8e238437659a.jpg,,,,,ambiguous,empty_annotation,yolo_label
Fruits Model.v1i.yolov11/train/images/55_jpg.rf.830ec22395e7ff4ab2d5e93a6941267d.jpg,,,,,ambiguous,empty_annotation,yolo_label
Fruits Model.v1i.yolov11/train/images/55_jpg.rf.a9acaf95dbc9aa5f14a33f507010678a.jpg,,,,,ambiguous,empty_annotation,yolo_label
Fruits Model.v1i.yolov11/train/images/55_jpg.rf.ba1f308990284c76a1cc9508e8870671.jpg,,,,,ambiguous,empty_annotation,yolo_label
Fruits Model.v1i.yolov11/train/images/55_jpg.rf.ba45985ed06be72a9da8076361985397.jpg,,,,,ambiguous,empty_annotation,yolo_label
Fruits Model.v1i.yolov11/train/images/55_jpg.rf.c72f7aca80ead02cb58a325a2f937705.jpg,,,,,ambiguous,empty_annotation,yolo_label
Fruits Model.v1i.yolov11/train/images/55_jpg.rf.cb44029ec49391d2798b36ab61da6c61.jpg,,,,,ambiguous,empty_annotation,yolo_label
Fruits Model.v1i.yolov11/train/images/55_jpg.rf.d2c4fc3b9855e1042e6330a2d9006e3b.jpg,,,,,ambiguous,empty_annotation,yolo_label
Fruits Model.v1i.yolov11/train/images/57_jpg.rf.2a5a0f041c986e06230ab560a8c5c9d8.jpg,,,,,ambiguous,empty_annotation,yolo_label
Fruits Model.v1i.yolov11/train/images/57_jpg.rf.7108f1fe7f3a1233a0ae5bcdec4d7875.jpg,,,,,ambiguous,empty_annotation,yolo_label
Fruits Model.v1i.yolov11/train/images/57_jpg.rf.b2a289f2b49a359778de8d9e25c77596.jpg,,,,,ambiguous,empty_annotation,yolo_label
Fruits Model.v1i.yolov11/train/images/57_jpg.rf.c1c9321d8c86436d3cba1c12b4c1954b.jpg,,,,,ambiguous,empty_annotation,yolo_label
Fruits Model.v1i.yolov11/train/images/57_jpg.rf.e7b918068c190a550a78f0c3ab790535.jpg,,,,,ambiguous,empty_annotation,yolo_label
Fruits Model.v1i.yolov11/train/images/57_jpg.rf.ea5dc527d464a27c22821b8a5a981699.jpg,,,,,ambiguous,empty_annotation,yolo_label
Fruits Model.v1i.yolov11/train/images/58_jpg.rf.8e910ec08555a0eaf774e326323d604a.jpg,,,,,ambiguous,empty_annotation,yolo_label
Fruits Model.v1i.yolov11/train/images/58_jpg.rf.9350b0cb33b0f0bdbdd4e424e02b92dc.jpg,,,,,ambiguous,empty_annotation,yolo_label
Fruits Model.v1i.yolov11/train/images/58_jpg.rf.945f6266e69abcdc4475223be628d3f2.jpg,,,,,ambiguous,empty_annotation,yolo_label
Fruits Model.v1i.yolov11/train/images/58_jpg.rf.9962af751d07e51e5120b3f0715dd86a.jpg,,,,,ambiguous,empty_annotation,yolo_label
Fruits Model.v1i.yolov11/train/images/58_jpg.rf.ed3dccaaaec3c9f28efc6b1334de13d6.jpg,,,,,ambiguous,empty_annotation,yolo_label
Fruits Model.v1i.yolov11/train/images/58_jpg.rf.ef9980e9368d6bdc4c640a2011e05ee7.jpg,,,,,ambiguous,empty_annotation,yolo_label
Fruits Model.v1i.yolov11/train/images/59_jpg.rf.0664152410043c444525283a6915defc.jpg,,,,,ambiguous,empty_annotation,yolo_label
Fruits Model.v1i.yolov11/train/images/59_jpg.rf.1ad9b710e3f2a1511c98808fb7fab575.jpg,,,,,ambiguous,empty_annotation,yolo_label
Fruits Model.v1i.yolov11/train/images/59_jpg.rf.4da1e0932c15947766999cb330ab8c80.jpg,,,,,ambiguous,empty_annotation,yolo_label
Fruits Model.v1i.yolov11/train/images/59_jpg.rf.97b5738e50a248295b594f6e9e2705c4.jpg,,,,,ambiguous,empty_annotation,yolo_label
Fruits Model.v1i.yolov11/train/images/59_jpg.rf.cc929881d8c1e88063b5f3c3df51a77d.jpg,,,,,ambiguous,empty_annotation,yolo_label
Fruits Model.v1i.yolov11/train/images/59_jpg.rf.d10adb2527b880b049fb9c61c42bd176.jpg,,,,,ambiguous,empty_annotation,yolo_label
Fruits Model.v1i.yolov11/train/images/5_jpg.rf.09d3ed85eeee01e825a20796d294bb99.jpg,,,,,ambiguous,empty_annotation,yolo_label
Fruits Model.v1i.yolov11/train/images/5_jpg.rf.0b7780b3f0f27b885c78f2b3933de308.jpg,,,,,ambiguous,empty_annotation,yolo_label
Fruits Model.v1i.yolov11/train/images/5_jpg.rf.0dce93d79654fcddc7b3a6516d6d03b6.jpg,,,,,ambiguous,empty_annotation,yolo_label
Fruits Model.v1i.yolov11/train/images/5_jpg.rf.2829b065780e519fcade353d149dab50.jpg,,,,,ambiguous,empty_annotation,yolo_label
Fruits Model.v1i.yolov11/train/images/5_jpg.rf.28e15aa175950c330c462b8112758ee1.jpg,,,,,ambiguous,empty_annotation,yolo_label
Fruits Model.v1i.yolov11/train/images/5_jpg.rf.b2e47c820b705dc28e0d745c3cb78175.jpg,,,,,ambiguous,empty_annotation,yolo_label
Fruits Model.v1i.yolov11/train/images/5_jpg.rf.ec584eac74ac1bf93581385d33e0cd4b.jpg,,,,,ambiguous,empty_annotation,yolo_label
Fruits Model.v1i.yolov11/train/images/5_jpg.rf.ed8a6200d286b4c28717db1cb0e42ef8.jpg,,,,,ambiguous,empty_annotation,yolo_label
Fruits Model.v1i.yolov11/train/images/5_jpg.rf.f49314ec67791dbc180879d215d37366.jpg,,,,,ambiguous,empty_annotation,yolo_label
Fruits Model.v1i.yolov11/train/images/60_jpg.rf.135ea2a673bb9e8d2862875b5bf0302d.jpg,,,,,ambiguous,empty_annotation,yolo_label
Fruits Model.v1i.yolov11/train/images/60_jpg.rf.2973244670060b919ec86c8824716347.jpg,,,,,ambiguous,empty_annotation,yolo_label
Fruits Model.v1i.yolov11/train/images/60_jpg.rf.4bcfc3e72b068f6065be22275771d646.jpg,,,,,ambiguous,empty_annotation,yolo_label
Fruits Model.v1i.yolov11/train/images/60_jpg.rf.8f7b007d71fbde725e618f8ea3c578d1.jpg,,,,,ambiguous,empty_annotation,yolo_label
Fruits Model.v1i.yolov11/train/images/60_jpg.rf.ccd5424cca88b00cb5f2f31c0ea5f2d1.jpg,,,,,ambiguous,empty_annotation,yolo_label
Fruits Model.v1i.yolov11/train/images/60_jpg.rf.fc44d383f8104cd451502a2eeb3b85bc.jpg,,,,,ambiguous,empty_annotation,yolo_label
Fruits Model.v1i.yolov11/train/images/61_jpg.rf.03bb59ed6ebebfb9242638778e47f067.jpg,,,,,ambiguous,empty_annotation,yolo_label
Fruits Model.v1i.yolov11/train/images/61_jpg.rf.10c7cfe205753dd46f1831e25f576da8.jpg,,,,,ambiguous,empty_annotation,yolo_label
Fruits Model.v1i.yolov11/train/images/61_jpg.rf.38da1c493d573ccf6e7c5977e5afff52.jpg,,,,,ambiguous,empty_annotation,yolo_label
Fruits Model.v1i.yolov11/train/images/61_jpg.rf.4e795340165584aa65fc993762a16830.jpg,,,,,ambiguous,empty_annotation,yolo_label
Fruits Model.v1i.yolov11/train/images/61_jpg.rf.7c6a2ac28def8802acf55d66261282fe.jpg,,,,,ambiguous,empty_annotation,yolo_label
Fruits Model.v1i.yolov11/train/images/61_jpg.rf.adee9915f01eb526c90763f104504497.jpg,,,,,ambiguous,empty_annotation,yolo_label
Fruits Model.v1i.yolov11/train/images/62_jpg.rf.3174b65e17a899c222b6cd21f85aaf40.jpg,,,,,ambiguous,empty_annotation,yolo_label
Fruits Model.v1i.yolov11/train/images/62_jpg.rf.56078d80b0f657517c34e1bf47a354be.jpg,,,,,ambiguous,empty_annotation,yolo_label
Fruits Model.v1i.yolov11/train/images/62_jpg.rf.600cb98c49ba073c4146023134b55fd0.jpg,,,,,ambiguous,empty_annotation,yolo_label
Fruits Model.v1i.yolov11/train/images/62_jpg.rf.a1b1c378fbb88fec7dc27f5c1e99bd2e.jpg,,,,,ambiguous,empty_annotation,yolo_label
Fruits Model.v1i.yolov11/train/images/62_jpg.rf.b769d90bf7084cf3fce95964f0c25e4a.jpg,,,,,ambiguous,empty_annotation,yolo_label
Fruits Model.v1i.yolov11/train/images/62_jpg.rf.cc9448e6f6bbd10c5d711a1e7da25394.jpg,,,,,ambiguous,empty_annotation,yolo_label
Fruits Model.v1i.yolov11/train/images/62_jpg.rf.f17c4e61211768b72b941345e8709632.jpg,,,,,ambiguous,empty_annotation,yolo_label
Fruits Model.v1i.yolov11/train/images/62_jpg.rf.f370611ede6457724a8504563747963b.jpg,,,,,ambiguous,empty_annotation,yolo_label
Fruits Model.v1i.yolov11/train/images/63_jpg.rf.26fbd3639716edbf6227f729366f21c7.jpg,,,,,ambiguous,empty_annotation,yolo_label
Fruits Model.v1i.yolov11/train/images/63_jpg.rf.32d77e7b70891541b252aa2f3551f160.jpg,,,,,ambiguous,empty_annotation,yolo_label
Fruits Model.v1i.yolov11/train/images/63_jpg.rf.3f321e3ea9a93e91898a4f771c155116.jpg,,,,,ambiguous,empty_annotation,yolo_label
Fruits Model.v1i.yolov11/train/images/63_jpg.rf.4b0cdc855ec2311fe33dd801ca3f13c2.jpg,,,,,ambiguous,empty_annotation,yolo_label
Fruits Model.v1i.yolov11/train/images/63_jpg.rf.7b911de5c88f6b1680aac9e5494c4088.jpg,,,,,ambiguous,empty_annotation,yolo_label
Fruits Model.v1i.yolov11/train/images/63_jpg.rf.bdc1b9cbd018f26232e5486eccf80da7.jpg,,,,,ambiguous,empty_annotation,yolo_label
Fruits Model.v1i.yolov11/train/images/64_jpg.rf.6952af1847b55647319a0ab58a8107e4.jpg,,,,,ambiguous,empty_annotation,yolo_label
Fruits Model.v1i.yolov11/train/images/64_jpg.rf.6d5a940fca901f70b367b0c8edebf520.jpg,,,,,ambiguous,empty_annotation,yolo_label
Fruits Model.v1i.yolov11/train/images/64_jpg.rf.9eb6291174cf30307cd924585105a517.jpg,,,,,ambiguous,empty_annotation,yolo_label
Fruits Model.v1i.yolov11/train/images/64_jpg.rf.afde95a18887f0e617f75529936f7ebd.jpg,,,,,ambiguous,empty_annotation,yolo_label
Fruits Model.v1i.yolov11/train/images/64_jpg.rf.d37b776a4b0687dbd0ecb02a4269bc4e.jpg,,,,,ambiguous,empty_annotation,yolo_label
Fruits Model.v1i.yolov11/train/images/64_jpg.rf.df4f2101e4fd6fd0ad35c23289bc8ca8.jpg,,,,,ambiguous,empty_annotation,yolo_label
Fruits Model.v1i.yolov11/train/images/65_jpg.rf.11adb619050e21de7b41c9bf2a8fb090.jpg,,,,,ambiguous,empty_annotation,yolo_label
Fruits Model.v1i.yolov11/train/images/65_jpg.rf.5093c10a4227e080628f2e5b40ae1011.jpg,,,,,ambiguous,empty_annotation,yolo_label
Fruits Model.v1i.yolov11/train/images/65_jpg.rf.8aff798eae953d3b4797dd58a604e29a.jpg,,,,,ambiguous,empty_annotation,yolo_label
Fruits Model.v1i.yolov11/train/images/65_jpg.rf.c806654d3183f2ba7cd6e645efe889a0.jpg,,,,,ambiguous,empty_annotation,yolo_label
Fruits Model.v1i.yolov11/train/images/65_jpg.rf.cd989bbe09fdc683b74e03fd89080d0f.jpg,,,,,ambiguous,empty_annotation,yolo_label
Fruits Model.v1i.yolov11/train/images/65_jpg.rf.eff4df12993fafecef2e0645384d85a4.jpg,,,,,ambiguous,empty_annotation,yolo_label
Fruits Model.v1i.yolov11/train/images/66_jpg.rf.058e4e134313373bcc84fb1944659fd9.jpg,,,,,ambiguous,empty_annotation,yolo_label
Fruits Model.v1i.yolov11/train/images/66_jpg.rf.2e7ee7338bbee979a658af7e6cf5610d.jpg,,,,,ambiguous,empty_annotation,yolo_label
Fruits Model.v1i.yolov11/train/images/66_jpg.rf.4863e742078f45d5040f3b7845a63519.jpg,,,,,ambiguous,empty_annotation,yolo_label
Fruits Model.v1i.yolov11/train/images/66_jpg.rf.7e361bbcd7b22ad9724288e6995c1893.jpg,,,,,ambiguous,empty_annotation,yolo_label
Fruits Model.v1i.yolov11/train/images/66_jpg.rf.8320cc048b6c6ae8c3085b092115ca05.jpg,,,,,ambiguous,empty_annotation,yolo_label
Fruits Model.v1i.yolov11/train/images/66_jpg.rf.8ab4c725ce272e8b57bc793e0ce1c4ef.jpg,,,,,ambiguous,empty_annotation,yolo_label
Fruits Model.v1i.yolov11/train/images/67_jpg.rf.1cd1e8e48e1a1e17abfd9f181eef1ada.jpg,,,,,ambiguous,empty_annotation,yolo_label
Fruits Model.v1i.yolov11/train/images/67_jpg.rf.3456a4d1b76d6f273eff94610407305a.jpg,,,,,ambiguous,empty_annotation,yolo_label
Fruits Model.v1i.yolov11/train/images/67_jpg.rf.ae53ed35b2a42a4d8d550a7e89292870.jpg,,,,,ambiguous,empty_annotation,yolo_label
Fruits Model.v1i.yolov11/train/images/67_jpg.rf.b81c069628991c3ae204b834136a64b3.jpg,,,,,ambiguous,empty_annotation,yolo_label
Fruits Model.v1i.yolov11/train/images/67_jpg.rf.c448f852c0cbde48043e701917db50f2.jpg,,,,,ambiguous,empty_annotation,yolo_label
Fruits Model.v1i.yolov11/train/images/67_jpg.rf.cde1be8e974ff1fff8ac0cc98dbe6174.jpg,,,,,ambiguous,empty_annotation,yolo_label
Fruits Model.v1i.yolov11/train/images/67_jpg.rf.e6ea36f516f65006d4163f04750258e5.jpg,,,,,ambiguous,empty_annotation,yolo_label
Fruits Model.v1i.yolov11/train/images/67_jpg.rf.f754d592ef2ee81c1abad7b26f1263a8.jpg,,,,,ambiguous,empty_annotation,yolo_label
Fruits Model.v1i.yolov11/train/images/67_jpg.rf.fe6e6f0ad4f06c08d00004466eb4e5af.jpg,,,,,ambiguous,empty_annotation,yolo_label
Fruits Model.v1i.yolov11/train/images/68_jpg.rf.7b395a42885955403cd25249d5051fce.jpg,,,,,ambiguous,empty_annotation,yolo_label
Fruits Model.v1i.yolov11/train/images/68_jpg.rf.c74f4bdccfdc24da3a0b88a8ce95015e.jpg,,,,,ambiguous,empty_annotation,yolo_label
Fruits Model.v1i.yolov11/train/images/68_jpg.rf.ce10a88539d7841392f708535816cc75.jpg,,,,,ambiguous,empty_annotation,yolo_label
Fruits Model.v1i.yolov11/train/images/68_jpg.rf.eeaec345bc2fa02864228f3e2bcdef6f.jpg,,,,,ambiguous,empty_annotation,yolo_label
Fruits Model.v1i.yolov11/train/images/68_jpg.rf.eef74757a376b8437798ac9f0d40509c.jpg,,,,,ambiguous,empty_annotation,yolo_label
Fruits Model.v1i.yolov11/train/images/68_jpg.rf.f8a90c939a0b2cff7c521517ea9f7dd6.jpg,,,,,ambiguous,empty_annotation,yolo_label
Fruits Model.v1i.yolov11/train/images/69_jpg.rf.265b49b1482a231c7c275be79e79924d.jpg,,,,,ambiguous,empty_annotation,yolo_label
Fruits Model.v1i.yolov11/train/images/69_jpg.rf.5ac5c077924588c8544d46f383f0712a.jpg,,,,,ambiguous,empty_annotation,yolo_label
Fruits Model.v1i.yolov11/train/images/69_jpg.rf.70d1e7fc7cad56de90697d0896ed169f.jpg,,,,,ambiguous,empty_annotation,yolo_label
Fruits Model.v1i.yolov11/train/images/69_jpg.rf.b346af3c4811c77f6b1d3eb8fb0515c4.jpg,,,,,ambiguous,empty_annotation,yolo_label
Fruits Model.v1i.yolov11/train/images/69_jpg.rf.bac3862c7ac8a13b6824654d62ae73a0.jpg,,,,,ambiguous,empty_annotation,yolo_label
Fruits Model.v1i.yolov11/train/images/69_jpg.rf.c4830ffb97265297e92b23fdde0d4a0d.jpg,,,,,ambiguous,empty_annotation,yolo_label
Fruits Model.v1i.yolov11/train/images/6_jpg.rf.02263b2f499ace6070376638c68de2f2.jpg,,,,,ambiguous,empty_annotation,yolo_label
Fruits Model.v1i.yolov11/train/images/6_jpg.rf.7606cde5de7ae6c4201084e82c611107.jpg,,,,,ambiguous,empty_annotation,yolo_label
Fruits Model.v1i.yolov11/train/images/6_jpg.rf.94f4516b9d138ee59a80e77840923449.jpg,,,,,ambiguous,empty_annotation,yolo_label
Fruits Model.v1i.yolov11/train/images/705_jpg.rf.47eb95f41b0288500a0f76a352ac387e.jpg,,,,,ambiguous,empty_annotation,yolo_label
Fruits Model.v1i.yolov11/train/images/705_jpg.rf.6a5cbf6a2da3dc6d9ee3511176491be7.jpg,,,,,ambiguous,empty_annotation,yolo_label
Fruits Model.v1i.yolov11/train/images/705_jpg.rf.b8895c74e0be8dfcd64782ad55cfb116.jpg,,,,,ambiguous,empty_annotation,yolo_label
Fruits Model.v1i.yolov11/train/images/706_jpg.rf.097ddb3d0a8c09bcfd60b2770037faa3.jpg,,,,,ambiguous,empty_annotation,yolo_label
Fruits Model.v1i.yolov11/train/images/706_jpg.rf.a6418684ee7effc8ea23af4555eb5031.jpg,,,,,ambiguous,empty_annotation,yolo_label
Fruits Model.v1i.yolov11/train/images/706_jpg.rf.da002a8b4f81ba4a414b946dc0f9702e.jpg,,,,,ambiguous,empty_annotation,yolo_label
Fruits Model.v1i.yolov11/train/images/707_jpg.rf.505e146443896e1f6ec2715c42095eea.jpg,,,,,ambiguous,empty_annotation,yolo_label
Fruits Model.v1i.yolov11/train/images/707_jpg.rf.b9da5d5ea67f66c38c661bd8304465a1.jpg,,,,,ambiguous,empty_annotation,yolo_label
Fruits Model.v1i.yolov11/train/images/707_jpg.rf.e550756eb31d8f59a2fac6ca5587972e.jpg,,,,,ambiguous,empty_annotation,yolo_label
Fruits Model.v1i.yolov11/train/images/708_jpg.rf.91e4b57edd6b1bf16213c2ddc88a8992.jpg,,,,,ambiguous,empty_annotation,yolo_label
Fruits Model.v1i.yolov11/train/images/708_jpg.rf.bdb43738040e2e73f87668d740224780.jpg,,,,,ambiguous,empty_annotation,yolo_label
Fruits Model.v1i.yolov11/train/images/708_jpg.rf.bdcbb4eae9068dab0ba0494efc3b5cd0.jpg,,,,,ambiguous,empty_annotation,yolo_label
Fruits Model.v1i.yolov11/train/images/709_jpg.rf.364ecf5aa8c704b33e98e1209f7ea6ec.jpg,,,,,ambiguous,empty_annotation,yolo_label
Fruits Model.v1i.yolov11/train/images/709_jpg.rf.4ee93d3f2405f1574663477a870984b7.jpg,,,,,ambiguous,empty_annotation,yolo_label
Fruits Model.v1i.yolov11/train/images/709_jpg.rf.cd3770443f57078436fe79c7a221cb22.jpg,,,,,ambiguous,empty_annotation,yolo_label
Fruits Model.v1i.yolov11/train/images/70_jpg.rf.0637eda3cca4c1da7f2076d205030889.jpg,,,,,ambiguous,empty_annotation,yolo_label
Fruits Model.v1i.yolov11/train/images/70_jpg.rf.0e341947ec0bf69a7fb3b79fb9bee119.jpg,,,,,ambiguous,empty_annotation,yolo_label
Fruits Model.v1i.yolov11/train/images/70_jpg.rf.23820d94214bb6f59fc69013cc1ba356.jpg,,,,,ambiguous,empty_annotation,yolo_label
Fruits Model.v1i.yolov11/train/images/70_jpg.rf.259e4d5f82b03bfef45ac80ded42eb2e.jpg,,,,,ambiguous,empty_annotation,yolo_label
Fruits Model.v1i.yolov11/train/images/70_jpg.rf.9d9ce3ec1e68eb22ffc4cff1fb4fb916.jpg,,,,,ambiguous,empty_annotation,yolo_label
Fruits Model.v1i.yolov11/train/images/70_jpg.rf.efe191ee6c92ea3c7bea1594e28543cc.jpg,,,,,ambiguous,empty_annotation,yolo_label
Fruits Model.v1i.yolov11/train/images/710_jpg.rf.208e136ad3799e160606aeb1303ebc37.jpg,,,,,ambiguous,empty_annotation,yolo_label
Fruits Model.v1i.yolov11/train/images/710_jpg.rf.55cc5a05c3dcba9b747dae4040fa133f.jpg,,,,,ambiguous,empty_annotation,yolo_label
Fruits Model.v1i.yolov11/train/images/710_jpg.rf.a912d881033d5b1783e8947aa5cb0a4b.jpg,,,,,ambiguous,empty_annotation,yolo_label
Fruits Model.v1i.yolov11/train/images/711_jpg.rf.24561cfa8c3adfbf446fbc6ab1ef401c.jpg,,,,,ambiguous,empty_annotation,yolo_label
Fruits Model.v1i.yolov11/train/images/711_jpg.rf.342d27d4625c81aaf19391a098fae7e0.jpg,,,,,ambiguous,empty_annotation,yolo_label
Fruits Model.v1i.yolov11/train/images/711_jpg.rf.d3b246af92047050e708855973ed28b6.jpg,,,,,ambiguous,empty_annotation,yolo_label
Fruits Model.v1i.yolov11/train/images/712_jpg.rf.dfbffd5abd4023d70534fcffdfabb660.jpg,,,,,ambiguous,empty_annotation,yolo_label
Fruits Model.v1i.yolov11/train/images/712_jpg.rf.e3efef6fee8f9ae379d1355857b3d6ee.jpg,,,,,ambiguous,empty_annotation,yolo_label
Fruits Model.v1i.yolov11/train/images/712_jpg.rf.f4e6212dd735434e0b24a265568f1d70.jpg,,,,,ambiguous,empty_annotation,yolo_label
Fruits Model.v1i.yolov11/train/images/714_jpg.rf.69381bf678f795f7f61aca4494a1f254.jpg,,,,,ambiguous,empty_annotation,yolo_label
Fruits Model.v1i.yolov11/train/images/714_jpg.rf.8663fe4ec379e2b7714842813d6429dc.jpg,,,,,ambiguous,empty_annotation,yolo_label
Fruits Model.v1i.yolov11/train/images/714_jpg.rf.d902eee4567d7d8cdafa447e5e60a993.jpg,,,,,ambiguous,empty_annotation,yolo_label
Fruits Model.v1i.yolov11/train/images/716_jpg.rf.58ce36373d290f9d985ea8d7289d3a45.jpg,,,,,ambiguous,empty_annotation,yolo_label
Fruits Model.v1i.yolov11/train/images/716_jpg.rf.98b0db297f340ce9726ecb6cdffb0c39.jpg,,,,,ambiguous,empty_annotation,yolo_label
Fruits Model.v1i.yolov11/train/images/716_jpg.rf.e6019dc59ac836404f9f8da31eac8c1f.jpg,,,,,ambiguous,empty_annotation,yolo_label
Fruits Model.v1i.yolov11/train/images/717_jpg.rf.0c40ad5d44a62ea2b76e7ed4650fdd5d.jpg,,,,,ambiguous,empty_annotation,yolo_label
Fruits Model.v1i.yolov11/train/images/717_jpg.rf.32a200ae5908f63232c171675d716ff5.jpg,,,,,ambiguous,empty_annotation,yolo_label
Fruits Model.v1i.yolov11/train/images/717_jpg.rf.63ab08a0e12f5f94a9e12e239380ce10.jpg,,,,,ambiguous,empty_annotation,yolo_label
Fruits Model.v1i.yolov11/train/images/719_jpg.rf.4c8ee4e6b5f749b73ce8203e2269b366.jpg,,,,,ambiguous,empty_annotation,yolo_label
Fruits Model.v1i.yolov11/train/images/719_jpg.rf.c776ce4a268768a9dccd27c49f4a3474.jpg,,,,,ambiguous,empty_annotation,yolo_label
Fruits Model.v1i.yolov11/train/images/719_jpg.rf.f39669c826d5fbd219989ea14518df4b.jpg,,,,,ambiguous,empty_annotation,yolo_label
Fruits Model.v1i.yolov11/train/images/71_jpg.rf.0ec685c94c0bdf002057aa517df5d9a5.jpg,,,,,ambiguous,empty_annotation,yolo_label
Fruits Model.v1i.yolov11/train/images/71_jpg.rf.1c8b511c6af5e4edb2d2bba24eaba5a0.jpg,,,,,ambiguous,empty_annotation,yolo_label
Fruits Model.v1i.yolov11/train/images/71_jpg.rf.44adfda8f6cd70eacf20dd7da4e371b0.jpg,,,,,ambiguous,empty_annotation,yolo_label
Fruits Model.v1i.yolov11/train/images/71_jpg.rf.4ed8aae53b1879cc4b7b27140fdaa629.jpg,,,,,ambiguous,empty_annotation,yolo_label
Fruits Model.v1i.yolov11/train/images/71_jpg.rf.62f79aa78c4ce348439870d9e0e6cc8f.jpg,,,,,ambiguous,empty_annotation,yolo_label
Fruits Model.v1i.yolov11/train/images/71_jpg.rf.687d8de91e04edcadf5430e3ffb95b74.jpg,,,,,ambiguous,empty_annotation,yolo_label
Fruits Model.v1i.yolov11/train/images/71_jpg.rf.99c314a816a372d2cce0c9d0bce6fe20.jpg,,,,,ambiguous,empty_annotation,yolo_label
Fruits Model.v1i.yolov11/train/images/71_jpg.rf.f8841b4bcc54917aa47998d8e5b12d08.jpg,,,,,ambiguous,empty_annotation,yolo_label
Fruits Model.v1i.yolov11/train/images/71_jpg.rf.fc26426c90ade09f8cd09a48e4c585b7.jpg,,,,,ambiguous,empty_annotation,yolo_label
Fruits Model.v1i.yolov11/train/images/720_jpg.rf.4820f21ccf2eaae63e8288fb2c3f291a.jpg,,,,,ambiguous,empty_annotation,yolo_label
Fruits Model.v1i.yolov11/train/images/720_jpg.rf.9795c2eb3cf2301b5e25f7a2005ca6f8.jpg,,,,,ambiguous,empty_annotation,yolo_label
Fruits Model.v1i.yolov11/train/images/720_jpg.rf.fae7451866f79f60d778a512d057baee.jpg,,,,,ambiguous,empty_annotation,yolo_label
Fruits Model.v1i.yolov11/train/images/721_jpg.rf.02984ad72d5980933b1dd8c3280cc901.jpg,,,,,ambiguous,empty_annotation,yolo_label
Fruits Model.v1i.yolov11/train/images/721_jpg.rf.75a38661cb055b935909da91304d6590.jpg,,,,,ambiguous,empty_annotation,yolo_label
Fruits Model.v1i.yolov11/train/images/721_jpg.rf.95ab46474c6698c0737aa408fd970160.jpg,,,,,ambiguous,empty_annotation,yolo_label
Fruits Model.v1i.yolov11/train/images/722_jpg.rf.9dc89cc1df36f6df2b813b5e4ef8865e.jpg,,,,,ambiguous,empty_annotation,yolo_label
Fruits Model.v1i.yolov11/train/images/722_jpg.rf.a99a83e5d99cd8823e20555d35bf15b0.jpg,,,,,ambiguous,empty_annotation,yolo_label
Fruits Model.v1i.yolov11/train/images/722_jpg.rf.c71d26f7f269773f6438f1bea368ae76.jpg,,,,,ambiguous,empty_annotation,yolo_label
Fruits Model.v1i.yolov11/train/images/724_jpg.rf.291fcf6159b799265a9a82a776e26a43.jpg,,,,,ambiguous,empty_annotation,yolo_label
Fruits Model.v1i.yolov11/train/images/724_jpg.rf.71c5bf786945cf61e0b235219f783fa8.jpg,,,,,ambiguous,empty_annotation,yolo_label
Fruits Model.v1i.yolov11/train/images/724_jpg.rf.ad22e45c0bfe50da0dfcb31c229bc41c.jpg,,,,,ambiguous,empty_annotation,yolo_label
Fruits Model.v1i.yolov11/train/images/726_jpg.rf.a6d131e02f34a4d632e0c4ecf6e2b3fe.jpg,,,,,ambiguous,empty_annotation,yolo_label
Fruits Model.v1i.yolov11/train/images/726_jpg.rf.cc9dae35b6fc4a80845b62a7ace61618.jpg,,,,,ambiguous,empty_annotation,yolo_label
Fruits Model.v1i.yolov11/train/images/726_jpg.rf.f4ecec453fe091ffb9e2c1195ee48bcb.jpg,,,,,ambiguous,empty_annotation,yolo_label
Fruits Model.v1i.yolov11/train/images/728_jpg.rf.46b5adec12fe163fdf32b51c3f0fd154.jpg,,,,,ambiguous,empty_annotation,yolo_label
Fruits Model.v1i.yolov11/train/images/728_jpg.rf.c35217510cb3cdcbb873922b136b0355.jpg,,,,,ambiguous,empty_annotation,yolo_label
Fruits Model.v1i.yolov11/train/images/728_jpg.rf.c58018dd9cf9d02e25dbc81726e301ad.jpg,,,,,ambiguous,empty_annotation,yolo_label
Fruits Model.v1i.yolov11/train/images/729_jpg.rf.3345f784ed4563b61a799d2301b607f9.jpg,,,,,ambiguous,empty_annotation,yolo_label
Fruits Model.v1i.yolov11/train/images/729_jpg.rf.a34db6361a8e6cc5005043961a4c510c.jpg,,,,,ambiguous,empty_annotation,yolo_label
Fruits Model.v1i.yolov11/train/images/729_jpg.rf.f4dc907a5c31439c2c6bc754dbbd6963.jpg,,,,,ambiguous,empty_annotation,yolo_label
Fruits Model.v1i.yolov11/train/images/72_jpg.rf.08611d0a1d4004fbc08a4d3f531b15a5.jpg,,,,,ambiguous,empty_annotation,yolo_label
Fruits Model.v1i.yolov11/train/images/72_jpg.rf.2291aba7da6b197c8da5a45e272755b4.jpg,,,,,ambiguous,empty_annotation,yolo_label
Fruits Model.v1i.yolov11/train/images/72_jpg.rf.282026e8209b735a280f79733c4ef84a.jpg,,,,,ambiguous,empty_annotation,yolo_label
Fruits Model.v1i.yolov11/train/images/72_jpg.rf.491b5775a97a29e29e84f3312b8aa311.jpg,,,,,ambiguous,empty_annotation,yolo_label
Fruits Model.v1i.yolov11/train/images/72_jpg.rf.782d2737853292b15555a49728093be1.jpg,,,,,ambiguous,empty_annotation,yolo_label
Fruits Model.v1i.yolov11/train/images/72_jpg.rf.8519413976311f47e4f690234032e065.jpg,,,,,ambiguous,empty_annotation,yolo_label
Fruits Model.v1i.yolov11/train/images/72_jpg.rf.a077107b86cbfd7684830db82b104afe.jpg,,,,,ambiguous,empty_annotation,yolo_label
Fruits Model.v1i.yolov11/train/images/72_jpg.rf.e73acf8a942a7d4bb347fb3f921fd94b.jpg,,,,,ambiguous,empty_annotation,yolo_label
Fruits Model.v1i.yolov11/train/images/72_jpg.rf.fcac8a4d5fc20c2623d3a75dac659d5f.jpg,,,,,ambiguous,empty_annotation,yolo_label
Fruits Model.v1i.yolov11/train/images/730_jpg.rf.94f76994c929bb8df1f7e346079b1e2f.jpg,,,,,ambiguous,empty_annotation,yolo_label
Fruits Model.v1i.yolov11/train/images/730_jpg.rf.b18274b22b3c0f0dd38257413e0bbab8.jpg,,,,,ambiguous,empty_annotation,yolo_label
Fruits Model.v1i.yolov11/train/images/730_jpg.rf.f4c15179f3bda635fdabcfb27cd07035.jpg,,,,,ambiguous,empty_annotation,yolo_label
Fruits Model.v1i.yolov11/train/images/733_jpg.rf.1e3e622d103dcf7827963ea5c8fae49d.jpg,,,,,ambiguous,empty_annotation,yolo_label
Fruits Model.v1i.yolov11/train/images/733_jpg.rf.5b2eff14b69cfa23d56a39719380c640.jpg,,,,,ambiguous,empty_annotation,yolo_label
Fruits Model.v1i.yolov11/train/images/733_jpg.rf.ab768b3a6ecbe93c6286b2865b7c8782.jpg,,,,,ambiguous,empty_annotation,yolo_label
Fruits Model.v1i.yolov11/train/images/73_jpg.rf.321d94f9058f3eed60a7453dc0708980.jpg,,,,,ambiguous,empty_annotation,yolo_label
Fruits Model.v1i.yolov11/train/images/73_jpg.rf.56b3b6e34d4c337a3f735ae456237016.jpg,,,,,ambiguous,empty_annotation,yolo_label
Fruits Model.v1i.yolov11/train/images/73_jpg.rf.57e4c1ddfa93c9ce88a79049e035eb9d.jpg,,,,,ambiguous,empty_annotation,yolo_label
Fruits Model.v1i.yolov11/train/images/73_jpg.rf.5e8787cb9aee100bbfbba7c126f64858.jpg,,,,,ambiguous,empty_annotation,yolo_label
Fruits Model.v1i.yolov11/train/images/73_jpg.rf.6993392a995657a5b2f7d698388fcf9c.jpg,,,,,ambiguous,empty_annotation,yolo_label
Fruits Model.v1i.yolov11/train/images/73_jpg.rf.6d61d75283fabc7095e76b17c5b519ee.jpg,,,,,ambiguous,empty_annotation,yolo_label
Fruits Model.v1i.yolov11/train/images/73_jpg.rf.c5776aee3fc7b72669f53bcd5037c3a4.jpg,,,,,ambiguous,empty_annotation,yolo_label
Fruits Model.v1i.yolov11/train/images/73_jpg.rf.d22ac31d11c3b9bf69956bdac40d1d9b.jpg,,,,,ambiguous,empty_annotation,yolo_label
Fruits Model.v1i.yolov11/train/images/73_jpg.rf.e828cfd4764f5352d4e82fab11aa83ba.jpg,,,,,ambiguous,empty_annotation,yolo_label
Fruits Model.v1i.yolov11/train/images/74_jpg.rf.1824c61e9405e22e12d55802e325055e.jpg,,,,,ambiguous,empty_annotation,yolo_label
Fruits Model.v1i.yolov11/train/images/74_jpg.rf.3ef15899f240ee4646b86b2044258449.jpg,,,,,ambiguous,empty_annotation,yolo_label
Fruits Model.v1i.yolov11/train/images/74_jpg.rf.3fa3fb44e41e0e1be4731c94f88df4f7.jpg,,,,,ambiguous,empty_annotation,yolo_label
Fruits Model.v1i.yolov11/train/images/74_jpg.rf.88391fc5b8f7250fabed165153843378.jpg,,,,,ambiguous,empty_annotation,yolo_label
Fruits Model.v1i.yolov11/train/images/74_jpg.rf.95f3b6f5fed8d090e9e495c5b9f6fb22.jpg,,,,,ambiguous,empty_annotation,yolo_label
Fruits Model.v1i.yolov11/train/images/74_jpg.rf.a6c7447d4aeb0919f341722d538b1433.jpg,,,,,ambiguous,empty_annotation,yolo_label
Fruits Model.v1i.yolov11/train/images/74_jpg.rf.e82c41a4c6628e6838fe3e122a875e5d.jpg,,,,,ambiguous,empty_annotation,yolo_label
Fruits Model.v1i.yolov11/train/images/74_jpg.rf.fc5436dff0b006bf3ff59dc69a138e13.jpg,,,,,ambiguous,empty_annotation,yolo_label
Fruits Model.v1i.yolov11/train/images/75_jpg.rf.07cf3a41382b6355f9c9f54b7440eecb.jpg,,,,,ambiguous,empty_annotation,yolo_label
Fruits Model.v1i.yolov11/train/images/75_jpg.rf.1954aba3e42ba48298b4f9466bcd37fa.jpg,,,,,ambiguous,empty_annotation,yolo_label
Fruits Model.v1i.yolov11/train/images/75_jpg.rf.2080b4b772c7cfad4972cf97dc0448d2.jpg,,,,,ambiguous,empty_annotation,yolo_label
Fruits Model.v1i.yolov11/train/images/75_jpg.rf.210f696f51911b2970c5ea24ebf16eb9.jpg,,,,,ambiguous,empty_annotation,yolo_label
Fruits Model.v1i.yolov11/train/images/75_jpg.rf.4e5310bdade68430cd52ff5f6c63d65a.jpg,,,,,ambiguous,empty_annotation,yolo_label
Fruits Model.v1i.yolov11/train/images/75_jpg.rf.67f2ca335799d4418a31e5849e45c7f0.jpg,,,,,ambiguous,empty_annotation,yolo_label
Fruits Model.v1i.yolov11/train/images/75_jpg.rf.6d211d8939080afeb6dd1830cdb664f9.jpg,,,,,ambiguous,empty_annotation,yolo_label
Fruits Model.v1i.yolov11/train/images/75_jpg.rf.7aabc6c879526881f80ec7f89b95bcce.jpg,,,,,ambiguous,empty_annotation,yolo_label
Fruits Model.v1i.yolov11/train/images/75_jpg.rf.b1121e4c4d5ebe9d8303705eed5a0e35.jpg,,,,,ambiguous,empty_annotation,yolo_label
Fruits Model.v1i.yolov11/train/images/76_jpg.rf.02821a7da74cc465f7dd25819a62d9fd.jpg,,,,,ambiguous,empty_annotation,yolo_label
Fruits Model.v1i.yolov11/train/images/76_jpg.rf.21d6be87b2f5185e3a9119cbcb3e7386.jpg,,,,,ambiguous,empty_annotation,yolo_label
Fruits Model.v1i.yolov11/train/images/76_jpg.rf.38b690f5a94b200547b4fe6092889bce.jpg,,,,,ambiguous,empty_annotation,yolo_label
Fruits Model.v1i.yolov11/train/images/76_jpg.rf.6c88eb64ca8ed90275ddd9cd443a25e7.jpg,,,,,ambiguous,empty_annotation,yolo_label
Fruits Model.v1i.yolov11/train/images/76_jpg.rf.a1a692f370c9d3a98d7c14200e2d7e76.jpg,,,,,ambiguous,empty_annotation,yolo_label
Fruits Model.v1i.yolov11/train/images/76_jpg.rf.b11f331275c982c304504c054646c4e4.jpg,,,,,ambiguous,empty_annotation,yolo_label
Fruits Model.v1i.yolov11/train/images/76_jpg.rf.c23efe76827c59a90b932930263f5163.jpg,,,,,ambiguous,empty_annotation,yolo_label
Fruits Model.v1i.yolov11/train/images/76_jpg.rf.c9cba2054b340818047935407ec4176d.jpg,,,,,ambiguous,empty_annotation,yolo_label
Fruits Model.v1i.yolov11/train/images/76_jpg.rf.d12793d7ca4d4bf8ed78032b036cb662.jpg,,,,,ambiguous,empty_annotation,yolo_label
Fruits Model.v1i.yolov11/train/images/77_jpg.rf.1f135127d109dc4f391b28cf9d950ace.jpg,,,,,ambiguous,empty_annotation,yolo_label
Fruits Model.v1i.yolov11/train/images/77_jpg.rf.59b8100bb761f8e2a69f6d941ceeae55.jpg,,,,,ambiguous,empty_annotation,yolo_label
Fruits Model.v1i.yolov11/train/images/77_jpg.rf.ff63df3970b4daa50ecebd7fc4798c59.jpg,,,,,ambiguous,empty_annotation,yolo_label
Fruits Model.v1i.yolov11/train/images/78_jpg.rf.311319c57496fc2603e4a4e49d53f2c2.jpg,,,,,ambiguous,empty_annotation,yolo_label
Fruits Model.v1i.yolov11/train/images/78_jpg.rf.4c86e195a2588e96c229a45b010f0140.jpg,,,,,ambiguous,empty_annotation,yolo_label
Fruits Model.v1i.yolov11/train/images/78_jpg.rf.4f186d4ef3ee9dd67fe07b75ed4a06f8.jpg,,,,,ambiguous,empty_annotation,yolo_label
Fruits Model.v1i.yolov11/train/images/78_jpg.rf.56e5016d248a82c70c2c01a093555584.jpg,,,,,ambiguous,empty_annotation,yolo_label
Fruits Model.v1i.yolov11/train/images/78_jpg.rf.702429fbe98c522aba8f04e9e824214b.jpg,,,,,ambiguous,empty_annotation,yolo_label
Fruits Model.v1i.yolov11/train/images/78_jpg.rf.859dd9b1375526b7add2d42e840b288a.jpg,,,,,ambiguous,empty_annotation,yolo_label
Fruits Model.v1i.yolov11/train/images/78_jpg.rf.970730071e1fee768315574d3862c937.jpg,,,,,ambiguous,empty_annotation,yolo_label
Fruits Model.v1i.yolov11/train/images/78_jpg.rf.9c427194d2f1cb7f5075e2d99ce1d20e.jpg,,,,,ambiguous,empty_annotation,yolo_label
Fruits Model.v1i.yolov11/train/images/78_jpg.rf.9d72c03fbf0c95c8f7841579327420c8.jpg,,,,,ambiguous,empty_annotation,yolo_label
Fruits Model.v1i.yolov11/train/images/79_jpg.rf.071d931775d783fdce2c0db95e81dc83.jpg,,,,,ambiguous,empty_annotation,yolo_label
Fruits Model.v1i.yolov11/train/images/79_jpg.rf.5d771f2507feb56924a2e6c8974f8528.jpg,,,,,ambiguous,empty_annotation,yolo_label
Fruits Model.v1i.yolov11/train/images/79_jpg.rf.9daad9e3338dde7127293378055219c7.jpg,,,,,ambiguous,empty_annotation,yolo_label
Fruits Model.v1i.yolov11/train/images/79_jpg.rf.b2d57c006f5960aac72d08ed22d867a2.jpg,,,,,ambiguous,empty_annotation,yolo_label
Fruits Model.v1i.yolov11/train/images/79_jpg.rf.e9ec7c17e08fa97c3aa699b8ae6f7544.jpg,,,,,ambiguous,empty_annotation,yolo_label
Fruits Model.v1i.yolov11/train/images/79_jpg.rf.eae106482f15403a971050c18e1fa908.jpg,,,,,ambiguous,empty_annotation,yolo_label
Fruits Model.v1i.yolov11/train/images/7_jpg.rf.96a5760e4698dfedce1d93e625d46581.jpg,,,,,ambiguous,empty_annotation,yolo_label
Fruits Model.v1i.yolov11/train/images/7_jpg.rf.c436f00794771ac0253774d592d84859.jpg,,,,,ambiguous,empty_annotation,yolo_label
Fruits Model.v1i.yolov11/train/images/7_jpg.rf.d3ddf6b992548667f2af66e521d80de9.jpg,,,,,ambiguous,empty_annotation,yolo_label
Fruits Model.v1i.yolov11/train/images/7_jpg.rf.e7258f61e2a4c5f6a318b07f545ed010.jpg,,,,,ambiguous,empty_annotation,yolo_label
Fruits Model.v1i.yolov11/train/images/7_jpg.rf.f131b1812f9c17326298dda6b87c105e.jpg,,,,,ambiguous,empty_annotation,yolo_label
Fruits Model.v1i.yolov11/train/images/7_jpg.rf.f27bee62391d2596ec1620af026d76a0.jpg,,,,,ambiguous,empty_annotation,yolo_label
Fruits Model.v1i.yolov11/train/images/80_jpg.rf.0d4e6c51ac3cf0660b72b2cb360a2f39.jpg,,,,,ambiguous,empty_annotation,yolo_label
Fruits Model.v1i.yolov11/train/images/80_jpg.rf.2c0201e87cc3dcdd0f5ed7f7707ba5ff.jpg,,,,,ambiguous,empty_annotation,yolo_label
Fruits Model.v1i.yolov11/train/images/80_jpg.rf.2fb09052d7c10e973f75ac4ecbe82ed9.jpg,,,,,ambiguous,empty_annotation,yolo_label
Fruits Model.v1i.yolov11/train/images/80_jpg.rf.987f64843552a1c5afcfc0b3cfab1c61.jpg,,,,,ambiguous,empty_annotation,yolo_label
Fruits Model.v1i.yolov11/train/images/80_jpg.rf.b9dc24b56834084f9d4d6152b669eed7.jpg,,,,,ambiguous,empty_annotation,yolo_label
Fruits Model.v1i.yolov11/train/images/80_jpg.rf.c0f1e7635ee2865e664183ee3ca780b0.jpg,,,,,ambiguous,empty_annotation,yolo_label
Fruits Model.v1i.yolov11/train/images/80_jpg.rf.c223096dd3099153935d03c4d94a4c6a.jpg,,,,,ambiguous,empty_annotation,yolo_label
Fruits Model.v1i.yolov11/train/images/80_jpg.rf.c234c778cca4e73930436a07fc5ab0f6.jpg,,,,,ambiguous,empty_annotation,yolo_label
Fruits Model.v1i.yolov11/train/images/80_jpg.rf.fdebc12908b8aed457cc12fca9c2d4aa.jpg,,,,,ambiguous,empty_annotation,yolo_label
Fruits Model.v1i.yolov11/train/images/81_jpg.rf.093f9d752129b5121e318dd6b9145ae6.jpg,,,,,ambiguous,empty_annotation,yolo_label
Fruits Model.v1i.yolov11/train/images/81_jpg.rf.96f0092c2cc0e2f372a91a2dd82e064c.jpg,,,,,ambiguous,empty_annotation,yolo_label
Fruits Model.v1i.yolov11/train/images/81_jpg.rf.9d8408e3275b3942e3aeae0acd254b00.jpg,,,,,ambiguous,empty_annotation,yolo_label
Fruits Model.v1i.yolov11/train/images/81_jpg.rf.9e633c62bc80ede961367813649befe2.jpg,,,,,ambiguous,empty_annotation,yolo_label
Fruits Model.v1i.yolov11/train/images/81_jpg.rf.bc3729b39216a116e4b6eb5570bc4557.jpg,,,,,ambiguous,empty_annotation,yolo_label
Fruits Model.v1i.yolov11/train/images/81_jpg.rf.e52b6eac44642dbedf7fe13bdd52a75e.jpg,,,,,ambiguous,empty_annotation,yolo_label
Fruits Model.v1i.yolov11/train/images/82_jpg.rf.125dd5f5951959c95f3908b5d88bac62.jpg,,,,,ambiguous,empty_annotation,yolo_label
Fruits Model.v1i.yolov11/train/images/82_jpg.rf.3011a4ffbd708bd12ff51f729d73a62f.jpg,,,,,ambiguous,empty_annotation,yolo_label
Fruits Model.v1i.yolov11/train/images/82_jpg.rf.7adb2cc2e93ced7903df911d9017645d.jpg,,,,,ambiguous,empty_annotation,yolo_label
Fruits Model.v1i.yolov11/train/images/82_jpg.rf.95c2aab8a7bc85306700cf8f608239a0.jpg,,,,,ambiguous,empty_annotation,yolo_label
Fruits Model.v1i.yolov11/train/images/82_jpg.rf.bb2f3882008c0e73c2927a399f56692c.jpg,,,,,ambiguous,empty_annotation,yolo_label
Fruits Model.v1i.yolov11/train/images/82_jpg.rf.bbcf8786c3b6a5aefdeb8e06d8f7f1b1.jpg,,,,,ambiguous,empty_annotation,yolo_label
Fruits Model.v1i.yolov11/train/images/82_jpg.rf.d8deb813bb373b6cd5ec764b02b2d1f9.jpg,,,,,ambiguous,empty_annotation,yolo_label
Fruits Model.v1i.yolov11/train/images/82_jpg.rf.da4f05c2cecb3c3f4e6284e42ee73502.jpg,,,,,ambiguous,empty_annotation,yolo_label
Fruits Model.v1i.yolov11/train/images/82_jpg.rf.fd68abdac9f6871efbece1e565f4eae7.jpg,,,,,ambiguous,empty_annotation,yolo_label
Fruits Model.v1i.yolov11/train/images/83_jpg.rf.0e87461309370a841c5061fdfeb37972.jpg,,,,,ambiguous,empty_annotation,yolo_label
Fruits Model.v1i.yolov11/train/images/83_jpg.rf.36061ee3e91ce2464d8f262be949e206.jpg,,,,,ambiguous,empty_annotation,yolo_label
Fruits Model.v1i.yolov11/train/images/83_jpg.rf.9dfe4ebd62482b07afff0a975c6f013e.jpg,,,,,ambiguous,empty_annotation,yolo_label
Fruits Model.v1i.yolov11/train/images/83_jpg.rf.9eb803cda30397d95a5a91042e943edc.jpg,,,,,ambiguous,empty_annotation,yolo_label
Fruits Model.v1i.yolov11/train/images/83_jpg.rf.a412d0418d6af6c2b6b83139a52cbfc7.jpg,,,,,ambiguous,empty_annotation,yolo_label
Fruits Model.v1i.yolov11/train/images/83_jpg.rf.dc02d455bd839802b1d21e23ae28e27c.jpg,,,,,ambiguous,empty_annotation,yolo_label
Fruits Model.v1i.yolov11/train/images/83_jpg.rf.de24986cabb7afdea7e24d6d631a5498.jpg,,,,,ambiguous,empty_annotation,yolo_label
Fruits Model.v1i.yolov11/train/images/83_jpg.rf.e0ea842de7693d5b232006c6ef116800.jpg,,,,,ambiguous,empty_annotation,yolo_label
Fruits Model.v1i.yolov11/train/images/83_jpg.rf.f3b2063552ed9225f1866edc845e9ab1.jpg,,,,,ambiguous,empty_annotation,yolo_label
Fruits Model.v1i.yolov11/train/images/84_jpg.rf.52fd23f6507b863c956a409a0d032fcf.jpg,,,,,ambiguous,empty_annotation,yolo_label
Fruits Model.v1i.yolov11/train/images/84_jpg.rf.a2bcf9eb58bfea5f7894036671640676.jpg,,,,,ambiguous,empty_annotation,yolo_label
Fruits Model.v1i.yolov11/train/images/84_jpg.rf.fe8fd744ef3b9e6cd953d6a27d25ffc2.jpg,,,,,ambiguous,empty_annotation,yolo_label
Fruits Model.v1i.yolov11/train/images/85_jpg.rf.691c5c604f0c7bdb1052212dc5f79870.jpg,,,,,ambiguous,empty_annotation,yolo_label
Fruits Model.v1i.yolov11/train/images/85_jpg.rf.921a98282047fd50f5a7a6ae0ddd5230.jpg,,,,,ambiguous,empty_annotation,yolo_label
Fruits Model.v1i.yolov11/train/images/85_jpg.rf.952b8cf18fe445c4a1bf7c5305367e6a.jpg,,,,,ambiguous,empty_annotation,yolo_label
Fruits Model.v1i.yolov11/train/images/85_jpg.rf.c5ee04e92c6c0dfc1e87e57ceb351698.jpg,,,,,ambiguous,empty_annotation,yolo_label
Fruits Model.v1i.yolov11/train/images/85_jpg.rf.ed0f6111917a1039edc2fcce12e1422f.jpg,,,,,ambiguous,empty_annotation,yolo_label
Fruits Model.v1i.yolov11/train/images/85_jpg.rf.ef960199004a30b2c46aa7a6c7503e1e.jpg,,,,,ambiguous,empty_annotation,yolo_label
Fruits Model.v1i.yolov11/train/images/86_jpg.rf.0bcf7140796d2e2f77a0aff53259cf3d.jpg,,,,,ambiguous,empty_annotation,yolo_label
Fruits Model.v1i.yolov11/train/images/86_jpg.rf.2647c5433565a7df98d4dc97b10c3e17.jpg,,,,,ambiguous,empty_annotation,yolo_label
Fruits Model.v1i.yolov11/train/images/86_jpg.rf.2f8321be4dbefdede221d4416668311a.jpg,,,,,ambiguous,empty_annotation,yolo_label
Fruits Model.v1i.yolov11/train/images/86_jpg.rf.4b7ae50ff985477f072430455f7d8e63.jpg,,,,,ambiguous,empty_annotation,yolo_label
Fruits Model.v1i.yolov11/train/images/86_jpg.rf.538cf7610c384926e48b6216f1889fa1.jpg,,,,,ambiguous,empty_annotation,yolo_label
Fruits Model.v1i.yolov11/train/images/86_jpg.rf.5501354bd5966acc245a5688c50321d1.jpg,,,,,ambiguous,empty_annotation,yolo_label
Fruits Model.v1i.yolov11/train/images/86_jpg.rf.b3713ee6f76f0e147e7dacc8013cac35.jpg,,,,,ambiguous,empty_annotation,yolo_label
Fruits Model.v1i.yolov11/train/images/86_jpg.rf.d0f5da2a532db95285e4a79632e6ef32.jpg,,,,,ambiguous,empty_annotation,yolo_label
Fruits Model.v1i.yolov11/train/images/86_jpg.rf.f47728881d172aedb6370140600801ac.jpg,,,,,ambiguous,empty_annotation,yolo_label
Fruits Model.v1i.yolov11/train/images/87_jpg.rf.40eecc515f159d6cb96441ce114e9f6d.jpg,,,,,ambiguous,empty_annotation,yolo_label
Fruits Model.v1i.yolov11/train/images/87_jpg.rf.55938cb388b9c743f133f4d73c9fe536.jpg,,,,,ambiguous,empty_annotation,yolo_label
Fruits Model.v1i.yolov11/train/images/87_jpg.rf.6a68fe65c01db71a08c39187ce030ad5.jpg,,,,,ambiguous,empty_annotation,yolo_label
Fruits Model.v1i.yolov11/train/images/87_jpg.rf.b11863fe1116a43edacb247c355aafdf.jpg,,,,,ambiguous,empty_annotation,yolo_label
Fruits Model.v1i.yolov11/train/images/87_jpg.rf.be65b1d831abfdf7336939fb96eb7ce5.jpg,,,,,ambiguous,empty_annotation,yolo_label
Fruits Model.v1i.yolov11/train/images/87_jpg.rf.d544dee07cfa8cb646450cda56630330.jpg,,,,,ambiguous,empty_annotation,yolo_label
Fruits Model.v1i.yolov11/train/images/87_jpg.rf.d66f785594762da6e467f25e7c047955.jpg,,,,,ambiguous,empty_annotation,yolo_label
Fruits Model.v1i.yolov11/train/images/87_jpg.rf.f6ff63b7c87be6c37658f02b3935e572.jpg,,,,,ambiguous,empty_annotation,yolo_label
Fruits Model.v1i.yolov11/train/images/87_jpg.rf.fcfc139adedc55a179ce72e24aa23f5a.jpg,,,,,ambiguous,empty_annotation,yolo_label
Fruits Model.v1i.yolov11/train/images/88_jpg.rf.2f5ba15f0cb943f3bdcebfb53ccec10d.jpg,,,,,ambiguous,empty_annotation,yolo_label
Fruits Model.v1i.yolov11/train/images/88_jpg.rf.988908ae9e25f12282ad04c136af8a88.jpg,,,,,ambiguous,empty_annotation,yolo_label
Fruits Model.v1i.yolov11/train/images/88_jpg.rf.ad37bc5957ade3a2b5296e6346d1faa1.jpg,,,,,ambiguous,empty_annotation,yolo_label
Fruits Model.v1i.yolov11/train/images/89_jpg.rf.00668d8d92e76adb67a4938b050b2edc.jpg,,,,,ambiguous,empty_annotation,yolo_label
Fruits Model.v1i.yolov11/train/images/89_jpg.rf.0307c8a8911761efe27fb12083651a90.jpg,,,,,ambiguous,empty_annotation,yolo_label
Fruits Model.v1i.yolov11/train/images/89_jpg.rf.3872fcc193bbe3546826bb88103914ee.jpg,,,,,ambiguous,empty_annotation,yolo_label
Fruits Model.v1i.yolov11/train/images/89_jpg.rf.43772f259b1486396165a54d38c72f69.jpg,,,,,ambiguous,empty_annotation,yolo_label
Fruits Model.v1i.yolov11/train/images/89_jpg.rf.5b05bb49e11edc891462e73f575ab02c.jpg,,,,,ambiguous,empty_annotation,yolo_label
Fruits Model.v1i.yolov11/train/images/89_jpg.rf.d252df2905ff638e7451bcb788629477.jpg,,,,,ambiguous,empty_annotation,yolo_label
Fruits Model.v1i.yolov11/train/images/8_jpg.rf.0d3db0b5f8c10e0aec38fcfb7d7e950d.jpg,,,,,ambiguous,empty_annotation,yolo_label
Fruits Model.v1i.yolov11/train/images/8_jpg.rf.10442dce7b5b77de23dec0b2ca5faf7e.jpg,,,,,ambiguous,empty_annotation,yolo_label
Fruits Model.v1i.yolov11/train/images/8_jpg.rf.4485dd8c406ac2c4ee52f84063decbeb.jpg,,,,,ambiguous,empty_annotation,yolo_label
Fruits Model.v1i.yolov11/train/images/8_jpg.rf.49389fb78dd938f454fda5b8921b42da.jpg,,,,,ambiguous,empty_annotation,yolo_label
Fruits Model.v1i.yolov11/train/images/8_jpg.rf.4e31a9764ffe58ce21923a7f2860b089.jpg,,,,,ambiguous,empty_annotation,yolo_label
Fruits Model.v1i.yolov11/train/images/8_jpg.rf.fce2d5e4834c0ecfe676632fb84d14b2.jpg,,,,,ambiguous,empty_annotation,yolo_label
Fruits Model.v1i.yolov11/train/images/9_jpg.rf.25e89c0d71be329966b956369914a00b.jpg,,,,,ambiguous,empty_annotation,yolo_label
Fruits Model.v1i.yolov11/train/images/9_jpg.rf.2d4a9a9a101093b42b29105b80fb11c6.jpg,,,,,ambiguous,empty_annotation,yolo_label
Fruits Model.v1i.yolov11/train/images/9_jpg.rf.aede4780ae4def0ee7a02746d5943f60.jpg,,,,,ambiguous,empty_annotation,yolo_label
Fruits Model.v1i.yolov11/train/images/9_jpg.rf.d773fcaa5367dc83e173cc4e2977f6d2.jpg,,,,,ambiguous,empty_annotation,yolo_label
Fruits Model.v1i.yolov11/train/images/9_jpg.rf.f32aa3375a348e9758ecbe31d5a5d953.jpg,,,,,ambiguous,empty_annotation,yolo_label
Fruits Model.v1i.yolov11/valid/images/13_jpg.rf.e0890afb7e998e38145bd30e247a6d01.jpg,,,,,ambiguous,empty_annotation,yolo_label
Fruits Model.v1i.yolov11/valid/images/16_jpg.rf.c8fabd95f4f6453922ca5186ac4e4f61.jpg,,,,,ambiguous,empty_annotation,yolo_label
Fruits Model.v1i.yolov11/valid/images/19_jpg.rf.80760762ca7ead38447a7ed5d8cc0635.jpg,,,,,ambiguous,empty_annotation,yolo_label
Fruits Model.v1i.yolov11/valid/images/20_jpg.rf.21f2fc64fe726b6a00e4e410f653b926.jpg,,,,,ambiguous,empty_annotation,yolo_label
Fruits Model.v1i.yolov11/valid/images/21_jpg.rf.d290e3e39e236b4cce702c94c47df25e.jpg,,,,,ambiguous,empty_annotation,yolo_label
Fruits Model.v1i.yolov11/valid/images/23_jpg.rf.6ba6db4f8d9d42dbc5ce20a004e69e5e.jpg,,,,,ambiguous,empty_annotation,yolo_label
Fruits Model.v1i.yolov11/valid/images/25_jpg.rf.36329e4e9afca0be8ad2161bfb3f9d4a.jpg,,,,,ambiguous,empty_annotation,yolo_label
Fruits Model.v1i.yolov11/valid/images/26_jpg.rf.55c8abf72c7cda9c4c0a1167b2d05f8c.jpg,,,,,ambiguous,empty_annotation,yolo_label
Fruits Model.v1i.yolov11/valid/images/41_jpg.rf.9683bd43ddbdcc3d8bb304cb7225f7b8.jpg,,,,,ambiguous,empty_annotation,yolo_label
Fruits Model.v1i.yolov11/valid/images/42_jpg.rf.26df3668ce1fd313014d431fddbf45e3.jpg,,,,,ambiguous,empty_annotation,yolo_label
Fruits Model.v1i.yolov11/valid/images/44_jpg.rf.5d2bd7a58fac149824a10dc394522a31.jpg,,,,,ambiguous,empty_annotation,yolo_label
Fruits Model.v1i.yolov11/valid/images/56_jpg.rf.907add83652dec4eee9d62422a3a5894.jpg,,,,,ambiguous,empty_annotation,yolo_label
Fruits Model.v1i.yolov11/valid/images/57_jpg.rf.c5e22506560cbbf75b77b2c666df23a8.jpg,,,,,ambiguous,empty_annotation,yolo_label
Fruits Model.v1i.yolov11/valid/images/61_jpg.rf.22c6ada9d2541708eb57fbc67168d64f.jpg,,,,,ambiguous,empty_annotation,yolo_label
Fruits Model.v1i.yolov11/valid/images/64_jpg.rf.0d15a261b291b52c622f0b0afecc9f8b.jpg,,,,,ambiguous,empty_annotation,yolo_label
Fruits Model.v1i.yolov11/valid/images/65_jpg.rf.68c20ad05ad53d7c25dbb3e4a33a8195.jpg,,,,,ambiguous,empty_annotation,yolo_label
Fruits Model.v1i.yolov11/valid/images/66_jpg.rf.6ab4bb2842a85b413f616907e7f3b0ba.jpg,,,,,ambiguous,empty_annotation,yolo_label
Fruits Model.v1i.yolov11/valid/images/69_jpg.rf.ca9ae06c63c643bcbe1811c209f9bae1.jpg,,,,,ambiguous,empty_annotation,yolo_label
Fruits Model.v1i.yolov11/valid/images/70_jpg.rf.940ee15bf9428e69bd772aa4e1d8e914.jpg,,,,,ambiguous,empty_annotation,yolo_label
Fruits Model.v1i.yolov11/valid/images/713_jpg.rf.b17e97fa9559801f8db2ad2e59921752.jpg,,,,,ambiguous,empty_annotation,yolo_label
Fruits Model.v1i.yolov11/valid/images/715_jpg.rf.3790861506eb7e84111b267e63d006a1.jpg,,,,,ambiguous,empty_annotation,yolo_label
Fruits Model.v1i.yolov11/valid/images/718_jpg.rf.c9f1f8cb1a779c718bc41affabb69bfd.jpg,,,,,ambiguous,empty_annotation,yolo_label
Fruits Model.v1i.yolov11/valid/images/723_jpg.rf.7df2af1f7d843ebf621f41d203906392.jpg,,,,,ambiguous,empty_annotation,yolo_label
Fruits Model.v1i.yolov11/valid/images/727_jpg.rf.dc755e9418b38766145046e4912ee02c.jpg,,,,,ambiguous,empty_annotation,yolo_label
Fruits Model.v1i.yolov11/valid/images/77_jpg.rf.cae152d93ce388b29acfb03104e3469d.jpg,,,,,ambiguous,empty_annotation,yolo_label
Fruits Model.v1i.yolov11/valid/images/79_jpg.rf.54dea9f78d354af3616631d543fb3bd3.jpg,,,,,ambiguous,empty_annotation,yolo_label
Fruits Model.v1i.yolov11/valid/images/85_jpg.rf.a5e2e103a0f5fd298847e867eccd8701.jpg,,,,,ambiguous,empty_annotation,yolo_label
Fruits Model.v1i.yolov11/valid/images/88_jpg.rf.8ab079defafcd72a59e6298b8e1b02cd.jpg,,,,,ambiguous,empty_annotation,yolo_label
Herbal_Dataset.v11i.yolov11/train/images/Capture18_JPG.rf.86805751854a65606e25744ee7aa112c.jpg,,,,,ambiguous,multi_plant_annotation(2),yolo_label
Herbal_Dataset.v11i.yolov11/train/images/Capture18_JPG.rf.b9e152beb84751247dfd9f479ce92a86.jpg,,,,,ambiguous,multi_plant_annotation(2),yolo_label
Herbal_Dataset.v11i.yolov11/train/images/Capture18_JPG.rf.e837e710bdb8e780b20fa0e4b6556bfe.jpg,,,,,ambiguous,multi_plant_annotation(2),yolo_label
Herbal_Dataset.v11i.yolov11/train/images/Capture47_JPG.rf.5fb8b1a9abc82a1b7299f764daa70d46.jpg,,,,,ambiguous,multi_plant_annotation(2),yolo_label
Herbal_Dataset.v11i.yolov11/train/images/Capture47_JPG.rf.cb1ec4074252f8652ae06379c3b7d098.jpg,,,,,ambiguous,multi_plant_annotation(2),yolo_label
Herbal_Dataset.v11i.yolov11/train/images/Capture47_JPG.rf.fbd182c3539b207699a6fa742a02eaca.jpg,,,,,ambiguous,multi_plant_annotation(2),yolo_label
Herbal_Dataset.v11i.yolov11/train/images/Capture71_JPG.rf.351400e32877a65f6f68abb467bb8ecf.jpg,,,,,ambiguous,multi_plant_annotation(2),yolo_label
Herbal_Dataset.v11i.yolov11/train/images/Capture71_JPG.rf.8e2e18f7bdcbe7409ec363caded0b9c0.jpg,,,,,ambiguous,multi_plant_annotation(2),yolo_label
Herbal_Dataset.v11i.yolov11/train/images/Capture71_JPG.rf.a405fc2a40dbcdc24284cf39ec85e6a7.jpg,,,,,ambiguous,multi_plant_annotation(2),yolo_label
Orchid_source/Non_Cymbidium_Orchidaceae_plants/030896_class1273.jpg,,flower,,,ambiguous,folder_marked_ambiguous:non_cymbidium_orchidaceae_plants,ambiguous_folder|class_folder_default(assumed)
Orchid_source/Non_Cymbidium_Orchidaceae_plants/030897_class1273.jpg,,flower,,,ambiguous,folder_marked_ambiguous:non_cymbidium_orchidaceae_plants,ambiguous_folder|class_folder_default(assumed)
Orchid_source/Non_Cymbidium_Orchidaceae_plants/030898_class1273.jpg,,flower,,,ambiguous,folder_marked_ambiguous:non_cymbidium_orchidaceae_plants,ambiguous_folder|class_folder_default(assumed)
Orchid_source/Non_Cymbidium_Orchidaceae_plants/030899_class1273.jpg,,flower,,,ambiguous,folder_marked_ambiguous:non_cymbidium_orchidaceae_plants,ambiguous_folder|class_folder_default(assumed)
Orchid_source/Non_Cymbidium_Orchidaceae_plants/030900_class1273.jpg,,flower,,,ambiguous,folder_marked_ambiguous:non_cymbidium_orchidaceae_plants,ambiguous_folder|class_folder_default(assumed)
Orchid_source/Non_Cymbidium_Orchidaceae_plants/030901_class1273.jpg,,flower,,,ambiguous,folder_marked_ambiguous:non_cymbidium_orchidaceae_plants,ambiguous_folder|class_folder_default(assumed)
Orchid_source/Non_Cymbidium_Orchidaceae_plants/030902_class1273.jpg,,flower,,,ambiguous,folder_marked_ambiguous:non_cymbidium_orchidaceae_plants,ambiguous_folder|class_folder_default(assumed)
Orchid_source/Non_Cymbidium_Orchidaceae_plants/030903_class1273.jpg,,flower,,,ambiguous,folder_marked_ambiguous:non_cymbidium_orchidaceae_plants,ambiguous_folder|class_folder_default(assumed)
Orchid_source/Non_Cymbidium_Orchidaceae_plants/030904_class1273.jpg,,flower,,,ambiguous,folder_marked_ambiguous:non_cymbidium_orchidaceae_plants,ambiguous_folder|class_folder_default(assumed)
Orchid_source/Non_Cymbidium_Orchidaceae_plants/030905_class1273.jpg,,flower,,,ambiguous,folder_marked_ambiguous:non_cymbidium_orchidaceae_plants,ambiguous_folder|class_folder_default(assumed)
Orchid_source/Non_Cymbidium_Orchidaceae_plants/030906_class1273.jpg,,flower,,,ambiguous,folder_marked_ambiguous:non_cymbidium_orchidaceae_plants,ambiguous_folder|class_folder_default(assumed)
Orchid_source/Non_Cymbidium_Orchidaceae_plants/030907_class1273.jpg,,flower,,,ambiguous,folder_marked_ambiguous:non_cymbidium_orchidaceae_plants,ambiguous_folder|class_folder_default(assumed)
Orchid_source/Non_Cymbidium_Orchidaceae_plants/030908_class1273.jpg,,flower,,,ambiguous,folder_marked_ambiguous:non_cymbidium_orchidaceae_plants,ambiguous_folder|class_folder_default(assumed)
Orchid_source/Non_Cymbidium_Orchidaceae_plants/030909_class1273.jpg,,flower,,,ambiguous,folder_marked_ambiguous:non_cymbidium_orchidaceae_plants,ambiguous_folder|class_folder_default(assumed)
Orchid_source/Non_Cymbidium_Orchidaceae_plants/030910_class1273.jpg,,flower,,,ambiguous,folder_marked_ambiguous:non_cymbidium_orchidaceae_plants,ambiguous_folder|class_folder_default(assumed)
Orchid_source/Non_Cymbidium_Orchidaceae_plants/030911_class1273.jpg,,flower,,,ambiguous,folder_marked_ambiguous:non_cymbidium_orchidaceae_plants,ambiguous_folder|class_folder_default(assumed)
Orchid_source/Non_Cymbidium_Orchidaceae_plants/030912_class1273.jpg,,flower,,,ambiguous,folder_marked_ambiguous:non_cymbidium_orchidaceae_plants,ambiguous_folder|class_folder_default(assumed)
Orchid_source/Non_Cymbidium_Orchidaceae_plants/030913_class1273.jpg,,flower,,,ambiguous,folder_marked_ambiguous:non_cymbidium_orchidaceae_plants,ambiguous_folder|class_folder_default(assumed)
Orchid_source/Non_Cymbidium_Orchidaceae_plants/030914_class1273.jpg,,flower,,,ambiguous,folder_marked_ambiguous:non_cymbidium_orchidaceae_plants,ambiguous_folder|class_folder_default(assumed)
Orchid_source/Non_Cymbidium_Orchidaceae_plants/030915_class1273.jpg,,flower,,,ambiguous,folder_marked_ambiguous:non_cymbidium_orchidaceae_plants,ambiguous_folder|class_folder_default(assumed)
Orchid_source/Non_Cymbidium_Orchidaceae_plants/030916_class1273.jpg,,flower,,,ambiguous,folder_marked_ambiguous:non_cymbidium_orchidaceae_plants,ambiguous_folder|class_folder_default(assumed)
Orchid_source/Non_Cymbidium_Orchidaceae_plants/030917_class1273.jpg,,flower,,,ambiguous,folder_marked_ambiguous:non_cymbidium_orchidaceae_plants,ambiguous_folder|class_folder_default(assumed)
Orchid_source/Non_Cymbidium_Orchidaceae_plants/030918_class1273.jpg,,flower,,,ambiguous,folder_marked_ambiguous:non_cymbidium_orchidaceae_plants,ambiguous_folder|class_folder_default(assumed)
Orchid_source/Non_Cymbidium_Orchidaceae_plants/030919_class1273.jpg,,flower,,,ambiguous,folder_marked_ambiguous:non_cymbidium_orchidaceae_plants,ambiguous_folder|class_folder_default(assumed)
Orchid_source/Non_Cymbidium_Orchidaceae_plants/030920_class1273.jpg,,flower,,,ambiguous,folder_marked_ambiguous:non_cymbidium_orchidaceae_plants,ambiguous_folder|class_folder_default(assumed)
Orchid_source/Non_Cymbidium_Orchidaceae_plants/030921_class1273.jpg,,flower,,,ambiguous,folder_marked_ambiguous:non_cymbidium_orchidaceae_plants,ambiguous_folder|class_folder_default(assumed)
Orchid_source/Non_Cymbidium_Orchidaceae_plants/030922_class1273.jpg,,flower,,,ambiguous,folder_marked_ambiguous:non_cymbidium_orchidaceae_plants,ambiguous_folder|class_folder_default(assumed)
Orchid_source/Non_Cymbidium_Orchidaceae_plants/030923_class1273.jpg,,flower,,,ambiguous,folder_marked_ambiguous:non_cymbidium_orchidaceae_plants,ambiguous_folder|class_folder_default(assumed)
Orchid_source/Non_Cymbidium_Orchidaceae_plants/030924_class1273.jpg,,flower,,,ambiguous,folder_marked_ambiguous:non_cymbidium_orchidaceae_plants,ambiguous_folder|class_folder_default(assumed)
Orchid_source/Non_Cymbidium_Orchidaceae_plants/030925_class1273.jpg,,flower,,,ambiguous,folder_marked_ambiguous:non_cymbidium_orchidaceae_plants,ambiguous_folder|class_folder_default(assumed)
Orchid_source/Non_Cymbidium_Orchidaceae_plants/030926_class1273.jpg,,flower,,,ambiguous,folder_marked_ambiguous:non_cymbidium_orchidaceae_plants,ambiguous_folder|class_folder_default(assumed)
Orchid_source/Non_Cymbidium_Orchidaceae_plants/030927_class1273.jpg,,flower,,,ambiguous,folder_marked_ambiguous:non_cymbidium_orchidaceae_plants,ambiguous_folder|class_folder_default(assumed)
Orchid_source/Non_Cymbidium_Orchidaceae_plants/030928_class1273.jpg,,flower,,,ambiguous,folder_marked_ambiguous:non_cymbidium_orchidaceae_plants,ambiguous_folder|class_folder_default(assumed)
Orchid_source/Non_Cymbidium_Orchidaceae_plants/030929_class1273.jpg,,flower,,,ambiguous,folder_marked_ambiguous:non_cymbidium_orchidaceae_plants,ambiguous_folder|class_folder_default(assumed)
Orchid_source/Non_Cymbidium_Orchidaceae_plants/030930_class1273.jpg,,flower,,,ambiguous,folder_marked_ambiguous:non_cymbidium_orchidaceae_plants,ambiguous_folder|class_folder_default(assumed)
Orchid_source/Non_Cymbidium_Orchidaceae_plants/030931_class1273.jpg,,flower,,,ambiguous,folder_marked_ambiguous:non_cymbidium_orchidaceae_plants,ambiguous_folder|class_folder_default(assumed)
Orchid_source/Non_Cymbidium_Orchidaceae_plants/030932_class1273.jpg,,flower,,,ambiguous,folder_marked_ambiguous:non_cymbidium_orchidaceae_plants,ambiguous_folder|class_folder_default(assumed)
Orchid_source/Non_Cymbidium_Orchidaceae_plants/030933_class1273.jpg,,flower,,,ambiguous,folder_marked_ambiguous:non_cymbidium_orchidaceae_plants,ambiguous_folder|class_folder_default(assumed)
Orchid_source/Non_Cymbidium_Orchidaceae_plants/030934_class1273.jpg,,flower,,,ambiguous,folder_marked_ambiguous:non_cymbidium_orchidaceae_plants,ambiguous_folder|class_folder_default(assumed)
Orchid_source/Non_Cymbidium_Orchidaceae_plants/030935_class1273.jpg,,flower,,,ambiguous,folder_marked_ambiguous:non_cymbidium_orchidaceae_plants,ambiguous_folder|class_folder_default(assumed)
Orchid_source/Non_Cymbidium_Orchidaceae_plants/030936_class1273.jpg,,flower,,,ambiguous,folder_marked_ambiguous:non_cymbidium_orchidaceae_plants,ambiguous_folder|class_folder_default(assumed)
Orchid_source/Non_Cymbidium_Orchidaceae_plants/030937_class1273.jpg,,flower,,,ambiguous,folder_marked_ambiguous:non_cymbidium_orchidaceae_plants,ambiguous_folder|class_folder_default(assumed)
Orchid_source/Non_Cymbidium_Orchidaceae_plants/030938_class1273.jpg,,flower,,,ambiguous,folder_marked_ambiguous:non_cymbidium_orchidaceae_plants,ambiguous_folder|class_folder_default(assumed)
Orchid_source/Non_Cymbidium_Orchidaceae_plants/030939_class1273.jpg,,flower,,,ambiguous,folder_marked_ambiguous:non_cymbidium_orchidaceae_plants,ambiguous_folder|class_folder_default(assumed)
Orchid_source/Non_Cymbidium_Orchidaceae_plants/030940_class1273.jpg,,flower,,,ambiguous,folder_marked_ambiguous:non_cymbidium_orchidaceae_plants,ambiguous_folder|class_folder_default(assumed)
Orchid_source/Non_Cymbidium_Orchidaceae_plants/030941_class1273.jpg,,flower,,,ambiguous,folder_marked_ambiguous:non_cymbidium_orchidaceae_plants,ambiguous_folder|class_folder_default(assumed)
Orchid_source/Non_Cymbidium_Orchidaceae_plants/030942_class1273.jpg,,flower,,,ambiguous,folder_marked_ambiguous:non_cymbidium_orchidaceae_plants,ambiguous_folder|class_folder_default(assumed)
Orchid_source/Non_Cymbidium_Orchidaceae_plants/030943_class1273.jpg,,flower,,,ambiguous,folder_marked_ambiguous:non_cymbidium_orchidaceae_plants,ambiguous_folder|class_folder_default(assumed)
Orchid_source/Non_Cymbidium_Orchidaceae_plants/030944_class1273.jpg,,flower,,,ambiguous,folder_marked_ambiguous:non_cymbidium_orchidaceae_plants,ambiguous_folder|class_folder_default(assumed)
Orchid_source/Non_Cymbidium_Orchidaceae_plants/030945_class1273.jpg,,flower,,,ambiguous,folder_marked_ambiguous:non_cymbidium_orchidaceae_plants,ambiguous_folder|class_folder_default(assumed)
Orchid_source/Non_Cymbidium_Orchidaceae_plants/030946_class1273.jpg,,flower,,,ambiguous,folder_marked_ambiguous:non_cymbidium_orchidaceae_plants,ambiguous_folder|class_folder_default(assumed)
Orchid_source/Non_Cymbidium_Orchidaceae_plants/030947_class1273.jpg,,flower,,,ambiguous,folder_marked_ambiguous:non_cymbidium_orchidaceae_plants,ambiguous_folder|class_folder_default(assumed)
Orchid_source/Non_Cymbidium_Orchidaceae_plants/030948_class1273.jpg,,flower,,,ambiguous,folder_marked_ambiguous:non_cymbidium_orchidaceae_plants,ambiguous_folder|class_folder_default(assumed)
Orchid_source/Non_Cymbidium_Orchidaceae_plants/030949_class1273.jpg,,flower,,,ambiguous,folder_marked_ambiguous:non_cymbidium_orchidaceae_plants,ambiguous_folder|class_folder_default(assumed)
Orchid_source/Non_Cymbidium_Orchidaceae_plants/030950_class1273.jpg,,flower,,,ambiguous,folder_marked_ambiguous:non_cymbidium_orchidaceae_plants,ambiguous_folder|class_folder_default(assumed)
Orchid_source/Non_Cymbidium_Orchidaceae_plants/030951_class1273.jpg,,flower,,,ambiguous,folder_marked_ambiguous:non_cymbidium_orchidaceae_plants,ambiguous_folder|class_folder_default(assumed)
Orchid_source/Non_Cymbidium_Orchidaceae_plants/030952_class1273.jpg,,flower,,,ambiguous,folder_marked_ambiguous:non_cymbidium_orchidaceae_plants,ambiguous_folder|class_folder_default(assumed)
Orchid_source/Non_Cymbidium_Orchidaceae_plants/030953_class1273.jpg,,flower,,,ambiguous,folder_marked_ambiguous:non_cymbidium_orchidaceae_plants,ambiguous_folder|class_folder_default(assumed)
Orchid_source/Non_Cymbidium_Orchidaceae_plants/030954_class1273.jpg,,flower,,,ambiguous,folder_marked_ambiguous:non_cymbidium_orchidaceae_plants,ambiguous_folder|class_folder_default(assumed)
Orchid_source/Non_Cymbidium_Orchidaceae_plants/030955_class1273.jpg,,flower,,,ambiguous,folder_marked_ambiguous:non_cymbidium_orchidaceae_plants,ambiguous_folder|class_folder_default(assumed)
Orchid_source/Non_Cymbidium_Orchidaceae_plants/030956_class1273.jpg,,flower,,,ambiguous,folder_marked_ambiguous:non_cymbidium_orchidaceae_plants,ambiguous_folder|class_folder_default(assumed)
Orchid_source/Non_Cymbidium_Orchidaceae_plants/030957_class1273.jpg,,flower,,,ambiguous,folder_marked_ambiguous:non_cymbidium_orchidaceae_plants,ambiguous_folder|class_folder_default(assumed)
Orchid_source/Non_Cymbidium_Orchidaceae_plants/030958_class1273.jpg,,flower,,,ambiguous,folder_marked_ambiguous:non_cymbidium_orchidaceae_plants,ambiguous_folder|class_folder_default(assumed)
Orchid_source/Non_Cymbidium_Orchidaceae_plants/030959_class1273.jpg,,flower,,,ambiguous,folder_marked_ambiguous:non_cymbidium_orchidaceae_plants,ambiguous_folder|class_folder_default(assumed)
Orchid_source/Non_Cymbidium_Orchidaceae_plants/030960_class1273.jpg,,flower,,,ambiguous,folder_marked_ambiguous:non_cymbidium_orchidaceae_plants,ambiguous_folder|class_folder_default(assumed)
Orchid_source/Non_Cymbidium_Orchidaceae_plants/030961_class1273.jpg,,flower,,,ambiguous,folder_marked_ambiguous:non_cymbidium_orchidaceae_plants,ambiguous_folder|class_folder_default(assumed)
Orchid_source/Non_Cymbidium_Orchidaceae_plants/030962_class1273.jpg,,flower,,,ambiguous,folder_marked_ambiguous:non_cymbidium_orchidaceae_plants,ambiguous_folder|class_folder_default(assumed)
Orchid_source/Non_Cymbidium_Orchidaceae_plants/030963_class1273.jpg,,flower,,,ambiguous,folder_marked_ambiguous:non_cymbidium_orchidaceae_plants,ambiguous_folder|class_folder_default(assumed)
Orchid_source/Non_Cymbidium_Orchidaceae_plants/030964_class1273.jpg,,flower,,,ambiguous,folder_marked_ambiguous:non_cymbidium_orchidaceae_plants,ambiguous_folder|class_folder_default(assumed)
Orchid_source/Non_Cymbidium_Orchidaceae_plants/030965_class1273.jpg,,flower,,,ambiguous,folder_marked_ambiguous:non_cymbidium_orchidaceae_plants,ambiguous_folder|class_folder_default(assumed)
Orchid_source/Non_Cymbidium_Orchidaceae_plants/030966_class1273.jpg,,flower,,,ambiguous,folder_marked_ambiguous:non_cymbidium_orchidaceae_plants,ambiguous_folder|class_folder_default(assumed)
Orchid_source/Non_Cymbidium_Orchidaceae_plants/030967_class1273.jpg,,flower,,,ambiguous,folder_marked_ambiguous:non_cymbidium_orchidaceae_plants,ambiguous_folder|class_folder_default(assumed)
Orchid_source/Non_Cymbidium_Orchidaceae_plants/030968_class1273.jpg,,flower,,,ambiguous,folder_marked_ambiguous:non_cymbidium_orchidaceae_plants,ambiguous_folder|class_folder_default(assumed)
Orchid_source/Non_Cymbidium_Orchidaceae_plants/030969_class1273.jpg,,flower,,,ambiguous,folder_marked_ambiguous:non_cymbidium_orchidaceae_plants,ambiguous_folder|class_folder_default(assumed)
Orchid_source/Non_Cymbidium_Orchidaceae_plants/030970_class1273.jpg,,flower,,,ambiguous,folder_marked_ambiguous:non_cymbidium_orchidaceae_plants,ambiguous_folder|class_folder_default(assumed)
Orchid_source/Non_Cymbidium_Orchidaceae_plants/030971_class1273.jpg,,flower,,,ambiguous,folder_marked_ambiguous:non_cymbidium_orchidaceae_plants,ambiguous_folder|class_folder_default(assumed)
Orchid_source/Non_Cymbidium_Orchidaceae_plants/030972_class1273.jpg,,flower,,,ambiguous,folder_marked_ambiguous:non_cymbidium_orchidaceae_plants,ambiguous_folder|class_folder_default(assumed)
Orchid_source/Non_Cymbidium_Orchidaceae_plants/030973_class1273.jpg,,flower,,,ambiguous,folder_marked_ambiguous:non_cymbidium_orchidaceae_plants,ambiguous_folder|class_folder_default(assumed)
Orchid_source/Non_Cymbidium_Orchidaceae_plants/030974_class1273.jpg,,flower,,,ambiguous,folder_marked_ambiguous:non_cymbidium_orchidaceae_plants,ambiguous_folder|class_folder_default(assumed)
Orchid_source/Non_Cymbidium_Orchidaceae_plants/030975_class1273.jpg,,flower,,,ambiguous,folder_marked_ambiguous:non_cymbidium_orchidaceae_plants,ambiguous_folder|class_folder_default(assumed)
Orchid_source/Non_Cymbidium_Orchidaceae_plants/030976_class1273.jpg,,flower,,,ambiguous,folder_marked_ambiguous:non_cymbidium_orchidaceae_plants,ambiguous_folder|class_folder_default(assumed)
Orchid_source/Non_Cymbidium_Orchidaceae_plants/030977_class1273.jpg,,flower,,,ambiguous,folder_marked_ambiguous:non_cymbidium_orchidaceae_plants,ambiguous_folder|class_folder_default(assumed)
Orchid_source/Non_Cymbidium_Orchidaceae_plants/030978_class1273.jpg,,flower,,,ambiguous,folder_marked_ambiguous:non_cymbidium_orchidaceae_plants,ambiguous_folder|class_folder_default(assumed)
Orchid_source/Non_Cymbidium_Orchidaceae_plants/030979_class1273.jpg,,flower,,,ambiguous,folder_marked_ambiguous:non_cymbidium_orchidaceae_plants,ambiguous_folder|class_folder_default(assumed)
Orchid_source/Non_Cymbidium_Orchidaceae_plants/030980_class1273.jpg,,flower,,,ambiguous,folder_marked_ambiguous:non_cymbidium_orchidaceae_plants,ambiguous_folder|class_folder_default(assumed)
Orchid_source/Non_Cymbidium_Orchidaceae_plants/030981_class1273.jpg,,flower,,,ambiguous,folder_marked_ambiguous:non_cymbidium_orchidaceae_plants,ambiguous_folder|class_folder_default(assumed)
Orchid_source/Non_Cymbidium_Orchidaceae_plants/030982_class1273.jpg,,flower,,,ambiguous,folder_marked_ambiguous:non_cymbidium_orchidaceae_plants,ambiguous_folder|class_folder_default(assumed)
Orchid_source/Non_Cymbidium_Orchidaceae_plants/030983_class1273.jpg,,flower,,,ambiguous,folder_marked_ambiguous:non_cymbidium_orchidaceae_plants,ambiguous_folder|class_folder_default(assumed)
Orchid_source/Non_Cymbidium_Orchidaceae_plants/030984_class1273.jpg,,flower,,,ambiguous,folder_marked_ambiguous:non_cymbidium_orchidaceae_plants,ambiguous_folder|class_folder_default(assumed)
Orchid_source/Non_Cymbidium_Orchidaceae_plants/030985_class1273.jpg,,flower,,,ambiguous,folder_marked_ambiguous:non_cymbidium_orchidaceae_plants,ambiguous_folder|class_folder_default(assumed)
Orchid_source/Non_Cymbidium_Orchidaceae_plants/030986_class1273.jpg,,flower,,,ambiguous,folder_marked_ambiguous:non_cymbidium_orchidaceae_plants,ambiguous_folder|class_folder_default(assumed)
Orchid_source/Non_Cymbidium_Orchidaceae_plants/030987_class1273.jpg,,flower,,,ambiguous,folder_marked_ambiguous:non_cymbidium_orchidaceae_plants,ambiguous_folder|class_folder_default(assumed)
Orchid_source/Non_Cymbidium_Orchidaceae_plants/030988_class1273.jpg,,flower,,,ambiguous,folder_marked_ambiguous:non_cymbidium_orchidaceae_plants,ambiguous_folder|class_folder_default(assumed)
Orchid_source/Non_Cymbidium_Orchidaceae_plants/030989_class1273.jpg,,flower,,,ambiguous,folder_marked_ambiguous:non_cymbidium_orchidaceae_plants,ambiguous_folder|class_folder_default(assumed)
Orchid_source/Non_Cymbidium_Orchidaceae_plants/030990_class1273.jpg,,flower,,,ambiguous,folder_marked_ambiguous:non_cymbidium_orchidaceae_plants,ambiguous_folder|class_folder_default(assumed)
Orchid_source/Non_Cymbidium_Orchidaceae_plants/030991_class1273.jpg,,flower,,,ambiguous,folder_marked_ambiguous:non_cymbidium_orchidaceae_plants,ambiguous_folder|class_folder_default(assumed)
Orchid_source/Non_Cymbidium_Orchidaceae_plants/030992_class1273.jpg,,flower,,,ambiguous,folder_marked_ambiguous:non_cymbidium_orchidaceae_plants,ambiguous_folder|class_folder_default(assumed)
Orchid_source/Non_Cymbidium_Orchidaceae_plants/030993_class1273.jpg,,flower,,,ambiguous,folder_marked_ambiguous:non_cymbidium_orchidaceae_plants,ambiguous_folder|class_folder_default(assumed)
Orchid_source/Non_Cymbidium_Orchidaceae_plants/030994_class1273.jpg,,flower,,,ambiguous,folder_marked_ambiguous:non_cymbidium_orchidaceae_plants,ambiguous_folder|class_folder_default(assumed)
Orchid_source/Non_Cymbidium_Orchidaceae_plants/030995_class1273.jpg,,flower,,,ambiguous,folder_marked_ambiguous:non_cymbidium_orchidaceae_plants,ambiguous_folder|class_folder_default(assumed)
Orchid_source/Non_Cymbidium_Orchidaceae_plants/030996_class1273.jpg,,flower,,,ambiguous,folder_marked_ambiguous:non_cymbidium_orchidaceae_plants,ambiguous_folder|class_folder_default(assumed)
Orchid_source/Non_Cymbidium_Orchidaceae_plants/030997_class1273.jpg,,flower,,,ambiguous,folder_marked_ambiguous:non_cymbidium_orchidaceae_plants,ambiguous_folder|class_folder_default(assumed)
Orchid_source/Non_Cymbidium_Orchidaceae_plants/030998_class1273.jpg,,flower,,,ambiguous,folder_marked_ambiguous:non_cymbidium_orchidaceae_plants,ambiguous_folder|class_folder_default(assumed)
Orchid_source/Non_Cymbidium_Orchidaceae_plants/030999_class1273.jpg,,flower,,,ambiguous,folder_marked_ambiguous:non_cymbidium_orchidaceae_plants,ambiguous_folder|class_folder_default(assumed)
Orchid_source/Non_Cymbidium_Orchidaceae_plants/031000_class1273.jpg,,flower,,,ambiguous,folder_marked_ambiguous:non_cymbidium_orchidaceae_plants,ambiguous_folder|class_folder_default(assumed)
Orchid_source/Non_Cymbidium_Orchidaceae_plants/031001_class1273.jpg,,flower,,,ambiguous,folder_marked_ambiguous:non_cymbidium_orchidaceae_plants,ambiguous_folder|class_folder_default(assumed)
Orchid_source/Non_Cymbidium_Orchidaceae_plants/031002_class1273.jpg,,flower,,,ambiguous,folder_marked_ambiguous:non_cymbidium_orchidaceae_plants,ambiguous_folder|class_folder_default(assumed)
Orchid_source/Non_Cymbidium_Orchidaceae_plants/031003_class1273.jpg,,flower,,,ambiguous,folder_marked_ambiguous:non_cymbidium_orchidaceae_plants,ambiguous_folder|class_folder_default(assumed)
Orchid_source/Non_Cymbidium_Orchidaceae_plants/031004_class1273.jpg,,flower,,,ambiguous,folder_marked_ambiguous:non_cymbidium_orchidaceae_plants,ambiguous_folder|class_folder_default(assumed)
Orchid_source/Non_Cymbidium_Orchidaceae_plants/031005_class1273.jpg,,flower,,,ambiguous,folder_marked_ambiguous:non_cymbidium_orchidaceae_plants,ambiguous_folder|class_folder_default(assumed)
Orchid_source/Non_Cymbidium_Orchidaceae_plants/031006_class1273.jpg,,flower,,,ambiguous,folder_marked_ambiguous:non_cymbidium_orchidaceae_plants,ambiguous_folder|class_folder_default(assumed)
Orchid_source/Non_Cymbidium_Orchidaceae_plants/031007_class1273.jpg,,flower,,,ambiguous,folder_marked_ambiguous:non_cymbidium_orchidaceae_plants,ambiguous_folder|class_folder_default(assumed)
Orchid_source/Non_Cymbidium_Orchidaceae_plants/031008_class1273.jpg,,flower,,,ambiguous,folder_marked_ambiguous:non_cymbidium_orchidaceae_plants,ambiguous_folder|class_folder_default(assumed)
Orchid_source/Non_Cymbidium_Orchidaceae_plants/031009_class1273.jpg,,flower,,,ambiguous,folder_marked_ambiguous:non_cymbidium_orchidaceae_plants,ambiguous_folder|class_folder_default(assumed)
Orchid_source/Non_Cymbidium_Orchidaceae_plants/031010_class1273.jpg,,flower,,,ambiguous,folder_marked_ambiguous:non_cymbidium_orchidaceae_plants,ambiguous_folder|class_folder_default(assumed)
Orchid_source/Non_Cymbidium_Orchidaceae_plants/031011_class1273.jpg,,flower,,,ambiguous,folder_marked_ambiguous:non_cymbidium_orchidaceae_plants,ambiguous_folder|class_folder_default(assumed)
Orchid_source/Non_Cymbidium_Orchidaceae_plants/031012_class1273.jpg,,flower,,,ambiguous,folder_marked_ambiguous:non_cymbidium_orchidaceae_plants,ambiguous_folder|class_folder_default(assumed)
Orchid_source/Non_Cymbidium_Orchidaceae_plants/031013_class1273.jpg,,flower,,,ambiguous,folder_marked_ambiguous:non_cymbidium_orchidaceae_plants,ambiguous_folder|class_folder_default(assumed)
Orchid_source/Non_Cymbidium_Orchidaceae_plants/031014_class1273.jpg,,flower,,,ambiguous,folder_marked_ambiguous:non_cymbidium_orchidaceae_plants,ambiguous_folder|class_folder_default(assumed)
Orchid_source/Non_Cymbidium_Orchidaceae_plants/031015_class1273.jpg,,flower,,,ambiguous,folder_marked_ambiguous:non_cymbidium_orchidaceae_plants,ambiguous_folder|class_folder_default(assumed)
Orchid_source/Non_Cymbidium_Orchidaceae_plants/031016_class1273.jpg,,flower,,,ambiguous,folder_marked_ambiguous:non_cymbidium_orchidaceae_plants,ambiguous_folder|class_folder_default(assumed)
Orchid_source/Non_Cymbidium_Orchidaceae_plants/031017_class1273.jpg,,flower,,,ambiguous,folder_marked_ambiguous:non_cymbidium_orchidaceae_plants,ambiguous_folder|class_folder_default(assumed)
Orchid_source/Non_Cymbidium_Orchidaceae_plants/031018_class1273.jpg,,flower,,,ambiguous,folder_marked_ambiguous:non_cymbidium_orchidaceae_plants,ambiguous_folder|class_folder_default(assumed)
Orchid_source/Non_Cymbidium_Orchidaceae_plants/031019_class1273.jpg,,flower,,,ambiguous,folder_marked_ambiguous:non_cymbidium_orchidaceae_plants,ambiguous_folder|class_folder_default(assumed)
Orchid_source/Non_Cymbidium_Orchidaceae_plants/031020_class1273.jpg,,flower,,,ambiguous,folder_marked_ambiguous:non_cymbidium_orchidaceae_plants,ambiguous_folder|class_folder_default(assumed)
Orchid_source/Non_Cymbidium_Orchidaceae_plants/031021_class1273.jpg,,flower,,,ambiguous,folder_marked_ambiguous:non_cymbidium_orchidaceae_plants,ambiguous_folder|class_folder_default(assumed)
Orchid_source/Non_Cymbidium_Orchidaceae_plants/031022_class1273.jpg,,flower,,,ambiguous,folder_marked_ambiguous:non_cymbidium_orchidaceae_plants,ambiguous_folder|class_folder_default(assumed)
Orchid_source/Non_Cymbidium_Orchidaceae_plants/031023_class1273.jpg,,flower,,,ambiguous,folder_marked_ambiguous:non_cymbidium_orchidaceae_plants,ambiguous_folder|class_folder_default(assumed)
Orchid_source/Non_Cymbidium_Orchidaceae_plants/031024_class1273.jpg,,flower,,,ambiguous,folder_marked_ambiguous:non_cymbidium_orchidaceae_plants,ambiguous_folder|class_folder_default(assumed)
Orchid_source/Non_Cymbidium_Orchidaceae_plants/031025_class1273.jpg,,flower,,,ambiguous,folder_marked_ambiguous:non_cymbidium_orchidaceae_plants,ambiguous_folder|class_folder_default(assumed)
Orchid_source/Non_Cymbidium_Orchidaceae_plants/031026_class1273.jpg,,flower,,,ambiguous,folder_marked_ambiguous:non_cymbidium_orchidaceae_plants,ambiguous_folder|class_folder_default(assumed)
Orchid_source/Non_Cymbidium_Orchidaceae_plants/031027_class1273.jpg,,flower,,,ambiguous,folder_marked_ambiguous:non_cymbidium_orchidaceae_plants,ambiguous_folder|class_folder_default(assumed)
Orchid_source/Non_Cymbidium_Orchidaceae_plants/031028_class1273.jpg,,flower,,,ambiguous,folder_marked_ambiguous:non_cymbidium_orchidaceae_plants,ambiguous_folder|class_folder_default(assumed)
Orchid_source/Non_Cymbidium_Orchidaceae_plants/031029_class1273.jpg,,flower,,,ambiguous,folder_marked_ambiguous:non_cymbidium_orchidaceae_plants,ambiguous_folder|class_folder_default(assumed)
Orchid_source/Non_Cymbidium_Orchidaceae_plants/031030_class1273.jpg,,flower,,,ambiguous,folder_marked_ambiguous:non_cymbidium_orchidaceae_plants,ambiguous_folder|class_folder_default(assumed)
Orchid_source/Non_Cymbidium_Orchidaceae_plants/031031_class1273.jpg,,flower,,,ambiguous,folder_marked_ambiguous:non_cymbidium_orchidaceae_plants,ambiguous_folder|class_folder_default(assumed)
Orchid_source/Non_Cymbidium_Orchidaceae_plants/031032_class1273.jpg,,flower,,,ambiguous,folder_marked_ambiguous:non_cymbidium_orchidaceae_plants,ambiguous_folder|class_folder_default(assumed)
Orchid_source/Non_Cymbidium_Orchidaceae_plants/031033_class1273.jpg,,flower,,,ambiguous,folder_marked_ambiguous:non_cymbidium_orchidaceae_plants,ambiguous_folder|class_folder_default(assumed)
Orchid_source/Non_Cymbidium_Orchidaceae_plants/031034_class1273.jpg,,flower,,,ambiguous,folder_marked_ambiguous:non_cymbidium_orchidaceae_plants,ambiguous_folder|class_folder_default(assumed)
Orchid_source/Non_Cymbidium_Orchidaceae_plants/031035_class1273.jpg,,flower,,,ambiguous,folder_marked_ambiguous:non_cymbidium_orchidaceae_plants,ambiguous_folder|class_folder_default(assumed)
Orchid_source/Non_Cymbidium_Orchidaceae_plants/031036_class1273.jpg,,flower,,,ambiguous,folder_marked_ambiguous:non_cymbidium_orchidaceae_plants,ambiguous_folder|class_folder_default(assumed)
Orchid_source/Non_Cymbidium_Orchidaceae_plants/031037_class1273.jpg,,flower,,,ambiguous,folder_marked_ambiguous:non_cymbidium_orchidaceae_plants,ambiguous_folder|class_folder_default(assumed)
Orchid_source/Non_Cymbidium_Orchidaceae_plants/031038_class1273.jpg,,flower,,,ambiguous,folder_marked_ambiguous:non_cymbidium_orchidaceae_plants,ambiguous_folder|class_folder_default(assumed)
Orchid_source/Non_Cymbidium_Orchidaceae_plants/031039_class1273.jpg,,flower,,,ambiguous,folder_marked_ambiguous:non_cymbidium_orchidaceae_plants,ambiguous_folder|class_folder_default(assumed)
Orchid_source/Non_Cymbidium_Orchidaceae_plants/031040_class1273.jpg,,flower,,,ambiguous,folder_marked_ambiguous:non_cymbidium_orchidaceae_plants,ambiguous_folder|class_folder_default(assumed)
Orchid_source/Non_Cymbidium_Orchidaceae_plants/031041_class1273.jpg,,flower,,,ambiguous,folder_marked_ambiguous:non_cymbidium_orchidaceae_plants,ambiguous_folder|class_folder_default(assumed)
Orchid_source/Non_Cymbidium_Orchidaceae_plants/031042_class1273.jpg,,flower,,,ambiguous,folder_marked_ambiguous:non_cymbidium_orchidaceae_plants,ambiguous_folder|class_folder_default(assumed)
Orchid_source/Non_Cymbidium_Orchidaceae_plants/031043_class1273.jpg,,flower,,,ambiguous,folder_marked_ambiguous:non_cymbidium_orchidaceae_plants,ambiguous_folder|class_folder_default(assumed)
Orchid_source/Non_Cymbidium_Orchidaceae_plants/031044_class1273.jpg,,flower,,,ambiguous,folder_marked_ambiguous:non_cymbidium_orchidaceae_plants,ambiguous_folder|class_folder_default(assumed)
Orchid_source/Non_Cymbidium_Orchidaceae_plants/031045_class1273.jpg,,flower,,,ambiguous,folder_marked_ambiguous:non_cymbidium_orchidaceae_plants,ambiguous_folder|class_folder_default(assumed)
Orchid_source/Non_Cymbidium_Orchidaceae_plants/031046_class1273.jpg,,flower,,,ambiguous,folder_marked_ambiguous:non_cymbidium_orchidaceae_plants,ambiguous_folder|class_folder_default(assumed)
Orchid_source/Non_Cymbidium_Orchidaceae_plants/031047_class1273.jpg,,flower,,,ambiguous,folder_marked_ambiguous:non_cymbidium_orchidaceae_plants,ambiguous_folder|class_folder_default(assumed)
Orchid_source/Non_Cymbidium_Orchidaceae_plants/031048_class1273.jpg,,flower,,,ambiguous,folder_marked_ambiguous:non_cymbidium_orchidaceae_plants,ambiguous_folder|class_folder_default(assumed)
Orchid_source/Non_Cymbidium_Orchidaceae_plants/031049_class1273.jpg,,flower,,,ambiguous,folder_marked_ambiguous:non_cymbidium_orchidaceae_plants,ambiguous_folder|class_folder_default(assumed)
Orchid_source/Non_Cymbidium_Orchidaceae_plants/031050_class1273.jpg,,flower,,,ambiguous,folder_marked_ambiguous:non_cymbidium_orchidaceae_plants,ambiguous_folder|class_folder_default(assumed)
Orchid_source/Non_Cymbidium_Orchidaceae_plants/031051_class1273.jpg,,flower,,,ambiguous,folder_marked_ambiguous:non_cymbidium_orchidaceae_plants,ambiguous_folder|class_folder_default(assumed)
Orchid_source/Non_Cymbidium_Orchidaceae_plants/031052_class1273.jpg,,flower,,,ambiguous,folder_marked_ambiguous:non_cymbidium_orchidaceae_plants,ambiguous_folder|class_folder_default(assumed)
Orchid_source/Non_Cymbidium_Orchidaceae_plants/031053_class1273.jpg,,flower,,,ambiguous,folder_marked_ambiguous:non_cymbidium_orchidaceae_plants,ambiguous_folder|class_folder_default(assumed)
Orchid_source/Non_Cymbidium_Orchidaceae_plants/031054_class1273.jpg,,flower,,,ambiguous,folder_marked_ambiguous:non_cymbidium_orchidaceae_plants,ambiguous_folder|class_folder_default(assumed)
Orchid_source/Non_Cymbidium_Orchidaceae_plants/031055_class1273.jpg,,flower,,,ambiguous,folder_marked_ambiguous:non_cymbidium_orchidaceae_plants,ambiguous_folder|class_folder_default(assumed)
Orchid_source/Non_Cymbidium_Orchidaceae_plants/031056_class1273.jpg,,flower,,,ambiguous,folder_marked_ambiguous:non_cymbidium_orchidaceae_plants,ambiguous_folder|class_folder_default(assumed)
Orchid_source/Non_Cymbidium_Orchidaceae_plants/031057_class1273.jpg,,flower,,,ambiguous,folder_marked_ambiguous:non_cymbidium_orchidaceae_plants,ambiguous_folder|class_folder_default(assumed)
Orchid_source/Non_Cymbidium_Orchidaceae_plants/031058_class1273.jpg,,flower,,,ambiguous,folder_marked_ambiguous:non_cymbidium_orchidaceae_plants,ambiguous_folder|class_folder_default(assumed)
Orchid_source/Non_Cymbidium_Orchidaceae_plants/031059_class1273.jpg,,flower,,,ambiguous,folder_marked_ambiguous:non_cymbidium_orchidaceae_plants,ambiguous_folder|class_folder_default(assumed)
Orchid_source/Non_Cymbidium_Orchidaceae_plants/031060_class1273.jpg,,flower,,,ambiguous,folder_marked_ambiguous:non_cymbidium_orchidaceae_plants,ambiguous_folder|class_folder_default(assumed)
Orchid_source/Non_Cymbidium_Orchidaceae_plants/031061_class1273.jpg,,flower,,,ambiguous,folder_marked_ambiguous:non_cymbidium_orchidaceae_plants,ambiguous_folder|class_folder_default(assumed)
Orchid_source/Non_Cymbidium_Orchidaceae_plants/031062_class1273.jpg,,flower,,,ambiguous,folder_marked_ambiguous:non_cymbidium_orchidaceae_plants,ambiguous_folder|class_folder_default(assumed)
Orchid_source/Non_Cymbidium_Orchidaceae_plants/031063_class1273.jpg,,flower,,,ambiguous,folder_marked_ambiguous:non_cymbidium_orchidaceae_plants,ambiguous_folder|class_folder_default(assumed)
Orchid_source/Non_Cymbidium_Orchidaceae_plants/031064_class1273.jpg,,flower,,,ambiguous,folder_marked_ambiguous:non_cymbidium_orchidaceae_plants,ambiguous_folder|class_folder_default(assumed)
Orchid_source/Non_Cymbidium_Orchidaceae_plants/031065_class1273.jpg,,flower,,,ambiguous,folder_marked_ambiguous:non_cymbidium_orchidaceae_plants,ambiguous_folder|class_folder_default(assumed)
Orchid_source/Non_Cymbidium_Orchidaceae_plants/031066_class1273.jpg,,flower,,,ambiguous,folder_marked_ambiguous:non_cymbidium_orchidaceae_plants,ambiguous_folder|class_folder_default(assumed)
Orchid_source/Non_Cymbidium_Orchidaceae_plants/031067_class1273.jpg,,flower,,,ambiguous,folder_marked_ambiguous:non_cymbidium_orchidaceae_plants,ambiguous_folder|class_folder_default(assumed)
Orchid_source/Non_Cymbidium_Orchidaceae_plants/031068_class1273.jpg,,flower,,,ambiguous,folder_marked_ambiguous:non_cymbidium_orchidaceae_plants,ambiguous_folder|class_folder_default(assumed)
Orchid_source/Non_Cymbidium_Orchidaceae_plants/031069_class1273.jpg,,flower,,,ambiguous,folder_marked_ambiguous:non_cymbidium_orchidaceae_plants,ambiguous_folder|class_folder_default(assumed)
Orchid_source/Non_Cymbidium_Orchidaceae_plants/031070_class1273.jpg,,flower,,,ambiguous,folder_marked_ambiguous:non_cymbidium_orchidaceae_plants,ambiguous_folder|class_folder_default(assumed)
Orchid_source/Non_Cymbidium_Orchidaceae_plants/031071_class1273.jpg,,flower,,,ambiguous,folder_marked_ambiguous:non_cymbidium_orchidaceae_plants,ambiguous_folder|class_folder_default(assumed)
Orchid_source/Non_Cymbidium_Orchidaceae_plants/031072_class1273.jpg,,flower,,,ambiguous,folder_marked_ambiguous:non_cymbidium_orchidaceae_plants,ambiguous_folder|class_folder_default(assumed)
Orchid_source/Non_Cymbidium_Orchidaceae_plants/031073_class1273.jpg,,flower,,,ambiguous,folder_marked_ambiguous:non_cymbidium_orchidaceae_plants,ambiguous_folder|class_folder_default(assumed)
Orchid_source/Non_Cymbidium_Orchidaceae_plants/031074_class1273.jpg,,flower,,,ambiguous,folder_marked_ambiguous:non_cymbidium_orchidaceae_plants,ambiguous_folder|class_folder_default(assumed)
Orchid_source/Non_Cymbidium_Orchidaceae_plants/031075_class1273.jpg,,flower,,,ambiguous,folder_marked_ambiguous:non_cymbidium_orchidaceae_plants,ambiguous_folder|class_folder_default(assumed)
Orchid_source/Non_Cymbidium_Orchidaceae_plants/031076_class1273.jpg,,flower,,,ambiguous,folder_marked_ambiguous:non_cymbidium_orchidaceae_plants,ambiguous_folder|class_folder_default(assumed)
Orchid_source/Non_Cymbidium_Orchidaceae_plants/031077_class1273.jpg,,flower,,,ambiguous,folder_marked_ambiguous:non_cymbidium_orchidaceae_plants,ambiguous_folder|class_folder_default(assumed)
Orchid_source/Non_Cymbidium_Orchidaceae_plants/031078_class1273.jpg,,flower,,,ambiguous,folder_marked_ambiguous:non_cymbidium_orchidaceae_plants,ambiguous_folder|class_folder_default(assumed)
Orchid_source/Non_Cymbidium_Orchidaceae_plants/031079_class1273.jpg,,flower,,,ambiguous,folder_marked_ambiguous:non_cymbidium_orchidaceae_plants,ambiguous_folder|class_folder_default(assumed)
Orchid_source/Non_Cymbidium_Orchidaceae_plants/031080_class1273.jpg,,flower,,,ambiguous,folder_marked_ambiguous:non_cymbidium_orchidaceae_plants,ambiguous_folder|class_folder_default(assumed)
Orchid_source/Non_Cymbidium_Orchidaceae_plants/031081_class1273.jpg,,flower,,,ambiguous,folder_marked_ambiguous:non_cymbidium_orchidaceae_plants,ambiguous_folder|class_folder_default(assumed)
Orchid_source/Non_Cymbidium_Orchidaceae_plants/031082_class1273.jpg,,flower,,,ambiguous,folder_marked_ambiguous:non_cymbidium_orchidaceae_plants,ambiguous_folder|class_folder_default(assumed)
Orchid_source/Non_Cymbidium_Orchidaceae_plants/031083_class1273.jpg,,flower,,,ambiguous,folder_marked_ambiguous:non_cymbidium_orchidaceae_plants,ambiguous_folder|class_folder_default(assumed)
Orchid_source/Non_Cymbidium_Orchidaceae_plants/031084_class1273.jpg,,flower,,,ambiguous,folder_marked_ambiguous:non_cymbidium_orchidaceae_plants,ambiguous_folder|class_folder_default(assumed)
Orchid_source/Non_Cymbidium_Orchidaceae_plants/031085_class1273.jpg,,flower,,,ambiguous,folder_marked_ambiguous:non_cymbidium_orchidaceae_plants,ambiguous_folder|class_folder_default(assumed)
Orchid_source/Non_Cymbidium_Orchidaceae_plants/031086_class1273.jpg,,flower,,,ambiguous,folder_marked_ambiguous:non_cymbidium_orchidaceae_plants,ambiguous_folder|class_folder_default(assumed)
Orchid_source/Non_Cymbidium_Orchidaceae_plants/031087_class1273.jpg,,flower,,,ambiguous,folder_marked_ambiguous:non_cymbidium_orchidaceae_plants,ambiguous_folder|class_folder_default(assumed)
Orchid_source/Non_Cymbidium_Orchidaceae_plants/031088_class1273.jpg,,flower,,,ambiguous,folder_marked_ambiguous:non_cymbidium_orchidaceae_plants,ambiguous_folder|class_folder_default(assumed)
Orchid_source/Non_Cymbidium_Orchidaceae_plants/031089_class1273.jpg,,flower,,,ambiguous,folder_marked_ambiguous:non_cymbidium_orchidaceae_plants,ambiguous_folder|class_folder_default(assumed)
Orchid_source/Non_Cymbidium_Orchidaceae_plants/031090_class1273.jpg,,flower,,,ambiguous,folder_marked_ambiguous:non_cymbidium_orchidaceae_plants,ambiguous_folder|class_folder_default(assumed)
Orchid_source/Non_Orchidaceae_plants/031091_class1274.jpg,,flower,,,ambiguous,folder_marked_ambiguous:non_orchidaceae_plants,ambiguous_folder|class_folder_default(assumed)
Orchid_source/Non_Orchidaceae_plants/031092_class1274.jpg,,flower,,,ambiguous,folder_marked_ambiguous:non_orchidaceae_plants,ambiguous_folder|class_folder_default(assumed)
Orchid_source/Non_Orchidaceae_plants/031093_class1274.jpg,,flower,,,ambiguous,folder_marked_ambiguous:non_orchidaceae_plants,ambiguous_folder|class_folder_default(assumed)
Orchid_source/Non_Orchidaceae_plants/031094_class1274.jpg,,flower,,,ambiguous,folder_marked_ambiguous:non_orchidaceae_plants,ambiguous_folder|class_folder_default(assumed)
Orchid_source/Non_Orchidaceae_plants/031095_class1274.jpg,,flower,,,ambiguous,folder_marked_ambiguous:non_orchidaceae_plants,ambiguous_folder|class_folder_default(assumed)
Orchid_source/Non_Orchidaceae_plants/031096_class1274.jpg,,flower,,,ambiguous,folder_marked_ambiguous:non_orchidaceae_plants,ambiguous_folder|class_folder_default(assumed)
Orchid_source/Non_Orchidaceae_plants/031097_class1274.jpg,,flower,,,ambiguous,folder_marked_ambiguous:non_orchidaceae_plants,ambiguous_folder|class_folder_default(assumed)
Orchid_source/Non_Orchidaceae_plants/031098_class1274.jpg,,flower,,,ambiguous,folder_marked_ambiguous:non_orchidaceae_plants,ambiguous_folder|class_folder_default(assumed)
Orchid_source/Non_Orchidaceae_plants/031099_class1274.jpg,,flower,,,ambiguous,folder_marked_ambiguous:non_orchidaceae_plants,ambiguous_folder|class_folder_default(assumed)
Orchid_source/Non_Orchidaceae_plants/031100_class1274.jpg,,flower,,,ambiguous,folder_marked_ambiguous:non_orchidaceae_plants,ambiguous_folder|class_folder_default(assumed)
Orchid_source/Non_Orchidaceae_plants/031101_class1274.jpg,,flower,,,ambiguous,folder_marked_ambiguous:non_orchidaceae_plants,ambiguous_folder|class_folder_default(assumed)
Orchid_source/Non_Orchidaceae_plants/031102_class1274.jpg,,flower,,,ambiguous,folder_marked_ambiguous:non_orchidaceae_plants,ambiguous_folder|class_folder_default(assumed)
Orchid_source/Non_Orchidaceae_plants/031103_class1274.jpg,,flower,,,ambiguous,folder_marked_ambiguous:non_orchidaceae_plants,ambiguous_folder|class_folder_default(assumed)
Orchid_source/Non_Orchidaceae_plants/031104_class1274.jpg,,flower,,,ambiguous,folder_marked_ambiguous:non_orchidaceae_plants,ambiguous_folder|class_folder_default(assumed)
Orchid_source/Non_Orchidaceae_plants/031105_class1274.jpg,,flower,,,ambiguous,folder_marked_ambiguous:non_orchidaceae_plants,ambiguous_folder|class_folder_default(assumed)
Orchid_source/Non_Orchidaceae_plants/031106_class1274.jpg,,flower,,,ambiguous,folder_marked_ambiguous:non_orchidaceae_plants,ambiguous_folder|class_folder_default(assumed)
Orchid_source/Non_Orchidaceae_plants/031107_class1274.jpg,,flower,,,ambiguous,folder_marked_ambiguous:non_orchidaceae_plants,ambiguous_folder|class_folder_default(assumed)
Orchid_source/Non_Orchidaceae_plants/031108_class1274.jpg,,flower,,,ambiguous,folder_marked_ambiguous:non_orchidaceae_plants,ambiguous_folder|class_folder_default(assumed)
Orchid_source/Non_Orchidaceae_plants/031109_class1274.jpg,,flower,,,ambiguous,folder_marked_ambiguous:non_orchidaceae_plants,ambiguous_folder|class_folder_default(assumed)
Orchid_source/Non_Orchidaceae_plants/031110_class1274.jpg,,flower,,,ambiguous,folder_marked_ambiguous:non_orchidaceae_plants,ambiguous_folder|class_folder_default(assumed)
Orchid_source/Non_Orchidaceae_plants/031111_class1274.jpg,,flower,,,ambiguous,folder_marked_ambiguous:non_orchidaceae_plants,ambiguous_folder|class_folder_default(assumed)
Orchid_source/Non_Orchidaceae_plants/031112_class1274.jpg,,flower,,,ambiguous,folder_marked_ambiguous:non_orchidaceae_plants,ambiguous_folder|class_folder_default(assumed)
Orchid_source/Non_Orchidaceae_plants/031113_class1274.jpg,,flower,,,ambiguous,folder_marked_ambiguous:non_orchidaceae_plants,ambiguous_folder|class_folder_default(assumed)
Orchid_source/Non_Orchidaceae_plants/031114_class1274.jpg,,flower,,,ambiguous,folder_marked_ambiguous:non_orchidaceae_plants,ambiguous_folder|class_folder_default(assumed)
Orchid_source/Non_Orchidaceae_plants/031115_class1274.jpg,,flower,,,ambiguous,folder_marked_ambiguous:non_orchidaceae_plants,ambiguous_folder|class_folder_default(assumed)
Orchid_source/Non_Orchidaceae_plants/031116_class1274.jpg,,flower,,,ambiguous,folder_marked_ambiguous:non_orchidaceae_plants,ambiguous_folder|class_folder_default(assumed)
Orchid_source/Non_Orchidaceae_plants/031117_class1274.jpg,,flower,,,ambiguous,folder_marked_ambiguous:non_orchidaceae_plants,ambiguous_folder|class_folder_default(assumed)
Orchid_source/Non_Orchidaceae_plants/031118_class1274.jpg,,flower,,,ambiguous,folder_marked_ambiguous:non_orchidaceae_plants,ambiguous_folder|class_folder_default(assumed)
Orchid_source/Non_Orchidaceae_plants/031119_class1274.jpg,,flower,,,ambiguous,folder_marked_ambiguous:non_orchidaceae_plants,ambiguous_folder|class_folder_default(assumed)
Orchid_source/Non_Orchidaceae_plants/031120_class1274.jpg,,flower,,,ambiguous,folder_marked_ambiguous:non_orchidaceae_plants,ambiguous_folder|class_folder_default(assumed)
Orchid_source/Non_Orchidaceae_plants/031121_class1274.jpg,,flower,,,ambiguous,folder_marked_ambiguous:non_orchidaceae_plants,ambiguous_folder|class_folder_default(assumed)
Orchid_source/Non_Orchidaceae_plants/031122_class1274.jpg,,flower,,,ambiguous,folder_marked_ambiguous:non_orchidaceae_plants,ambiguous_folder|class_folder_default(assumed)
Orchid_source/Non_Orchidaceae_plants/031123_class1274.jpg,,flower,,,ambiguous,folder_marked_ambiguous:non_orchidaceae_plants,ambiguous_folder|class_folder_default(assumed)
Orchid_source/Non_Orchidaceae_plants/031124_class1274.jpg,,flower,,,ambiguous,folder_marked_ambiguous:non_orchidaceae_plants,ambiguous_folder|class_folder_default(assumed)
Orchid_source/Non_Orchidaceae_plants/031125_class1274.jpg,,flower,,,ambiguous,folder_marked_ambiguous:non_orchidaceae_plants,ambiguous_folder|class_folder_default(assumed)
Orchid_source/Non_Orchidaceae_plants/031126_class1274.jpg,,flower,,,ambiguous,folder_marked_ambiguous:non_orchidaceae_plants,ambiguous_folder|class_folder_default(assumed)
Orchid_source/Non_Orchidaceae_plants/031127_class1274.jpg,,flower,,,ambiguous,folder_marked_ambiguous:non_orchidaceae_plants,ambiguous_folder|class_folder_default(assumed)
Orchid_source/Non_Orchidaceae_plants/031128_class1274.jpg,,flower,,,ambiguous,folder_marked_ambiguous:non_orchidaceae_plants,ambiguous_folder|class_folder_default(assumed)
Orchid_source/Non_Orchidaceae_plants/031129_class1274.jpg,,flower,,,ambiguous,folder_marked_ambiguous:non_orchidaceae_plants,ambiguous_folder|class_folder_default(assumed)
Orchid_source/Non_Orchidaceae_plants/031130_class1274.jpg,,flower,,,ambiguous,folder_marked_ambiguous:non_orchidaceae_plants,ambiguous_folder|class_folder_default(assumed)
Orchid_source/Non_Orchidaceae_plants/031131_class1274.jpg,,flower,,,ambiguous,folder_marked_ambiguous:non_orchidaceae_plants,ambiguous_folder|class_folder_default(assumed)
Orchid_source/Non_Orchidaceae_plants/031132_class1274.jpg,,flower,,,ambiguous,folder_marked_ambiguous:non_orchidaceae_plants,ambiguous_folder|class_folder_default(assumed)
Orchid_source/Non_Orchidaceae_plants/031133_class1274.jpg,,flower,,,ambiguous,folder_marked_ambiguous:non_orchidaceae_plants,ambiguous_folder|class_folder_default(assumed)
Orchid_source/Non_Orchidaceae_plants/031134_class1274.jpg,,flower,,,ambiguous,folder_marked_ambiguous:non_orchidaceae_plants,ambiguous_folder|class_folder_default(assumed)
Orchid_source/Non_Orchidaceae_plants/031135_class1274.jpg,,flower,,,ambiguous,folder_marked_ambiguous:non_orchidaceae_plants,ambiguous_folder|class_folder_default(assumed)
Orchid_source/Non_Orchidaceae_plants/031136_class1274.jpg,,flower,,,ambiguous,folder_marked_ambiguous:non_orchidaceae_plants,ambiguous_folder|class_folder_default(assumed)
Orchid_source/Non_Orchidaceae_plants/031137_class1274.jpg,,flower,,,ambiguous,folder_marked_ambiguous:non_orchidaceae_plants,ambiguous_folder|class_folder_default(assumed)
Orchid_source/Non_Orchidaceae_plants/031138_class1274.jpg,,flower,,,ambiguous,folder_marked_ambiguous:non_orchidaceae_plants,ambiguous_folder|class_folder_default(assumed)
Orchid_source/Non_Orchidaceae_plants/031139_class1274.jpg,,flower,,,ambiguous,folder_marked_ambiguous:non_orchidaceae_plants,ambiguous_folder|class_folder_default(assumed)
Orchid_source/Non_Orchidaceae_plants/031140_class1274.jpg,,flower,,,ambiguous,folder_marked_ambiguous:non_orchidaceae_plants,ambiguous_folder|class_folder_default(assumed)
Orchid_source/Non_Orchidaceae_plants/031141_class1274.jpg,,flower,,,ambiguous,folder_marked_ambiguous:non_orchidaceae_plants,ambiguous_folder|class_folder_default(assumed)
Orchid_source/Non_Orchidaceae_plants/031142_class1274.jpg,,flower,,,ambiguous,folder_marked_ambiguous:non_orchidaceae_plants,ambiguous_folder|class_folder_default(assumed)
Orchid_source/Non_Orchidaceae_plants/031143_class1274.jpg,,flower,,,ambiguous,folder_marked_ambiguous:non_orchidaceae_plants,ambiguous_folder|class_folder_default(assumed)
Orchid_source/Non_Orchidaceae_plants/031144_class1274.jpg,,flower,,,ambiguous,folder_marked_ambiguous:non_orchidaceae_plants,ambiguous_folder|class_folder_default(assumed)
Orchid_source/Non_Orchidaceae_plants/031145_class1274.jpg,,flower,,,ambiguous,folder_marked_ambiguous:non_orchidaceae_plants,ambiguous_folder|class_folder_default(assumed)
Orchid_source/Non_Orchidaceae_plants/031146_class1274.jpg,,flower,,,ambiguous,folder_marked_ambiguous:non_orchidaceae_plants,ambiguous_folder|class_folder_default(assumed)
Orchid_source/Non_Orchidaceae_plants/031147_class1274.jpg,,flower,,,ambiguous,folder_marked_ambiguous:non_orchidaceae_plants,ambiguous_folder|class_folder_default(assumed)
Orchid_source/Non_Orchidaceae_plants/031148_class1274.jpg,,flower,,,ambiguous,folder_marked_ambiguous:non_orchidaceae_plants,ambiguous_folder|class_folder_default(assumed)
Orchid_source/Non_Orchidaceae_plants/031149_class1274.jpg,,flower,,,ambiguous,folder_marked_ambiguous:non_orchidaceae_plants,ambiguous_folder|class_folder_default(assumed)
Orchid_source/Non_Orchidaceae_plants/031150_class1274.jpg,,flower,,,ambiguous,folder_marked_ambiguous:non_orchidaceae_plants,ambiguous_folder|class_folder_default(assumed)
Orchid_source/Non_Orchidaceae_plants/031151_class1274.jpg,,flower,,,ambiguous,folder_marked_ambiguous:non_orchidaceae_plants,ambiguous_folder|class_folder_default(assumed)
Orchid_source/Non_Orchidaceae_plants/031152_class1274.jpg,,flower,,,ambiguous,folder_marked_ambiguous:non_orchidaceae_plants,ambiguous_folder|class_folder_default(assumed)
Orchid_source/Non_Orchidaceae_plants/031153_class1274.jpg,,flower,,,ambiguous,folder_marked_ambiguous:non_orchidaceae_plants,ambiguous_folder|class_folder_default(assumed)
Orchid_source/Non_Orchidaceae_plants/031154_class1274.jpg,,flower,,,ambiguous,folder_marked_ambiguous:non_orchidaceae_plants,ambiguous_folder|class_folder_default(assumed)
Orchid_source/Non_Orchidaceae_plants/031155_class1274.jpg,,flower,,,ambiguous,folder_marked_ambiguous:non_orchidaceae_plants,ambiguous_folder|class_folder_default(assumed)
Orchid_source/Non_Orchidaceae_plants/031156_class1274.jpg,,flower,,,ambiguous,folder_marked_ambiguous:non_orchidaceae_plants,ambiguous_folder|class_folder_default(assumed)
Orchid_source/Non_Orchidaceae_plants/031157_class1274.jpg,,flower,,,ambiguous,folder_marked_ambiguous:non_orchidaceae_plants,ambiguous_folder|class_folder_default(assumed)
Orchid_source/Non_Orchidaceae_plants/031158_class1274.jpg,,flower,,,ambiguous,folder_marked_ambiguous:non_orchidaceae_plants,ambiguous_folder|class_folder_default(assumed)
Orchid_source/Non_Orchidaceae_plants/031159_class1274.jpg,,flower,,,ambiguous,folder_marked_ambiguous:non_orchidaceae_plants,ambiguous_folder|class_folder_default(assumed)
Orchid_source/Non_Orchidaceae_plants/031160_class1274.jpg,,flower,,,ambiguous,folder_marked_ambiguous:non_orchidaceae_plants,ambiguous_folder|class_folder_default(assumed)
Orchid_source/Non_Orchidaceae_plants/031161_class1274.jpg,,flower,,,ambiguous,folder_marked_ambiguous:non_orchidaceae_plants,ambiguous_folder|class_folder_default(assumed)
Orchid_source/Non_Orchidaceae_plants/031162_class1274.jpg,,flower,,,ambiguous,folder_marked_ambiguous:non_orchidaceae_plants,ambiguous_folder|class_folder_default(assumed)
Orchid_source/Non_Orchidaceae_plants/031163_class1274.jpg,,flower,,,ambiguous,folder_marked_ambiguous:non_orchidaceae_plants,ambiguous_folder|class_folder_default(assumed)
Orchid_source/Non_Orchidaceae_plants/031164_class1274.jpg,,flower,,,ambiguous,folder_marked_ambiguous:non_orchidaceae_plants,ambiguous_folder|class_folder_default(assumed)
Orchid_source/Non_Orchidaceae_plants/031165_class1274.jpg,,flower,,,ambiguous,folder_marked_ambiguous:non_orchidaceae_plants,ambiguous_folder|class_folder_default(assumed)
Orchid_source/Non_Orchidaceae_plants/031166_class1274.jpg,,flower,,,ambiguous,folder_marked_ambiguous:non_orchidaceae_plants,ambiguous_folder|class_folder_default(assumed)
Orchid_source/Non_Orchidaceae_plants/031167_class1274.jpg,,flower,,,ambiguous,folder_marked_ambiguous:non_orchidaceae_plants,ambiguous_folder|class_folder_default(assumed)
Orchid_source/Non_Orchidaceae_plants/031168_class1274.jpg,,flower,,,ambiguous,folder_marked_ambiguous:non_orchidaceae_plants,ambiguous_folder|class_folder_default(assumed)
Orchid_source/Non_Orchidaceae_plants/031169_class1274.jpg,,flower,,,ambiguous,folder_marked_ambiguous:non_orchidaceae_plants,ambiguous_folder|class_folder_default(assumed)
Orchid_source/Non_Orchidaceae_plants/031170_class1274.jpg,,flower,,,ambiguous,folder_marked_ambiguous:non_orchidaceae_plants,ambiguous_folder|class_folder_default(assumed)
Orchid_source/Non_Orchidaceae_plants/031171_class1274.jpg,,flower,,,ambiguous,folder_marked_ambiguous:non_orchidaceae_plants,ambiguous_folder|class_folder_default(assumed)
Orchid_source/Non_Orchidaceae_plants/031172_class1274.jpg,,flower,,,ambiguous,folder_marked_ambiguous:non_orchidaceae_plants,ambiguous_folder|class_folder_default(assumed)
Orchid_source/Non_Orchidaceae_plants/031173_class1274.jpg,,flower,,,ambiguous,folder_marked_ambiguous:non_orchidaceae_plants,ambiguous_folder|class_folder_default(assumed)
Orchid_source/Non_Orchidaceae_plants/031174_class1274.jpg,,flower,,,ambiguous,folder_marked_ambiguous:non_orchidaceae_plants,ambiguous_folder|class_folder_default(assumed)
Orchid_source/Non_Orchidaceae_plants/031175_class1274.jpg,,flower,,,ambiguous,folder_marked_ambiguous:non_orchidaceae_plants,ambiguous_folder|class_folder_default(assumed)
Orchid_source/Non_Orchidaceae_plants/031176_class1274.jpg,,flower,,,ambiguous,folder_marked_ambiguous:non_orchidaceae_plants,ambiguous_folder|class_folder_default(assumed)
Orchid_source/Non_Orchidaceae_plants/031177_class1274.jpg,,flower,,,ambiguous,folder_marked_ambiguous:non_orchidaceae_plants,ambiguous_folder|class_folder_default(assumed)
Orchid_source/Non_Orchidaceae_plants/031178_class1274.jpg,,flower,,,ambiguous,folder_marked_ambiguous:non_orchidaceae_plants,ambiguous_folder|class_folder_default(assumed)
Orchid_source/Non_Orchidaceae_plants/031179_class1274.jpg,,flower,,,ambiguous,folder_marked_ambiguous:non_orchidaceae_plants,ambiguous_folder|class_folder_default(assumed)
Orchid_source/Non_Orchidaceae_plants/031180_class1274.jpg,,flower,,,ambiguous,folder_marked_ambiguous:non_orchidaceae_plants,ambiguous_folder|class_folder_default(assumed)
Orchid_source/Non_Orchidaceae_plants/031181_class1274.jpg,,flower,,,ambiguous,folder_marked_ambiguous:non_orchidaceae_plants,ambiguous_folder|class_folder_default(assumed)
Orchid_source/Non_Orchidaceae_plants/031182_class1274.jpg,,flower,,,ambiguous,folder_marked_ambiguous:non_orchidaceae_plants,ambiguous_folder|class_folder_default(assumed)
Orchid_source/Non_Orchidaceae_plants/031183_class1274.jpg,,flower,,,ambiguous,folder_marked_ambiguous:non_orchidaceae_plants,ambiguous_folder|class_folder_default(assumed)
Orchid_source/Non_Orchidaceae_plants/031184_class1274.jpg,,flower,,,ambiguous,folder_marked_ambiguous:non_orchidaceae_plants,ambiguous_folder|class_folder_default(assumed)
Orchid_source/Non_Orchidaceae_plants/031185_class1274.jpg,,flower,,,ambiguous,folder_marked_ambiguous:non_orchidaceae_plants,ambiguous_folder|class_folder_default(assumed)
Orchid_source/Non_Orchidaceae_plants/031186_class1274.jpg,,flower,,,ambiguous,folder_marked_ambiguous:non_orchidaceae_plants,ambiguous_folder|class_folder_default(assumed)
Orchid_source/Non_Orchidaceae_plants/031187_class1274.jpg,,flower,,,ambiguous,folder_marked_ambiguous:non_orchidaceae_plants,ambiguous_folder|class_folder_default(assumed)
Orchid_source/Non_Orchidaceae_plants/031188_class1274.jpg,,flower,,,ambiguous,folder_marked_ambiguous:non_orchidaceae_plants,ambiguous_folder|class_folder_default(assumed)
Orchid_source/Non_Orchidaceae_plants/031189_class1274.jpg,,flower,,,ambiguous,folder_marked_ambiguous:non_orchidaceae_plants,ambiguous_folder|class_folder_default(assumed)
Orchid_source/Non_Orchidaceae_plants/031190_class1274.jpg,,flower,,,ambiguous,folder_marked_ambiguous:non_orchidaceae_plants,ambiguous_folder|class_folder_default(assumed)
Orchid_source/Non_Orchidaceae_plants/031191_class1274.jpg,,flower,,,ambiguous,folder_marked_ambiguous:non_orchidaceae_plants,ambiguous_folder|class_folder_default(assumed)
Orchid_source/Non_Orchidaceae_plants/031192_class1274.jpg,,flower,,,ambiguous,folder_marked_ambiguous:non_orchidaceae_plants,ambiguous_folder|class_folder_default(assumed)
Orchid_source/Non_Orchidaceae_plants/031193_class1274.jpg,,flower,,,ambiguous,folder_marked_ambiguous:non_orchidaceae_plants,ambiguous_folder|class_folder_default(assumed)
Orchid_source/Non_Orchidaceae_plants/031194_class1274.jpg,,flower,,,ambiguous,folder_marked_ambiguous:non_orchidaceae_plants,ambiguous_folder|class_folder_default(assumed)
Orchid_source/Non_Orchidaceae_plants/031195_class1274.jpg,,flower,,,ambiguous,folder_marked_ambiguous:non_orchidaceae_plants,ambiguous_folder|class_folder_default(assumed)
Orchid_source/Non_Orchidaceae_plants/031196_class1274.jpg,,flower,,,ambiguous,folder_marked_ambiguous:non_orchidaceae_plants,ambiguous_folder|class_folder_default(assumed)
Orchid_source/Non_Orchidaceae_plants/031197_class1274.jpg,,flower,,,ambiguous,folder_marked_ambiguous:non_orchidaceae_plants,ambiguous_folder|class_folder_default(assumed)
Orchid_source/Non_Orchidaceae_plants/031198_class1274.jpg,,flower,,,ambiguous,folder_marked_ambiguous:non_orchidaceae_plants,ambiguous_folder|class_folder_default(assumed)
Orchid_source/Non_Orchidaceae_plants/031199_class1274.jpg,,flower,,,ambiguous,folder_marked_ambiguous:non_orchidaceae_plants,ambiguous_folder|class_folder_default(assumed)
Orchid_source/Non_Orchidaceae_plants/031200_class1274.jpg,,flower,,,ambiguous,folder_marked_ambiguous:non_orchidaceae_plants,ambiguous_folder|class_folder_default(assumed)
Orchid_source/Non_Orchidaceae_plants/031201_class1274.jpg,,flower,,,ambiguous,folder_marked_ambiguous:non_orchidaceae_plants,ambiguous_folder|class_folder_default(assumed)
Orchid_source/Non_Orchidaceae_plants/031202_class1274.jpg,,flower,,,ambiguous,folder_marked_ambiguous:non_orchidaceae_plants,ambiguous_folder|class_folder_default(assumed)
Orchid_source/Non_Orchidaceae_plants/031203_class1274.jpg,,flower,,,ambiguous,folder_marked_ambiguous:non_orchidaceae_plants,ambiguous_folder|class_folder_default(assumed)
Orchid_source/Non_Orchidaceae_plants/031204_class1274.jpg,,flower,,,ambiguous,folder_marked_ambiguous:non_orchidaceae_plants,ambiguous_folder|class_folder_default(assumed)
Orchid_source/Non_Orchidaceae_plants/031205_class1274.jpg,,flower,,,ambiguous,folder_marked_ambiguous:non_orchidaceae_plants,ambiguous_folder|class_folder_default(assumed)
Orchid_source/Non_Orchidaceae_plants/031206_class1274.jpg,,flower,,,ambiguous,folder_marked_ambiguous:non_orchidaceae_plants,ambiguous_folder|class_folder_default(assumed)
Orchid_source/Non_Orchidaceae_plants/031207_class1274.jpg,,flower,,,ambiguous,folder_marked_ambiguous:non_orchidaceae_plants,ambiguous_folder|class_folder_default(assumed)
Orchid_source/Non_Orchidaceae_plants/031208_class1274.jpg,,flower,,,ambiguous,folder_marked_ambiguous:non_orchidaceae_plants,ambiguous_folder|class_folder_default(assumed)
Orchid_source/Non_Orchidaceae_plants/031209_class1274.jpg,,flower,,,ambiguous,folder_marked_ambiguous:non_orchidaceae_plants,ambiguous_folder|class_folder_default(assumed)
Orchid_source/Non_Orchidaceae_plants/031210_class1274.jpg,,flower,,,ambiguous,folder_marked_ambiguous:non_orchidaceae_plants,ambiguous_folder|class_folder_default(assumed)
Orchid_source/Non_Orchidaceae_plants/031211_class1274.jpg,,flower,,,ambiguous,folder_marked_ambiguous:non_orchidaceae_plants,ambiguous_folder|class_folder_default(assumed)
Orchid_source/Non_Orchidaceae_plants/031212_class1274.jpg,,flower,,,ambiguous,folder_marked_ambiguous:non_orchidaceae_plants,ambiguous_folder|class_folder_default(assumed)
Orchid_source/Non_Orchidaceae_plants/031213_class1274.jpg,,flower,,,ambiguous,folder_marked_ambiguous:non_orchidaceae_plants,ambiguous_folder|class_folder_default(assumed)
Orchid_source/Non_Orchidaceae_plants/031214_class1274.jpg,,flower,,,ambiguous,folder_marked_ambiguous:non_orchidaceae_plants,ambiguous_folder|class_folder_default(assumed)
Orchid_source/Non_Orchidaceae_plants/031215_class1274.jpg,,flower,,,ambiguous,folder_marked_ambiguous:non_orchidaceae_plants,ambiguous_folder|class_folder_default(assumed)
Orchid_source/Non_Orchidaceae_plants/031216_class1274.jpg,,flower,,,ambiguous,folder_marked_ambiguous:non_orchidaceae_plants,ambiguous_folder|class_folder_default(assumed)
Orchid_source/Non_Orchidaceae_plants/031217_class1274.jpg,,flower,,,ambiguous,folder_marked_ambiguous:non_orchidaceae_plants,ambiguous_folder|class_folder_default(assumed)
Orchid_source/Non_Orchidaceae_plants/031218_class1274.jpg,,flower,,,ambiguous,folder_marked_ambiguous:non_orchidaceae_plants,ambiguous_folder|class_folder_default(assumed)
Orchid_source/Non_Orchidaceae_plants/031219_class1274.jpg,,flower,,,ambiguous,folder_marked_ambiguous:non_orchidaceae_plants,ambiguous_folder|class_folder_default(assumed)
Orchid_source/Non_Orchidaceae_plants/031220_class1274.jpg,,flower,,,ambiguous,folder_marked_ambiguous:non_orchidaceae_plants,ambiguous_folder|class_folder_default(assumed)
Orchid_source/Non_Orchidaceae_plants/031221_class1274.jpg,,flower,,,ambiguous,folder_marked_ambiguous:non_orchidaceae_plants,ambiguous_folder|class_folder_default(assumed)
Orchid_source/Non_Orchidaceae_plants/031222_class1274.jpg,,flower,,,ambiguous,folder_marked_ambiguous:non_orchidaceae_plants,ambiguous_folder|class_folder_default(assumed)
Orchid_source/Non_Orchidaceae_plants/031223_class1274.jpg,,flower,,,ambiguous,folder_marked_ambiguous:non_orchidaceae_plants,ambiguous_folder|class_folder_default(assumed)
Orchid_source/Non_Orchidaceae_plants/031224_class1274.jpg,,flower,,,ambiguous,folder_marked_ambiguous:non_orchidaceae_plants,ambiguous_folder|class_folder_default(assumed)
Orchid_source/Non_Orchidaceae_plants/031225_class1274.jpg,,flower,,,ambiguous,folder_marked_ambiguous:non_orchidaceae_plants,ambiguous_folder|class_folder_default(assumed)
Orchid_source/Non_Orchidaceae_plants/031226_class1274.jpg,,flower,,,ambiguous,folder_marked_ambiguous:non_orchidaceae_plants,ambiguous_folder|class_folder_default(assumed)
Orchid_source/Non_Orchidaceae_plants/031227_class1274.jpg,,flower,,,ambiguous,folder_marked_ambiguous:non_orchidaceae_plants,ambiguous_folder|class_folder_default(assumed)
Orchid_source/Non_Orchidaceae_plants/031228_class1274.jpg,,flower,,,ambiguous,folder_marked_ambiguous:non_orchidaceae_plants,ambiguous_folder|class_folder_default(assumed)
Orchid_source/Non_Orchidaceae_plants/031229_class1274.jpg,,flower,,,ambiguous,folder_marked_ambiguous:non_orchidaceae_plants,ambiguous_folder|class_folder_default(assumed)
Orchid_source/Non_Orchidaceae_plants/031230_class1274.jpg,,flower,,,ambiguous,folder_marked_ambiguous:non_orchidaceae_plants,ambiguous_folder|class_folder_default(assumed)
Orchid_source/Non_Orchidaceae_plants/031231_class1274.jpg,,flower,,,ambiguous,folder_marked_ambiguous:non_orchidaceae_plants,ambiguous_folder|class_folder_default(assumed)
Orchid_source/Non_Orchidaceae_plants/031232_class1274.jpg,,flower,,,ambiguous,folder_marked_ambiguous:non_orchidaceae_plants,ambiguous_folder|class_folder_default(assumed)
Orchid_source/Non_Orchidaceae_plants/031233_class1274.jpg,,flower,,,ambiguous,folder_marked_ambiguous:non_orchidaceae_plants,ambiguous_folder|class_folder_default(assumed)
Orchid_source/Non_Orchidaceae_plants/031234_class1274.jpg,,flower,,,ambiguous,folder_marked_ambiguous:non_orchidaceae_plants,ambiguous_folder|class_folder_default(assumed)
Orchid_source/Non_Orchidaceae_plants/031235_class1274.jpg,,flower,,,ambiguous,folder_marked_ambiguous:non_orchidaceae_plants,ambiguous_folder|class_folder_default(assumed)
Orchid_source/Non_Orchidaceae_plants/031236_class1274.jpg,,flower,,,ambiguous,folder_marked_ambiguous:non_orchidaceae_plants,ambiguous_folder|class_folder_default(assumed)
Orchid_source/Non_Orchidaceae_plants/031237_class1274.jpg,,flower,,,ambiguous,folder_marked_ambiguous:non_orchidaceae_plants,ambiguous_folder|class_folder_default(assumed)
Orchid_source/Non_Orchidaceae_plants/031238_class1274.jpg,,flower,,,ambiguous,folder_marked_ambiguous:non_orchidaceae_plants,ambiguous_folder|class_folder_default(assumed)
Orchid_source/Non_Orchidaceae_plants/031239_class1274.jpg,,flower,,,ambiguous,folder_marked_ambiguous:non_orchidaceae_plants,ambiguous_folder|class_folder_default(assumed)
Orchid_source/Non_Orchidaceae_plants/031240_class1274.jpg,,flower,,,ambiguous,folder_marked_ambiguous:non_orchidaceae_plants,ambiguous_folder|class_folder_default(assumed)
Orchid_source/Non_Orchidaceae_plants/031241_class1274.jpg,,flower,,,ambiguous,folder_marked_ambiguous:non_orchidaceae_plants,ambiguous_folder|class_folder_default(assumed)
Orchid_source/Non_Orchidaceae_plants/031242_class1274.jpg,,flower,,,ambiguous,folder_marked_ambiguous:non_orchidaceae_plants,ambiguous_folder|class_folder_default(assumed)
Orchid_source/Non_Orchidaceae_plants/031243_class1274.jpg,,flower,,,ambiguous,folder_marked_ambiguous:non_orchidaceae_plants,ambiguous_folder|class_folder_default(assumed)
Orchid_source/Non_Orchidaceae_plants/031244_class1274.jpg,,flower,,,ambiguous,folder_marked_ambiguous:non_orchidaceae_plants,ambiguous_folder|class_folder_default(assumed)
Orchid_source/Non_Orchidaceae_plants/031245_class1274.jpg,,flower,,,ambiguous,folder_marked_ambiguous:non_orchidaceae_plants,ambiguous_folder|class_folder_default(assumed)
Orchid_source/Non_Orchidaceae_plants/031246_class1274.jpg,,flower,,,ambiguous,folder_marked_ambiguous:non_orchidaceae_plants,ambiguous_folder|class_folder_default(assumed)
Orchid_source/Non_Orchidaceae_plants/031247_class1274.jpg,,flower,,,ambiguous,folder_marked_ambiguous:non_orchidaceae_plants,ambiguous_folder|class_folder_default(assumed)
Orchid_source/Non_Orchidaceae_plants/031248_class1274.jpg,,flower,,,ambiguous,folder_marked_ambiguous:non_orchidaceae_plants,ambiguous_folder|class_folder_default(assumed)
Orchid_source/Non_Orchidaceae_plants/031249_class1274.jpg,,flower,,,ambiguous,folder_marked_ambiguous:non_orchidaceae_plants,ambiguous_folder|class_folder_default(assumed)
Orchid_source/Non_Orchidaceae_plants/031250_class1274.jpg,,flower,,,ambiguous,folder_marked_ambiguous:non_orchidaceae_plants,ambiguous_folder|class_folder_default(assumed)
Orchid_source/Non_Orchidaceae_plants/031251_class1274.jpg,,flower,,,ambiguous,folder_marked_ambiguous:non_orchidaceae_plants,ambiguous_folder|class_folder_default(assumed)
Orchid_source/Non_Orchidaceae_plants/031252_class1274.jpg,,flower,,,ambiguous,folder_marked_ambiguous:non_orchidaceae_plants,ambiguous_folder|class_folder_default(assumed)
Orchid_source/Non_Orchidaceae_plants/031253_class1274.jpg,,flower,,,ambiguous,folder_marked_ambiguous:non_orchidaceae_plants,ambiguous_folder|class_folder_default(assumed)
Orchid_source/Non_Orchidaceae_plants/031254_class1274.jpg,,flower,,,ambiguous,folder_marked_ambiguous:non_orchidaceae_plants,ambiguous_folder|class_folder_default(assumed)
Orchid_source/Non_Orchidaceae_plants/031255_class1274.jpg,,flower,,,ambiguous,folder_marked_ambiguous:non_orchidaceae_plants,ambiguous_folder|class_folder_default(assumed)
Orchid_source/Non_Orchidaceae_plants/031256_class1274.jpg,,flower,,,ambiguous,folder_marked_ambiguous:non_orchidaceae_plants,ambiguous_folder|class_folder_default(assumed)
Orchid_source/Non_Orchidaceae_plants/031257_class1274.jpg,,flower,,,ambiguous,folder_marked_ambiguous:non_orchidaceae_plants,ambiguous_folder|class_folder_default(assumed)
Orchid_source/Non_Orchidaceae_plants/031258_class1274.jpg,,flower,,,ambiguous,folder_marked_ambiguous:non_orchidaceae_plants,ambiguous_folder|class_folder_default(assumed)
Orchid_source/Non_Orchidaceae_plants/031259_class1274.jpg,,flower,,,ambiguous,folder_marked_ambiguous:non_orchidaceae_plants,ambiguous_folder|class_folder_default(assumed)
Orchid_source/Non_Orchidaceae_plants/031260_class1274.jpg,,flower,,,ambiguous,folder_marked_ambiguous:non_orchidaceae_plants,ambiguous_folder|class_folder_default(assumed)
Orchid_source/Non_Orchidaceae_plants/031261_class1274.jpg,,flower,,,ambiguous,folder_marked_ambiguous:non_orchidaceae_plants,ambiguous_folder|class_folder_default(assumed)
Orchid_source/Non_Orchidaceae_plants/031262_class1274.jpg,,flower,,,ambiguous,folder_marked_ambiguous:non_orchidaceae_plants,ambiguous_folder|class_folder_default(assumed)
Orchid_source/Non_Orchidaceae_plants/031263_class1274.jpg,,flower,,,ambiguous,folder_marked_ambiguous:non_orchidaceae_plants,ambiguous_folder|class_folder_default(assumed)
Orchid_source/Non_Orchidaceae_plants/031264_class1274.jpg,,flower,,,ambiguous,folder_marked_ambiguous:non_orchidaceae_plants,ambiguous_folder|class_folder_default(assumed)
Orchid_source/Non_Orchidaceae_plants/031265_class1274.jpg,,flower,,,ambiguous,folder_marked_ambiguous:non_orchidaceae_plants,ambiguous_folder|class_folder_default(assumed)
Orchid_source/Non_Orchidaceae_plants/031266_class1274.jpg,,flower,,,ambiguous,folder_marked_ambiguous:non_orchidaceae_plants,ambiguous_folder|class_folder_default(assumed)
Orchid_source/Non_Orchidaceae_plants/031267_class1274.jpg,,flower,,,ambiguous,folder_marked_ambiguous:non_orchidaceae_plants,ambiguous_folder|class_folder_default(assumed)
Orchid_source/Non_Orchidaceae_plants/031268_class1274.jpg,,flower,,,ambiguous,folder_marked_ambiguous:non_orchidaceae_plants,ambiguous_folder|class_folder_default(assumed)
Orchid_source/Non_Orchidaceae_plants/031269_class1274.jpg,,flower,,,ambiguous,folder_marked_ambiguous:non_orchidaceae_plants,ambiguous_folder|class_folder_default(assumed)
Orchid_source/Non_Orchidaceae_plants/031270_class1274.jpg,,flower,,,ambiguous,folder_marked_ambiguous:non_orchidaceae_plants,ambiguous_folder|class_folder_default(assumed)
Orchid_source/Non_Orchidaceae_plants/031271_class1274.jpg,,flower,,,ambiguous,folder_marked_ambiguous:non_orchidaceae_plants,ambiguous_folder|class_folder_default(assumed)
Orchid_source/Non_Orchidaceae_plants/031272_class1274.jpg,,flower,,,ambiguous,folder_marked_ambiguous:non_orchidaceae_plants,ambiguous_folder|class_folder_default(assumed)
Orchid_source/Non_Orchidaceae_plants/031273_class1274.jpg,,flower,,,ambiguous,folder_marked_ambiguous:non_orchidaceae_plants,ambiguous_folder|class_folder_default(assumed)
Orchid_source/Non_Orchidaceae_plants/031274_class1274.jpg,,flower,,,ambiguous,folder_marked_ambiguous:non_orchidaceae_plants,ambiguous_folder|class_folder_default(assumed)
Orchid_source/Non_Orchidaceae_plants/031275_class1274.jpg,,flower,,,ambiguous,folder_marked_ambiguous:non_orchidaceae_plants,ambiguous_folder|class_folder_default(assumed)
Orchid_source/Non_Orchidaceae_plants/031276_class1274.jpg,,flower,,,ambiguous,folder_marked_ambiguous:non_orchidaceae_plants,ambiguous_folder|class_folder_default(assumed)
Orchid_source/Non_Orchidaceae_plants/031277_class1274.jpg,,flower,,,ambiguous,folder_marked_ambiguous:non_orchidaceae_plants,ambiguous_folder|class_folder_default(assumed)
Orchid_source/Non_Orchidaceae_plants/031278_class1274.jpg,,flower,,,ambiguous,folder_marked_ambiguous:non_orchidaceae_plants,ambiguous_folder|class_folder_default(assumed)
Orchid_source/Non_Orchidaceae_plants/031279_class1274.jpg,,flower,,,ambiguous,folder_marked_ambiguous:non_orchidaceae_plants,ambiguous_folder|class_folder_default(assumed)
Orchid_source/Non_Orchidaceae_plants/031280_class1274.jpg,,flower,,,ambiguous,folder_marked_ambiguous:non_orchidaceae_plants,ambiguous_folder|class_folder_default(assumed)
Orchid_source/Non_Orchidaceae_plants/031281_class1274.jpg,,flower,,,ambiguous,folder_marked_ambiguous:non_orchidaceae_plants,ambiguous_folder|class_folder_default(assumed)
Orchid_source/Non_Orchidaceae_plants/031282_class1274.jpg,,flower,,,ambiguous,folder_marked_ambiguous:non_orchidaceae_plants,ambiguous_folder|class_folder_default(assumed)
Orchid_source/Non_Orchidaceae_plants/031283_class1274.jpg,,flower,,,ambiguous,folder_marked_ambiguous:non_orchidaceae_plants,ambiguous_folder|class_folder_default(assumed)
Orchid_source/Non_Orchidaceae_plants/031284_class1274.jpg,,flower,,,ambiguous,folder_marked_ambiguous:non_orchidaceae_plants,ambiguous_folder|class_folder_default(assumed)
Orchid_source/Non_Orchidaceae_plants/031285_class1274.jpg,,flower,,,ambiguous,folder_marked_ambiguous:non_orchidaceae_plants,ambiguous_folder|class_folder_default(assumed)
Orchid_source/Non_Orchidaceae_plants/031286_class1274.jpg,,flower,,,ambiguous,folder_marked_ambiguous:non_orchidaceae_plants,ambiguous_folder|class_folder_default(assumed)
Orchid_source/Non_Orchidaceae_plants/031287_class1274.jpg,,flower,,,ambiguous,folder_marked_ambiguous:non_orchidaceae_plants,ambiguous_folder|class_folder_default(assumed)
Orchid_source/Non_Orchidaceae_plants/031288_class1274.jpg,,flower,,,ambiguous,folder_marked_ambiguous:non_orchidaceae_plants,ambiguous_folder|class_folder_default(assumed)
Orchid_source/Non_Orchidaceae_plants/031289_class1274.jpg,,flower,,,ambiguous,folder_marked_ambiguous:non_orchidaceae_plants,ambiguous_folder|class_folder_default(assumed)
Orchid_source/Non_Orchidaceae_plants/031290_class1274.jpg,,flower,,,ambiguous,folder_marked_ambiguous:non_orchidaceae_plants,ambiguous_folder|class_folder_default(assumed)
Orchid_source/Non_Orchidaceae_plants/031291_class1274.jpg,,flower,,,ambiguous,folder_marked_ambiguous:non_orchidaceae_plants,ambiguous_folder|class_folder_default(assumed)
Orchid_source/Non_Orchidaceae_plants/031292_class1274.jpg,,flower,,,ambiguous,folder_marked_ambiguous:non_orchidaceae_plants,ambiguous_folder|class_folder_default(assumed)
Orchid_source/Non_Orchidaceae_plants/031293_class1274.jpg,,flower,,,ambiguous,folder_marked_ambiguous:non_orchidaceae_plants,ambiguous_folder|class_folder_default(assumed)
Orchid_source/Non_Orchidaceae_plants/031294_class1274.jpg,,flower,,,ambiguous,folder_marked_ambiguous:non_orchidaceae_plants,ambiguous_folder|class_folder_default(assumed)
Orchid_source/Non_Orchidaceae_plants/031295_class1274.jpg,,flower,,,ambiguous,folder_marked_ambiguous:non_orchidaceae_plants,ambiguous_folder|class_folder_default(assumed)
Orchid_source/Non_Orchidaceae_plants/031296_class1274.jpg,,flower,,,ambiguous,folder_marked_ambiguous:non_orchidaceae_plants,ambiguous_folder|class_folder_default(assumed)
Orchid_source/Non_Orchidaceae_plants/031297_class1274.jpg,,flower,,,ambiguous,folder_marked_ambiguous:non_orchidaceae_plants,ambiguous_folder|class_folder_default(assumed)
Original Image/Black Spot/Black_Spot (1).jpg,,leaves,,,ambiguous,plant_unknown,unresolved|disease_phrase
Original Image/Black Spot/Black_Spot (10).jpg,,leaves,,,ambiguous,plant_unknown,unresolved|disease_phrase
Original Image/Black Spot/Black_Spot (100).jpg,,leaves,,,ambiguous,plant_unknown,unresolved|disease_phrase
Original Image/Black Spot/Black_Spot (1000).jpg,,leaves,,,ambiguous,plant_unknown,unresolved|disease_phrase
Original Image/Black Spot/Black_Spot (1001).jpg,,leaves,,,ambiguous,plant_unknown,unresolved|disease_phrase
Original Image/Black Spot/Black_Spot (1002).jpg,,leaves,,,ambiguous,plant_unknown,unresolved|disease_phrase
Original Image/Black Spot/Black_Spot (1003).jpg,,leaves,,,ambiguous,plant_unknown,unresolved|disease_phrase
Original Image/Black Spot/Black_Spot (1004).jpg,,leaves,,,ambiguous,plant_unknown,unresolved|disease_phrase
Original Image/Black Spot/Black_Spot (1005).jpg,,leaves,,,ambiguous,plant_unknown,unresolved|disease_phrase
Original Image/Black Spot/Black_Spot (1006).jpg,,leaves,,,ambiguous,plant_unknown,unresolved|disease_phrase
Original Image/Black Spot/Black_Spot (1007).jpg,,leaves,,,ambiguous,plant_unknown,unresolved|disease_phrase
Original Image/Black Spot/Black_Spot (1008).jpg,,leaves,,,ambiguous,plant_unknown,unresolved|disease_phrase
Original Image/Black Spot/Black_Spot (1009).jpg,,leaves,,,ambiguous,plant_unknown,unresolved|disease_phrase
Original Image/Black Spot/Black_Spot (101).jpg,,leaves,,,ambiguous,plant_unknown,unresolved|disease_phrase
Original Image/Black Spot/Black_Spot (1010).jpg,,leaves,,,ambiguous,plant_unknown,unresolved|disease_phrase
Original Image/Black Spot/Black_Spot (1011).jpg,,leaves,,,ambiguous,plant_unknown,unresolved|disease_phrase
Original Image/Black Spot/Black_Spot (1012).jpg,,leaves,,,ambiguous,plant_unknown,unresolved|disease_phrase
Original Image/Black Spot/Black_Spot (1013).jpg,,leaves,,,ambiguous,plant_unknown,unresolved|disease_phrase
Original Image/Black Spot/Black_Spot (1014).jpg,,leaves,,,ambiguous,plant_unknown,unresolved|disease_phrase
Original Image/Black Spot/Black_Spot (1015).jpg,,leaves,,,ambiguous,plant_unknown,unresolved|disease_phrase
Original Image/Black Spot/Black_Spot (1016).jpg,,leaves,,,ambiguous,plant_unknown,unresolved|disease_phrase
Original Image/Black Spot/Black_Spot (1017).jpg,,leaves,,,ambiguous,plant_unknown,unresolved|disease_phrase
Original Image/Black Spot/Black_Spot (1018).jpg,,leaves,,,ambiguous,plant_unknown,unresolved|disease_phrase
Original Image/Black Spot/Black_Spot (1019).jpg,,leaves,,,ambiguous,plant_unknown,unresolved|disease_phrase
Original Image/Black Spot/Black_Spot (102).jpg,,leaves,,,ambiguous,plant_unknown,unresolved|disease_phrase
Original Image/Black Spot/Black_Spot (1020).jpg,,leaves,,,ambiguous,plant_unknown,unresolved|disease_phrase
Original Image/Black Spot/Black_Spot (1021).jpg,,leaves,,,ambiguous,plant_unknown,unresolved|disease_phrase
Original Image/Black Spot/Black_Spot (1022).jpg,,leaves,,,ambiguous,plant_unknown,unresolved|disease_phrase
Original Image/Black Spot/Black_Spot (1023).jpg,,leaves,,,ambiguous,plant_unknown,unresolved|disease_phrase
Original Image/Black Spot/Black_Spot (1024).jpg,,leaves,,,ambiguous,plant_unknown,unresolved|disease_phrase
Original Image/Black Spot/Black_Spot (1025).jpg,,leaves,,,ambiguous,plant_unknown,unresolved|disease_phrase
Original Image/Black Spot/Black_Spot (1026).jpg,,leaves,,,ambiguous,plant_unknown,unresolved|disease_phrase
Original Image/Black Spot/Black_Spot (1027).jpg,,leaves,,,ambiguous,plant_unknown,unresolved|disease_phrase
Original Image/Black Spot/Black_Spot (1028).jpg,,leaves,,,ambiguous,plant_unknown,unresolved|disease_phrase
Original Image/Black Spot/Black_Spot (1029).jpg,,leaves,,,ambiguous,plant_unknown,unresolved|disease_phrase
Original Image/Black Spot/Black_Spot (103).jpg,,leaves,,,ambiguous,plant_unknown,unresolved|disease_phrase
Original Image/Black Spot/Black_Spot (1030).jpg,,leaves,,,ambiguous,plant_unknown,unresolved|disease_phrase
Original Image/Black Spot/Black_Spot (1031).jpg,,leaves,,,ambiguous,plant_unknown,unresolved|disease_phrase
Original Image/Black Spot/Black_Spot (1032).jpg,,leaves,,,ambiguous,plant_unknown,unresolved|disease_phrase
Original Image/Black Spot/Black_Spot (1033).jpg,,leaves,,,ambiguous,plant_unknown,unresolved|disease_phrase
Original Image/Black Spot/Black_Spot (1034).jpg,,leaves,,,ambiguous,plant_unknown,unresolved|disease_phrase
Original Image/Black Spot/Black_Spot (1035).jpg,,leaves,,,ambiguous,plant_unknown,unresolved|disease_phrase
Original Image/Black Spot/Black_Spot (1036).jpg,,leaves,,,ambiguous,plant_unknown,unresolved|disease_phrase
Original Image/Black Spot/Black_Spot (1037).jpg,,leaves,,,ambiguous,plant_unknown,unresolved|disease_phrase
Original Image/Black Spot/Black_Spot (1038).jpg,,leaves,,,ambiguous,plant_unknown,unresolved|disease_phrase
Original Image/Black Spot/Black_Spot (1039).jpg,,leaves,,,ambiguous,plant_unknown,unresolved|disease_phrase
Original Image/Black Spot/Black_Spot (104).jpg,,leaves,,,ambiguous,plant_unknown,unresolved|disease_phrase
Original Image/Black Spot/Black_Spot (1040).jpg,,leaves,,,ambiguous,plant_unknown,unresolved|disease_phrase
Original Image/Black Spot/Black_Spot (1041).jpg,,leaves,,,ambiguous,plant_unknown,unresolved|disease_phrase
Original Image/Black Spot/Black_Spot (1042).jpg,,leaves,,,ambiguous,plant_unknown,unresolved|disease_phrase
Original Image/Black Spot/Black_Spot (1043).jpg,,leaves,,,ambiguous,plant_unknown,unresolved|disease_phrase
Original Image/Black Spot/Black_Spot (1044).jpg,,leaves,,,ambiguous,plant_unknown,unresolved|disease_phrase
Original Image/Black Spot/Black_Spot (1045).jpg,,leaves,,,ambiguous,plant_unknown,unresolved|disease_phrase
Original Image/Black Spot/Black_Spot (1046).jpg,,leaves,,,ambiguous,plant_unknown,unresolved|disease_phrase
Original Image/Black Spot/Black_Spot (1047).jpg,,leaves,,,ambiguous,plant_unknown,unresolved|disease_phrase
Original Image/Black Spot/Black_Spot (1048).jpg,,leaves,,,ambiguous,plant_unknown,unresolved|disease_phrase
Original Image/Black Spot/Black_Spot (1049).jpg,,leaves,,,ambiguous,plant_unknown,unresolved|disease_phrase
Original Image/Black Spot/Black_Spot (105).jpg,,leaves,,,ambiguous,plant_unknown,unresolved|disease_phrase
Original Image/Black Spot/Black_Spot (1050).jpg,,leaves,,,ambiguous,plant_unknown,unresolved|disease_phrase
Original Image/Black Spot/Black_Spot (1051).jpg,,leaves,,,ambiguous,plant_unknown,unresolved|disease_phrase
Original Image/Black Spot/Black_Spot (1052).jpg,,leaves,,,ambiguous,plant_unknown,unresolved|disease_phrase
Original Image/Black Spot/Black_Spot (1053).jpg,,leaves,,,ambiguous,plant_unknown,unresolved|disease_phrase
Original Image/Black Spot/Black_Spot (1054).jpg,,leaves,,,ambiguous,plant_unknown,unresolved|disease_phrase
Original Image/Black Spot/Black_Spot (1055).jpg,,leaves,,,ambiguous,plant_unknown,unresolved|disease_phrase
Original Image/Black Spot/Black_Spot (1056).jpg,,leaves,,,ambiguous,plant_unknown,unresolved|disease_phrase
Original Image/Black Spot/Black_Spot (1057).jpg,,leaves,,,ambiguous,plant_unknown,unresolved|disease_phrase
Original Image/Black Spot/Black_Spot (1058).jpg,,leaves,,,ambiguous,plant_unknown,unresolved|disease_phrase
Original Image/Black Spot/Black_Spot (1059).jpg,,leaves,,,ambiguous,plant_unknown,unresolved|disease_phrase
Original Image/Black Spot/Black_Spot (106).jpg,,leaves,,,ambiguous,plant_unknown,unresolved|disease_phrase
Original Image/Black Spot/Black_Spot (1060).jpg,,leaves,,,ambiguous,plant_unknown,unresolved|disease_phrase
Original Image/Black Spot/Black_Spot (1061).jpg,,leaves,,,ambiguous,plant_unknown,unresolved|disease_phrase
Original Image/Black Spot/Black_Spot (1062).jpg,,leaves,,,ambiguous,plant_unknown,unresolved|disease_phrase
Original Image/Black Spot/Black_Spot (1063).jpg,,leaves,,,ambiguous,plant_unknown,unresolved|disease_phrase
Original Image/Black Spot/Black_Spot (1064).jpg,,leaves,,,ambiguous,plant_unknown,unresolved|disease_phrase
Original Image/Black Spot/Black_Spot (1065).jpg,,leaves,,,ambiguous,plant_unknown,unresolved|disease_phrase
Original Image/Black Spot/Black_Spot (1066).jpg,,leaves,,,ambiguous,plant_unknown,unresolved|disease_phrase
Original Image/Black Spot/Black_Spot (1067).jpg,,leaves,,,ambiguous,plant_unknown,unresolved|disease_phrase
Original Image/Black Spot/Black_Spot (1068).jpg,,leaves,,,ambiguous,plant_unknown,unresolved|disease_phrase
Original Image/Black Spot/Black_Spot (1069).jpg,,leaves,,,ambiguous,plant_unknown,unresolved|disease_phrase
Original Image/Black Spot/Black_Spot (107).jpg,,leaves,,,ambiguous,plant_unknown,unresolved|disease_phrase
Original Image/Black Spot/Black_Spot (1070).jpg,,leaves,,,ambiguous,plant_unknown,unresolved|disease_phrase
Original Image/Black Spot/Black_Spot (1071).jpg,,leaves,,,ambiguous,plant_unknown,unresolved|disease_phrase
Original Image/Black Spot/Black_Spot (1072).jpg,,leaves,,,ambiguous,plant_unknown,unresolved|disease_phrase
Original Image/Black Spot/Black_Spot (1073).jpg,,leaves,,,ambiguous,plant_unknown,unresolved|disease_phrase
Original Image/Black Spot/Black_Spot (1074).jpg,,leaves,,,ambiguous,plant_unknown,unresolved|disease_phrase
Original Image/Black Spot/Black_Spot (1075).jpg,,leaves,,,ambiguous,plant_unknown,unresolved|disease_phrase
Original Image/Black Spot/Black_Spot (1076).jpg,,leaves,,,ambiguous,plant_unknown,unresolved|disease_phrase
Original Image/Black Spot/Black_Spot (1077).jpg,,leaves,,,ambiguous,plant_unknown,unresolved|disease_phrase
Original Image/Black Spot/Black_Spot (1078).jpg,,leaves,,,ambiguous,plant_unknown,unresolved|disease_phrase
Original Image/Black Spot/Black_Spot (1079).jpg,,leaves,,,ambiguous,plant_unknown,unresolved|disease_phrase
Original Image/Black Spot/Black_Spot (108).jpg,,leaves,,,ambiguous,plant_unknown,unresolved|disease_phrase
Original Image/Black Spot/Black_Spot (1080).jpg,,leaves,,,ambiguous,plant_unknown,unresolved|disease_phrase
Original Image/Black Spot/Black_Spot (1081).jpg,,leaves,,,ambiguous,plant_unknown,unresolved|disease_phrase
Original Image/Black Spot/Black_Spot (1082).jpg,,leaves,,,ambiguous,plant_unknown,unresolved|disease_phrase
Original Image/Black Spot/Black_Spot (1083).jpg,,leaves,,,ambiguous,plant_unknown,unresolved|disease_phrase
Original Image/Black Spot/Black_Spot (1084).jpg,,leaves,,,ambiguous,plant_unknown,unresolved|disease_phrase
Original Image/Black Spot/Black_Spot (1085).jpg,,leaves,,,ambiguous,plant_unknown,unresolved|disease_phrase
Original Image/Black Spot/Black_Spot (1086).jpg,,leaves,,,ambiguous,plant_unknown,unresolved|disease_phrase
Original Image/Black Spot/Black_Spot (1087).jpg,,leaves,,,ambiguous,plant_unknown,unresolved|disease_phrase
Original Image/Black Spot/Black_Spot (1088).jpg,,leaves,,,ambiguous,plant_unknown,unresolved|disease_phrase
Original Image/Black Spot/Black_Spot (1089).jpg,,leaves,,,ambiguous,plant_unknown,unresolved|disease_phrase
Original Image/Black Spot/Black_Spot (109).jpg,,leaves,,,ambiguous,plant_unknown,unresolved|disease_phrase
Original Image/Black Spot/Black_Spot (1090).jpg,,leaves,,,ambiguous,plant_unknown,unresolved|disease_phrase
Original Image/Black Spot/Black_Spot (1091).jpg,,leaves,,,ambiguous,plant_unknown,unresolved|disease_phrase
Original Image/Black Spot/Black_Spot (1092).jpg,,leaves,,,ambiguous,plant_unknown,unresolved|disease_phrase
Original Image/Black Spot/Black_Spot (1093).jpg,,leaves,,,ambiguous,plant_unknown,unresolved|disease_phrase
Original Image/Black Spot/Black_Spot (1094).jpg,,leaves,,,ambiguous,plant_unknown,unresolved|disease_phrase
Original Image/Black Spot/Black_Spot (1095).jpg,,leaves,,,ambiguous,plant_unknown,unresolved|disease_phrase
Original Image/Black Spot/Black_Spot (1096).jpg,,leaves,,,ambiguous,plant_unknown,unresolved|disease_phrase
Original Image/Black Spot/Black_Spot (1097).jpg,,leaves,,,ambiguous,plant_unknown,unresolved|disease_phrase
Original Image/Black Spot/Black_Spot (1098).jpg,,leaves,,,ambiguous,plant_unknown,unresolved|disease_phrase
Original Image/Black Spot/Black_Spot (1099).jpg,,leaves,,,ambiguous,plant_unknown,unresolved|disease_phrase
Original Image/Black Spot/Black_Spot (11).jpg,,leaves,,,ambiguous,plant_unknown,unresolved|disease_phrase
Original Image/Black Spot/Black_Spot (110).jpg,,leaves,,,ambiguous,plant_unknown,unresolved|disease_phrase
Original Image/Black Spot/Black_Spot (1100).jpg,,leaves,,,ambiguous,plant_unknown,unresolved|disease_phrase
Original Image/Black Spot/Black_Spot (1101).jpg,,leaves,,,ambiguous,plant_unknown,unresolved|disease_phrase
Original Image/Black Spot/Black_Spot (1102).jpg,,leaves,,,ambiguous,plant_unknown,unresolved|disease_phrase
Original Image/Black Spot/Black_Spot (1103).jpg,,leaves,,,ambiguous,plant_unknown,unresolved|disease_phrase
Original Image/Black Spot/Black_Spot (1104).jpg,,leaves,,,ambiguous,plant_unknown,unresolved|disease_phrase
Original Image/Black Spot/Black_Spot (1105).jpg,,leaves,,,ambiguous,plant_unknown,unresolved|disease_phrase
Original Image/Black Spot/Black_Spot (1106).jpg,,leaves,,,ambiguous,plant_unknown,unresolved|disease_phrase
Original Image/Black Spot/Black_Spot (1107).jpg,,leaves,,,ambiguous,plant_unknown,unresolved|disease_phrase
Original Image/Black Spot/Black_Spot (1108).jpg,,leaves,,,ambiguous,plant_unknown,unresolved|disease_phrase
Original Image/Black Spot/Black_Spot (1109).jpg,,leaves,,,ambiguous,plant_unknown,unresolved|disease_phrase
Original Image/Black Spot/Black_Spot (111).jpg,,leaves,,,ambiguous,plant_unknown,unresolved|disease_phrase
Original Image/Black Spot/Black_Spot (1110).jpg,,leaves,,,ambiguous,plant_unknown,unresolved|disease_phrase
Original Image/Black Spot/Black_Spot (1111).jpg,,leaves,,,ambiguous,plant_unknown,unresolved|disease_phrase
Original Image/Black Spot/Black_Spot (1112).jpg,,leaves,,,ambiguous,plant_unknown,unresolved|disease_phrase
Original Image/Black Spot/Black_Spot (1113).jpg,,leaves,,,ambiguous,plant_unknown,unresolved|disease_phrase
Original Image/Black Spot/Black_Spot (1114).jpg,,leaves,,,ambiguous,plant_unknown,unresolved|disease_phrase
Original Image/Black Spot/Black_Spot (1115).jpg,,leaves,,,ambiguous,plant_unknown,unresolved|disease_phrase
Original Image/Black Spot/Black_Spot (1116).jpg,,leaves,,,ambiguous,plant_unknown,unresolved|disease_phrase
Original Image/Black Spot/Black_Spot (1117).jpg,,leaves,,,ambiguous,plant_unknown,unresolved|disease_phrase
Original Image/Black Spot/Black_Spot (1118).jpg,,leaves,,,ambiguous,plant_unknown,unresolved|disease_phrase
Original Image/Black Spot/Black_Spot (1119).jpg,,leaves,,,ambiguous,plant_unknown,unresolved|disease_phrase
Original Image/Black Spot/Black_Spot (112).jpg,,leaves,,,ambiguous,plant_unknown,unresolved|disease_phrase
Original Image/Black Spot/Black_Spot (1120).jpg,,leaves,,,ambiguous,plant_unknown,unresolved|disease_phrase
Original Image/Black Spot/Black_Spot (1121).jpg,,leaves,,,ambiguous,plant_unknown,unresolved|disease_phrase
Original Image/Black Spot/Black_Spot (1122).jpg,,leaves,,,ambiguous,plant_unknown,unresolved|disease_phrase
Original Image/Black Spot/Black_Spot (1123).jpg,,leaves,,,ambiguous,plant_unknown,unresolved|disease_phrase
Original Image/Black Spot/Black_Spot (1124).jpg,,leaves,,,ambiguous,plant_unknown,unresolved|disease_phrase
Original Image/Black Spot/Black_Spot (1125).jpg,,leaves,,,ambiguous,plant_unknown,unresolved|disease_phrase
Original Image/Black Spot/Black_Spot (1126).jpg,,leaves,,,ambiguous,plant_unknown,unresolved|disease_phrase
Original Image/Black Spot/Black_Spot (1127).jpg,,leaves,,,ambiguous,plant_unknown,unresolved|disease_phrase
Original Image/Black Spot/Black_Spot (1128).jpg,,leaves,,,ambiguous,plant_unknown,unresolved|disease_phrase
Original Image/Black Spot/Black_Spot (1129).jpg,,leaves,,,ambiguous,plant_unknown,unresolved|disease_phrase
Original Image/Black Spot/Black_Spot (113).jpg,,leaves,,,ambiguous,plant_unknown,unresolved|disease_phrase
Original Image/Black Spot/Black_Spot (1130).jpg,,leaves,,,ambiguous,plant_unknown,unresolved|disease_phrase
Original Image/Black Spot/Black_Spot (1131).jpg,,leaves,,,ambiguous,plant_unknown,unresolved|disease_phrase
Original Image/Black Spot/Black_Spot (1132).jpg,,leaves,,,ambiguous,plant_unknown,unresolved|disease_phrase
Original Image/Black Spot/Black_Spot (1133).jpg,,leaves,,,ambiguous,plant_unknown,unresolved|disease_phrase
Original Image/Black Spot/Black_Spot (1134).jpg,,leaves,,,ambiguous,plant_unknown,unresolved|disease_phrase
Original Image/Black Spot/Black_Spot (1135).jpg,,leaves,,,ambiguous,plant_unknown,unresolved|disease_phrase
Original Image/Black Spot/Black_Spot (1136).jpg,,leaves,,,ambiguous,plant_unknown,unresolved|disease_phrase
Original Image/Black Spot/Black_Spot (1137).jpg,,leaves,,,ambiguous,plant_unknown,unresolved|disease_phrase
Original Image/Black Spot/Black_Spot (1138).jpg,,leaves,,,ambiguous,plant_unknown,unresolved|disease_phrase
Original Image/Black Spot/Black_Spot (1139).jpg,,leaves,,,ambiguous,plant_unknown,unresolved|disease_phrase
Original Image/Black Spot/Black_Spot (114).jpg,,leaves,,,ambiguous,plant_unknown,unresolved|disease_phrase
Original Image/Black Spot/Black_Spot (1140).jpg,,leaves,,,ambiguous,plant_unknown,unresolved|disease_phrase
Original Image/Black Spot/Black_Spot (1141).jpg,,leaves,,,ambiguous,plant_unknown,unresolved|disease_phrase
Original Image/Black Spot/Black_Spot (1142).jpg,,leaves,,,ambiguous,plant_unknown,unresolved|disease_phrase
Original Image/Black Spot/Black_Spot (1143).jpg,,leaves,,,ambiguous,plant_unknown,unresolved|disease_phrase
Original Image/Black Spot/Black_Spot (1144).jpg,,leaves,,,ambiguous,plant_unknown,unresolved|disease_phrase
Original Image/Black Spot/Black_Spot (1145).jpg,,leaves,,,ambiguous,plant_unknown,unresolved|disease_phrase
Original Image/Black Spot/Black_Spot (1146).jpg,,leaves,,,ambiguous,plant_unknown,unresolved|disease_phrase
Original Image/Black Spot/Black_Spot (1147).jpg,,leaves,,,ambiguous,plant_unknown,unresolved|disease_phrase
Original Image/Black Spot/Black_Spot (1148).jpg,,leaves,,,ambiguous,plant_unknown,unresolved|disease_phrase
Original Image/Black Spot/Black_Spot (1149).jpg,,leaves,,,ambiguous,plant_unknown,unresolved|disease_phrase
Original Image/Black Spot/Black_Spot (115).jpg,,leaves,,,ambiguous,plant_unknown,unresolved|disease_phrase
Original Image/Black Spot/Black_Spot (1150).jpg,,leaves,,,ambiguous,plant_unknown,unresolved|disease_phrase
Original Image/Black Spot/Black_Spot (1151).jpg,,leaves,,,ambiguous,plant_unknown,unresolved|disease_phrase
Original Image/Black Spot/Black_Spot (1152).jpg,,leaves,,,ambiguous,plant_unknown,unresolved|disease_phrase
Original Image/Black Spot/Black_Spot (1153).jpg,,leaves,,,ambiguous,plant_unknown,unresolved|disease_phrase
Original Image/Black Spot/Black_Spot (1154).jpg,,leaves,,,ambiguous,plant_unknown,unresolved|disease_phrase
Original Image/Black Spot/Black_Spot (1155).jpg,,leaves,,,ambiguous,plant_unknown,unresolved|disease_phrase
Original Image/Black Spot/Black_Spot (1156).jpg,,leaves,,,ambiguous,plant_unknown,unresolved|disease_phrase
Original Image/Black Spot/Black_Spot (1157).jpg,,leaves,,,ambiguous,plant_unknown,unresolved|disease_phrase
Original Image/Black Spot/Black_Spot (1158).jpg,,leaves,,,ambiguous,plant_unknown,unresolved|disease_phrase
Original Image/Black Spot/Black_Spot (1159).jpg,,leaves,,,ambiguous,plant_unknown,unresolved|disease_phrase
Original Image/Black Spot/Black_Spot (116).jpg,,leaves,,,ambiguous,plant_unknown,unresolved|disease_phrase
Original Image/Black Spot/Black_Spot (1160).jpg,,leaves,,,ambiguous,plant_unknown,unresolved|disease_phrase
Original Image/Black Spot/Black_Spot (1161).jpg,,leaves,,,ambiguous,plant_unknown,unresolved|disease_phrase
Original Image/Black Spot/Black_Spot (1162).jpg,,leaves,,,ambiguous,plant_unknown,unresolved|disease_phrase
Original Image/Black Spot/Black_Spot (1163).jpg,,leaves,,,ambiguous,plant_unknown,unresolved|disease_phrase
Original Image/Black Spot/Black_Spot (1164).jpg,,leaves,,,ambiguous,plant_unknown,unresolved|disease_phrase
Original Image/Black Spot/Black_Spot (1165).jpg,,leaves,,,ambiguous,plant_unknown,unresolved|disease_phrase
Original Image/Black Spot/Black_Spot (1166).jpg,,leaves,,,ambiguous,plant_unknown,unresolved|disease_phrase
Original Image/Black Spot/Black_Spot (1167).jpg,,leaves,,,ambiguous,plant_unknown,unresolved|disease_phrase
Original Image/Black Spot/Black_Spot (1168).jpg,,leaves,,,ambiguous,plant_unknown,unresolved|disease_phrase
Original Image/Black Spot/Black_Spot (1169).jpg,,leaves,,,ambiguous,plant_unknown,unresolved|disease_phrase
Original Image/Black Spot/Black_Spot (117).jpg,,leaves,,,ambiguous,plant_unknown,unresolved|disease_phrase
Original Image/Black Spot/Black_Spot (1170).jpg,,leaves,,,ambiguous,plant_unknown,unresolved|disease_phrase
Original Image/Black Spot/Black_Spot (1171).jpg,,leaves,,,ambiguous,plant_unknown,unresolved|disease_phrase
Original Image/Black Spot/Black_Spot (1172).jpg,,leaves,,,ambiguous,plant_unknown,unresolved|disease_phrase
Original Image/Black Spot/Black_Spot (1173).jpg,,leaves,,,ambiguous,plant_unknown,unresolved|disease_phrase
Original Image/Black Spot/Black_Spot (1174).jpg,,leaves,,,ambiguous,plant_unknown,unresolved|disease_phrase
Original Image/Black Spot/Black_Spot (1175).jpg,,leaves,,,ambiguous,plant_unknown,unresolved|disease_phrase
Original Image/Black Spot/Black_Spot (1176).jpg,,leaves,,,ambiguous,plant_unknown,unresolved|disease_phrase
Original Image/Black Spot/Black_Spot (1177).jpg,,leaves,,,ambiguous,plant_unknown,unresolved|disease_phrase
Original Image/Black Spot/Black_Spot (1178).jpg,,leaves,,,ambiguous,plant_unknown,unresolved|disease_phrase
Original Image/Black Spot/Black_Spot (1179).jpg,,leaves,,,ambiguous,plant_unknown,unresolved|disease_phrase
Original Image/Black Spot/Black_Spot (118).jpg,,leaves,,,ambiguous,plant_unknown,unresolved|disease_phrase
Original Image/Black Spot/Black_Spot (1180).jpg,,leaves,,,ambiguous,plant_unknown,unresolved|disease_phrase
Original Image/Black Spot/Black_Spot (1181).jpg,,leaves,,,ambiguous,plant_unknown,unresolved|disease_phrase
Original Image/Black Spot/Black_Spot (1182).jpg,,leaves,,,ambiguous,plant_unknown,unresolved|disease_phrase
Original Image/Black Spot/Black_Spot (1183).jpg,,leaves,,,ambiguous,plant_unknown,unresolved|disease_phrase
Original Image/Black Spot/Black_Spot (1184).jpg,,leaves,,,ambiguous,plant_unknown,unresolved|disease_phrase
Original Image/Black Spot/Black_Spot (1185).jpg,,leaves,,,ambiguous,plant_unknown,unresolved|disease_phrase
Original Image/Black Spot/Black_Spot (1186).jpg,,leaves,,,ambiguous,plant_unknown,unresolved|disease_phrase
Original Image/Black Spot/Black_Spot (1187).jpg,,leaves,,,ambiguous,plant_unknown,unresolved|disease_phrase
Original Image/Black Spot/Black_Spot (1188).jpg,,leaves,,,ambiguous,plant_unknown,unresolved|disease_phrase
Original Image/Black Spot/Black_Spot (1189).jpg,,leaves,,,ambiguous,plant_unknown,unresolved|disease_phrase
Original Image/Black Spot/Black_Spot (119).jpg,,leaves,,,ambiguous,plant_unknown,unresolved|disease_phrase
Original Image/Black Spot/Black_Spot (1190).jpg,,leaves,,,ambiguous,plant_unknown,unresolved|disease_phrase
Original Image/Black Spot/Black_Spot (1191).jpg,,leaves,,,ambiguous,plant_unknown,unresolved|disease_phrase
Original Image/Black Spot/Black_Spot (1192).jpg,,leaves,,,ambiguous,plant_unknown,unresolved|disease_phrase
Original Image/Black Spot/Black_Spot (1193).jpg,,leaves,,,ambiguous,plant_unknown,unresolved|disease_phrase
Original Image/Black Spot/Black_Spot (1194).jpg,,leaves,,,ambiguous,plant_unknown,unresolved|disease_phrase
Original Image/Black Spot/Black_Spot (1195).jpg,,leaves,,,ambiguous,plant_unknown,unresolved|disease_phrase
Original Image/Black Spot/Black_Spot (1196).jpg,,leaves,,,ambiguous,plant_unknown,unresolved|disease_phrase
Original Image/Black Spot/Black_Spot (1197).jpg,,leaves,,,ambiguous,plant_unknown,unresolved|disease_phrase
Original Image/Black Spot/Black_Spot (1198).jpg,,leaves,,,ambiguous,plant_unknown,unresolved|disease_phrase
Original Image/Black Spot/Black_Spot (1199).jpg,,leaves,,,ambiguous,plant_unknown,unresolved|disease_phrase
Original Image/Black Spot/Black_Spot (12).jpg,,leaves,,,ambiguous,plant_unknown,unresolved|disease_phrase
Original Image/Black Spot/Black_Spot (120).jpg,,leaves,,,ambiguous,plant_unknown,unresolved|disease_phrase
Original Image/Black Spot/Black_Spot (1200).jpg,,leaves,,,ambiguous,plant_unknown,unresolved|disease_phrase
Original Image/Black Spot/Black_Spot (1201).jpg,,leaves,,,ambiguous,plant_unknown,unresolved|disease_phrase
Original Image/Black Spot/Black_Spot (1202).jpg,,leaves,,,ambiguous,plant_unknown,unresolved|disease_phrase
Original Image/Black Spot/Black_Spot (1203).jpg,,leaves,,,ambiguous,plant_unknown,unresolved|disease_phrase
Original Image/Black Spot/Black_Spot (1204).jpg,,leaves,,,ambiguous,plant_unknown,unresolved|disease_phrase
Original Image/Black Spot/Black_Spot (1205).jpg,,leaves,,,ambiguous,plant_unknown,unresolved|disease_phrase
Original Image/Black Spot/Black_Spot (1206).jpg,,leaves,,,ambiguous,plant_unknown,unresolved|disease_phrase
Original Image/Black Spot/Black_Spot (1207).jpg,,leaves,,,ambiguous,plant_unknown,unresolved|disease_phrase
Original Image/Black Spot/Black_Spot (1208).jpg,,leaves,,,ambiguous,plant_unknown,unresolved|disease_phrase
Original Image/Black Spot/Black_Spot (1209).jpg,,leaves,,,ambiguous,plant_unknown,unresolved|disease_phrase
Original Image/Black Spot/Black_Spot (121).jpg,,leaves,,,ambiguous,plant_unknown,unresolved|disease_phrase
Original Image/Black Spot/Black_Spot (1210).jpg,,leaves,,,ambiguous,plant_unknown,unresolved|disease_phrase
Original Image/Black Spot/Black_Spot (1211).jpg,,leaves,,,ambiguous,plant_unknown,unresolved|disease_phrase
Original Image/Black Spot/Black_Spot (1212).jpg,,leaves,,,ambiguous,plant_unknown,unresolved|disease_phrase
Original Image/Black Spot/Black_Spot (1213).jpg,,leaves,,,ambiguous,plant_unknown,unresolved|disease_phrase
Original Image/Black Spot/Black_Spot (1214).jpg,,leaves,,,ambiguous,plant_unknown,unresolved|disease_phrase
Original Image/Black Spot/Black_Spot (1215).jpg,,leaves,,,ambiguous,plant_unknown,unresolved|disease_phrase
Original Image/Black Spot/Black_Spot (1216).jpg,,leaves,,,ambiguous,plant_unknown,unresolved|disease_phrase
Original Image/Black Spot/Black_Spot (1217).jpg,,leaves,,,ambiguous,plant_unknown,unresolved|disease_phrase
Original Image/Black Spot/Black_Spot (1218).jpg,,leaves,,,ambiguous,plant_unknown,unresolved|disease_phrase
Original Image/Black Spot/Black_Spot (1219).jpg,,leaves,,,ambiguous,plant_unknown,unresolved|disease_phrase
Original Image/Black Spot/Black_Spot (122).jpg,,leaves,,,ambiguous,plant_unknown,unresolved|disease_phrase
Original Image/Black Spot/Black_Spot (1220).jpg,,leaves,,,ambiguous,plant_unknown,unresolved|disease_phrase
Original Image/Black Spot/Black_Spot (1221).jpg,,leaves,,,ambiguous,plant_unknown,unresolved|disease_phrase
Original Image/Black Spot/Black_Spot (1222).jpg,,leaves,,,ambiguous,plant_unknown,unresolved|disease_phrase
Original Image/Black Spot/Black_Spot (1223).jpg,,leaves,,,ambiguous,plant_unknown,unresolved|disease_phrase
Original Image/Black Spot/Black_Spot (1224).jpg,,leaves,,,ambiguous,plant_unknown,unresolved|disease_phrase
Original Image/Black Spot/Black_Spot (1225).jpg,,leaves,,,ambiguous,plant_unknown,unresolved|disease_phrase
Original Image/Black Spot/Black_Spot (1226).jpg,,leaves,,,ambiguous,plant_unknown,unresolved|disease_phrase
Original Image/Black Spot/Black_Spot (1227).jpg,,leaves,,,ambiguous,plant_unknown,unresolved|disease_phrase
Original Image/Black Spot/Black_Spot (1228).jpg,,leaves,,,ambiguous,plant_unknown,unresolved|disease_phrase
Original Image/Black Spot/Black_Spot (1229).jpg,,leaves,,,ambiguous,plant_unknown,unresolved|disease_phrase
Original Image/Black Spot/Black_Spot (123).jpg,,leaves,,,ambiguous,plant_unknown,unresolved|disease_phrase
Original Image/Black Spot/Black_Spot (1230).jpg,,leaves,,,ambiguous,plant_unknown,unresolved|disease_phrase
Original Image/Black Spot/Black_Spot (1231).jpg,,leaves,,,ambiguous,plant_unknown,unresolved|disease_phrase
Original Image/Black Spot/Black_Spot (1232).jpg,,leaves,,,ambiguous,plant_unknown,unresolved|disease_phrase
Original Image/Black Spot/Black_Spot (1233).jpg,,leaves,,,ambiguous,plant_unknown,unresolved|disease_phrase
Original Image/Black Spot/Black_Spot (1234).jpg,,leaves,,,ambiguous,plant_unknown,unresolved|disease_phrase
Original Image/Black Spot/Black_Spot (1235).jpg,,leaves,,,ambiguous,plant_unknown,unresolved|disease_phrase
Original Image/Black Spot/Black_Spot (1236).jpg,,leaves,,,ambiguous,plant_unknown,unresolved|disease_phrase
Original Image/Black Spot/Black_Spot (1237).jpg,,leaves,,,ambiguous,plant_unknown,unresolved|disease_phrase
Original Image/Black Spot/Black_Spot (1238).jpg,,leaves,,,ambiguous,plant_unknown,unresolved|disease_phrase
Original Image/Black Spot/Black_Spot (1239).jpg,,leaves,,,ambiguous,plant_unknown,unresolved|disease_phrase
Original Image/Black Spot/Black_Spot (124).jpg,,leaves,,,ambiguous,plant_unknown,unresolved|disease_phrase
Original Image/Black Spot/Black_Spot (1240).jpg,,leaves,,,ambiguous,plant_unknown,unresolved|disease_phrase
Original Image/Black Spot/Black_Spot (1241).jpg,,leaves,,,ambiguous,plant_unknown,unresolved|disease_phrase
Original Image/Black Spot/Black_Spot (1242).jpg,,leaves,,,ambiguous,plant_unknown,unresolved|disease_phrase
Original Image/Black Spot/Black_Spot (1243).jpg,,leaves,,,ambiguous,plant_unknown,unresolved|disease_phrase
Original Image/Black Spot/Black_Spot (1244).jpg,,leaves,,,ambiguous,plant_unknown,unresolved|disease_phrase
Original Image/Black Spot/Black_Spot (1245).jpg,,leaves,,,ambiguous,plant_unknown,unresolved|disease_phrase
Original Image/Black Spot/Black_Spot (1246).jpg,,leaves,,,ambiguous,plant_unknown,unresolved|disease_phrase
Original Image/Black Spot/Black_Spot (1247).jpg,,leaves,,,ambiguous,plant_unknown,unresolved|disease_phrase
Original Image/Black Spot/Black_Spot (1248).jpg,,leaves,,,ambiguous,plant_unknown,unresolved|disease_phrase
Original Image/Black Spot/Black_Spot (1249).jpg,,leaves,,,ambiguous,plant_unknown,unresolved|disease_phrase
Original Image/Black Spot/Black_Spot (125).jpg,,leaves,,,ambiguous,plant_unknown,unresolved|disease_phrase
Original Image/Black Spot/Black_Spot (1250).jpg,,leaves,,,ambiguous,plant_unknown,unresolved|disease_phrase
Original Image/Black Spot/Black_Spot (1251).jpg,,leaves,,,ambiguous,plant_unknown,unresolved|disease_phrase
Original Image/Black Spot/Black_Spot (1252).jpg,,leaves,,,ambiguous,plant_unknown,unresolved|disease_phrase
Original Image/Black Spot/Black_Spot (1253).jpg,,leaves,,,ambiguous,plant_unknown,unresolved|disease_phrase
Original Image/Black Spot/Black_Spot (1254).jpg,,leaves,,,ambiguous,plant_unknown,unresolved|disease_phrase
Original Image/Black Spot/Black_Spot (1255).jpg,,leaves,,,ambiguous,plant_unknown,unresolved|disease_phrase
Original Image/Black Spot/Black_Spot (1256).jpg,,leaves,,,ambiguous,plant_unknown,unresolved|disease_phrase
Original Image/Black Spot/Black_Spot (1257).jpg,,leaves,,,ambiguous,plant_unknown,unresolved|disease_phrase
Original Image/Black Spot/Black_Spot (1258).jpg,,leaves,,,ambiguous,plant_unknown,unresolved|disease_phrase
Original Image/Black Spot/Black_Spot (1259).jpg,,leaves,,,ambiguous,plant_unknown,unresolved|disease_phrase
Original Image/Black Spot/Black_Spot (126).jpg,,leaves,,,ambiguous,plant_unknown,unresolved|disease_phrase
Original Image/Black Spot/Black_Spot (1260).jpg,,leaves,,,ambiguous,plant_unknown,unresolved|disease_phrase
Original Image/Black Spot/Black_Spot (1261).jpg,,leaves,,,ambiguous,plant_unknown,unresolved|disease_phrase
Original Image/Black Spot/Black_Spot (1262).jpg,,leaves,,,ambiguous,plant_unknown,unresolved|disease_phrase
Original Image/Black Spot/Black_Spot (1263).jpg,,leaves,,,ambiguous,plant_unknown,unresolved|disease_phrase
Original Image/Black Spot/Black_Spot (1264).jpg,,leaves,,,ambiguous,plant_unknown,unresolved|disease_phrase
Original Image/Black Spot/Black_Spot (1265).jpg,,leaves,,,ambiguous,plant_unknown,unresolved|disease_phrase
Original Image/Black Spot/Black_Spot (1266).jpg,,leaves,,,ambiguous,plant_unknown,unresolved|disease_phrase
Original Image/Black Spot/Black_Spot (1267).jpg,,leaves,,,ambiguous,plant_unknown,unresolved|disease_phrase
Original Image/Black Spot/Black_Spot (1268).jpg,,leaves,,,ambiguous,plant_unknown,unresolved|disease_phrase
Original Image/Black Spot/Black_Spot (1269).jpg,,leaves,,,ambiguous,plant_unknown,unresolved|disease_phrase
Original Image/Black Spot/Black_Spot (127).jpg,,leaves,,,ambiguous,plant_unknown,unresolved|disease_phrase
Original Image/Black Spot/Black_Spot (1270).jpg,,leaves,,,ambiguous,plant_unknown,unresolved|disease_phrase
Original Image/Black Spot/Black_Spot (1271).jpg,,leaves,,,ambiguous,plant_unknown,unresolved|disease_phrase
Original Image/Black Spot/Black_Spot (1272).jpg,,leaves,,,ambiguous,plant_unknown,unresolved|disease_phrase
Original Image/Black Spot/Black_Spot (1273).jpg,,leaves,,,ambiguous,plant_unknown,unresolved|disease_phrase
Original Image/Black Spot/Black_Spot (1274).jpg,,leaves,,,ambiguous,plant_unknown,unresolved|disease_phrase
Original Image/Black Spot/Black_Spot (1275).jpg,,leaves,,,ambiguous,plant_unknown,unresolved|disease_phrase
Original Image/Black Spot/Black_Spot (1276).jpg,,leaves,,,ambiguous,plant_unknown,unresolved|disease_phrase
Original Image/Black Spot/Black_Spot (1277).jpg,,leaves,,,ambiguous,plant_unknown,unresolved|disease_phrase
Original Image/Black Spot/Black_Spot (1278).jpg,,leaves,,,ambiguous,plant_unknown,unresolved|disease_phrase
Original Image/Black Spot/Black_Spot (1279).jpg,,leaves,,,ambiguous,plant_unknown,unresolved|disease_phrase
Original Image/Black Spot/Black_Spot (128).jpg,,leaves,,,ambiguous,plant_unknown,unresolved|disease_phrase
Original Image/Black Spot/Black_Spot (1280).jpg,,leaves,,,ambiguous,plant_unknown,unresolved|disease_phrase
Original Image/Black Spot/Black_Spot (1281).jpg,,leaves,,,ambiguous,plant_unknown,unresolved|disease_phrase
Original Image/Black Spot/Black_Spot (1282).jpg,,leaves,,,ambiguous,plant_unknown,unresolved|disease_phrase
Original Image/Black Spot/Black_Spot (1283).jpg,,leaves,,,ambiguous,plant_unknown,unresolved|disease_phrase
Original Image/Black Spot/Black_Spot (1284).jpg,,leaves,,,ambiguous,plant_unknown,unresolved|disease_phrase
Original Image/Black Spot/Black_Spot (1285).jpg,,leaves,,,ambiguous,plant_unknown,unresolved|disease_phrase
Original Image/Black Spot/Black_Spot (1286).jpg,,leaves,,,ambiguous,plant_unknown,unresolved|disease_phrase
Original Image/Black Spot/Black_Spot (1287).jpg,,leaves,,,ambiguous,plant_unknown,unresolved|disease_phrase
Original Image/Black Spot/Black_Spot (1288).jpg,,leaves,,,ambiguous,plant_unknown,unresolved|disease_phrase
Original Image/Black Spot/Black_Spot (129).jpg,,leaves,,,ambiguous,plant_unknown,unresolved|disease_phrase
Original Image/Black Spot/Black_Spot (13).jpg,,leaves,,,ambiguous,plant_unknown,unresolved|disease_phrase
Original Image/Black Spot/Black_Spot (130).jpg,,leaves,,,ambiguous,plant_unknown,unresolved|disease_phrase
Original Image/Black Spot/Black_Spot (131).jpg,,leaves,,,ambiguous,plant_unknown,unresolved|disease_phrase
Original Image/Black Spot/Black_Spot (132).jpg,,leaves,,,ambiguous,plant_unknown,unresolved|disease_phrase
Original Image/Black Spot/Black_Spot (133).jpg,,leaves,,,ambiguous,plant_unknown,unresolved|disease_phrase
Original Image/Black Spot/Black_Spot (134).jpg,,leaves,,,ambiguous,plant_unknown,unresolved|disease_phrase
Original Image/Black Spot/Black_Spot (135).jpg,,leaves,,,ambiguous,plant_unknown,unresolved|disease_phrase
Original Image/Black Spot/Black_Spot (136).jpg,,leaves,,,ambiguous,plant_unknown,unresolved|disease_phrase
Original Image/Black Spot/Black_Spot (137).jpg,,leaves,,,ambiguous,plant_unknown,unresolved|disease_phrase
Original Image/Black Spot/Black_Spot (138).jpg,,leaves,,,ambiguous,plant_unknown,unresolved|disease_phrase
Original Image/Black Spot/Black_Spot (139).jpg,,leaves,,,ambiguous,plant_unknown,unresolved|disease_phrase
Original Image/Black Spot/Black_Spot (14).jpg,,leaves,,,ambiguous,plant_unknown,unresolved|disease_phrase
Original Image/Black Spot/Black_Spot (140).jpg,,leaves,,,ambiguous,plant_unknown,unresolved|disease_phrase
Original Image/Black Spot/Black_Spot (141).jpg,,leaves,,,ambiguous,plant_unknown,unresolved|disease_phrase
Original Image/Black Spot/Black_Spot (142).jpg,,leaves,,,ambiguous,plant_unknown,unresolved|disease_phrase
Original Image/Black Spot/Black_Spot (143).jpg,,leaves,,,ambiguous,plant_unknown,unresolved|disease_phrase
Original Image/Black Spot/Black_Spot (144).jpg,,leaves,,,ambiguous,plant_unknown,unresolved|disease_phrase
Original Image/Black Spot/Black_Spot (145).jpg,,leaves,,,ambiguous,plant_unknown,unresolved|disease_phrase
Original Image/Black Spot/Black_Spot (146).jpg,,leaves,,,ambiguous,plant_unknown,unresolved|disease_phrase
Original Image/Black Spot/Black_Spot (147).jpg,,leaves,,,ambiguous,plant_unknown,unresolved|disease_phrase
Original Image/Black Spot/Black_Spot (148).jpg,,leaves,,,ambiguous,plant_unknown,unresolved|disease_phrase
Original Image/Black Spot/Black_Spot (149).jpg,,leaves,,,ambiguous,plant_unknown,unresolved|disease_phrase
Original Image/Black Spot/Black_Spot (15).jpg,,leaves,,,ambiguous,plant_unknown,unresolved|disease_phrase
Original Image/Black Spot/Black_Spot (150).jpg,,leaves,,,ambiguous,plant_unknown,unresolved|disease_phrase
Original Image/Black Spot/Black_Spot (151).jpg,,leaves,,,ambiguous,plant_unknown,unresolved|disease_phrase
Original Image/Black Spot/Black_Spot (152).jpg,,leaves,,,ambiguous,plant_unknown,unresolved|disease_phrase
Original Image/Black Spot/Black_Spot (153).jpg,,leaves,,,ambiguous,plant_unknown,unresolved|disease_phrase
Original Image/Black Spot/Black_Spot (154).jpg,,leaves,,,ambiguous,plant_unknown,unresolved|disease_phrase
Original Image/Black Spot/Black_Spot (155).jpg,,leaves,,,ambiguous,plant_unknown,unresolved|disease_phrase
Original Image/Black Spot/Black_Spot (156).jpg,,leaves,,,ambiguous,plant_unknown,unresolved|disease_phrase
Original Image/Black Spot/Black_Spot (157).jpg,,leaves,,,ambiguous,plant_unknown,unresolved|disease_phrase
Original Image/Black Spot/Black_Spot (158).jpg,,leaves,,,ambiguous,plant_unknown,unresolved|disease_phrase
Original Image/Black Spot/Black_Spot (159).jpg,,leaves,,,ambiguous,plant_unknown,unresolved|disease_phrase
Original Image/Black Spot/Black_Spot (16).jpg,,leaves,,,ambiguous,plant_unknown,unresolved|disease_phrase
Original Image/Black Spot/Black_Spot (160).jpg,,leaves,,,ambiguous,plant_unknown,unresolved|disease_phrase
Original Image/Black Spot/Black_Spot (161).jpg,,leaves,,,ambiguous,plant_unknown,unresolved|disease_phrase
Original Image/Black Spot/Black_Spot (162).jpg,,leaves,,,ambiguous,plant_unknown,unresolved|disease_phrase
Original Image/Black Spot/Black_Spot (163).jpg,,leaves,,,ambiguous,plant_unknown,unresolved|disease_phrase
Original Image/Black Spot/Black_Spot (164).jpg,,leaves,,,ambiguous,plant_unknown,unresolved|disease_phrase
Original Image/Black Spot/Black_Spot (165).jpg,,leaves,,,ambiguous,plant_unknown,unresolved|disease_phrase
Original Image/Black Spot/Black_Spot (166).jpg,,leaves,,,ambiguous,plant_unknown,unresolved|disease_phrase
Original Image/Black Spot/Black_Spot (167).jpg,,leaves,,,ambiguous,plant_unknown,unresolved|disease_phrase
Original Image/Black Spot/Black_Spot (168).jpg,,leaves,,,ambiguous,plant_unknown,unresolved|disease_phrase
Original Image/Black Spot/Black_Spot (169).jpg,,leaves,,,ambiguous,plant_unknown,unresolved|disease_phrase
Original Image/Black Spot/Black_Spot (17).jpg,,leaves,,,ambiguous,plant_unknown,unresolved|disease_phrase
Original Image/Black Spot/Black_Spot (170).jpg,,leaves,,,ambiguous,plant_unknown,unresolved|disease_phrase
Original Image/Black Spot/Black_Spot (171).jpg,,leaves,,,ambiguous,plant_unknown,unresolved|disease_phrase
Original Image/Black Spot/Black_Spot (172).jpg,,leaves,,,ambiguous,plant_unknown,unresolved|disease_phrase
Original Image/Black Spot/Black_Spot (173).jpg,,leaves,,,ambiguous,plant_unknown,unresolved|disease_phrase
Original Image/Black Spot/Black_Spot (174).jpg,,leaves,,,ambiguous,plant_unknown,unresolved|disease_phrase
Original Image/Black Spot/Black_Spot (175).jpg,,leaves,,,ambiguous,plant_unknown,unresolved|disease_phrase
Original Image/Black Spot/Black_Spot (176).jpg,,leaves,,,ambiguous,plant_unknown,unresolved|disease_phrase
Original Image/Black Spot/Black_Spot (177).jpg,,leaves,,,ambiguous,plant_unknown,unresolved|disease_phrase
Original Image/Black Spot/Black_Spot (178).jpg,,leaves,,,ambiguous,plant_unknown,unresolved|disease_phrase
Original Image/Black Spot/Black_Spot (179).jpg,,leaves,,,ambiguous,plant_unknown,unresolved|disease_phrase
Original Image/Black Spot/Black_Spot (18).jpg,,leaves,,,ambiguous,plant_unknown,unresolved|disease_phrase
Original Image/Black Spot/Black_Spot (180).jpg,,leaves,,,ambiguous,plant_unknown,unresolved|disease_phrase
Original Image/Black Spot/Black_Spot (181).jpg,,leaves,,,ambiguous,plant_unknown,unresolved|disease_phrase
Original Image/Black Spot/Black_Spot (182).jpg,,leaves,,,ambiguous,plant_unknown,unresolved|disease_phrase
Original Image/Black Spot/Black_Spot (183).jpg,,leaves,,,ambiguous,plant_unknown,unresolved|disease_phrase
Original Image/Black Spot/Black_Spot (184).jpg,,leaves,,,ambiguous,plant_unknown,unresolved|disease_phrase
Original Image/Black Spot/Black_Spot (185).jpg,,leaves,,,ambiguous,plant_unknown,unresolved|disease_phrase
Original Image/Black Spot/Black_Spot (186).jpg,,leaves,,,ambiguous,plant_unknown,unresolved|disease_phrase
Original Image/Black Spot/Black_Spot (187).jpg,,leaves,,,ambiguous,plant_unknown,unresolved|disease_phrase
Original Image/Black Spot/Black_Spot (188).jpg,,leaves,,,ambiguous,plant_unknown,unresolved|disease_phrase
Original Image/Black Spot/Black_Spot (189).jpg,,leaves,,,ambiguous,plant_unknown,unresolved|disease_phrase
Original Image/Black Spot/Black_Spot (19).jpg,,leaves,,,ambiguous,plant_unknown,unresolved|disease_phrase
Original Image/Black Spot/Black_Spot (190).jpg,,leaves,,,ambiguous,plant_unknown,unresolved|disease_phrase
Original Image/Black Spot/Black_Spot (191).jpg,,leaves,,,ambiguous,plant_unknown,unresolved|disease_phrase
Original Image/Black Spot/Black_Spot (192).jpg,,leaves,,,ambiguous,plant_unknown,unresolved|disease_phrase
Original Image/Black Spot/Black_Spot (193).jpg,,leaves,,,ambiguous,plant_unknown,unresolved|disease_phrase
Original Image/Black Spot/Black_Spot (194).jpg,,leaves,,,ambiguous,plant_unknown,unresolved|disease_phrase
Original Image/Black Spot/Black_Spot (195).jpg,,leaves,,,ambiguous,plant_unknown,unresolved|disease_phrase
Original Image/Black Spot/Black_Spot (196).jpg,,leaves,,,ambiguous,plant_unknown,unresolved|disease_phrase
Original Image/Black Spot/Black_Spot (197).jpg,,leaves,,,ambiguous,plant_unknown,unresolved|disease_phrase
Original Image/Black Spot/Black_Spot (198).jpg,,leaves,,,ambiguous,plant_unknown,unresolved|disease_phrase
Original Image/Black Spot/Black_Spot (199).jpg,,leaves,,,ambiguous,plant_unknown,unresolved|disease_phrase
Original Image/Black Spot/Black_Spot (2).jpg,,leaves,,,ambiguous,plant_unknown,unresolved|disease_phrase
Original Image/Black Spot/Black_Spot (20).jpg,,leaves,,,ambiguous,plant_unknown,unresolved|disease_phrase
Original Image/Black Spot/Black_Spot (200).jpg,,leaves,,,ambiguous,plant_unknown,unresolved|disease_phrase
Original Image/Black Spot/Black_Spot (201).jpg,,leaves,,,ambiguous,plant_unknown,unresolved|disease_phrase
Original Image/Black Spot/Black_Spot (202).jpg,,leaves,,,ambiguous,plant_unknown,unresolved|disease_phrase
Original Image/Black Spot/Black_Spot (203).jpg,,leaves,,,ambiguous,plant_unknown,unresolved|disease_phrase
Original Image/Black Spot/Black_Spot (204).jpg,,leaves,,,ambiguous,plant_unknown,unresolved|disease_phrase
Original Image/Black Spot/Black_Spot (205).jpg,,leaves,,,ambiguous,plant_unknown,unresolved|disease_phrase
Original Image/Black Spot/Black_Spot (206).jpg,,leaves,,,ambiguous,plant_unknown,unresolved|disease_phrase
Original Image/Black Spot/Black_Spot (207).jpg,,leaves,,,ambiguous,plant_unknown,unresolved|disease_phrase
Original Image/Black Spot/Black_Spot (208).jpg,,leaves,,,ambiguous,plant_unknown,unresolved|disease_phrase
Original Image/Black Spot/Black_Spot (209).jpg,,leaves,,,ambiguous,plant_unknown,unresolved|disease_phrase
Original Image/Black Spot/Black_Spot (21).jpg,,leaves,,,ambiguous,plant_unknown,unresolved|disease_phrase
Original Image/Black Spot/Black_Spot (210).jpg,,leaves,,,ambiguous,plant_unknown,unresolved|disease_phrase
Original Image/Black Spot/Black_Spot (211).jpg,,leaves,,,ambiguous,plant_unknown,unresolved|disease_phrase
Original Image/Black Spot/Black_Spot (212).jpg,,leaves,,,ambiguous,plant_unknown,unresolved|disease_phrase
Original Image/Black Spot/Black_Spot (213).jpg,,leaves,,,ambiguous,plant_unknown,unresolved|disease_phrase
Original Image/Black Spot/Black_Spot (214).jpg,,leaves,,,ambiguous,plant_unknown,unresolved|disease_phrase
Original Image/Black Spot/Black_Spot (215).jpg,,leaves,,,ambiguous,plant_unknown,unresolved|disease_phrase
Original Image/Black Spot/Black_Spot (216).jpg,,leaves,,,ambiguous,plant_unknown,unresolved|disease_phrase
Original Image/Black Spot/Black_Spot (217).jpg,,leaves,,,ambiguous,plant_unknown,unresolved|disease_phrase
Original Image/Black Spot/Black_Spot (218).jpg,,leaves,,,ambiguous,plant_unknown,unresolved|disease_phrase
Original Image/Black Spot/Black_Spot (219).jpg,,leaves,,,ambiguous,plant_unknown,unresolved|disease_phrase
Original Image/Black Spot/Black_Spot (22).jpg,,leaves,,,ambiguous,plant_unknown,unresolved|disease_phrase
Original Image/Black Spot/Black_Spot (220).jpg,,leaves,,,ambiguous,plant_unknown,unresolved|disease_phrase
Original Image/Black Spot/Black_Spot (221).jpg,,leaves,,,ambiguous,plant_unknown,unresolved|disease_phrase
Original Image/Black Spot/Black_Spot (222).jpg,,leaves,,,ambiguous,plant_unknown,unresolved|disease_phrase
Original Image/Black Spot/Black_Spot (223).jpg,,leaves,,,ambiguous,plant_unknown,unresolved|disease_phrase
Original Image/Black Spot/Black_Spot (224).jpg,,leaves,,,ambiguous,plant_unknown,unresolved|disease_phrase
Original Image/Black Spot/Black_Spot (225).jpg,,leaves,,,ambiguous,plant_unknown,unresolved|disease_phrase
Original Image/Black Spot/Black_Spot (226).jpg,,leaves,,,ambiguous,plant_unknown,unresolved|disease_phrase
Original Image/Black Spot/Black_Spot (227).jpg,,leaves,,,ambiguous,plant_unknown,unresolved|disease_phrase
Original Image/Black Spot/Black_Spot (228).jpg,,leaves,,,ambiguous,plant_unknown,unresolved|disease_phrase
Original Image/Black Spot/Black_Spot (229).jpg,,leaves,,,ambiguous,plant_unknown,unresolved|disease_phrase
Original Image/Black Spot/Black_Spot (23).jpg,,leaves,,,ambiguous,plant_unknown,unresolved|disease_phrase
Original Image/Black Spot/Black_Spot (230).jpg,,leaves,,,ambiguous,plant_unknown,unresolved|disease_phrase
Original Image/Black Spot/Black_Spot (231).jpg,,leaves,,,ambiguous,plant_unknown,unresolved|disease_phrase
Original Image/Black Spot/Black_Spot (232).jpg,,leaves,,,ambiguous,plant_unknown,unresolved|disease_phrase
Original Image/Black Spot/Black_Spot (233).jpg,,leaves,,,ambiguous,plant_unknown,unresolved|disease_phrase
Original Image/Black Spot/Black_Spot (234).jpg,,leaves,,,ambiguous,plant_unknown,unresolved|disease_phrase
Original Image/Black Spot/Black_Spot (235).jpg,,leaves,,,ambiguous,plant_unknown,unresolved|disease_phrase
Original Image/Black Spot/Black_Spot (236).jpg,,leaves,,,ambiguous,plant_unknown,unresolved|disease_phrase
Original Image/Black Spot/Black_Spot (237).jpg,,leaves,,,ambiguous,plant_unknown,unresolved|disease_phrase
Original Image/Black Spot/Black_Spot (238).jpg,,leaves,,,ambiguous,plant_unknown,unresolved|disease_phrase
Original Image/Black Spot/Black_Spot (239).jpg,,leaves,,,ambiguous,plant_unknown,unresolved|disease_phrase
Original Image/Black Spot/Black_Spot (24).jpg,,leaves,,,ambiguous,plant_unknown,unresolved|disease_phrase
Original Image/Black Spot/Black_Spot (240).jpg,,leaves,,,ambiguous,plant_unknown,unresolved|disease_phrase
Original Image/Black Spot/Black_Spot (241).jpg,,leaves,,,ambiguous,plant_unknown,unresolved|disease_phrase
Original Image/Black Spot/Black_Spot (242).jpg,,leaves,,,ambiguous,plant_unknown,unresolved|disease_phrase
Original Image/Black Spot/Black_Spot (243).jpg,,leaves,,,ambiguous,plant_unknown,unresolved|disease_phrase
Original Image/Black Spot/Black_Spot (244).jpg,,leaves,,,ambiguous,plant_unknown,unresolved|disease_phrase
Original Image/Black Spot/Black_Spot (245).jpg,,leaves,,,ambiguous,plant_unknown,unresolved|disease_phrase
Original Image/Black Spot/Black_Spot (246).jpg,,leaves,,,ambiguous,plant_unknown,unresolved|disease_phrase
Original Image/Black Spot/Black_Spot (247).jpg,,leaves,,,ambiguous,plant_unknown,unresolved|disease_phrase
Original Image/Black Spot/Black_Spot (248).jpg,,leaves,,,ambiguous,plant_unknown,unresolved|disease_phrase
Original Image/Black Spot/Black_Spot (249).jpg,,leaves,,,ambiguous,plant_unknown,unresolved|disease_phrase
Original Image/Black Spot/Black_Spot (25).jpg,,leaves,,,ambiguous,plant_unknown,unresolved|disease_phrase
Original Image/Black Spot/Black_Spot (250).jpg,,leaves,,,ambiguous,plant_unknown,unresolved|disease_phrase
Original Image/Black Spot/Black_Spot (251).jpg,,leaves,,,ambiguous,plant_unknown,unresolved|disease_phrase
Original Image/Black Spot/Black_Spot (252).jpg,,leaves,,,ambiguous,plant_unknown,unresolved|disease_phrase
Original Image/Black Spot/Black_Spot (253).jpg,,leaves,,,ambiguous,plant_unknown,unresolved|disease_phrase
Original Image/Black Spot/Black_Spot (254).jpg,,leaves,,,ambiguous,plant_unknown,unresolved|disease_phrase
Original Image/Black Spot/Black_Spot (255).jpg,,leaves,,,ambiguous,plant_unknown,unresolved|disease_phrase
Original Image/Black Spot/Black_Spot (256).jpg,,leaves,,,ambiguous,plant_unknown,unresolved|disease_phrase
Original Image/Black Spot/Black_Spot (257).jpg,,leaves,,,ambiguous,plant_unknown,unresolved|disease_phrase
Original Image/Black Spot/Black_Spot (258).jpg,,leaves,,,ambiguous,plant_unknown,unresolved|disease_phrase
Original Image/Black Spot/Black_Spot (259).jpg,,leaves,,,ambiguous,plant_unknown,unresolved|disease_phrase
Original Image/Black Spot/Black_Spot (26).jpg,,leaves,,,ambiguous,plant_unknown,unresolved|disease_phrase
Original Image/Black Spot/Black_Spot (260).jpg,,leaves,,,ambiguous,plant_unknown,unresolved|disease_phrase
Original Image/Black Spot/Black_Spot (261).jpg,,leaves,,,ambiguous,plant_unknown,unresolved|disease_phrase
Original Image/Black Spot/Black_Spot (262).jpg,,leaves,,,ambiguous,plant_unknown,unresolved|disease_phrase
Original Image/Black Spot/Black_Spot (263).jpg,,leaves,,,ambiguous,plant_unknown,unresolved|disease_phrase
Original Image/Black Spot/Black_Spot (264).jpg,,leaves,,,ambiguous,plant_unknown,unresolved|disease_phrase
Original Image/Black Spot/Black_Spot (265).jpg,,leaves,,,ambiguous,plant_unknown,unresolved|disease_phrase
Original Image/Black Spot/Black_Spot (266).jpg,,leaves,,,ambiguous,plant_unknown,unresolved|disease_phrase
Original Image/Black Spot/Black_Spot (267).jpg,,leaves,,,ambiguous,plant_unknown,unresolved|disease_phrase
Original Image/Black Spot/Black_Spot (268).jpg,,leaves,,,ambiguous,plant_unknown,unresolved|disease_phrase
Original Image/Black Spot/Black_Spot (269).jpg,,leaves,,,ambiguous,plant_unknown,unresolved|disease_phrase
Original Image/Black Spot/Black_Spot (27).jpg,,leaves,,,ambiguous,plant_unknown,unresolved|disease_phrase
Original Image/Black Spot/Black_Spot (270).jpg,,leaves,,,ambiguous,plant_unknown,unresolved|disease_phrase
Original Image/Black Spot/Black_Spot (271).jpg,,leaves,,,ambiguous,plant_unknown,unresolved|disease_phrase
Original Image/Black Spot/Black_Spot (272).jpg,,leaves,,,ambiguous,plant_unknown,unresolved|disease_phrase
Original Image/Black Spot/Black_Spot (273).jpg,,leaves,,,ambiguous,plant_unknown,unresolved|disease_phrase
Original Image/Black Spot/Black_Spot (274).jpg,,leaves,,,ambiguous,plant_unknown,unresolved|disease_phrase
Original Image/Black Spot/Black_Spot (275).jpg,,leaves,,,ambiguous,plant_unknown,unresolved|disease_phrase
Original Image/Black Spot/Black_Spot (276).jpg,,leaves,,,ambiguous,plant_unknown,unresolved|disease_phrase
Original Image/Black Spot/Black_Spot (277).jpg,,leaves,,,ambiguous,plant_unknown,unresolved|disease_phrase
Original Image/Black Spot/Black_Spot (278).jpg,,leaves,,,ambiguous,plant_unknown,unresolved|disease_phrase
Original Image/Black Spot/Black_Spot (279).jpg,,leaves,,,ambiguous,plant_unknown,unresolved|disease_phrase
Original Image/Black Spot/Black_Spot (28).jpg,,leaves,,,ambiguous,plant_unknown,unresolved|disease_phrase
Original Image/Black Spot/Black_Spot (280).jpg,,leaves,,,ambiguous,plant_unknown,unresolved|disease_phrase
Original Image/Black Spot/Black_Spot (281).jpg,,leaves,,,ambiguous,plant_unknown,unresolved|disease_phrase
Original Image/Black Spot/Black_Spot (282).jpg,,leaves,,,ambiguous,plant_unknown,unresolved|disease_phrase
Original Image/Black Spot/Black_Spot (283).jpg,,leaves,,,ambiguous,plant_unknown,unresolved|disease_phrase
Original Image/Black Spot/Black_Spot (284).jpg,,leaves,,,ambiguous,plant_unknown,unresolved|disease_phrase
Original Image/Black Spot/Black_Spot (285).jpg,,leaves,,,ambiguous,plant_unknown,unresolved|disease_phrase
Original Image/Black Spot/Black_Spot (286).jpg,,leaves,,,ambiguous,plant_unknown,unresolved|disease_phrase
Original Image/Black Spot/Black_Spot (287).jpg,,leaves,,,ambiguous,plant_unknown,unresolved|disease_phrase
Original Image/Black Spot/Black_Spot (288).jpg,,leaves,,,ambiguous,plant_unknown,unresolved|disease_phrase
Original Image/Black Spot/Black_Spot (289).jpg,,leaves,,,ambiguous,plant_unknown,unresolved|disease_phrase
Original Image/Black Spot/Black_Spot (29).jpg,,leaves,,,ambiguous,plant_unknown,unresolved|disease_phrase
Original Image/Black Spot/Black_Spot (290).jpg,,leaves,,,ambiguous,plant_unknown,unresolved|disease_phrase
Original Image/Black Spot/Black_Spot (291).jpg,,leaves,,,ambiguous,plant_unknown,unresolved|disease_phrase
Original Image/Black Spot/Black_Spot (292).jpg,,leaves,,,ambiguous,plant_unknown,unresolved|disease_phrase
Original Image/Black Spot/Black_Spot (293).jpg,,leaves,,,ambiguous,plant_unknown,unresolved|disease_phrase
Original Image/Black Spot/Black_Spot (294).jpg,,leaves,,,ambiguous,plant_unknown,unresolved|disease_phrase
Original Image/Black Spot/Black_Spot (295).jpg,,leaves,,,ambiguous,plant_unknown,unresolved|disease_phrase
Original Image/Black Spot/Black_Spot (296).jpg,,leaves,,,ambiguous,plant_unknown,unresolved|disease_phrase
Original Image/Black Spot/Black_Spot (297).jpg,,leaves,,,ambiguous,plant_unknown,unresolved|disease_phrase
Original Image/Black Spot/Black_Spot (298).jpg,,leaves,,,ambiguous,plant_unknown,unresolved|disease_phrase
Original Image/Black Spot/Black_Spot (299).jpg,,leaves,,,ambiguous,plant_unknown,unresolved|disease_phrase
Original Image/Black Spot/Black_Spot (3).jpg,,leaves,,,ambiguous,plant_unknown,unresolved|disease_phrase
Original Image/Black Spot/Black_Spot (30).jpg,,leaves,,,ambiguous,plant_unknown,unresolved|disease_phrase
Original Image/Black Spot/Black_Spot (300).jpg,,leaves,,,ambiguous,plant_unknown,unresolved|disease_phrase
Original Image/Black Spot/Black_Spot (301).jpg,,leaves,,,ambiguous,plant_unknown,unresolved|disease_phrase
Original Image/Black Spot/Black_Spot (302).jpg,,leaves,,,ambiguous,plant_unknown,unresolved|disease_phrase
Original Image/Black Spot/Black_Spot (303).jpg,,leaves,,,ambiguous,plant_unknown,unresolved|disease_phrase
Original Image/Black Spot/Black_Spot (304).jpg,,leaves,,,ambiguous,plant_unknown,unresolved|disease_phrase
Original Image/Black Spot/Black_Spot (305).jpg,,leaves,,,ambiguous,plant_unknown,unresolved|disease_phrase
Original Image/Black Spot/Black_Spot (306).jpg,,leaves,,,ambiguous,plant_unknown,unresolved|disease_phrase
Original Image/Black Spot/Black_Spot (307).jpg,,leaves,,,ambiguous,plant_unknown,unresolved|disease_phrase
Original Image/Black Spot/Black_Spot (308).jpg,,leaves,,,ambiguous,plant_unknown,unresolved|disease_phrase
Original Image/Black Spot/Black_Spot (309).jpg,,leaves,,,ambiguous,plant_unknown,unresolved|disease_phrase
Original Image/Black Spot/Black_Spot (31).jpg,,leaves,,,ambiguous,plant_unknown,unresolved|disease_phrase
Original Image/Black Spot/Black_Spot (310).jpg,,leaves,,,ambiguous,plant_unknown,unresolved|disease_phrase
Original Image/Black Spot/Black_Spot (311).jpg,,leaves,,,ambiguous,plant_unknown,unresolved|disease_phrase
Original Image/Black Spot/Black_Spot (312).jpg,,leaves,,,ambiguous,plant_unknown,unresolved|disease_phrase
Original Image/Black Spot/Black_Spot (313).jpg,,leaves,,,ambiguous,plant_unknown,unresolved|disease_phrase
Original Image/Black Spot/Black_Spot (314).jpg,,leaves,,,ambiguous,plant_unknown,unresolved|disease_phrase
Original Image/Black Spot/Black_Spot (315).jpg,,leaves,,,ambiguous,plant_unknown,unresolved|disease_phrase
Original Image/Black Spot/Black_Spot (316).jpg,,leaves,,,ambiguous,plant_unknown,unresolved|disease_phrase
Original Image/Black Spot/Black_Spot (317).jpg,,leaves,,,ambiguous,plant_unknown,unresolved|disease_phrase
Original Image/Black Spot/Black_Spot (318).jpg,,leaves,,,ambiguous,plant_unknown,unresolved|disease_phrase
Original Image/Black Spot/Black_Spot (319).jpg,,leaves,,,ambiguous,plant_unknown,unresolved|disease_phrase
Original Image/Black Spot/Black_Spot (32).jpg,,leaves,,,ambiguous,plant_unknown,unresolved|disease_phrase
Original Image/Black Spot/Black_Spot (320).jpg,,leaves,,,ambiguous,plant_unknown,unresolved|disease_phrase
Original Image/Black Spot/Black_Spot (321).jpg,,leaves,,,ambiguous,plant_unknown,unresolved|disease_phrase
Original Image/Black Spot/Black_Spot (322).jpg,,leaves,,,ambiguous,plant_unknown,unresolved|disease_phrase
Original Image/Black Spot/Black_Spot (323).jpg,,leaves,,,ambiguous,plant_unknown,unresolved|disease_phrase
Original Image/Black Spot/Black_Spot (324).jpg,,leaves,,,ambiguous,plant_unknown,unresolved|disease_phrase
Original Image/Black Spot/Black_Spot (325).jpg,,leaves,,,ambiguous,plant_unknown,unresolved|disease_phrase
Original Image/Black Spot/Black_Spot (326).jpg,,leaves,,,ambiguous,plant_unknown,unresolved|disease_phrase
Original Image/Black Spot/Black_Spot (327).jpg,,leaves,,,ambiguous,plant_unknown,unresolved|disease_phrase
Original Image/Black Spot/Black_Spot (328).jpg,,leaves,,,ambiguous,plant_unknown,unresolved|disease_phrase
Original Image/Black Spot/Black_Spot (329).jpg,,leaves,,,ambiguous,plant_unknown,unresolved|disease_phrase
Original Image/Black Spot/Black_Spot (33).jpg,,leaves,,,ambiguous,plant_unknown,unresolved|disease_phrase
Original Image/Black Spot/Black_Spot (330).jpg,,leaves,,,ambiguous,plant_unknown,unresolved|disease_phrase
Original Image/Black Spot/Black_Spot (331).jpg,,leaves,,,ambiguous,plant_unknown,unresolved|disease_phrase
Original Image/Black Spot/Black_Spot (332).jpg,,leaves,,,ambiguous,plant_unknown,unresolved|disease_phrase
Original Image/Black Spot/Black_Spot (333).jpg,,leaves,,,ambiguous,plant_unknown,unresolved|disease_phrase
Original Image/Black Spot/Black_Spot (334).jpg,,leaves,,,ambiguous,plant_unknown,unresolved|disease_phrase
Original Image/Black Spot/Black_Spot (335).jpg,,leaves,,,ambiguous,plant_unknown,unresolved|disease_phrase
Original Image/Black Spot/Black_Spot (336).jpg,,leaves,,,ambiguous,plant_unknown,unresolved|disease_phrase
Original Image/Black Spot/Black_Spot (337).jpg,,leaves,,,ambiguous,plant_unknown,unresolved|disease_phrase
Original Image/Black Spot/Black_Spot (338).jpg,,leaves,,,ambiguous,plant_unknown,unresolved|disease_phrase
Original Image/Black Spot/Black_Spot (339).jpg,,leaves,,,ambiguous,plant_unknown,unresolved|disease_phrase
Original Image/Black Spot/Black_Spot (34).jpg,,leaves,,,ambiguous,plant_unknown,unresolved|disease_phrase
Original Image/Black Spot/Black_Spot (340).jpg,,leaves,,,ambiguous,plant_unknown,unresolved|disease_phrase
Original Image/Black Spot/Black_Spot (341).jpg,,leaves,,,ambiguous,plant_unknown,unresolved|disease_phrase
Original Image/Black Spot/Black_Spot (342).jpg,,leaves,,,ambiguous,plant_unknown,unresolved|disease_phrase
Original Image/Black Spot/Black_Spot (343).jpg,,leaves,,,ambiguous,plant_unknown,unresolved|disease_phrase
Original Image/Black Spot/Black_Spot (344).jpg,,leaves,,,ambiguous,plant_unknown,unresolved|disease_phrase
Original Image/Black Spot/Black_Spot (345).jpg,,leaves,,,ambiguous,plant_unknown,unresolved|disease_phrase
Original Image/Black Spot/Black_Spot (346).jpg,,leaves,,,ambiguous,plant_unknown,unresolved|disease_phrase
Original Image/Black Spot/Black_Spot (347).jpg,,leaves,,,ambiguous,plant_unknown,unresolved|disease_phrase
Original Image/Black Spot/Black_Spot (348).jpg,,leaves,,,ambiguous,plant_unknown,unresolved|disease_phrase
Original Image/Black Spot/Black_Spot (349).jpg,,leaves,,,ambiguous,plant_unknown,unresolved|disease_phrase
Original Image/Black Spot/Black_Spot (35).jpg,,leaves,,,ambiguous,plant_unknown,unresolved|disease_phrase
Original Image/Black Spot/Black_Spot (350).jpg,,leaves,,,ambiguous,plant_unknown,unresolved|disease_phrase
Original Image/Black Spot/Black_Spot (351).jpg,,leaves,,,ambiguous,plant_unknown,unresolved|disease_phrase
Original Image/Black Spot/Black_Spot (352).jpg,,leaves,,,ambiguous,plant_unknown,unresolved|disease_phrase
Original Image/Black Spot/Black_Spot (353).jpg,,leaves,,,ambiguous,plant_unknown,unresolved|disease_phrase
Original Image/Black Spot/Black_Spot (354).jpg,,leaves,,,ambiguous,plant_unknown,unresolved|disease_phrase
Original Image/Black Spot/Black_Spot (355).jpg,,leaves,,,ambiguous,plant_unknown,unresolved|disease_phrase
Original Image/Black Spot/Black_Spot (356).jpg,,leaves,,,ambiguous,plant_unknown,unresolved|disease_phrase
Original Image/Black Spot/Black_Spot (357).jpg,,leaves,,,ambiguous,plant_unknown,unresolved|disease_phrase
Original Image/Black Spot/Black_Spot (358).jpg,,leaves,,,ambiguous,plant_unknown,unresolved|disease_phrase
Original Image/Black Spot/Black_Spot (359).jpg,,leaves,,,ambiguous,plant_unknown,unresolved|disease_phrase
Original Image/Black Spot/Black_Spot (36).jpg,,leaves,,,ambiguous,plant_unknown,unresolved|disease_phrase
Original Image/Black Spot/Black_Spot (360).jpg,,leaves,,,ambiguous,plant_unknown,unresolved|disease_phrase
Original Image/Black Spot/Black_Spot (361).jpg,,leaves,,,ambiguous,plant_unknown,unresolved|disease_phrase
Original Image/Black Spot/Black_Spot (362).jpg,,leaves,,,ambiguous,plant_unknown,unresolved|disease_phrase
Original Image/Black Spot/Black_Spot (363).jpg,,leaves,,,ambiguous,plant_unknown,unresolved|disease_phrase
Original Image/Black Spot/Black_Spot (364).jpg,,leaves,,,ambiguous,plant_unknown,unresolved|disease_phrase
Original Image/Black Spot/Black_Spot (365).jpg,,leaves,,,ambiguous,plant_unknown,unresolved|disease_phrase
Original Image/Black Spot/Black_Spot (366).jpg,,leaves,,,ambiguous,plant_unknown,unresolved|disease_phrase
Original Image/Black Spot/Black_Spot (367).jpg,,leaves,,,ambiguous,plant_unknown,unresolved|disease_phrase
Original Image/Black Spot/Black_Spot (368).jpg,,leaves,,,ambiguous,plant_unknown,unresolved|disease_phrase
Original Image/Black Spot/Black_Spot (369).jpg,,leaves,,,ambiguous,plant_unknown,unresolved|disease_phrase
Original Image/Black Spot/Black_Spot (37).jpg,,leaves,,,ambiguous,plant_unknown,unresolved|disease_phrase
Original Image/Black Spot/Black_Spot (370).jpg,,leaves,,,ambiguous,plant_unknown,unresolved|disease_phrase
Original Image/Black Spot/Black_Spot (371).jpg,,leaves,,,ambiguous,plant_unknown,unresolved|disease_phrase
Original Image/Black Spot/Black_Spot (372).jpg,,leaves,,,ambiguous,plant_unknown,unresolved|disease_phrase
Original Image/Black Spot/Black_Spot (373).jpg,,leaves,,,ambiguous,plant_unknown,unresolved|disease_phrase
Original Image/Black Spot/Black_Spot (374).jpg,,leaves,,,ambiguous,plant_unknown,unresolved|disease_phrase
Original Image/Black Spot/Black_Spot (375).jpg,,leaves,,,ambiguous,plant_unknown,unresolved|disease_phrase
Original Image/Black Spot/Black_Spot (376).jpg,,leaves,,,ambiguous,plant_unknown,unresolved|disease_phrase
Original Image/Black Spot/Black_Spot (377).jpg,,leaves,,,ambiguous,plant_unknown,unresolved|disease_phrase
Original Image/Black Spot/Black_Spot (378).jpg,,leaves,,,ambiguous,plant_unknown,unresolved|disease_phrase
Original Image/Black Spot/Black_Spot (379).jpg,,leaves,,,ambiguous,plant_unknown,unresolved|disease_phrase
Original Image/Black Spot/Black_Spot (38).jpg,,leaves,,,ambiguous,plant_unknown,unresolved|disease_phrase
Original Image/Black Spot/Black_Spot (380).jpg,,leaves,,,ambiguous,plant_unknown,unresolved|disease_phrase
Original Image/Black Spot/Black_Spot (381).jpg,,leaves,,,ambiguous,plant_unknown,unresolved|disease_phrase
Original Image/Black Spot/Black_Spot (382).jpg,,leaves,,,ambiguous,plant_unknown,unresolved|disease_phrase
Original Image/Black Spot/Black_Spot (383).jpg,,leaves,,,ambiguous,plant_unknown,unresolved|disease_phrase
Original Image/Black Spot/Black_Spot (384).jpg,,leaves,,,ambiguous,plant_unknown,unresolved|disease_phrase
Original Image/Black Spot/Black_Spot (385).jpg,,leaves,,,ambiguous,plant_unknown,unresolved|disease_phrase
Original Image/Black Spot/Black_Spot (386).jpg,,leaves,,,ambiguous,plant_unknown,unresolved|disease_phrase
Original Image/Black Spot/Black_Spot (387).jpg,,leaves,,,ambiguous,plant_unknown,unresolved|disease_phrase
Original Image/Black Spot/Black_Spot (388).jpg,,leaves,,,ambiguous,plant_unknown,unresolved|disease_phrase
Original Image/Black Spot/Black_Spot (389).jpg,,leaves,,,ambiguous,plant_unknown,unresolved|disease_phrase
Original Image/Black Spot/Black_Spot (39).jpg,,leaves,,,ambiguous,plant_unknown,unresolved|disease_phrase
Original Image/Black Spot/Black_Spot (390).jpg,,leaves,,,ambiguous,plant_unknown,unresolved|disease_phrase
Original Image/Black Spot/Black_Spot (391).jpg,,leaves,,,ambiguous,plant_unknown,unresolved|disease_phrase
Original Image/Black Spot/Black_Spot (392).jpg,,leaves,,,ambiguous,plant_unknown,unresolved|disease_phrase
Original Image/Black Spot/Black_Spot (393).jpg,,leaves,,,ambiguous,plant_unknown,unresolved|disease_phrase
Original Image/Black Spot/Black_Spot (394).jpg,,leaves,,,ambiguous,plant_unknown,unresolved|disease_phrase
Original Image/Black Spot/Black_Spot (395).jpg,,leaves,,,ambiguous,plant_unknown,unresolved|disease_phrase
Original Image/Black Spot/Black_Spot (396).jpg,,leaves,,,ambiguous,plant_unknown,unresolved|disease_phrase
Original Image/Black Spot/Black_Spot (397).jpg,,leaves,,,ambiguous,plant_unknown,unresolved|disease_phrase
Original Image/Black Spot/Black_Spot (398).jpg,,leaves,,,ambiguous,plant_unknown,unresolved|disease_phrase
Original Image/Black Spot/Black_Spot (399).jpg,,leaves,,,ambiguous,plant_unknown,unresolved|disease_phrase
Original Image/Black Spot/Black_Spot (4).jpg,,leaves,,,ambiguous,plant_unknown,unresolved|disease_phrase
Original Image/Black Spot/Black_Spot (40).jpg,,leaves,,,ambiguous,plant_unknown,unresolved|disease_phrase
Original Image/Black Spot/Black_Spot (400).jpg,,leaves,,,ambiguous,plant_unknown,unresolved|disease_phrase
Original Image/Black Spot/Black_Spot (401).jpg,,leaves,,,ambiguous,plant_unknown,unresolved|disease_phrase
Original Image/Black Spot/Black_Spot (402).jpg,,leaves,,,ambiguous,plant_unknown,unresolved|disease_phrase
Original Image/Black Spot/Black_Spot (403).jpg,,leaves,,,ambiguous,plant_unknown,unresolved|disease_phrase
Original Image/Black Spot/Black_Spot (404).jpg,,leaves,,,ambiguous,plant_unknown,unresolved|disease_phrase
Original Image/Black Spot/Black_Spot (405).jpg,,leaves,,,ambiguous,plant_unknown,unresolved|disease_phrase
Original Image/Black Spot/Black_Spot (406).jpg,,leaves,,,ambiguous,plant_unknown,unresolved|disease_phrase
Original Image/Black Spot/Black_Spot (407).jpg,,leaves,,,ambiguous,plant_unknown,unresolved|disease_phrase
Original Image/Black Spot/Black_Spot (408).jpg,,leaves,,,ambiguous,plant_unknown,unresolved|disease_phrase
Original Image/Black Spot/Black_Spot (409).jpg,,leaves,,,ambiguous,plant_unknown,unresolved|disease_phrase
Original Image/Black Spot/Black_Spot (41).jpg,,leaves,,,ambiguous,plant_unknown,unresolved|disease_phrase
Original Image/Black Spot/Black_Spot (410).jpg,,leaves,,,ambiguous,plant_unknown,unresolved|disease_phrase
Original Image/Black Spot/Black_Spot (411).jpg,,leaves,,,ambiguous,plant_unknown,unresolved|disease_phrase
Original Image/Black Spot/Black_Spot (412).jpg,,leaves,,,ambiguous,plant_unknown,unresolved|disease_phrase
Original Image/Black Spot/Black_Spot (413).jpg,,leaves,,,ambiguous,plant_unknown,unresolved|disease_phrase
Original Image/Black Spot/Black_Spot (414).jpg,,leaves,,,ambiguous,plant_unknown,unresolved|disease_phrase
Original Image/Black Spot/Black_Spot (415).jpg,,leaves,,,ambiguous,plant_unknown,unresolved|disease_phrase
Original Image/Black Spot/Black_Spot (416).jpg,,leaves,,,ambiguous,plant_unknown,unresolved|disease_phrase
Original Image/Black Spot/Black_Spot (417).jpg,,leaves,,,ambiguous,plant_unknown,unresolved|disease_phrase
Original Image/Black Spot/Black_Spot (418).jpg,,leaves,,,ambiguous,plant_unknown,unresolved|disease_phrase
Original Image/Black Spot/Black_Spot (419).jpg,,leaves,,,ambiguous,plant_unknown,unresolved|disease_phrase
Original Image/Black Spot/Black_Spot (42).jpg,,leaves,,,ambiguous,plant_unknown,unresolved|disease_phrase
Original Image/Black Spot/Black_Spot (420).jpg,,leaves,,,ambiguous,plant_unknown,unresolved|disease_phrase
Original Image/Black Spot/Black_Spot (421).jpg,,leaves,,,ambiguous,plant_unknown,unresolved|disease_phrase
Original Image/Black Spot/Black_Spot (422).jpg,,leaves,,,ambiguous,plant_unknown,unresolved|disease_phrase
Original Image/Black Spot/Black_Spot (423).jpg,,leaves,,,ambiguous,plant_unknown,unresolved|disease_phrase
Original Image/Black Spot/Black_Spot (424).jpg,,leaves,,,ambiguous,plant_unknown,unresolved|disease_phrase
Original Image/Black Spot/Black_Spot (425).jpg,,leaves,,,ambiguous,plant_unknown,unresolved|disease_phrase
Original Image/Black Spot/Black_Spot (426).jpg,,leaves,,,ambiguous,plant_unknown,unresolved|disease_phrase
Original Image/Black Spot/Black_Spot (427).jpg,,leaves,,,ambiguous,plant_unknown,unresolved|disease_phrase
Original Image/Black Spot/Black_Spot (428).jpg,,leaves,,,ambiguous,plant_unknown,unresolved|disease_phrase
Original Image/Black Spot/Black_Spot (429).jpg,,leaves,,,ambiguous,plant_unknown,unresolved|disease_phrase
Original Image/Black Spot/Black_Spot (43).jpg,,leaves,,,ambiguous,plant_unknown,unresolved|disease_phrase
Original Image/Black Spot/Black_Spot (430).jpg,,leaves,,,ambiguous,plant_unknown,unresolved|disease_phrase
Original Image/Black Spot/Black_Spot (431).jpg,,leaves,,,ambiguous,plant_unknown,unresolved|disease_phrase
Original Image/Black Spot/Black_Spot (432).jpg,,leaves,,,ambiguous,plant_unknown,unresolved|disease_phrase
Original Image/Black Spot/Black_Spot (433).jpg,,leaves,,,ambiguous,plant_unknown,unresolved|disease_phrase
Original Image/Black Spot/Black_Spot (434).jpg,,leaves,,,ambiguous,plant_unknown,unresolved|disease_phrase
Original Image/Black Spot/Black_Spot (435).jpg,,leaves,,,ambiguous,plant_unknown,unresolved|disease_phrase
Original Image/Black Spot/Black_Spot (436).jpg,,leaves,,,ambiguous,plant_unknown,unresolved|disease_phrase
Original Image/Black Spot/Black_Spot (437).jpg,,leaves,,,ambiguous,plant_unknown,unresolved|disease_phrase
Original Image/Black Spot/Black_Spot (438).jpg,,leaves,,,ambiguous,plant_unknown,unresolved|disease_phrase
Original Image/Black Spot/Black_Spot (439).jpg,,leaves,,,ambiguous,plant_unknown,unresolved|disease_phrase
Original Image/Black Spot/Black_Spot (44).jpg,,leaves,,,ambiguous,plant_unknown,unresolved|disease_phrase
Original Image/Black Spot/Black_Spot (440).jpg,,leaves,,,ambiguous,plant_unknown,unresolved|disease_phrase
Original Image/Black Spot/Black_Spot (441).jpg,,leaves,,,ambiguous,plant_unknown,unresolved|disease_phrase
Original Image/Black Spot/Black_Spot (442).jpg,,leaves,,,ambiguous,plant_unknown,unresolved|disease_phrase
Original Image/Black Spot/Black_Spot (443).jpg,,leaves,,,ambiguous,plant_unknown,unresolved|disease_phrase
Original Image/Black Spot/Black_Spot (444).jpg,,leaves,,,ambiguous,plant_unknown,unresolved|disease_phrase
Original Image/Black Spot/Black_Spot (445).jpg,,leaves,,,ambiguous,plant_unknown,unresolved|disease_phrase
Original Image/Black Spot/Black_Spot (446).jpg,,leaves,,,ambiguous,plant_unknown,unresolved|disease_phrase
Original Image/Black Spot/Black_Spot (447).jpg,,leaves,,,ambiguous,plant_unknown,unresolved|disease_phrase
Original Image/Black Spot/Black_Spot (448).jpg,,leaves,,,ambiguous,plant_unknown,unresolved|disease_phrase
Original Image/Black Spot/Black_Spot (449).jpg,,leaves,,,ambiguous,plant_unknown,unresolved|disease_phrase
Original Image/Black Spot/Black_Spot (45).jpg,,leaves,,,ambiguous,plant_unknown,unresolved|disease_phrase
Original Image/Black Spot/Black_Spot (450).jpg,,leaves,,,ambiguous,plant_unknown,unresolved|disease_phrase
Original Image/Black Spot/Black_Spot (451).jpg,,leaves,,,ambiguous,plant_unknown,unresolved|disease_phrase
Original Image/Black Spot/Black_Spot (452).jpg,,leaves,,,ambiguous,plant_unknown,unresolved|disease_phrase
Original Image/Black Spot/Black_Spot (453).jpg,,leaves,,,ambiguous,plant_unknown,unresolved|disease_phrase
Original Image/Black Spot/Black_Spot (454).jpg,,leaves,,,ambiguous,plant_unknown,unresolved|disease_phrase
Original Image/Black Spot/Black_Spot (455).jpg,,leaves,,,ambiguous,plant_unknown,unresolved|disease_phrase
Original Image/Black Spot/Black_Spot (456).jpg,,leaves,,,ambiguous,plant_unknown,unresolved|disease_phrase
Original Image/Black Spot/Black_Spot (457).jpg,,leaves,,,ambiguous,plant_unknown,unresolved|disease_phrase
Original Image/Black Spot/Black_Spot (458).jpg,,leaves,,,ambiguous,plant_unknown,unresolved|disease_phrase
Original Image/Black Spot/Black_Spot (459).jpg,,leaves,,,ambiguous,plant_unknown,unresolved|disease_phrase
Original Image/Black Spot/Black_Spot (46).jpg,,leaves,,,ambiguous,plant_unknown,unresolved|disease_phrase
Original Image/Black Spot/Black_Spot (460).jpg,,leaves,,,ambiguous,plant_unknown,unresolved|disease_phrase
Original Image/Black Spot/Black_Spot (461).jpg,,leaves,,,ambiguous,plant_unknown,unresolved|disease_phrase
Original Image/Black Spot/Black_Spot (462).jpg,,leaves,,,ambiguous,plant_unknown,unresolved|disease_phrase
Original Image/Black Spot/Black_Spot (463).jpg,,leaves,,,ambiguous,plant_unknown,unresolved|disease_phrase
Original Image/Black Spot/Black_Spot (464).jpg,,leaves,,,ambiguous,plant_unknown,unresolved|disease_phrase
Original Image/Black Spot/Black_Spot (465).jpg,,leaves,,,ambiguous,plant_unknown,unresolved|disease_phrase
Original Image/Black Spot/Black_Spot (466).jpg,,leaves,,,ambiguous,plant_unknown,unresolved|disease_phrase
Original Image/Black Spot/Black_Spot (467).jpg,,leaves,,,ambiguous,plant_unknown,unresolved|disease_phrase
Original Image/Black Spot/Black_Spot (468).jpg,,leaves,,,ambiguous,plant_unknown,unresolved|disease_phrase
Original Image/Black Spot/Black_Spot (469).jpg,,leaves,,,ambiguous,plant_unknown,unresolved|disease_phrase
Original Image/Black Spot/Black_Spot (47).jpg,,leaves,,,ambiguous,plant_unknown,unresolved|disease_phrase
Original Image/Black Spot/Black_Spot (470).jpg,,leaves,,,ambiguous,plant_unknown,unresolved|disease_phrase
Original Image/Black Spot/Black_Spot (471).jpg,,leaves,,,ambiguous,plant_unknown,unresolved|disease_phrase
Original Image/Black Spot/Black_Spot (472).jpg,,leaves,,,ambiguous,plant_unknown,unresolved|disease_phrase
Original Image/Black Spot/Black_Spot (473).jpg,,leaves,,,ambiguous,plant_unknown,unresolved|disease_phrase
Original Image/Black Spot/Black_Spot (474).jpg,,leaves,,,ambiguous,plant_unknown,unresolved|disease_phrase
Original Image/Black Spot/Black_Spot (475).jpg,,leaves,,,ambiguous,plant_unknown,unresolved|disease_phrase
Original Image/Black Spot/Black_Spot (476).jpg,,leaves,,,ambiguous,plant_unknown,unresolved|disease_phrase
Original Image/Black Spot/Black_Spot (477).jpg,,leaves,,,ambiguous,plant_unknown,unresolved|disease_phrase
Original Image/Black Spot/Black_Spot (478).jpg,,leaves,,,ambiguous,plant_unknown,unresolved|disease_phrase
Original Image/Black Spot/Black_Spot (479).jpg,,leaves,,,ambiguous,plant_unknown,unresolved|disease_phrase
Original Image/Black Spot/Black_Spot (48).jpg,,leaves,,,ambiguous,plant_unknown,unresolved|disease_phrase
Original Image/Black Spot/Black_Spot (480).jpg,,leaves,,,ambiguous,plant_unknown,unresolved|disease_phrase
Original Image/Black Spot/Black_Spot (481).jpg,,leaves,,,ambiguous,plant_unknown,unresolved|disease_phrase
Original Image/Black Spot/Black_Spot (482).jpg,,leaves,,,ambiguous,plant_unknown,unresolved|disease_phrase
Original Image/Black Spot/Black_Spot (483).jpg,,leaves,,,ambiguous,plant_unknown,unresolved|disease_phrase
Original Image/Black Spot/Black_Spot (484).jpg,,leaves,,,ambiguous,plant_unknown,unresolved|disease_phrase
Original Image/Black Spot/Black_Spot (485).jpg,,leaves,,,ambiguous,plant_unknown,unresolved|disease_phrase
Original Image/Black Spot/Black_Spot (486).jpg,,leaves,,,ambiguous,plant_unknown,unresolved|disease_phrase
Original Image/Black Spot/Black_Spot (487).jpg,,leaves,,,ambiguous,plant_unknown,unresolved|disease_phrase
Original Image/Black Spot/Black_Spot (488).jpg,,leaves,,,ambiguous,plant_unknown,unresolved|disease_phrase
Original Image/Black Spot/Black_Spot (489).jpg,,leaves,,,ambiguous,plant_unknown,unresolved|disease_phrase
Original Image/Black Spot/Black_Spot (49).jpg,,leaves,,,ambiguous,plant_unknown,unresolved|disease_phrase
Original Image/Black Spot/Black_Spot (490).jpg,,leaves,,,ambiguous,plant_unknown,unresolved|disease_phrase
Original Image/Black Spot/Black_Spot (491).jpg,,leaves,,,ambiguous,plant_unknown,unresolved|disease_phrase
Original Image/Black Spot/Black_Spot (492).jpg,,leaves,,,ambiguous,plant_unknown,unresolved|disease_phrase
Original Image/Black Spot/Black_Spot (493).jpg,,leaves,,,ambiguous,plant_unknown,unresolved|disease_phrase
Original Image/Black Spot/Black_Spot (494).jpg,,leaves,,,ambiguous,plant_unknown,unresolved|disease_phrase
Original Image/Black Spot/Black_Spot (495).jpg,,leaves,,,ambiguous,plant_unknown,unresolved|disease_phrase
Original Image/Black Spot/Black_Spot (496).jpg,,leaves,,,ambiguous,plant_unknown,unresolved|disease_phrase
Original Image/Black Spot/Black_Spot (497).jpg,,leaves,,,ambiguous,plant_unknown,unresolved|disease_phrase
Original Image/Black Spot/Black_Spot (498).jpg,,leaves,,,ambiguous,plant_unknown,unresolved|disease_phrase
Original Image/Black Spot/Black_Spot (499).jpg,,leaves,,,ambiguous,plant_unknown,unresolved|disease_phrase
Original Image/Black Spot/Black_Spot (5).jpg,,leaves,,,ambiguous,plant_unknown,unresolved|disease_phrase
Original Image/Black Spot/Black_Spot (50).jpg,,leaves,,,ambiguous,plant_unknown,unresolved|disease_phrase
Original Image/Black Spot/Black_Spot (500).jpg,,leaves,,,ambiguous,plant_unknown,unresolved|disease_phrase
Original Image/Black Spot/Black_Spot (501).jpg,,leaves,,,ambiguous,plant_unknown,unresolved|disease_phrase
Original Image/Black Spot/Black_Spot (502).jpg,,leaves,,,ambiguous,plant_unknown,unresolved|disease_phrase
Original Image/Black Spot/Black_Spot (503).jpg,,leaves,,,ambiguous,plant_unknown,unresolved|disease_phrase
Original Image/Black Spot/Black_Spot (504).jpg,,leaves,,,ambiguous,plant_unknown,unresolved|disease_phrase
Original Image/Black Spot/Black_Spot (505).jpg,,leaves,,,ambiguous,plant_unknown,unresolved|disease_phrase
Original Image/Black Spot/Black_Spot (506).jpg,,leaves,,,ambiguous,plant_unknown,unresolved|disease_phrase
Original Image/Black Spot/Black_Spot (507).jpg,,leaves,,,ambiguous,plant_unknown,unresolved|disease_phrase
Original Image/Black Spot/Black_Spot (508).jpg,,leaves,,,ambiguous,plant_unknown,unresolved|disease_phrase
Original Image/Black Spot/Black_Spot (509).jpg,,leaves,,,ambiguous,plant_unknown,unresolved|disease_phrase
Original Image/Black Spot/Black_Spot (51).jpg,,leaves,,,ambiguous,plant_unknown,unresolved|disease_phrase
Original Image/Black Spot/Black_Spot (510).jpg,,leaves,,,ambiguous,plant_unknown,unresolved|disease_phrase
Original Image/Black Spot/Black_Spot (511).jpg,,leaves,,,ambiguous,plant_unknown,unresolved|disease_phrase
Original Image/Black Spot/Black_Spot (512).jpg,,leaves,,,ambiguous,plant_unknown,unresolved|disease_phrase
Original Image/Black Spot/Black_Spot (513).jpg,,leaves,,,ambiguous,plant_unknown,unresolved|disease_phrase
Original Image/Black Spot/Black_Spot (514).jpg,,leaves,,,ambiguous,plant_unknown,unresolved|disease_phrase
Original Image/Black Spot/Black_Spot (515).jpg,,leaves,,,ambiguous,plant_unknown,unresolved|disease_phrase
Original Image/Black Spot/Black_Spot (516).jpg,,leaves,,,ambiguous,plant_unknown,unresolved|disease_phrase
Original Image/Black Spot/Black_Spot (517).jpg,,leaves,,,ambiguous,plant_unknown,unresolved|disease_phrase
Original Image/Black Spot/Black_Spot (518).jpg,,leaves,,,ambiguous,plant_unknown,unresolved|disease_phrase
Original Image/Black Spot/Black_Spot (519).jpg,,leaves,,,ambiguous,plant_unknown,unresolved|disease_phrase
Original Image/Black Spot/Black_Spot (52).jpg,,leaves,,,ambiguous,plant_unknown,unresolved|disease_phrase
Original Image/Black Spot/Black_Spot (520).jpg,,leaves,,,ambiguous,plant_unknown,unresolved|disease_phrase
Original Image/Black Spot/Black_Spot (521).jpg,,leaves,,,ambiguous,plant_unknown,unresolved|disease_phrase
Original Image/Black Spot/Black_Spot (522).jpg,,leaves,,,ambiguous,plant_unknown,unresolved|disease_phrase
Original Image/Black Spot/Black_Spot (523).jpg,,leaves,,,ambiguous,plant_unknown,unresolved|disease_phrase
Original Image/Black Spot/Black_Spot (524).jpg,,leaves,,,ambiguous,plant_unknown,unresolved|disease_phrase
Original Image/Black Spot/Black_Spot (525).jpg,,leaves,,,ambiguous,plant_unknown,unresolved|disease_phrase
Original Image/Black Spot/Black_Spot (526).jpg,,leaves,,,ambiguous,plant_unknown,unresolved|disease_phrase
Original Image/Black Spot/Black_Spot (527).jpg,,leaves,,,ambiguous,plant_unknown,unresolved|disease_phrase
Original Image/Black Spot/Black_Spot (528).jpg,,leaves,,,ambiguous,plant_unknown,unresolved|disease_phrase
Original Image/Black Spot/Black_Spot (529).jpg,,leaves,,,ambiguous,plant_unknown,unresolved|disease_phrase
Original Image/Black Spot/Black_Spot (53).jpg,,leaves,,,ambiguous,plant_unknown,unresolved|disease_phrase
Original Image/Black Spot/Black_Spot (530).jpg,,leaves,,,ambiguous,plant_unknown,unresolved|disease_phrase
Original Image/Black Spot/Black_Spot (531).jpg,,leaves,,,ambiguous,plant_unknown,unresolved|disease_phrase
Original Image/Black Spot/Black_Spot (532).jpg,,leaves,,,ambiguous,plant_unknown,unresolved|disease_phrase
Original Image/Black Spot/Black_Spot (533).jpg,,leaves,,,ambiguous,plant_unknown,unresolved|disease_phrase
Original Image/Black Spot/Black_Spot (534).jpg,,leaves,,,ambiguous,plant_unknown,unresolved|disease_phrase
Original Image/Black Spot/Black_Spot (535).jpg,,leaves,,,ambiguous,plant_unknown,unresolved|disease_phrase
Original Image/Black Spot/Black_Spot (536).jpg,,leaves,,,ambiguous,plant_unknown,unresolved|disease_phrase
Original Image/Black Spot/Black_Spot (537).jpg,,leaves,,,ambiguous,plant_unknown,unresolved|disease_phrase
Original Image/Black Spot/Black_Spot (538).jpg,,leaves,,,ambiguous,plant_unknown,unresolved|disease_phrase
Original Image/Black Spot/Black_Spot (539).jpg,,leaves,,,ambiguous,plant_unknown,unresolved|disease_phrase
Original Image/Black Spot/Black_Spot (54).jpg,,leaves,,,ambiguous,plant_unknown,unresolved|disease_phrase
Original Image/Black Spot/Black_Spot (540).jpg,,leaves,,,ambiguous,plant_unknown,unresolved|disease_phrase
Original Image/Black Spot/Black_Spot (541).jpg,,leaves,,,ambiguous,plant_unknown,unresolved|disease_phrase
Original Image/Black Spot/Black_Spot (542).jpg,,leaves,,,ambiguous,plant_unknown,unresolved|disease_phrase
Original Image/Black Spot/Black_Spot (543).jpg,,leaves,,,ambiguous,plant_unknown,unresolved|disease_phrase
Original Image/Black Spot/Black_Spot (544).jpg,,leaves,,,ambiguous,plant_unknown,unresolved|disease_phrase
Original Image/Black Spot/Black_Spot (545).jpg,,leaves,,,ambiguous,plant_unknown,unresolved|disease_phrase
Original Image/Black Spot/Black_Spot (546).jpg,,leaves,,,ambiguous,plant_unknown,unresolved|disease_phrase
Original Image/Black Spot/Black_Spot (547).jpg,,leaves,,,ambiguous,plant_unknown,unresolved|disease_phrase
Original Image/Black Spot/Black_Spot (548).jpg,,leaves,,,ambiguous,plant_unknown,unresolved|disease_phrase
Original Image/Black Spot/Black_Spot (549).jpg,,leaves,,,ambiguous,plant_unknown,unresolved|disease_phrase
Original Image/Black Spot/Black_Spot (55).jpg,,leaves,,,ambiguous,plant_unknown,unresolved|disease_phrase
Original Image/Black Spot/Black_Spot (550).jpg,,leaves,,,ambiguous,plant_unknown,unresolved|disease_phrase
Original Image/Black Spot/Black_Spot (551).jpg,,leaves,,,ambiguous,plant_unknown,unresolved|disease_phrase
Original Image/Black Spot/Black_Spot (552).jpg,,leaves,,,ambiguous,plant_unknown,unresolved|disease_phrase
Original Image/Black Spot/Black_Spot (553).jpg,,leaves,,,ambiguous,plant_unknown,unresolved|disease_phrase
Original Image/Black Spot/Black_Spot (554).jpg,,leaves,,,ambiguous,plant_unknown,unresolved|disease_phrase
Original Image/Black Spot/Black_Spot (555).jpg,,leaves,,,ambiguous,plant_unknown,unresolved|disease_phrase
Original Image/Black Spot/Black_Spot (556).jpg,,leaves,,,ambiguous,plant_unknown,unresolved|disease_phrase
Original Image/Black Spot/Black_Spot (557).jpg,,leaves,,,ambiguous,plant_unknown,unresolved|disease_phrase
Original Image/Black Spot/Black_Spot (558).jpg,,leaves,,,ambiguous,plant_unknown,unresolved|disease_phrase
Original Image/Black Spot/Black_Spot (559).jpg,,leaves,,,ambiguous,plant_unknown,unresolved|disease_phrase
Original Image/Black Spot/Black_Spot (56).jpg,,leaves,,,ambiguous,plant_unknown,unresolved|disease_phrase
Original Image/Black Spot/Black_Spot (560).jpg,,leaves,,,ambiguous,plant_unknown,unresolved|disease_phrase
Original Image/Black Spot/Black_Spot (561).jpg,,leaves,,,ambiguous,plant_unknown,unresolved|disease_phrase
Original Image/Black Spot/Black_Spot (562).jpg,,leaves,,,ambiguous,plant_unknown,unresolved|disease_phrase
Original Image/Black Spot/Black_Spot (563).jpg,,leaves,,,ambiguous,plant_unknown,unresolved|disease_phrase
Original Image/Black Spot/Black_Spot (564).jpg,,leaves,,,ambiguous,plant_unknown,unresolved|disease_phrase
Original Image/Black Spot/Black_Spot (565).jpg,,leaves,,,ambiguous,plant_unknown,unresolved|disease_phrase
Original Image/Black Spot/Black_Spot (566).jpg,,leaves,,,ambiguous,plant_unknown,unresolved|disease_phrase
Original Image/Black Spot/Black_Spot (567).jpg,,leaves,,,ambiguous,plant_unknown,unresolved|disease_phrase
Original Image/Black Spot/Black_Spot (568).jpg,,leaves,,,ambiguous,plant_unknown,unresolved|disease_phrase
Original Image/Black Spot/Black_Spot (569).jpg,,leaves,,,ambiguous,plant_unknown,unresolved|disease_phrase
Original Image/Black Spot/Black_Spot (57).jpg,,leaves,,,ambiguous,plant_unknown,unresolved|disease_phrase
Original Image/Black Spot/Black_Spot (570).jpg,,leaves,,,ambiguous,plant_unknown,unresolved|disease_phrase
Original Image/Black Spot/Black_Spot (571).jpg,,leaves,,,ambiguous,plant_unknown,unresolved|disease_phrase
Original Image/Black Spot/Black_Spot (572).jpg,,leaves,,,ambiguous,plant_unknown,unresolved|disease_phrase
Original Image/Black Spot/Black_Spot (573).jpg,,leaves,,,ambiguous,plant_unknown,unresolved|disease_phrase
Original Image/Black Spot/Black_Spot (574).jpg,,leaves,,,ambiguous,plant_unknown,unresolved|disease_phrase
Original Image/Black Spot/Black_Spot (575).jpg,,leaves,,,ambiguous,plant_unknown,unresolved|disease_phrase
Original Image/Black Spot/Black_Spot (576).jpg,,leaves,,,ambiguous,plant_unknown,unresolved|disease_phrase
Original Image/Black Spot/Black_Spot (577).jpg,,leaves,,,ambiguous,plant_unknown,unresolved|disease_phrase
Original Image/Black Spot/Black_Spot (578).jpg,,leaves,,,ambiguous,plant_unknown,unresolved|disease_phrase
Original Image/Black Spot/Black_Spot (579).jpg,,leaves,,,ambiguous,plant_unknown,unresolved|disease_phrase
Original Image/Black Spot/Black_Spot (58).jpg,,leaves,,,ambiguous,plant_unknown,unresolved|disease_phrase
Original Image/Black Spot/Black_Spot (580).jpg,,leaves,,,ambiguous,plant_unknown,unresolved|disease_phrase
Original Image/Black Spot/Black_Spot (581).jpg,,leaves,,,ambiguous,plant_unknown,unresolved|disease_phrase
Original Image/Black Spot/Black_Spot (582).jpg,,leaves,,,ambiguous,plant_unknown,unresolved|disease_phrase
Original Image/Black Spot/Black_Spot (583).jpg,,leaves,,,ambiguous,plant_unknown,unresolved|disease_phrase
Original Image/Black Spot/Black_Spot (584).jpg,,leaves,,,ambiguous,plant_unknown,unresolved|disease_phrase
Original Image/Black Spot/Black_Spot (585).jpg,,leaves,,,ambiguous,plant_unknown,unresolved|disease_phrase
Original Image/Black Spot/Black_Spot (586).jpg,,leaves,,,ambiguous,plant_unknown,unresolved|disease_phrase
Original Image/Black Spot/Black_Spot (587).jpg,,leaves,,,ambiguous,plant_unknown,unresolved|disease_phrase
Original Image/Black Spot/Black_Spot (588).jpg,,leaves,,,ambiguous,plant_unknown,unresolved|disease_phrase
Original Image/Black Spot/Black_Spot (589).jpg,,leaves,,,ambiguous,plant_unknown,unresolved|disease_phrase
Original Image/Black Spot/Black_Spot (59).jpg,,leaves,,,ambiguous,plant_unknown,unresolved|disease_phrase
Original Image/Black Spot/Black_Spot (590).jpg,,leaves,,,ambiguous,plant_unknown,unresolved|disease_phrase
Original Image/Black Spot/Black_Spot (591).jpg,,leaves,,,ambiguous,plant_unknown,unresolved|disease_phrase
Original Image/Black Spot/Black_Spot (592).jpg,,leaves,,,ambiguous,plant_unknown,unresolved|disease_phrase
Original Image/Black Spot/Black_Spot (593).jpg,,leaves,,,ambiguous,plant_unknown,unresolved|disease_phrase
Original Image/Black Spot/Black_Spot (594).jpg,,leaves,,,ambiguous,plant_unknown,unresolved|disease_phrase
Original Image/Black Spot/Black_Spot (595).jpg,,leaves,,,ambiguous,plant_unknown,unresolved|disease_phrase
Original Image/Black Spot/Black_Spot (596).jpg,,leaves,,,ambiguous,plant_unknown,unresolved|disease_phrase
Original Image/Black Spot/Black_Spot (597).jpg,,leaves,,,ambiguous,plant_unknown,unresolved|disease_phrase
Original Image/Black Spot/Black_Spot (598).jpg,,leaves,,,ambiguous,plant_unknown,unresolved|disease_phrase
Original Image/Black Spot/Black_Spot (599).jpg,,leaves,,,ambiguous,plant_unknown,unresolved|disease_phrase
Original Image/Black Spot/Black_Spot (6).jpg,,leaves,,,ambiguous,plant_unknown,unresolved|disease_phrase
Original Image/Black Spot/Black_Spot (60).jpg,,leaves,,,ambiguous,plant_unknown,unresolved|disease_phrase
Original Image/Black Spot/Black_Spot (600).jpg,,leaves,,,ambiguous,plant_unknown,unresolved|disease_phrase
Original Image/Black Spot/Black_Spot (601).jpg,,leaves,,,ambiguous,plant_unknown,unresolved|disease_phrase
Original Image/Black Spot/Black_Spot (602).jpg,,leaves,,,ambiguous,plant_unknown,unresolved|disease_phrase
Original Image/Black Spot/Black_Spot (603).jpg,,leaves,,,ambiguous,plant_unknown,unresolved|disease_phrase
Original Image/Black Spot/Black_Spot (604).jpg,,leaves,,,ambiguous,plant_unknown,unresolved|disease_phrase
Original Image/Black Spot/Black_Spot (605).jpg,,leaves,,,ambiguous,plant_unknown,unresolved|disease_phrase
Original Image/Black Spot/Black_Spot (606).jpg,,leaves,,,ambiguous,plant_unknown,unresolved|disease_phrase
Original Image/Black Spot/Black_Spot (607).jpg,,leaves,,,ambiguous,plant_unknown,unresolved|disease_phrase
Original Image/Black Spot/Black_Spot (608).jpg,,leaves,,,ambiguous,plant_unknown,unresolved|disease_phrase
Original Image/Black Spot/Black_Spot (609).jpg,,leaves,,,ambiguous,plant_unknown,unresolved|disease_phrase
Original Image/Black Spot/Black_Spot (61).jpg,,leaves,,,ambiguous,plant_unknown,unresolved|disease_phrase
Original Image/Black Spot/Black_Spot (610).jpg,,leaves,,,ambiguous,plant_unknown,unresolved|disease_phrase
Original Image/Black Spot/Black_Spot (611).jpg,,leaves,,,ambiguous,plant_unknown,unresolved|disease_phrase
Original Image/Black Spot/Black_Spot (612).jpg,,leaves,,,ambiguous,plant_unknown,unresolved|disease_phrase
Original Image/Black Spot/Black_Spot (613).jpg,,leaves,,,ambiguous,plant_unknown,unresolved|disease_phrase
Original Image/Black Spot/Black_Spot (614).jpg,,leaves,,,ambiguous,plant_unknown,unresolved|disease_phrase
Original Image/Black Spot/Black_Spot (615).jpg,,leaves,,,ambiguous,plant_unknown,unresolved|disease_phrase
Original Image/Black Spot/Black_Spot (616).jpg,,leaves,,,ambiguous,plant_unknown,unresolved|disease_phrase
Original Image/Black Spot/Black_Spot (617).jpg,,leaves,,,ambiguous,plant_unknown,unresolved|disease_phrase
Original Image/Black Spot/Black_Spot (618).jpg,,leaves,,,ambiguous,plant_unknown,unresolved|disease_phrase
Original Image/Black Spot/Black_Spot (619).jpg,,leaves,,,ambiguous,plant_unknown,unresolved|disease_phrase
Original Image/Black Spot/Black_Spot (62).jpg,,leaves,,,ambiguous,plant_unknown,unresolved|disease_phrase
Original Image/Black Spot/Black_Spot (620).jpg,,leaves,,,ambiguous,plant_unknown,unresolved|disease_phrase
Original Image/Black Spot/Black_Spot (621).jpg,,leaves,,,ambiguous,plant_unknown,unresolved|disease_phrase
Original Image/Black Spot/Black_Spot (622).jpg,,leaves,,,ambiguous,plant_unknown,unresolved|disease_phrase
Original Image/Black Spot/Black_Spot (623).jpg,,leaves,,,ambiguous,plant_unknown,unresolved|disease_phrase
Original Image/Black Spot/Black_Spot (624).jpg,,leaves,,,ambiguous,plant_unknown,unresolved|disease_phrase
Original Image/Black Spot/Black_Spot (625).jpg,,leaves,,,ambiguous,plant_unknown,unresolved|disease_phrase
Original Image/Black Spot/Black_Spot (626).jpg,,leaves,,,ambiguous,plant_unknown,unresolved|disease_phrase
Original Image/Black Spot/Black_Spot (627).jpg,,leaves,,,ambiguous,plant_unknown,unresolved|disease_phrase
Original Image/Black Spot/Black_Spot (628).jpg,,leaves,,,ambiguous,plant_unknown,unresolved|disease_phrase
Original Image/Black Spot/Black_Spot (629).jpg,,leaves,,,ambiguous,plant_unknown,unresolved|disease_phrase
Original Image/Black Spot/Black_Spot (63).jpg,,leaves,,,ambiguous,plant_unknown,unresolved|disease_phrase
Original Image/Black Spot/Black_Spot (630).jpg,,leaves,,,ambiguous,plant_unknown,unresolved|disease_phrase
Original Image/Black Spot/Black_Spot (631).jpg,,leaves,,,ambiguous,plant_unknown,unresolved|disease_phrase
Original Image/Black Spot/Black_Spot (632).jpg,,leaves,,,ambiguous,plant_unknown,unresolved|disease_phrase
Original Image/Black Spot/Black_Spot (633).jpg,,leaves,,,ambiguous,plant_unknown,unresolved|disease_phrase
Original Image/Black Spot/Black_Spot (634).jpg,,leaves,,,ambiguous,plant_unknown,unresolved|disease_phrase
Original Image/Black Spot/Black_Spot (635).jpg,,leaves,,,ambiguous,plant_unknown,unresolved|disease_phrase
Original Image/Black Spot/Black_Spot (636).jpg,,leaves,,,ambiguous,plant_unknown,unresolved|disease_phrase
Original Image/Black Spot/Black_Spot (637).jpg,,leaves,,,ambiguous,plant_unknown,unresolved|disease_phrase
Original Image/Black Spot/Black_Spot (638).jpg,,leaves,,,ambiguous,plant_unknown,unresolved|disease_phrase
Original Image/Black Spot/Black_Spot (639).jpg,,leaves,,,ambiguous,plant_unknown,unresolved|disease_phrase
Original Image/Black Spot/Black_Spot (64).jpg,,leaves,,,ambiguous,plant_unknown,unresolved|disease_phrase
Original Image/Black Spot/Black_Spot (640).jpg,,leaves,,,ambiguous,plant_unknown,unresolved|disease_phrase
Original Image/Black Spot/Black_Spot (641).jpg,,leaves,,,ambiguous,plant_unknown,unresolved|disease_phrase
Original Image/Black Spot/Black_Spot (642).jpg,,leaves,,,ambiguous,plant_unknown,unresolved|disease_phrase
Original Image/Black Spot/Black_Spot (643).jpg,,leaves,,,ambiguous,plant_unknown,unresolved|disease_phrase
Original Image/Black Spot/Black_Spot (644).jpg,,leaves,,,ambiguous,plant_unknown,unresolved|disease_phrase
Original Image/Black Spot/Black_Spot (645).jpg,,leaves,,,ambiguous,plant_unknown,unresolved|disease_phrase
Original Image/Black Spot/Black_Spot (646).jpg,,leaves,,,ambiguous,plant_unknown,unresolved|disease_phrase
Original Image/Black Spot/Black_Spot (647).jpg,,leaves,,,ambiguous,plant_unknown,unresolved|disease_phrase
Original Image/Black Spot/Black_Spot (648).jpg,,leaves,,,ambiguous,plant_unknown,unresolved|disease_phrase
Original Image/Black Spot/Black_Spot (649).jpg,,leaves,,,ambiguous,plant_unknown,unresolved|disease_phrase
Original Image/Black Spot/Black_Spot (65).jpg,,leaves,,,ambiguous,plant_unknown,unresolved|disease_phrase
Original Image/Black Spot/Black_Spot (650).jpg,,leaves,,,ambiguous,plant_unknown,unresolved|disease_phrase
Original Image/Black Spot/Black_Spot (651).jpg,,leaves,,,ambiguous,plant_unknown,unresolved|disease_phrase
Original Image/Black Spot/Black_Spot (652).jpg,,leaves,,,ambiguous,plant_unknown,unresolved|disease_phrase
Original Image/Black Spot/Black_Spot (653).jpg,,leaves,,,ambiguous,plant_unknown,unresolved|disease_phrase
Original Image/Black Spot/Black_Spot (654).jpg,,leaves,,,ambiguous,plant_unknown,unresolved|disease_phrase
Original Image/Black Spot/Black_Spot (655).jpg,,leaves,,,ambiguous,plant_unknown,unresolved|disease_phrase
Original Image/Black Spot/Black_Spot (656).jpg,,leaves,,,ambiguous,plant_unknown,unresolved|disease_phrase
Original Image/Black Spot/Black_Spot (657).jpg,,leaves,,,ambiguous,plant_unknown,unresolved|disease_phrase
Original Image/Black Spot/Black_Spot (658).jpg,,leaves,,,ambiguous,plant_unknown,unresolved|disease_phrase
Original Image/Black Spot/Black_Spot (659).jpg,,leaves,,,ambiguous,plant_unknown,unresolved|disease_phrase
Original Image/Black Spot/Black_Spot (66).jpg,,leaves,,,ambiguous,plant_unknown,unresolved|disease_phrase
Original Image/Black Spot/Black_Spot (660).jpg,,leaves,,,ambiguous,plant_unknown,unresolved|disease_phrase
Original Image/Black Spot/Black_Spot (661).jpg,,leaves,,,ambiguous,plant_unknown,unresolved|disease_phrase
Original Image/Black Spot/Black_Spot (662).jpg,,leaves,,,ambiguous,plant_unknown,unresolved|disease_phrase
Original Image/Black Spot/Black_Spot (663).jpg,,leaves,,,ambiguous,plant_unknown,unresolved|disease_phrase
Original Image/Black Spot/Black_Spot (664).jpg,,leaves,,,ambiguous,plant_unknown,unresolved|disease_phrase
Original Image/Black Spot/Black_Spot (665).jpg,,leaves,,,ambiguous,plant_unknown,unresolved|disease_phrase
Original Image/Black Spot/Black_Spot (666).jpg,,leaves,,,ambiguous,plant_unknown,unresolved|disease_phrase
Original Image/Black Spot/Black_Spot (667).jpg,,leaves,,,ambiguous,plant_unknown,unresolved|disease_phrase
Original Image/Black Spot/Black_Spot (668).jpg,,leaves,,,ambiguous,plant_unknown,unresolved|disease_phrase
Original Image/Black Spot/Black_Spot (669).jpg,,leaves,,,ambiguous,plant_unknown,unresolved|disease_phrase
Original Image/Black Spot/Black_Spot (67).jpg,,leaves,,,ambiguous,plant_unknown,unresolved|disease_phrase
Original Image/Black Spot/Black_Spot (670).jpg,,leaves,,,ambiguous,plant_unknown,unresolved|disease_phrase
Original Image/Black Spot/Black_Spot (671).jpg,,leaves,,,ambiguous,plant_unknown,unresolved|disease_phrase
Original Image/Black Spot/Black_Spot (672).jpg,,leaves,,,ambiguous,plant_unknown,unresolved|disease_phrase
Original Image/Black Spot/Black_Spot (673).jpg,,leaves,,,ambiguous,plant_unknown,unresolved|disease_phrase
Original Image/Black Spot/Black_Spot (674).jpg,,leaves,,,ambiguous,plant_unknown,unresolved|disease_phrase
Original Image/Black Spot/Black_Spot (675).jpg,,leaves,,,ambiguous,plant_unknown,unresolved|disease_phrase
Original Image/Black Spot/Black_Spot (676).jpg,,leaves,,,ambiguous,plant_unknown,unresolved|disease_phrase
Original Image/Black Spot/Black_Spot (677).jpg,,leaves,,,ambiguous,plant_unknown,unresolved|disease_phrase
Original Image/Black Spot/Black_Spot (678).jpg,,leaves,,,ambiguous,plant_unknown,unresolved|disease_phrase
Original Image/Black Spot/Black_Spot (679).jpg,,leaves,,,ambiguous,plant_unknown,unresolved|disease_phrase
Original Image/Black Spot/Black_Spot (68).jpg,,leaves,,,ambiguous,plant_unknown,unresolved|disease_phrase
Original Image/Black Spot/Black_Spot (680).jpg,,leaves,,,ambiguous,plant_unknown,unresolved|disease_phrase
Original Image/Black Spot/Black_Spot (681).jpg,,leaves,,,ambiguous,plant_unknown,unresolved|disease_phrase
Original Image/Black Spot/Black_Spot (682).jpg,,leaves,,,ambiguous,plant_unknown,unresolved|disease_phrase
Original Image/Black Spot/Black_Spot (683).jpg,,leaves,,,ambiguous,plant_unknown,unresolved|disease_phrase
Original Image/Black Spot/Black_Spot (684).jpg,,leaves,,,ambiguous,plant_unknown,unresolved|disease_phrase
Original Image/Black Spot/Black_Spot (685).jpg,,leaves,,,ambiguous,plant_unknown,unresolved|disease_phrase
Original Image/Black Spot/Black_Spot (686).jpg,,leaves,,,ambiguous,plant_unknown,unresolved|disease_phrase
Original Image/Black Spot/Black_Spot (687).jpg,,leaves,,,ambiguous,plant_unknown,unresolved|disease_phrase
Original Image/Black Spot/Black_Spot (688).jpg,,leaves,,,ambiguous,plant_unknown,unresolved|disease_phrase
Original Image/Black Spot/Black_Spot (689).jpg,,leaves,,,ambiguous,plant_unknown,unresolved|disease_phrase
Original Image/Black Spot/Black_Spot (69).jpg,,leaves,,,ambiguous,plant_unknown,unresolved|disease_phrase
Original Image/Black Spot/Black_Spot (690).jpg,,leaves,,,ambiguous,plant_unknown,unresolved|disease_phrase
Original Image/Black Spot/Black_Spot (691).jpg,,leaves,,,ambiguous,plant_unknown,unresolved|disease_phrase
Original Image/Black Spot/Black_Spot (692).jpg,,leaves,,,ambiguous,plant_unknown,unresolved|disease_phrase
Original Image/Black Spot/Black_Spot (693).jpg,,leaves,,,ambiguous,plant_unknown,unresolved|disease_phrase
Original Image/Black Spot/Black_Spot (694).jpg,,leaves,,,ambiguous,plant_unknown,unresolved|disease_phrase
Original Image/Black Spot/Black_Spot (695).jpg,,leaves,,,ambiguous,plant_unknown,unresolved|disease_phrase
Original Image/Black Spot/Black_Spot (696).jpg,,leaves,,,ambiguous,plant_unknown,unresolved|disease_phrase
Original Image/Black Spot/Black_Spot (697).jpg,,leaves,,,ambiguous,plant_unknown,unresolved|disease_phrase
Original Image/Black Spot/Black_Spot (698).jpg,,leaves,,,ambiguous,plant_unknown,unresolved|disease_phrase
Original Image/Black Spot/Black_Spot (699).jpg,,leaves,,,ambiguous,plant_unknown,unresolved|disease_phrase
Original Image/Black Spot/Black_Spot (7).jpg,,leaves,,,ambiguous,plant_unknown,unresolved|disease_phrase
Original Image/Black Spot/Black_Spot (70).jpg,,leaves,,,ambiguous,plant_unknown,unresolved|disease_phrase
Original Image/Black Spot/Black_Spot (700).jpg,,leaves,,,ambiguous,plant_unknown,unresolved|disease_phrase
Original Image/Black Spot/Black_Spot (701).jpg,,leaves,,,ambiguous,plant_unknown,unresolved|disease_phrase
Original Image/Black Spot/Black_Spot (702).jpg,,leaves,,,ambiguous,plant_unknown,unresolved|disease_phrase
Original Image/Black Spot/Black_Spot (703).jpg,,leaves,,,ambiguous,plant_unknown,unresolved|disease_phrase
Original Image/Black Spot/Black_Spot (704).jpg,,leaves,,,ambiguous,plant_unknown,unresolved|disease_phrase
Original Image/Black Spot/Black_Spot (705).jpg,,leaves,,,ambiguous,plant_unknown,unresolved|disease_phrase
Original Image/Black Spot/Black_Spot (706).jpg,,leaves,,,ambiguous,plant_unknown,unresolved|disease_phrase
Original Image/Black Spot/Black_Spot (707).jpg,,leaves,,,ambiguous,plant_unknown,unresolved|disease_phrase
Original Image/Black Spot/Black_Spot (708).jpg,,leaves,,,ambiguous,plant_unknown,unresolved|disease_phrase
Original Image/Black Spot/Black_Spot (709).jpg,,leaves,,,ambiguous,plant_unknown,unresolved|disease_phrase
Original Image/Black Spot/Black_Spot (71).jpg,,leaves,,,ambiguous,plant_unknown,unresolved|disease_phrase
Original Image/Black Spot/Black_Spot (710).jpg,,leaves,,,ambiguous,plant_unknown,unresolved|disease_phrase
Original Image/Black Spot/Black_Spot (711).jpg,,leaves,,,ambiguous,plant_unknown,unresolved|disease_phrase
Original Image/Black Spot/Black_Spot (712).jpg,,leaves,,,ambiguous,plant_unknown,unresolved|disease_phrase
Original Image/Black Spot/Black_Spot (713).jpg,,leaves,,,ambiguous,plant_unknown,unresolved|disease_phrase
Original Image/Black Spot/Black_Spot (714).jpg,,leaves,,,ambiguous,plant_unknown,unresolved|disease_phrase
Original Image/Black Spot/Black_Spot (715).jpg,,leaves,,,ambiguous,plant_unknown,unresolved|disease_phrase
Original Image/Black Spot/Black_Spot (716).jpg,,leaves,,,ambiguous,plant_unknown,unresolved|disease_phrase
Original Image/Black Spot/Black_Spot (717).jpg,,leaves,,,ambiguous,plant_unknown,unresolved|disease_phrase
Original Image/Black Spot/Black_Spot (718).jpg,,leaves,,,ambiguous,plant_unknown,unresolved|disease_phrase
Original Image/Black Spot/Black_Spot (719).jpg,,leaves,,,ambiguous,plant_unknown,unresolved|disease_phrase
Original Image/Black Spot/Black_Spot (72).jpg,,leaves,,,ambiguous,plant_unknown,unresolved|disease_phrase
Original Image/Black Spot/Black_Spot (720).jpg,,leaves,,,ambiguous,plant_unknown,unresolved|disease_phrase
Original Image/Black Spot/Black_Spot (721).jpg,,leaves,,,ambiguous,plant_unknown,unresolved|disease_phrase
Original Image/Black Spot/Black_Spot (722).jpg,,leaves,,,ambiguous,plant_unknown,unresolved|disease_phrase
Original Image/Black Spot/Black_Spot (723).jpg,,leaves,,,ambiguous,plant_unknown,unresolved|disease_phrase
Original Image/Black Spot/Black_Spot (724).jpg,,leaves,,,ambiguous,plant_unknown,unresolved|disease_phrase
Original Image/Black Spot/Black_Spot (725).jpg,,leaves,,,ambiguous,plant_unknown,unresolved|disease_phrase
Original Image/Black Spot/Black_Spot (726).jpg,,leaves,,,ambiguous,plant_unknown,unresolved|disease_phrase
Original Image/Black Spot/Black_Spot (727).jpg,,leaves,,,ambiguous,plant_unknown,unresolved|disease_phrase
Original Image/Black Spot/Black_Spot (728).jpg,,leaves,,,ambiguous,plant_unknown,unresolved|disease_phrase
Original Image/Black Spot/Black_Spot (729).jpg,,leaves,,,ambiguous,plant_unknown,unresolved|disease_phrase
Original Image/Black Spot/Black_Spot (73).jpg,,leaves,,,ambiguous,plant_unknown,unresolved|disease_phrase
Original Image/Black Spot/Black_Spot (730).jpg,,leaves,,,ambiguous,plant_unknown,unresolved|disease_phrase
Original Image/Black Spot/Black_Spot (731).jpg,,leaves,,,ambiguous,plant_unknown,unresolved|disease_phrase
Original Image/Black Spot/Black_Spot (732).jpg,,leaves,,,ambiguous,plant_unknown,unresolved|disease_phrase
Original Image/Black Spot/Black_Spot (733).jpg,,leaves,,,ambiguous,plant_unknown,unresolved|disease_phrase
Original Image/Black Spot/Black_Spot (734).jpg,,leaves,,,ambiguous,plant_unknown,unresolved|disease_phrase
Original Image/Black Spot/Black_Spot (735).jpg,,leaves,,,ambiguous,plant_unknown,unresolved|disease_phrase
Original Image/Black Spot/Black_Spot (736).jpg,,leaves,,,ambiguous,plant_unknown,unresolved|disease_phrase
Original Image/Black Spot/Black_Spot (737).jpg,,leaves,,,ambiguous,plant_unknown,unresolved|disease_phrase
Original Image/Black Spot/Black_Spot (738).jpg,,leaves,,,ambiguous,plant_unknown,unresolved|disease_phrase
Original Image/Black Spot/Black_Spot (739).jpg,,leaves,,,ambiguous,plant_unknown,unresolved|disease_phrase
Original Image/Black Spot/Black_Spot (74).jpg,,leaves,,,ambiguous,plant_unknown,unresolved|disease_phrase
Original Image/Black Spot/Black_Spot (740).jpg,,leaves,,,ambiguous,plant_unknown,unresolved|disease_phrase
Original Image/Black Spot/Black_Spot (741).jpg,,leaves,,,ambiguous,plant_unknown,unresolved|disease_phrase
Original Image/Black Spot/Black_Spot (742).jpg,,leaves,,,ambiguous,plant_unknown,unresolved|disease_phrase
Original Image/Black Spot/Black_Spot (743).jpg,,leaves,,,ambiguous,plant_unknown,unresolved|disease_phrase
Original Image/Black Spot/Black_Spot (744).jpg,,leaves,,,ambiguous,plant_unknown,unresolved|disease_phrase
Original Image/Black Spot/Black_Spot (745).jpg,,leaves,,,ambiguous,plant_unknown,unresolved|disease_phrase
Original Image/Black Spot/Black_Spot (746).jpg,,leaves,,,ambiguous,plant_unknown,unresolved|disease_phrase
Original Image/Black Spot/Black_Spot (747).jpg,,leaves,,,ambiguous,plant_unknown,unresolved|disease_phrase
Original Image/Black Spot/Black_Spot (748).jpg,,leaves,,,ambiguous,plant_unknown,unresolved|disease_phrase
Original Image/Black Spot/Black_Spot (749).jpg,,leaves,,,ambiguous,plant_unknown,unresolved|disease_phrase
Original Image/Black Spot/Black_Spot (75).jpg,,leaves,,,ambiguous,plant_unknown,unresolved|disease_phrase
Original Image/Black Spot/Black_Spot (750).jpg,,leaves,,,ambiguous,plant_unknown,unresolved|disease_phrase
Original Image/Black Spot/Black_Spot (751).jpg,,leaves,,,ambiguous,plant_unknown,unresolved|disease_phrase
Original Image/Black Spot/Black_Spot (752).jpg,,leaves,,,ambiguous,plant_unknown,unresolved|disease_phrase
Original Image/Black Spot/Black_Spot (753).jpg,,leaves,,,ambiguous,plant_unknown,unresolved|disease_phrase
Original Image/Black Spot/Black_Spot (754).jpg,,leaves,,,ambiguous,plant_unknown,unresolved|disease_phrase
Original Image/Black Spot/Black_Spot (755).jpg,,leaves,,,ambiguous,plant_unknown,unresolved|disease_phrase
Original Image/Black Spot/Black_Spot (756).jpg,,leaves,,,ambiguous,plant_unknown,unresolved|disease_phrase
Original Image/Black Spot/Black_Spot (757).jpg,,leaves,,,ambiguous,plant_unknown,unresolved|disease_phrase
Original Image/Black Spot/Black_Spot (758).jpg,,leaves,,,ambiguous,plant_unknown,unresolved|disease_phrase
Original Image/Black Spot/Black_Spot (759).jpg,,leaves,,,ambiguous,plant_unknown,unresolved|disease_phrase
Original Image/Black Spot/Black_Spot (76).jpg,,leaves,,,ambiguous,plant_unknown,unresolved|disease_phrase
Original Image/Black Spot/Black_Spot (760).jpg,,leaves,,,ambiguous,plant_unknown,unresolved|disease_phrase
Original Image/Black Spot/Black_Spot (761).jpg,,leaves,,,ambiguous,plant_unknown,unresolved|disease_phrase
Original Image/Black Spot/Black_Spot (762).jpg,,leaves,,,ambiguous,plant_unknown,unresolved|disease_phrase
Original Image/Black Spot/Black_Spot (763).jpg,,leaves,,,ambiguous,plant_unknown,unresolved|disease_phrase
Original Image/Black Spot/Black_Spot (764).jpg,,leaves,,,ambiguous,plant_unknown,unresolved|disease_phrase
Original Image/Black Spot/Black_Spot (765).jpg,,leaves,,,ambiguous,plant_unknown,unresolved|disease_phrase
Original Image/Black Spot/Black_Spot (766).jpg,,leaves,,,ambiguous,plant_unknown,unresolved|disease_phrase
Original Image/Black Spot/Black_Spot (767).jpg,,leaves,,,ambiguous,plant_unknown,unresolved|disease_phrase
Original Image/Black Spot/Black_Spot (768).jpg,,leaves,,,ambiguous,plant_unknown,unresolved|disease_phrase
Original Image/Black Spot/Black_Spot (769).jpg,,leaves,,,ambiguous,plant_unknown,unresolved|disease_phrase
Original Image/Black Spot/Black_Spot (77).jpg,,leaves,,,ambiguous,plant_unknown,unresolved|disease_phrase
Original Image/Black Spot/Black_Spot (770).jpg,,leaves,,,ambiguous,plant_unknown,unresolved|disease_phrase
Original Image/Black Spot/Black_Spot (771).jpg,,leaves,,,ambiguous,plant_unknown,unresolved|disease_phrase
Original Image/Black Spot/Black_Spot (772).jpg,,leaves,,,ambiguous,plant_unknown,unresolved|disease_phrase
Original Image/Black Spot/Black_Spot (773).jpg,,leaves,,,ambiguous,plant_unknown,unresolved|disease_phrase
Original Image/Black Spot/Black_Spot (774).jpg,,leaves,,,ambiguous,plant_unknown,unresolved|disease_phrase
Original Image/Black Spot/Black_Spot (775).jpg,,leaves,,,ambiguous,plant_unknown,unresolved|disease_phrase
Original Image/Black Spot/Black_Spot (776).jpg,,leaves,,,ambiguous,plant_unknown,unresolved|disease_phrase
Original Image/Black Spot/Black_Spot (777).jpg,,leaves,,,ambiguous,plant_unknown,unresolved|disease_phrase
Original Image/Black Spot/Black_Spot (778).jpg,,leaves,,,ambiguous,plant_unknown,unresolved|disease_phrase
Original Image/Black Spot/Black_Spot (779).jpg,,leaves,,,ambiguous,plant_unknown,unresolved|disease_phrase
Original Image/Black Spot/Black_Spot (78).jpg,,leaves,,,ambiguous,plant_unknown,unresolved|disease_phrase
Original Image/Black Spot/Black_Spot (780).jpg,,leaves,,,ambiguous,plant_unknown,unresolved|disease_phrase
Original Image/Black Spot/Black_Spot (781).jpg,,leaves,,,ambiguous,plant_unknown,unresolved|disease_phrase
Original Image/Black Spot/Black_Spot (782).jpg,,leaves,,,ambiguous,plant_unknown,unresolved|disease_phrase
Original Image/Black Spot/Black_Spot (783).jpg,,leaves,,,ambiguous,plant_unknown,unresolved|disease_phrase
Original Image/Black Spot/Black_Spot (784).jpg,,leaves,,,ambiguous,plant_unknown,unresolved|disease_phrase
Original Image/Black Spot/Black_Spot (785).jpg,,leaves,,,ambiguous,plant_unknown,unresolved|disease_phrase
Original Image/Black Spot/Black_Spot (786).jpg,,leaves,,,ambiguous,plant_unknown,unresolved|disease_phrase
Original Image/Black Spot/Black_Spot (787).jpg,,leaves,,,ambiguous,plant_unknown,unresolved|disease_phrase
Original Image/Black Spot/Black_Spot (788).jpg,,leaves,,,ambiguous,plant_unknown,unresolved|disease_phrase
Original Image/Black Spot/Black_Spot (789).jpg,,leaves,,,ambiguous,plant_unknown,unresolved|disease_phrase
Original Image/Black Spot/Black_Spot (79).jpg,,leaves,,,ambiguous,plant_unknown,unresolved|disease_phrase
Original Image/Black Spot/Black_Spot (790).jpg,,leaves,,,ambiguous,plant_unknown,unresolved|disease_phrase
Original Image/Black Spot/Black_Spot (791).jpg,,leaves,,,ambiguous,plant_unknown,unresolved|disease_phrase
Original Image/Black Spot/Black_Spot (792).jpg,,leaves,,,ambiguous,plant_unknown,unresolved|disease_phrase
Original Image/Black Spot/Black_Spot (793).jpg,,leaves,,,ambiguous,plant_unknown,unresolved|disease_phrase
Original Image/Black Spot/Black_Spot (794).jpg,,leaves,,,ambiguous,plant_unknown,unresolved|disease_phrase
Original Image/Black Spot/Black_Spot (795).jpg,,leaves,,,ambiguous,plant_unknown,unresolved|disease_phrase
Original Image/Black Spot/Black_Spot (796).jpg,,leaves,,,ambiguous,plant_unknown,unresolved|disease_phrase
Original Image/Black Spot/Black_Spot (797).jpg,,leaves,,,ambiguous,plant_unknown,unresolved|disease_phrase
Original Image/Black Spot/Black_Spot (798).jpg,,leaves,,,ambiguous,plant_unknown,unresolved|disease_phrase
Original Image/Black Spot/Black_Spot (799).jpg,,leaves,,,ambiguous,plant_unknown,unresolved|disease_phrase
Original Image/Black Spot/Black_Spot (8).jpg,,leaves,,,ambiguous,plant_unknown,unresolved|disease_phrase
Original Image/Black Spot/Black_Spot (80).jpg,,leaves,,,ambiguous,plant_unknown,unresolved|disease_phrase
Original Image/Black Spot/Black_Spot (800).jpg,,leaves,,,ambiguous,plant_unknown,unresolved|disease_phrase
Original Image/Black Spot/Black_Spot (801).jpg,,leaves,,,ambiguous,plant_unknown,unresolved|disease_phrase
Original Image/Black Spot/Black_Spot (802).jpg,,leaves,,,ambiguous,plant_unknown,unresolved|disease_phrase
Original Image/Black Spot/Black_Spot (803).jpg,,leaves,,,ambiguous,plant_unknown,unresolved|disease_phrase
Original Image/Black Spot/Black_Spot (804).jpg,,leaves,,,ambiguous,plant_unknown,unresolved|disease_phrase
Original Image/Black Spot/Black_Spot (805).jpg,,leaves,,,ambiguous,plant_unknown,unresolved|disease_phrase
Original Image/Black Spot/Black_Spot (806).jpg,,leaves,,,ambiguous,plant_unknown,unresolved|disease_phrase
Original Image/Black Spot/Black_Spot (807).jpg,,leaves,,,ambiguous,plant_unknown,unresolved|disease_phrase
Original Image/Black Spot/Black_Spot (808).jpg,,leaves,,,ambiguous,plant_unknown,unresolved|disease_phrase
Original Image/Black Spot/Black_Spot (809).jpg,,leaves,,,ambiguous,plant_unknown,unresolved|disease_phrase
Original Image/Black Spot/Black_Spot (81).jpg,,leaves,,,ambiguous,plant_unknown,unresolved|disease_phrase
Original Image/Black Spot/Black_Spot (810).jpg,,leaves,,,ambiguous,plant_unknown,unresolved|disease_phrase
Original Image/Black Spot/Black_Spot (811).jpg,,leaves,,,ambiguous,plant_unknown,unresolved|disease_phrase
Original Image/Black Spot/Black_Spot (812).jpg,,leaves,,,ambiguous,plant_unknown,unresolved|disease_phrase
Original Image/Black Spot/Black_Spot (813).jpg,,leaves,,,ambiguous,plant_unknown,unresolved|disease_phrase
Original Image/Black Spot/Black_Spot (814).jpg,,leaves,,,ambiguous,plant_unknown,unresolved|disease_phrase
Original Image/Black Spot/Black_Spot (815).jpg,,leaves,,,ambiguous,plant_unknown,unresolved|disease_phrase
Original Image/Black Spot/Black_Spot (816).jpg,,leaves,,,ambiguous,plant_unknown,unresolved|disease_phrase
Original Image/Black Spot/Black_Spot (817).jpg,,leaves,,,ambiguous,plant_unknown,unresolved|disease_phrase
Original Image/Black Spot/Black_Spot (818).jpg,,leaves,,,ambiguous,plant_unknown,unresolved|disease_phrase
Original Image/Black Spot/Black_Spot (819).jpg,,leaves,,,ambiguous,plant_unknown,unresolved|disease_phrase
Original Image/Black Spot/Black_Spot (82).jpg,,leaves,,,ambiguous,plant_unknown,unresolved|disease_phrase
Original Image/Black Spot/Black_Spot (820).jpg,,leaves,,,ambiguous,plant_unknown,unresolved|disease_phrase
Original Image/Black Spot/Black_Spot (821).jpg,,leaves,,,ambiguous,plant_unknown,unresolved|disease_phrase
Original Image/Black Spot/Black_Spot (822).jpg,,leaves,,,ambiguous,plant_unknown,unresolved|disease_phrase
Original Image/Black Spot/Black_Spot (823).jpg,,leaves,,,ambiguous,plant_unknown,unresolved|disease_phrase
Original Image/Black Spot/Black_Spot (824).jpg,,leaves,,,ambiguous,plant_unknown,unresolved|disease_phrase
Original Image/Black Spot/Black_Spot (825).jpg,,leaves,,,ambiguous,plant_unknown,unresolved|disease_phrase
Original Image/Black Spot/Black_Spot (826).jpg,,leaves,,,ambiguous,plant_unknown,unresolved|disease_phrase
Original Image/Black Spot/Black_Spot (827).jpg,,leaves,,,ambiguous,plant_unknown,unresolved|disease_phrase
Original Image/Black Spot/Black_Spot (828).jpg,,leaves,,,ambiguous,plant_unknown,unresolved|disease_phrase
Original Image/Black Spot/Black_Spot (829).jpg,,leaves,,,ambiguous,plant_unknown,unresolved|disease_phrase
Original Image/Black Spot/Black_Spot (83).jpg,,leaves,,,ambiguous,plant_unknown,unresolved|disease_phrase
Original Image/Black Spot/Black_Spot (830).jpg,,leaves,,,ambiguous,plant_unknown,unresolved|disease_phrase
Original Image/Black Spot/Black_Spot (831).jpg,,leaves,,,ambiguous,plant_unknown,unresolved|disease_phrase
Original Image/Black Spot/Black_Spot (832).jpg,,leaves,,,ambiguous,plant_unknown,unresolved|disease_phrase
Original Image/Black Spot/Black_Spot (833).jpg,,leaves,,,ambiguous,plant_unknown,unresolved|disease_phrase
Original Image/Black Spot/Black_Spot (834).jpg,,leaves,,,ambiguous,plant_unknown,unresolved|disease_phrase
Original Image/Black Spot/Black_Spot (835).jpg,,leaves,,,ambiguous,plant_unknown,unresolved|disease_phrase
Original Image/Black Spot/Black_Spot (836).jpg,,leaves,,,ambiguous,plant_unknown,unresolved|disease_phrase
Original Image/Black Spot/Black_Spot (837).jpg,,leaves,,,ambiguous,plant_unknown,unresolved|disease_phrase
Original Image/Black Spot/Black_Spot (838).jpg,,leaves,,,ambiguous,plant_unknown,unresolved|disease_phrase
Original Image/Black Spot/Black_Spot (839).jpg,,leaves,,,ambiguous,plant_unknown,unresolved|disease_phrase
Original Image/Black Spot/Black_Spot (84).jpg,,leaves,,,ambiguous,plant_unknown,unresolved|disease_phrase
Original Image/Black Spot/Black_Spot (840).jpg,,leaves,,,ambiguous,plant_unknown,unresolved|disease_phrase
Original Image/Black Spot/Black_Spot (841).jpg,,leaves,,,ambiguous,plant_unknown,unresolved|disease_phrase
Original Image/Black Spot/Black_Spot (842).jpg,,leaves,,,ambiguous,plant_unknown,unresolved|disease_phrase
Original Image/Black Spot/Black_Spot (843).jpg,,leaves,,,ambiguous,plant_unknown,unresolved|disease_phrase
Original Image/Black Spot/Black_Spot (844).jpg,,leaves,,,ambiguous,plant_unknown,unresolved|disease_phrase
Original Image/Black Spot/Black_Spot (845).jpg,,leaves,,,ambiguous,plant_unknown,unresolved|disease_phrase
Original Image/Black Spot/Black_Spot (846).jpg,,leaves,,,ambiguous,plant_unknown,unresolved|disease_phrase
Original Image/Black Spot/Black_Spot (847).jpg,,leaves,,,ambiguous,plant_unknown,unresolved|disease_phrase
Original Image/Black Spot/Black_Spot (848).jpg,,leaves,,,ambiguous,plant_unknown,unresolved|disease_phrase
Original Image/Black Spot/Black_Spot (849).jpg,,leaves,,,ambiguous,plant_unknown,unresolved|disease_phrase
Original Image/Black Spot/Black_Spot (85).jpg,,leaves,,,ambiguous,plant_unknown,unresolved|disease_phrase
Original Image/Black Spot/Black_Spot (850).jpg,,leaves,,,ambiguous,plant_unknown,unresolved|disease_phrase
Original Image/Black Spot/Black_Spot (851).jpg,,leaves,,,ambiguous,plant_unknown,unresolved|disease_phrase
Original Image/Black Spot/Black_Spot (852).jpg,,leaves,,,ambiguous,plant_unknown,unresolved|disease_phrase
Original Image/Black Spot/Black_Spot (853).jpg,,leaves,,,ambiguous,plant_unknown,unresolved|disease_phrase
Original Image/Black Spot/Black_Spot (854).jpg,,leaves,,,ambiguous,plant_unknown,unresolved|disease_phrase
Original Image/Black Spot/Black_Spot (855).jpg,,leaves,,,ambiguous,plant_unknown,unresolved|disease_phrase
Original Image/Black Spot/Black_Spot (856).jpg,,leaves,,,ambiguous,plant_unknown,unresolved|disease_phrase
Original Image/Black Spot/Black_Spot (857).jpg,,leaves,,,ambiguous,plant_unknown,unresolved|disease_phrase
Original Image/Black Spot/Black_Spot (858).jpg,,leaves,,,ambiguous,plant_unknown,unresolved|disease_phrase
Original Image/Black Spot/Black_Spot (859).jpg,,leaves,,,ambiguous,plant_unknown,unresolved|disease_phrase
Original Image/Black Spot/Black_Spot (86).jpg,,leaves,,,ambiguous,plant_unknown,unresolved|disease_phrase
Original Image/Black Spot/Black_Spot (860).jpg,,leaves,,,ambiguous,plant_unknown,unresolved|disease_phrase
Original Image/Black Spot/Black_Spot (861).jpg,,leaves,,,ambiguous,plant_unknown,unresolved|disease_phrase
Original Image/Black Spot/Black_Spot (862).jpg,,leaves,,,ambiguous,plant_unknown,unresolved|disease_phrase
Original Image/Black Spot/Black_Spot (863).jpg,,leaves,,,ambiguous,plant_unknown,unresolved|disease_phrase
Original Image/Black Spot/Black_Spot (864).jpg,,leaves,,,ambiguous,plant_unknown,unresolved|disease_phrase
Original Image/Black Spot/Black_Spot (865).jpg,,leaves,,,ambiguous,plant_unknown,unresolved|disease_phrase
Original Image/Black Spot/Black_Spot (866).jpg,,leaves,,,ambiguous,plant_unknown,unresolved|disease_phrase
Original Image/Black Spot/Black_Spot (867).jpg,,leaves,,,ambiguous,plant_unknown,unresolved|disease_phrase
Original Image/Black Spot/Black_Spot (868).jpg,,leaves,,,ambiguous,plant_unknown,unresolved|disease_phrase
Original Image/Black Spot/Black_Spot (869).jpg,,leaves,,,ambiguous,plant_unknown,unresolved|disease_phrase
Original Image/Black Spot/Black_Spot (87).jpg,,leaves,,,ambiguous,plant_unknown,unresolved|disease_phrase
Original Image/Black Spot/Black_Spot (870).jpg,,leaves,,,ambiguous,plant_unknown,unresolved|disease_phrase
Original Image/Black Spot/Black_Spot (871).jpg,,leaves,,,ambiguous,plant_unknown,unresolved|disease_phrase
Original Image/Black Spot/Black_Spot (872).jpg,,leaves,,,ambiguous,plant_unknown,unresolved|disease_phrase
Original Image/Black Spot/Black_Spot (873).jpg,,leaves,,,ambiguous,plant_unknown,unresolved|disease_phrase
Original Image/Black Spot/Black_Spot (874).jpg,,leaves,,,ambiguous,plant_unknown,unresolved|disease_phrase
Original Image/Black Spot/Black_Spot (875).jpg,,leaves,,,ambiguous,plant_unknown,unresolved|disease_phrase
Original Image/Black Spot/Black_Spot (876).jpg,,leaves,,,ambiguous,plant_unknown,unresolved|disease_phrase
Original Image/Black Spot/Black_Spot (877).jpg,,leaves,,,ambiguous,plant_unknown,unresolved|disease_phrase
Original Image/Black Spot/Black_Spot (878).jpg,,leaves,,,ambiguous,plant_unknown,unresolved|disease_phrase
Original Image/Black Spot/Black_Spot (879).jpg,,leaves,,,ambiguous,plant_unknown,unresolved|disease_phrase
Original Image/Black Spot/Black_Spot (88).jpg,,leaves,,,ambiguous,plant_unknown,unresolved|disease_phrase
Original Image/Black Spot/Black_Spot (880).jpg,,leaves,,,ambiguous,plant_unknown,unresolved|disease_phrase
Original Image/Black Spot/Black_Spot (881).jpg,,leaves,,,ambiguous,plant_unknown,unresolved|disease_phrase
Original Image/Black Spot/Black_Spot (882).jpg,,leaves,,,ambiguous,plant_unknown,unresolved|disease_phrase
Original Image/Black Spot/Black_Spot (883).jpg,,leaves,,,ambiguous,plant_unknown,unresolved|disease_phrase
Original Image/Black Spot/Black_Spot (884).jpg,,leaves,,,ambiguous,plant_unknown,unresolved|disease_phrase
Original Image/Black Spot/Black_Spot (885).jpg,,leaves,,,ambiguous,plant_unknown,unresolved|disease_phrase
Original Image/Black Spot/Black_Spot (886).jpg,,leaves,,,ambiguous,plant_unknown,unresolved|disease_phrase
Original Image/Black Spot/Black_Spot (887).jpg,,leaves,,,ambiguous,plant_unknown,unresolved|disease_phrase
Original Image/Black Spot/Black_Spot (888).jpg,,leaves,,,ambiguous,plant_unknown,unresolved|disease_phrase
Original Image/Black Spot/Black_Spot (889).jpg,,leaves,,,ambiguous,plant_unknown,unresolved|disease_phrase
Original Image/Black Spot/Black_Spot (89).jpg,,leaves,,,ambiguous,plant_unknown,unresolved|disease_phrase
Original Image/Black Spot/Black_Spot (890).jpg,,leaves,,,ambiguous,plant_unknown,unresolved|disease_phrase
Original Image/Black Spot/Black_Spot (891).jpg,,leaves,,,ambiguous,plant_unknown,unresolved|disease_phrase
Original Image/Black Spot/Black_Spot (892).jpg,,leaves,,,ambiguous,plant_unknown,unresolved|disease_phrase
Original Image/Black Spot/Black_Spot (893).jpg,,leaves,,,ambiguous,plant_unknown,unresolved|disease_phrase
Original Image/Black Spot/Black_Spot (894).jpg,,leaves,,,ambiguous,plant_unknown,unresolved|disease_phrase
Original Image/Black Spot/Black_Spot (895).jpg,,leaves,,,ambiguous,plant_unknown,unresolved|disease_phrase
Original Image/Black Spot/Black_Spot (896).jpg,,leaves,,,ambiguous,plant_unknown,unresolved|disease_phrase
Original Image/Black Spot/Black_Spot (897).jpg,,leaves,,,ambiguous,plant_unknown,unresolved|disease_phrase
Original Image/Black Spot/Black_Spot (898).jpg,,leaves,,,ambiguous,plant_unknown,unresolved|disease_phrase
Original Image/Black Spot/Black_Spot (899).jpg,,leaves,,,ambiguous,plant_unknown,unresolved|disease_phrase
Original Image/Black Spot/Black_Spot (9).jpg,,leaves,,,ambiguous,plant_unknown,unresolved|disease_phrase
Original Image/Black Spot/Black_Spot (90).jpg,,leaves,,,ambiguous,plant_unknown,unresolved|disease_phrase
Original Image/Black Spot/Black_Spot (900).jpg,,leaves,,,ambiguous,plant_unknown,unresolved|disease_phrase
Original Image/Black Spot/Black_Spot (901).jpg,,leaves,,,ambiguous,plant_unknown,unresolved|disease_phrase
Original Image/Black Spot/Black_Spot (902).jpg,,leaves,,,ambiguous,plant_unknown,unresolved|disease_phrase
Original Image/Black Spot/Black_Spot (903).jpg,,leaves,,,ambiguous,plant_unknown,unresolved|disease_phrase
Original Image/Black Spot/Black_Spot (904).jpg,,leaves,,,ambiguous,plant_unknown,unresolved|disease_phrase
Original Image/Black Spot/Black_Spot (905).jpg,,leaves,,,ambiguous,plant_unknown,unresolved|disease_phrase
Original Image/Black Spot/Black_Spot (906).jpg,,leaves,,,ambiguous,plant_unknown,unresolved|disease_phrase
Original Image/Black Spot/Black_Spot (907).jpg,,leaves,,,ambiguous,plant_unknown,unresolved|disease_phrase
Original Image/Black Spot/Black_Spot (908).jpg,,leaves,,,ambiguous,plant_unknown,unresolved|disease_phrase
Original Image/Black Spot/Black_Spot (909).jpg,,leaves,,,ambiguous,plant_unknown,unresolved|disease_phrase
Original Image/Black Spot/Black_Spot (91).jpg,,leaves,,,ambiguous,plant_unknown,unresolved|disease_phrase
Original Image/Black Spot/Black_Spot (910).jpg,,leaves,,,ambiguous,plant_unknown,unresolved|disease_phrase
Original Image/Black Spot/Black_Spot (911).jpg,,leaves,,,ambiguous,plant_unknown,unresolved|disease_phrase
Original Image/Black Spot/Black_Spot (912).jpg,,leaves,,,ambiguous,plant_unknown,unresolved|disease_phrase
Original Image/Black Spot/Black_Spot (913).jpg,,leaves,,,ambiguous,plant_unknown,unresolved|disease_phrase
Original Image/Black Spot/Black_Spot (914).jpg,,leaves,,,ambiguous,plant_unknown,unresolved|disease_phrase
Original Image/Black Spot/Black_Spot (915).jpg,,leaves,,,ambiguous,plant_unknown,unresolved|disease_phrase
Original Image/Black Spot/Black_Spot (916).jpg,,leaves,,,ambiguous,plant_unknown,unresolved|disease_phrase
Original Image/Black Spot/Black_Spot (917).jpg,,leaves,,,ambiguous,plant_unknown,unresolved|disease_phrase
Original Image/Black Spot/Black_Spot (918).jpg,,leaves,,,ambiguous,plant_unknown,unresolved|disease_phrase
Original Image/Black Spot/Black_Spot (919).jpg,,leaves,,,ambiguous,plant_unknown,unresolved|disease_phrase
Original Image/Black Spot/Black_Spot (92).jpg,,leaves,,,ambiguous,plant_unknown,unresolved|disease_phrase
Original Image/Black Spot/Black_Spot (920).jpg,,leaves,,,ambiguous,plant_unknown,unresolved|disease_phrase
Original Image/Black Spot/Black_Spot (921).jpg,,leaves,,,ambiguous,plant_unknown,unresolved|disease_phrase
Original Image/Black Spot/Black_Spot (922).jpg,,leaves,,,ambiguous,plant_unknown,unresolved|disease_phrase
Original Image/Black Spot/Black_Spot (923).jpg,,leaves,,,ambiguous,plant_unknown,unresolved|disease_phrase
Original Image/Black Spot/Black_Spot (924).jpg,,leaves,,,ambiguous,plant_unknown,unresolved|disease_phrase
Original Image/Black Spot/Black_Spot (925).jpg,,leaves,,,ambiguous,plant_unknown,unresolved|disease_phrase
Original Image/Black Spot/Black_Spot (926).jpg,,leaves,,,ambiguous,plant_unknown,unresolved|disease_phrase
Original Image/Black Spot/Black_Spot (927).jpg,,leaves,,,ambiguous,plant_unknown,unresolved|disease_phrase
Original Image/Black Spot/Black_Spot (928).jpg,,leaves,,,ambiguous,plant_unknown,unresolved|disease_phrase
Original Image/Black Spot/Black_Spot (929).jpg,,leaves,,,ambiguous,plant_unknown,unresolved|disease_phrase
Original Image/Black Spot/Black_Spot (93).jpg,,leaves,,,ambiguous,plant_unknown,unresolved|disease_phrase
Original Image/Black Spot/Black_Spot (930).jpg,,leaves,,,ambiguous,plant_unknown,unresolved|disease_phrase
Original Image/Black Spot/Black_Spot (931).jpg,,leaves,,,ambiguous,plant_unknown,unresolved|disease_phrase
Original Image/Black Spot/Black_Spot (932).jpg,,leaves,,,ambiguous,plant_unknown,unresolved|disease_phrase
Original Image/Black Spot/Black_Spot (933).jpg,,leaves,,,ambiguous,plant_unknown,unresolved|disease_phrase
Original Image/Black Spot/Black_Spot (934).jpg,,leaves,,,ambiguous,plant_unknown,unresolved|disease_phrase
Original Image/Black Spot/Black_Spot (935).jpg,,leaves,,,ambiguous,plant_unknown,unresolved|disease_phrase
Original Image/Black Spot/Black_Spot (936).jpg,,leaves,,,ambiguous,plant_unknown,unresolved|disease_phrase
Original Image/Black Spot/Black_Spot (937).jpg,,leaves,,,ambiguous,plant_unknown,unresolved|disease_phrase
Original Image/Black Spot/Black_Spot (938).jpg,,leaves,,,ambiguous,plant_unknown,unresolved|disease_phrase
Original Image/Black Spot/Black_Spot (939).jpg,,leaves,,,ambiguous,plant_unknown,unresolved|disease_phrase
Original Image/Black Spot/Black_Spot (94).jpg,,leaves,,,ambiguous,plant_unknown,unresolved|disease_phrase
Original Image/Black Spot/Black_Spot (940).jpg,,leaves,,,ambiguous,plant_unknown,unresolved|disease_phrase
Original Image/Black Spot/Black_Spot (941).jpg,,leaves,,,ambiguous,plant_unknown,unresolved|disease_phrase
Original Image/Black Spot/Black_Spot (942).jpg,,leaves,,,ambiguous,plant_unknown,unresolved|disease_phrase
Original Image/Black Spot/Black_Spot (943).jpg,,leaves,,,ambiguous,plant_unknown,unresolved|disease_phrase
Original Image/Black Spot/Black_Spot (944).jpg,,leaves,,,ambiguous,plant_unknown,unresolved|disease_phrase
Original Image/Black Spot/Black_Spot (945).jpg,,leaves,,,ambiguous,plant_unknown,unresolved|disease_phrase
Original Image/Black Spot/Black_Spot (946).jpg,,leaves,,,ambiguous,plant_unknown,unresolved|disease_phrase
Original Image/Black Spot/Black_Spot (947).jpg,,leaves,,,ambiguous,plant_unknown,unresolved|disease_phrase
Original Image/Black Spot/Black_Spot (948).jpg,,leaves,,,ambiguous,plant_unknown,unresolved|disease_phrase
Original Image/Black Spot/Black_Spot (949).jpg,,leaves,,,ambiguous,plant_unknown,unresolved|disease_phrase
Original Image/Black Spot/Black_Spot (95).jpg,,leaves,,,ambiguous,plant_unknown,unresolved|disease_phrase
Original Image/Black Spot/Black_Spot (950).jpg,,leaves,,,ambiguous,plant_unknown,unresolved|disease_phrase
Original Image/Black Spot/Black_Spot (951).jpg,,leaves,,,ambiguous,plant_unknown,unresolved|disease_phrase
Original Image/Black Spot/Black_Spot (952).jpg,,leaves,,,ambiguous,plant_unknown,unresolved|disease_phrase
Original Image/Black Spot/Black_Spot (953).jpg,,leaves,,,ambiguous,plant_unknown,unresolved|disease_phrase
Original Image/Black Spot/Black_Spot (954).jpg,,leaves,,,ambiguous,plant_unknown,unresolved|disease_phrase
Original Image/Black Spot/Black_Spot (955).jpg,,leaves,,,ambiguous,plant_unknown,unresolved|disease_phrase
Original Image/Black Spot/Black_Spot (956).jpg,,leaves,,,ambiguous,plant_unknown,unresolved|disease_phrase
Original Image/Black Spot/Black_Spot (957).jpg,,leaves,,,ambiguous,plant_unknown,unresolved|disease_phrase
Original Image/Black Spot/Black_Spot (958).jpg,,leaves,,,ambiguous,plant_unknown,unresolved|disease_phrase
Original Image/Black Spot/Black_Spot (959).jpg,,leaves,,,ambiguous,plant_unknown,unresolved|disease_phrase
Original Image/Black Spot/Black_Spot (96).jpg,,leaves,,,ambiguous,plant_unknown,unresolved|disease_phrase
Original Image/Black Spot/Black_Spot (960).jpg,,leaves,,,ambiguous,plant_unknown,unresolved|disease_phrase
Original Image/Black Spot/Black_Spot (961).jpg,,leaves,,,ambiguous,plant_unknown,unresolved|disease_phrase
Original Image/Black Spot/Black_Spot (962).jpg,,leaves,,,ambiguous,plant_unknown,unresolved|disease_phrase
Original Image/Black Spot/Black_Spot (963).jpg,,leaves,,,ambiguous,plant_unknown,unresolved|disease_phrase
Original Image/Black Spot/Black_Spot (964).jpg,,leaves,,,ambiguous,plant_unknown,unresolved|disease_phrase
Original Image/Black Spot/Black_Spot (965).jpg,,leaves,,,ambiguous,plant_unknown,unresolved|disease_phrase
Original Image/Black Spot/Black_Spot (966).jpg,,leaves,,,ambiguous,plant_unknown,unresolved|disease_phrase
Original Image/Black Spot/Black_Spot (967).jpg,,leaves,,,ambiguous,plant_unknown,unresolved|disease_phrase
Original Image/Black Spot/Black_Spot (968).jpg,,leaves,,,ambiguous,plant_unknown,unresolved|disease_phrase
Original Image/Black Spot/Black_Spot (969).jpg,,leaves,,,ambiguous,plant_unknown,unresolved|disease_phrase
Original Image/Black Spot/Black_Spot (97).jpg,,leaves,,,ambiguous,plant_unknown,unresolved|disease_phrase
Original Image/Black Spot/Black_Spot (970).jpg,,leaves,,,ambiguous,plant_unknown,unresolved|disease_phrase
Original Image/Black Spot/Black_Spot (971).jpg,,leaves,,,ambiguous,plant_unknown,unresolved|disease_phrase
Original Image/Black Spot/Black_Spot (972).jpg,,leaves,,,ambiguous,plant_unknown,unresolved|disease_phrase
Original Image/Black Spot/Black_Spot (973).jpg,,leaves,,,ambiguous,plant_unknown,unresolved|disease_phrase
Original Image/Black Spot/Black_Spot (974).jpg,,leaves,,,ambiguous,plant_unknown,unresolved|disease_phrase
Original Image/Black Spot/Black_Spot (975).jpg,,leaves,,,ambiguous,plant_unknown,unresolved|disease_phrase
Original Image/Black Spot/Black_Spot (976).jpg,,leaves,,,ambiguous,plant_unknown,unresolved|disease_phrase
Original Image/Black Spot/Black_Spot (977).jpg,,leaves,,,ambiguous,plant_unknown,unresolved|disease_phrase
Original Image/Black Spot/Black_Spot (978).jpg,,leaves,,,ambiguous,plant_unknown,unresolved|disease_phrase
Original Image/Black Spot/Black_Spot (979).jpg,,leaves,,,ambiguous,plant_unknown,unresolved|disease_phrase
Original Image/Black Spot/Black_Spot (98).jpg,,leaves,,,ambiguous,plant_unknown,unresolved|disease_phrase
Original Image/Black Spot/Black_Spot (980).jpg,,leaves,,,ambiguous,plant_unknown,unresolved|disease_phrase
Original Image/Black Spot/Black_Spot (981).jpg,,leaves,,,ambiguous,plant_unknown,unresolved|disease_phrase
Original Image/Black Spot/Black_Spot (982).jpg,,leaves,,,ambiguous,plant_unknown,unresolved|disease_phrase
Original Image/Black Spot/Black_Spot (983).jpg,,leaves,,,ambiguous,plant_unknown,unresolved|disease_phrase
Original Image/Black Spot/Black_Spot (984).jpg,,leaves,,,ambiguous,plant_unknown,unresolved|disease_phrase
Original Image/Black Spot/Black_Spot (985).jpg,,leaves,,,ambiguous,plant_unknown,unresolved|disease_phrase
Original Image/Black Spot/Black_Spot (986).jpg,,leaves,,,ambiguous,plant_unknown,unresolved|disease_phrase
Original Image/Black Spot/Black_Spot (987).jpg,,leaves,,,ambiguous,plant_unknown,unresolved|disease_phrase
Original Image/Black Spot/Black_Spot (988).jpg,,leaves,,,ambiguous,plant_unknown,unresolved|disease_phrase
Original Image/Black Spot/Black_Spot (989).jpg,,leaves,,,ambiguous,plant_unknown,unresolved|disease_phrase
Original Image/Black Spot/Black_Spot (99).jpg,,leaves,,,ambiguous,plant_unknown,unresolved|disease_phrase
Original Image/Black Spot/Black_Spot (990).jpg,,leaves,,,ambiguous,plant_unknown,unresolved|disease_phrase
Original Image/Black Spot/Black_Spot (991).jpg,,leaves,,,ambiguous,plant_unknown,unresolved|disease_phrase
Original Image/Black Spot/Black_Spot (992).jpg,,leaves,,,ambiguous,plant_unknown,unresolved|disease_phrase
Original Image/Black Spot/Black_Spot (993).jpg,,leaves,,,ambiguous,plant_unknown,unresolved|disease_phrase
Original Image/Black Spot/Black_Spot (994).jpg,,leaves,,,ambiguous,plant_unknown,unresolved|disease_phrase
Original Image/Black Spot/Black_Spot (995).jpg,,leaves,,,ambiguous,plant_unknown,unresolved|disease_phrase
Original Image/Black Spot/Black_Spot (996).jpg,,leaves,,,ambiguous,plant_unknown,unresolved|disease_phrase
Original Image/Black Spot/Black_Spot (997).jpg,,leaves,,,ambiguous,plant_unknown,unresolved|disease_phrase
Original Image/Black Spot/Black_Spot (998).jpg,,leaves,,,ambiguous,plant_unknown,unresolved|disease_phrase
Original Image/Black Spot/Black_Spot (999).jpg,,leaves,,,ambiguous,plant_unknown,unresolved|disease_phrase
Original Image/Dry Leaf/Dry_Leaf (1).jpg,,leaves,,,ambiguous,plant_unknown,unresolved|folder_keyword
Original Image/Dry Leaf/Dry_Leaf (10).jpg,,leaves,,,ambiguous,plant_unknown,unresolved|folder_keyword
Original Image/Dry Leaf/Dry_Leaf (100).jpg,,leaves,,,ambiguous,plant_unknown,unresolved|folder_keyword
Original Image/Dry Leaf/Dry_Leaf (101).jpg,,leaves,,,ambiguous,plant_unknown,unresolved|folder_keyword
Original Image/Dry Leaf/Dry_Leaf (102).jpg,,leaves,,,ambiguous,plant_unknown,unresolved|folder_keyword
Original Image/Dry Leaf/Dry_Leaf (103).jpg,,leaves,,,ambiguous,plant_unknown,unresolved|folder_keyword
Original Image/Dry Leaf/Dry_Leaf (104).jpg,,leaves,,,ambiguous,plant_unknown,unresolved|folder_keyword
Original Image/Dry Leaf/Dry_Leaf (105).jpg,,leaves,,,ambiguous,plant_unknown,unresolved|folder_keyword
Original Image/Dry Leaf/Dry_Leaf (106).jpg,,leaves,,,ambiguous,plant_unknown,unresolved|folder_keyword
Original Image/Dry Leaf/Dry_Leaf (107).jpg,,leaves,,,ambiguous,plant_unknown,unresolved|folder_keyword
Original Image/Dry Leaf/Dry_Leaf (108).jpg,,leaves,,,ambiguous,plant_unknown,unresolved|folder_keyword
Original Image/Dry Leaf/Dry_Leaf (109).jpg,,leaves,,,ambiguous,plant_unknown,unresolved|folder_keyword
Original Image/Dry Leaf/Dry_Leaf (11).jpg,,leaves,,,ambiguous,plant_unknown,unresolved|folder_keyword
Original Image/Dry Leaf/Dry_Leaf (110).jpg,,leaves,,,ambiguous,plant_unknown,unresolved|folder_keyword
Original Image/Dry Leaf/Dry_Leaf (111).jpg,,leaves,,,ambiguous,plant_unknown,unresolved|folder_keyword
Original Image/Dry Leaf/Dry_Leaf (112).jpg,,leaves,,,ambiguous,plant_unknown,unresolved|folder_keyword
Original Image/Dry Leaf/Dry_Leaf (113).jpg,,leaves,,,ambiguous,plant_unknown,unresolved|folder_keyword
Original Image/Dry Leaf/Dry_Leaf (114).jpg,,leaves,,,ambiguous,plant_unknown,unresolved|folder_keyword
Original Image/Dry Leaf/Dry_Leaf (115).jpg,,leaves,,,ambiguous,plant_unknown,unresolved|folder_keyword
Original Image/Dry Leaf/Dry_Leaf (116).jpg,,leaves,,,ambiguous,plant_unknown,unresolved|folder_keyword
Original Image/Dry Leaf/Dry_Leaf (117).jpg,,leaves,,,ambiguous,plant_unknown,unresolved|folder_keyword
Original Image/Dry Leaf/Dry_Leaf (118).jpg,,leaves,,,ambiguous,plant_unknown,unresolved|folder_keyword
Original Image/Dry Leaf/Dry_Leaf (119).jpg,,leaves,,,ambiguous,plant_unknown,unresolved|folder_keyword
Original Image/Dry Leaf/Dry_Leaf (12).jpg,,leaves,,,ambiguous,plant_unknown,unresolved|folder_keyword
Original Image/Dry Leaf/Dry_Leaf (120).jpg,,leaves,,,ambiguous,plant_unknown,unresolved|folder_keyword
Original Image/Dry Leaf/Dry_Leaf (121).jpg,,leaves,,,ambiguous,plant_unknown,unresolved|folder_keyword
Original Image/Dry Leaf/Dry_Leaf (122).jpg,,leaves,,,ambiguous,plant_unknown,unresolved|folder_keyword
Original Image/Dry Leaf/Dry_Leaf (123).jpg,,leaves,,,ambiguous,plant_unknown,unresolved|folder_keyword
Original Image/Dry Leaf/Dry_Leaf (124).jpg,,leaves,,,ambiguous,plant_unknown,unresolved|folder_keyword
Original Image/Dry Leaf/Dry_Leaf (125).jpg,,leaves,,,ambiguous,plant_unknown,unresolved|folder_keyword
Original Image/Dry Leaf/Dry_Leaf (126).jpg,,leaves,,,ambiguous,plant_unknown,unresolved|folder_keyword
Original Image/Dry Leaf/Dry_Leaf (127).jpg,,leaves,,,ambiguous,plant_unknown,unresolved|folder_keyword
Original Image/Dry Leaf/Dry_Leaf (128).jpg,,leaves,,,ambiguous,plant_unknown,unresolved|folder_keyword
Original Image/Dry Leaf/Dry_Leaf (129).jpg,,leaves,,,ambiguous,plant_unknown,unresolved|folder_keyword
Original Image/Dry Leaf/Dry_Leaf (13).jpg,,leaves,,,ambiguous,plant_unknown,unresolved|folder_keyword
Original Image/Dry Leaf/Dry_Leaf (130).jpg,,leaves,,,ambiguous,plant_unknown,unresolved|folder_keyword
Original Image/Dry Leaf/Dry_Leaf (131).jpg,,leaves,,,ambiguous,plant_unknown,unresolved|folder_keyword
Original Image/Dry Leaf/Dry_Leaf (132).jpg,,leaves,,,ambiguous,plant_unknown,unresolved|folder_keyword
Original Image/Dry Leaf/Dry_Leaf (133).jpg,,leaves,,,ambiguous,plant_unknown,unresolved|folder_keyword
Original Image/Dry Leaf/Dry_Leaf (134).jpg,,leaves,,,ambiguous,plant_unknown,unresolved|folder_keyword
Original Image/Dry Leaf/Dry_Leaf (135).jpg,,leaves,,,ambiguous,plant_unknown,unresolved|folder_keyword
Original Image/Dry Leaf/Dry_Leaf (136).jpg,,leaves,,,ambiguous,plant_unknown,unresolved|folder_keyword
Original Image/Dry Leaf/Dry_Leaf (137).jpg,,leaves,,,ambiguous,plant_unknown,unresolved|folder_keyword
Original Image/Dry Leaf/Dry_Leaf (138).jpg,,leaves,,,ambiguous,plant_unknown,unresolved|folder_keyword
Original Image/Dry Leaf/Dry_Leaf (139).jpg,,leaves,,,ambiguous,plant_unknown,unresolved|folder_keyword
Original Image/Dry Leaf/Dry_Leaf (14).jpg,,leaves,,,ambiguous,plant_unknown,unresolved|folder_keyword
Original Image/Dry Leaf/Dry_Leaf (140).jpg,,leaves,,,ambiguous,plant_unknown,unresolved|folder_keyword
Original Image/Dry Leaf/Dry_Leaf (141).jpg,,leaves,,,ambiguous,plant_unknown,unresolved|folder_keyword
Original Image/Dry Leaf/Dry_Leaf (142).jpg,,leaves,,,ambiguous,plant_unknown,unresolved|folder_keyword
Original Image/Dry Leaf/Dry_Leaf (143).jpg,,leaves,,,ambiguous,plant_unknown,unresolved|folder_keyword
Original Image/Dry Leaf/Dry_Leaf (144).jpg,,leaves,,,ambiguous,plant_unknown,unresolved|folder_keyword
Original Image/Dry Leaf/Dry_Leaf (145).jpg,,leaves,,,ambiguous,plant_unknown,unresolved|folder_keyword
Original Image/Dry Leaf/Dry_Leaf (146).jpg,,leaves,,,ambiguous,plant_unknown,unresolved|folder_keyword
Original Image/Dry Leaf/Dry_Leaf (147).jpg,,leaves,,,ambiguous,plant_unknown,unresolved|folder_keyword
Original Image/Dry Leaf/Dry_Leaf (148).jpg,,leaves,,,ambiguous,plant_unknown,unresolved|folder_keyword
Original Image/Dry Leaf/Dry_Leaf (149).jpg,,leaves,,,ambiguous,plant_unknown,unresolved|folder_keyword
Original Image/Dry Leaf/Dry_Leaf (15).jpg,,leaves,,,ambiguous,plant_unknown,unresolved|folder_keyword
Original Image/Dry Leaf/Dry_Leaf (150).jpg,,leaves,,,ambiguous,plant_unknown,unresolved|folder_keyword
Original Image/Dry Leaf/Dry_Leaf (151).jpg,,leaves,,,ambiguous,plant_unknown,unresolved|folder_keyword
Original Image/Dry Leaf/Dry_Leaf (152).jpg,,leaves,,,ambiguous,plant_unknown,unresolved|folder_keyword
Original Image/Dry Leaf/Dry_Leaf (153).jpg,,leaves,,,ambiguous,plant_unknown,unresolved|folder_keyword
Original Image/Dry Leaf/Dry_Leaf (154).jpg,,leaves,,,ambiguous,plant_unknown,unresolved|folder_keyword
Original Image/Dry Leaf/Dry_Leaf (155).jpg,,leaves,,,ambiguous,plant_unknown,unresolved|folder_keyword
Original Image/Dry Leaf/Dry_Leaf (156).jpg,,leaves,,,ambiguous,plant_unknown,unresolved|folder_keyword
Original Image/Dry Leaf/Dry_Leaf (157).jpg,,leaves,,,ambiguous,plant_unknown,unresolved|folder_keyword
Original Image/Dry Leaf/Dry_Leaf (158).jpg,,leaves,,,ambiguous,plant_unknown,unresolved|folder_keyword
Original Image/Dry Leaf/Dry_Leaf (159).jpg,,leaves,,,ambiguous,plant_unknown,unresolved|folder_keyword
Original Image/Dry Leaf/Dry_Leaf (16).jpg,,leaves,,,ambiguous,plant_unknown,unresolved|folder_keyword
Original Image/Dry Leaf/Dry_Leaf (160).jpg,,leaves,,,ambiguous,plant_unknown,unresolved|folder_keyword
Original Image/Dry Leaf/Dry_Leaf (161).jpg,,leaves,,,ambiguous,plant_unknown,unresolved|folder_keyword
Original Image/Dry Leaf/Dry_Leaf (162).jpg,,leaves,,,ambiguous,plant_unknown,unresolved|folder_keyword
Original Image/Dry Leaf/Dry_Leaf (163).jpg,,leaves,,,ambiguous,plant_unknown,unresolved|folder_keyword
Original Image/Dry Leaf/Dry_Leaf (164).jpg,,leaves,,,ambiguous,plant_unknown,unresolved|folder_keyword
Original Image/Dry Leaf/Dry_Leaf (165).jpg,,leaves,,,ambiguous,plant_unknown,unresolved|folder_keyword
Original Image/Dry Leaf/Dry_Leaf (166).jpg,,leaves,,,ambiguous,plant_unknown,unresolved|folder_keyword
Original Image/Dry Leaf/Dry_Leaf (167).jpg,,leaves,,,ambiguous,plant_unknown,unresolved|folder_keyword
Original Image/Dry Leaf/Dry_Leaf (168).jpg,,leaves,,,ambiguous,plant_unknown,unresolved|folder_keyword
Original Image/Dry Leaf/Dry_Leaf (169).jpg,,leaves,,,ambiguous,plant_unknown,unresolved|folder_keyword
Original Image/Dry Leaf/Dry_Leaf (17).jpg,,leaves,,,ambiguous,plant_unknown,unresolved|folder_keyword
Original Image/Dry Leaf/Dry_Leaf (170).jpg,,leaves,,,ambiguous,plant_unknown,unresolved|folder_keyword
Original Image/Dry Leaf/Dry_Leaf (171).jpg,,leaves,,,ambiguous,plant_unknown,unresolved|folder_keyword
Original Image/Dry Leaf/Dry_Leaf (172).jpg,,leaves,,,ambiguous,plant_unknown,unresolved|folder_keyword
Original Image/Dry Leaf/Dry_Leaf (173).jpg,,leaves,,,ambiguous,plant_unknown,unresolved|folder_keyword
Original Image/Dry Leaf/Dry_Leaf (174).jpg,,leaves,,,ambiguous,plant_unknown,unresolved|folder_keyword
Original Image/Dry Leaf/Dry_Leaf (175).jpg,,leaves,,,ambiguous,plant_unknown,unresolved|folder_keyword
Original Image/Dry Leaf/Dry_Leaf (176).jpg,,leaves,,,ambiguous,plant_unknown,unresolved|folder_keyword
Original Image/Dry Leaf/Dry_Leaf (177).jpg,,leaves,,,ambiguous,plant_unknown,unresolved|folder_keyword
Original Image/Dry Leaf/Dry_Leaf (178).jpg,,leaves,,,ambiguous,plant_unknown,unresolved|folder_keyword
Original Image/Dry Leaf/Dry_Leaf (179).jpg,,leaves,,,ambiguous,plant_unknown,unresolved|folder_keyword
Original Image/Dry Leaf/Dry_Leaf (18).jpg,,leaves,,,ambiguous,plant_unknown,unresolved|folder_keyword
Original Image/Dry Leaf/Dry_Leaf (180).jpg,,leaves,,,ambiguous,plant_unknown,unresolved|folder_keyword
Original Image/Dry Leaf/Dry_Leaf (181).jpg,,leaves,,,ambiguous,plant_unknown,unresolved|folder_keyword
Original Image/Dry Leaf/Dry_Leaf (182).jpg,,leaves,,,ambiguous,plant_unknown,unresolved|folder_keyword
Original Image/Dry Leaf/Dry_Leaf (183).jpg,,leaves,,,ambiguous,plant_unknown,unresolved|folder_keyword
Original Image/Dry Leaf/Dry_Leaf (184).jpg,,leaves,,,ambiguous,plant_unknown,unresolved|folder_keyword
Original Image/Dry Leaf/Dry_Leaf (185).jpg,,leaves,,,ambiguous,plant_unknown,unresolved|folder_keyword
Original Image/Dry Leaf/Dry_Leaf (186).jpg,,leaves,,,ambiguous,plant_unknown,unresolved|folder_keyword
Original Image/Dry Leaf/Dry_Leaf (187).jpg,,leaves,,,ambiguous,plant_unknown,unresolved|folder_keyword
Original Image/Dry Leaf/Dry_Leaf (188).jpg,,leaves,,,ambiguous,plant_unknown,unresolved|folder_keyword
Original Image/Dry Leaf/Dry_Leaf (189).jpg,,leaves,,,ambiguous,plant_unknown,unresolved|folder_keyword
Original Image/Dry Leaf/Dry_Leaf (19).jpg,,leaves,,,ambiguous,plant_unknown,unresolved|folder_keyword
Original Image/Dry Leaf/Dry_Leaf (190).jpg,,leaves,,,ambiguous,plant_unknown,unresolved|folder_keyword
Original Image/Dry Leaf/Dry_Leaf (191).jpg,,leaves,,,ambiguous,plant_unknown,unresolved|folder_keyword
Original Image/Dry Leaf/Dry_Leaf (192).jpg,,leaves,,,ambiguous,plant_unknown,unresolved|folder_keyword
Original Image/Dry Leaf/Dry_Leaf (193).jpg,,leaves,,,ambiguous,plant_unknown,unresolved|folder_keyword
Original Image/Dry Leaf/Dry_Leaf (194).jpg,,leaves,,,ambiguous,plant_unknown,unresolved|folder_keyword
Original Image/Dry Leaf/Dry_Leaf (195).jpg,,leaves,,,ambiguous,plant_unknown,unresolved|folder_keyword
Original Image/Dry Leaf/Dry_Leaf (196).jpg,,leaves,,,ambiguous,plant_unknown,unresolved|folder_keyword
Original Image/Dry Leaf/Dry_Leaf (197).jpg,,leaves,,,ambiguous,plant_unknown,unresolved|folder_keyword
Original Image/Dry Leaf/Dry_Leaf (198).jpg,,leaves,,,ambiguous,plant_unknown,unresolved|folder_keyword
Original Image/Dry Leaf/Dry_Leaf (199).jpg,,leaves,,,ambiguous,plant_unknown,unresolved|folder_keyword
Original Image/Dry Leaf/Dry_Leaf (2).jpg,,leaves,,,ambiguous,plant_unknown,unresolved|folder_keyword
Original Image/Dry Leaf/Dry_Leaf (20).jpg,,leaves,,,ambiguous,plant_unknown,unresolved|folder_keyword
Original Image/Dry Leaf/Dry_Leaf (200).jpg,,leaves,,,ambiguous,plant_unknown,unresolved|folder_keyword
Original Image/Dry Leaf/Dry_Leaf (201).jpg,,leaves,,,ambiguous,plant_unknown,unresolved|folder_keyword
Original Image/Dry Leaf/Dry_Leaf (202).jpg,,leaves,,,ambiguous,plant_unknown,unresolved|folder_keyword
Original Image/Dry Leaf/Dry_Leaf (203).jpg,,leaves,,,ambiguous,plant_unknown,unresolved|folder_keyword
Original Image/Dry Leaf/Dry_Leaf (204).jpg,,leaves,,,ambiguous,plant_unknown,unresolved|folder_keyword
Original Image/Dry Leaf/Dry_Leaf (205).jpg,,leaves,,,ambiguous,plant_unknown,unresolved|folder_keyword
Original Image/Dry Leaf/Dry_Leaf (206).jpg,,leaves,,,ambiguous,plant_unknown,unresolved|folder_keyword
Original Image/Dry Leaf/Dry_Leaf (207).jpg,,leaves,,,ambiguous,plant_unknown,unresolved|folder_keyword
Original Image/Dry Leaf/Dry_Leaf (208).jpg,,leaves,,,ambiguous,plant_unknown,unresolved|folder_keyword
Original Image/Dry Leaf/Dry_Leaf (209).jpg,,leaves,,,ambiguous,plant_unknown,unresolved|folder_keyword
Original Image/Dry Leaf/Dry_Leaf (21).jpg,,leaves,,,ambiguous,plant_unknown,unresolved|folder_keyword
Original Image/Dry Leaf/Dry_Leaf (210).jpg,,leaves,,,ambiguous,plant_unknown,unresolved|folder_keyword
Original Image/Dry Leaf/Dry_Leaf (211).jpg,,leaves,,,ambiguous,plant_unknown,unresolved|folder_keyword
Original Image/Dry Leaf/Dry_Leaf (212).jpg,,leaves,,,ambiguous,plant_unknown,unresolved|folder_keyword
Original Image/Dry Leaf/Dry_Leaf (213).jpg,,leaves,,,ambiguous,plant_unknown,unresolved|folder_keyword
Original Image/Dry Leaf/Dry_Leaf (214).jpg,,leaves,,,ambiguous,plant_unknown,unresolved|folder_keyword
Original Image/Dry Leaf/Dry_Leaf (215).jpg,,leaves,,,ambiguous,plant_unknown,unresolved|folder_keyword
Original Image/Dry Leaf/Dry_Leaf (216).jpg,,leaves,,,ambiguous,plant_unknown,unresolved|folder_keyword
Original Image/Dry Leaf/Dry_Leaf (217).jpg,,leaves,,,ambiguous,plant_unknown,unresolved|folder_keyword
Original Image/Dry Leaf/Dry_Leaf (218).jpg,,leaves,,,ambiguous,plant_unknown,unresolved|folder_keyword
Original Image/Dry Leaf/Dry_Leaf (219).jpg,,leaves,,,ambiguous,plant_unknown,unresolved|folder_keyword
Original Image/Dry Leaf/Dry_Leaf (22).jpg,,leaves,,,ambiguous,plant_unknown,unresolved|folder_keyword
Original Image/Dry Leaf/Dry_Leaf (220).jpg,,leaves,,,ambiguous,plant_unknown,unresolved|folder_keyword
Original Image/Dry Leaf/Dry_Leaf (221).jpg,,leaves,,,ambiguous,plant_unknown,unresolved|folder_keyword
Original Image/Dry Leaf/Dry_Leaf (222).jpg,,leaves,,,ambiguous,plant_unknown,unresolved|folder_keyword
Original Image/Dry Leaf/Dry_Leaf (223).jpg,,leaves,,,ambiguous,plant_unknown,unresolved|folder_keyword
Original Image/Dry Leaf/Dry_Leaf (224).jpg,,leaves,,,ambiguous,plant_unknown,unresolved|folder_keyword
Original Image/Dry Leaf/Dry_Leaf (225).jpg,,leaves,,,ambiguous,plant_unknown,unresolved|folder_keyword
Original Image/Dry Leaf/Dry_Leaf (226).jpg,,leaves,,,ambiguous,plant_unknown,unresolved|folder_keyword
Original Image/Dry Leaf/Dry_Leaf (227).jpg,,leaves,,,ambiguous,plant_unknown,unresolved|folder_keyword
Original Image/Dry Leaf/Dry_Leaf (228).jpg,,leaves,,,ambiguous,plant_unknown,unresolved|folder_keyword
Original Image/Dry Leaf/Dry_Leaf (229).jpg,,leaves,,,ambiguous,plant_unknown,unresolved|folder_keyword
Original Image/Dry Leaf/Dry_Leaf (23).jpg,,leaves,,,ambiguous,plant_unknown,unresolved|folder_keyword
Original Image/Dry Leaf/Dry_Leaf (230).jpg,,leaves,,,ambiguous,plant_unknown,unresolved|folder_keyword
Original Image/Dry Leaf/Dry_Leaf (231).jpg,,leaves,,,ambiguous,plant_unknown,unresolved|folder_keyword
Original Image/Dry Leaf/Dry_Leaf (232).jpg,,leaves,,,ambiguous,plant_unknown,unresolved|folder_keyword
Original Image/Dry Leaf/Dry_Leaf (233).jpg,,leaves,,,ambiguous,plant_unknown,unresolved|folder_keyword
Original Image/Dry Leaf/Dry_Leaf (234).jpg,,leaves,,,ambiguous,plant_unknown,unresolved|folder_keyword
Original Image/Dry Leaf/Dry_Leaf (235).jpg,,leaves,,,ambiguous,plant_unknown,unresolved|folder_keyword
Original Image/Dry Leaf/Dry_Leaf (236).jpg,,leaves,,,ambiguous,plant_unknown,unresolved|folder_keyword
Original Image/Dry Leaf/Dry_Leaf (237).jpg,,leaves,,,ambiguous,plant_unknown,unresolved|folder_keyword
Original Image/Dry Leaf/Dry_Leaf (238).jpg,,leaves,,,ambiguous,plant_unknown,unresolved|folder_keyword
Original Image/Dry Leaf/Dry_Leaf (239).jpg,,leaves,,,ambiguous,plant_unknown,unresolved|folder_keyword
Original Image/Dry Leaf/Dry_Leaf (24).jpg,,leaves,,,ambiguous,plant_unknown,unresolved|folder_keyword
Original Image/Dry Leaf/Dry_Leaf (240).jpg,,leaves,,,ambiguous,plant_unknown,unresolved|folder_keyword
Original Image/Dry Leaf/Dry_Leaf (241).jpg,,leaves,,,ambiguous,plant_unknown,unresolved|folder_keyword
Original Image/Dry Leaf/Dry_Leaf (242).jpg,,leaves,,,ambiguous,plant_unknown,unresolved|folder_keyword
Original Image/Dry Leaf/Dry_Leaf (243).jpg,,leaves,,,ambiguous,plant_unknown,unresolved|folder_keyword
Original Image/Dry Leaf/Dry_Leaf (244).jpg,,leaves,,,ambiguous,plant_unknown,unresolved|folder_keyword
Original Image/Dry Leaf/Dry_Leaf (245).jpg,,leaves,,,ambiguous,plant_unknown,unresolved|folder_keyword
Original Image/Dry Leaf/Dry_Leaf (246).jpg,,leaves,,,ambiguous,plant_unknown,unresolved|folder_keyword
Original Image/Dry Leaf/Dry_Leaf (247).jpg,,leaves,,,ambiguous,plant_unknown,unresolved|folder_keyword
Original Image/Dry Leaf/Dry_Leaf (248).jpg,,leaves,,,ambiguous,plant_unknown,unresolved|folder_keyword
Original Image/Dry Leaf/Dry_Leaf (249).jpg,,leaves,,,ambiguous,plant_unknown,unresolved|folder_keyword
Original Image/Dry Leaf/Dry_Leaf (25).jpg,,leaves,,,ambiguous,plant_unknown,unresolved|folder_keyword
Original Image/Dry Leaf/Dry_Leaf (250).jpg,,leaves,,,ambiguous,plant_unknown,unresolved|folder_keyword
Original Image/Dry Leaf/Dry_Leaf (251).jpg,,leaves,,,ambiguous,plant_unknown,unresolved|folder_keyword
Original Image/Dry Leaf/Dry_Leaf (252).jpg,,leaves,,,ambiguous,plant_unknown,unresolved|folder_keyword
Original Image/Dry Leaf/Dry_Leaf (253).jpg,,leaves,,,ambiguous,plant_unknown,unresolved|folder_keyword
Original Image/Dry Leaf/Dry_Leaf (254).jpg,,leaves,,,ambiguous,plant_unknown,unresolved|folder_keyword
Original Image/Dry Leaf/Dry_Leaf (255).jpg,,leaves,,,ambiguous,plant_unknown,unresolved|folder_keyword
Original Image/Dry Leaf/Dry_Leaf (256).jpg,,leaves,,,ambiguous,plant_unknown,unresolved|folder_keyword
Original Image/Dry Leaf/Dry_Leaf (257).jpg,,leaves,,,ambiguous,plant_unknown,unresolved|folder_keyword
Original Image/Dry Leaf/Dry_Leaf (258).jpg,,leaves,,,ambiguous,plant_unknown,unresolved|folder_keyword
Original Image/Dry Leaf/Dry_Leaf (259).jpg,,leaves,,,ambiguous,plant_unknown,unresolved|folder_keyword
Original Image/Dry Leaf/Dry_Leaf (26).jpg,,leaves,,,ambiguous,plant_unknown,unresolved|folder_keyword
Original Image/Dry Leaf/Dry_Leaf (260).jpg,,leaves,,,ambiguous,plant_unknown,unresolved|folder_keyword
Original Image/Dry Leaf/Dry_Leaf (261).jpg,,leaves,,,ambiguous,plant_unknown,unresolved|folder_keyword
Original Image/Dry Leaf/Dry_Leaf (262).jpg,,leaves,,,ambiguous,plant_unknown,unresolved|folder_keyword
Original Image/Dry Leaf/Dry_Leaf (263).jpg,,leaves,,,ambiguous,plant_unknown,unresolved|folder_keyword
Original Image/Dry Leaf/Dry_Leaf (264).jpg,,leaves,,,ambiguous,plant_unknown,unresolved|folder_keyword
Original Image/Dry Leaf/Dry_Leaf (265).jpg,,leaves,,,ambiguous,plant_unknown,unresolved|folder_keyword
Original Image/Dry Leaf/Dry_Leaf (266).jpg,,leaves,,,ambiguous,plant_unknown,unresolved|folder_keyword
Original Image/Dry Leaf/Dry_Leaf (267).jpg,,leaves,,,ambiguous,plant_unknown,unresolved|folder_keyword
Original Image/Dry Leaf/Dry_Leaf (268).jpg,,leaves,,,ambiguous,plant_unknown,unresolved|folder_keyword
Original Image/Dry Leaf/Dry_Leaf (269).jpg,,leaves,,,ambiguous,plant_unknown,unresolved|folder_keyword
Original Image/Dry Leaf/Dry_Leaf (27).jpg,,leaves,,,ambiguous,plant_unknown,unresolved|folder_keyword
Original Image/Dry Leaf/Dry_Leaf (270).jpg,,leaves,,,ambiguous,plant_unknown,unresolved|folder_keyword
Original Image/Dry Leaf/Dry_Leaf (271).jpg,,leaves,,,ambiguous,plant_unknown,unresolved|folder_keyword
Original Image/Dry Leaf/Dry_Leaf (272).jpg,,leaves,,,ambiguous,plant_unknown,unresolved|folder_keyword
Original Image/Dry Leaf/Dry_Leaf (273).jpg,,leaves,,,ambiguous,plant_unknown,unresolved|folder_keyword
Original Image/Dry Leaf/Dry_Leaf (274).jpg,,leaves,,,ambiguous,plant_unknown,unresolved|folder_keyword
Original Image/Dry Leaf/Dry_Leaf (275).jpg,,leaves,,,ambiguous,plant_unknown,unresolved|folder_keyword
Original Image/Dry Leaf/Dry_Leaf (276).jpg,,leaves,,,ambiguous,plant_unknown,unresolved|folder_keyword
Original Image/Dry Leaf/Dry_Leaf (277).jpg,,leaves,,,ambiguous,plant_unknown,unresolved|folder_keyword
Original Image/Dry Leaf/Dry_Leaf (278).jpg,,leaves,,,ambiguous,plant_unknown,unresolved|folder_keyword
Original Image/Dry Leaf/Dry_Leaf (279).jpg,,leaves,,,ambiguous,plant_unknown,unresolved|folder_keyword
Original Image/Dry Leaf/Dry_Leaf (28).jpg,,leaves,,,ambiguous,plant_unknown,unresolved|folder_keyword
Original Image/Dry Leaf/Dry_Leaf (280).jpg,,leaves,,,ambiguous,plant_unknown,unresolved|folder_keyword
Original Image/Dry Leaf/Dry_Leaf (281).jpg,,leaves,,,ambiguous,plant_unknown,unresolved|folder_keyword
Original Image/Dry Leaf/Dry_Leaf (282).jpg,,leaves,,,ambiguous,plant_unknown,unresolved|folder_keyword
Original Image/Dry Leaf/Dry_Leaf (283).jpg,,leaves,,,ambiguous,plant_unknown,unresolved|folder_keyword
Original Image/Dry Leaf/Dry_Leaf (284).jpg,,leaves,,,ambiguous,plant_unknown,unresolved|folder_keyword
Original Image/Dry Leaf/Dry_Leaf (285).jpg,,leaves,,,ambiguous,plant_unknown,unresolved|folder_keyword
Original Image/Dry Leaf/Dry_Leaf (286).jpg,,leaves,,,ambiguous,plant_unknown,unresolved|folder_keyword
Original Image/Dry Leaf/Dry_Leaf (287).jpg,,leaves,,,ambiguous,plant_unknown,unresolved|folder_keyword
Original Image/Dry Leaf/Dry_Leaf (288).jpg,,leaves,,,ambiguous,plant_unknown,unresolved|folder_keyword
Original Image/Dry Leaf/Dry_Leaf (289).jpg,,leaves,,,ambiguous,plant_unknown,unresolved|folder_keyword
Original Image/Dry Leaf/Dry_Leaf (29).jpg,,leaves,,,ambiguous,plant_unknown,unresolved|folder_keyword
Original Image/Dry Leaf/Dry_Leaf (290).jpg,,leaves,,,ambiguous,plant_unknown,unresolved|folder_keyword
Original Image/Dry Leaf/Dry_Leaf (291).jpg,,leaves,,,ambiguous,plant_unknown,unresolved|folder_keyword
Original Image/Dry Leaf/Dry_Leaf (292).jpg,,leaves,,,ambiguous,plant_unknown,unresolved|folder_keyword
Original Image/Dry Leaf/Dry_Leaf (293).jpg,,leaves,,,ambiguous,plant_unknown,unresolved|folder_keyword
Original Image/Dry Leaf/Dry_Leaf (294).jpg,,leaves,,,ambiguous,plant_unknown,unresolved|folder_keyword
Original Image/Dry Leaf/Dry_Leaf (295).jpg,,leaves,,,ambiguous,plant_unknown,unresolved|folder_keyword
Original Image/Dry Leaf/Dry_Leaf (296).jpg,,leaves,,,ambiguous,plant_unknown,unresolved|folder_keyword
Original Image/Dry Leaf/Dry_Leaf (297).jpg,,leaves,,,ambiguous,plant_unknown,unresolved|folder_keyword
Original Image/Dry Leaf/Dry_Leaf (298).jpg,,leaves,,,ambiguous,plant_unknown,unresolved|folder_keyword
Original Image/Dry Leaf/Dry_Leaf (299).jpg,,leaves,,,ambiguous,plant_unknown,unresolved|folder_keyword
Original Image/Dry Leaf/Dry_Leaf (3).jpg,,leaves,,,ambiguous,plant_unknown,unresolved|folder_keyword
Original Image/Dry Leaf/Dry_Leaf (30).jpg,,leaves,,,ambiguous,plant_unknown,unresolved|folder_keyword
Original Image/Dry Leaf/Dry_Leaf (300).jpg,,leaves,,,ambiguous,plant_unknown,unresolved|folder_keyword
Original Image/Dry Leaf/Dry_Leaf (301).jpg,,leaves,,,ambiguous,plant_unknown,unresolved|folder_keyword
Original Image/Dry Leaf/Dry_Leaf (302).jpg,,leaves,,,ambiguous,plant_unknown,unresolved|folder_keyword
Original Image/Dry Leaf/Dry_Leaf (303).jpg,,leaves,,,ambiguous,plant_unknown,unresolved|folder_keyword
Original Image/Dry Leaf/Dry_Leaf (304).jpg,,leaves,,,ambiguous,plant_unknown,unresolved|folder_keyword
Original Image/Dry Leaf/Dry_Leaf (305).jpg,,leaves,,,ambiguous,plant_unknown,unresolved|folder_keyword
Original Image/Dry Leaf/Dry_Leaf (306).jpg,,leaves,,,ambiguous,plant_unknown,unresolved|folder_keyword
Original Image/Dry Leaf/Dry_Leaf (307).jpg,,leaves,,,ambiguous,plant_unknown,unresolved|folder_keyword
Original Image/Dry Leaf/Dry_Leaf (308).jpg,,leaves,,,ambiguous,plant_unknown,unresolved|folder_keyword
Original Image/Dry Leaf/Dry_Leaf (309).jpg,,leaves,,,ambiguous,plant_unknown,unresolved|folder_keyword
Original Image/Dry Leaf/Dry_Leaf (31).jpg,,leaves,,,ambiguous,plant_unknown,unresolved|folder_keyword
Original Image/Dry Leaf/Dry_Leaf (310).jpg,,leaves,,,ambiguous,plant_unknown,unresolved|folder_keyword
Original Image/Dry Leaf/Dry_Leaf (311).jpg,,leaves,,,ambiguous,plant_unknown,unresolved|folder_keyword
Original Image/Dry Leaf/Dry_Leaf (312).jpg,,leaves,,,ambiguous,plant_unknown,unresolved|folder_keyword
Original Image/Dry Leaf/Dry_Leaf (313).jpg,,leaves,,,ambiguous,plant_unknown,unresolved|folder_keyword
Original Image/Dry Leaf/Dry_Leaf (314).jpg,,leaves,,,ambiguous,plant_unknown,unresolved|folder_keyword
Original Image/Dry Leaf/Dry_Leaf (315).jpg,,leaves,,,ambiguous,plant_unknown,unresolved|folder_keyword
Original Image/Dry Leaf/Dry_Leaf (316).jpg,,leaves,,,ambiguous,plant_unknown,unresolved|folder_keyword
Original Image/Dry Leaf/Dry_Leaf (317).jpg,,leaves,,,ambiguous,plant_unknown,unresolved|folder_keyword
Original Image/Dry Leaf/Dry_Leaf (318).jpg,,leaves,,,ambiguous,plant_unknown,unresolved|folder_keyword
Original Image/Dry Leaf/Dry_Leaf (319).jpg,,leaves,,,ambiguous,plant_unknown,unresolved|folder_keyword
Original Image/Dry Leaf/Dry_Leaf (32).jpg,,leaves,,,ambiguous,plant_unknown,unresolved|folder_keyword
Original Image/Dry Leaf/Dry_Leaf (320).jpg,,leaves,,,ambiguous,plant_unknown,unresolved|folder_keyword
Original Image/Dry Leaf/Dry_Leaf (321).jpg,,leaves,,,ambiguous,plant_unknown,unresolved|folder_keyword
Original Image/Dry Leaf/Dry_Leaf (322).jpg,,leaves,,,ambiguous,plant_unknown,unresolved|folder_keyword
Original Image/Dry Leaf/Dry_Leaf (323).jpg,,leaves,,,ambiguous,plant_unknown,unresolved|folder_keyword
Original Image/Dry Leaf/Dry_Leaf (324).jpg,,leaves,,,ambiguous,plant_unknown,unresolved|folder_keyword
Original Image/Dry Leaf/Dry_Leaf (33).jpg,,leaves,,,ambiguous,plant_unknown,unresolved|folder_keyword
Original Image/Dry Leaf/Dry_Leaf (34).jpg,,leaves,,,ambiguous,plant_unknown,unresolved|folder_keyword
Original Image/Dry Leaf/Dry_Leaf (35).jpg,,leaves,,,ambiguous,plant_unknown,unresolved|folder_keyword
Original Image/Dry Leaf/Dry_Leaf (36).jpg,,leaves,,,ambiguous,plant_unknown,unresolved|folder_keyword
Original Image/Dry Leaf/Dry_Leaf (37).jpg,,leaves,,,ambiguous,plant_unknown,unresolved|folder_keyword
Original Image/Dry Leaf/Dry_Leaf (38).jpg,,leaves,,,ambiguous,plant_unknown,unresolved|folder_keyword
Original Image/Dry Leaf/Dry_Leaf (39).jpg,,leaves,,,ambiguous,plant_unknown,unresolved|folder_keyword
Original Image/Dry Leaf/Dry_Leaf (4).jpg,,leaves,,,ambiguous,plant_unknown,unresolved|folder_keyword
Original Image/Dry Leaf/Dry_Leaf (40).jpg,,leaves,,,ambiguous,plant_unknown,unresolved|folder_keyword
Original Image/Dry Leaf/Dry_Leaf (41).jpg,,leaves,,,ambiguous,plant_unknown,unresolved|folder_keyword
Original Image/Dry Leaf/Dry_Leaf (42).jpg,,leaves,,,ambiguous,plant_unknown,unresolved|folder_keyword
Original Image/Dry Leaf/Dry_Leaf (43).jpg,,leaves,,,ambiguous,plant_unknown,unresolved|folder_keyword
Original Image/Dry Leaf/Dry_Leaf (44).jpg,,leaves,,,ambiguous,plant_unknown,unresolved|folder_keyword
Original Image/Dry Leaf/Dry_Leaf (45).jpg,,leaves,,,ambiguous,plant_unknown,unresolved|folder_keyword
Original Image/Dry Leaf/Dry_Leaf (46).jpg,,leaves,,,ambiguous,plant_unknown,unresolved|folder_keyword
Original Image/Dry Leaf/Dry_Leaf (47).jpg,,leaves,,,ambiguous,plant_unknown,unresolved|folder_keyword
Original Image/Dry Leaf/Dry_Leaf (48).jpg,,leaves,,,ambiguous,plant_unknown,unresolved|folder_keyword
Original Image/Dry Leaf/Dry_Leaf (49).jpg,,leaves,,,ambiguous,plant_unknown,unresolved|folder_keyword
Original Image/Dry Leaf/Dry_Leaf (5).jpg,,leaves,,,ambiguous,plant_unknown,unresolved|folder_keyword
Original Image/Dry Leaf/Dry_Leaf (50).jpg,,leaves,,,ambiguous,plant_unknown,unresolved|folder_keyword
Original Image/Dry Leaf/Dry_Leaf (51).jpg,,leaves,,,ambiguous,plant_unknown,unresolved|folder_keyword
Original Image/Dry Leaf/Dry_Leaf (52).jpg,,leaves,,,ambiguous,plant_unknown,unresolved|folder_keyword
Original Image/Dry Leaf/Dry_Leaf (53).jpg,,leaves,,,ambiguous,plant_unknown,unresolved|folder_keyword
Original Image/Dry Leaf/Dry_Leaf (54).jpg,,leaves,,,ambiguous,plant_unknown,unresolved|folder_keyword
Original Image/Dry Leaf/Dry_Leaf (55).jpg,,leaves,,,ambiguous,plant_unknown,unresolved|folder_keyword
Original Image/Dry Leaf/Dry_Leaf (56).jpg,,leaves,,,ambiguous,plant_unknown,unresolved|folder_keyword
Original Image/Dry Leaf/Dry_Leaf (57).jpg,,leaves,,,ambiguous,plant_unknown,unresolved|folder_keyword
Original Image/Dry Leaf/Dry_Leaf (58).jpg,,leaves,,,ambiguous,plant_unknown,unresolved|folder_keyword
Original Image/Dry Leaf/Dry_Leaf (59).jpg,,leaves,,,ambiguous,plant_unknown,unresolved|folder_keyword
Original Image/Dry Leaf/Dry_Leaf (6).jpg,,leaves,,,ambiguous,plant_unknown,unresolved|folder_keyword
Original Image/Dry Leaf/Dry_Leaf (60).jpg,,leaves,,,ambiguous,plant_unknown,unresolved|folder_keyword
Original Image/Dry Leaf/Dry_Leaf (61).jpg,,leaves,,,ambiguous,plant_unknown,unresolved|folder_keyword
Original Image/Dry Leaf/Dry_Leaf (62).jpg,,leaves,,,ambiguous,plant_unknown,unresolved|folder_keyword
Original Image/Dry Leaf/Dry_Leaf (63).jpg,,leaves,,,ambiguous,plant_unknown,unresolved|folder_keyword
Original Image/Dry Leaf/Dry_Leaf (64).jpg,,leaves,,,ambiguous,plant_unknown,unresolved|folder_keyword
Original Image/Dry Leaf/Dry_Leaf (65).jpg,,leaves,,,ambiguous,plant_unknown,unresolved|folder_keyword
Original Image/Dry Leaf/Dry_Leaf (66).jpg,,leaves,,,ambiguous,plant_unknown,unresolved|folder_keyword
Original Image/Dry Leaf/Dry_Leaf (67).jpg,,leaves,,,ambiguous,plant_unknown,unresolved|folder_keyword
Original Image/Dry Leaf/Dry_Leaf (68).jpg,,leaves,,,ambiguous,plant_unknown,unresolved|folder_keyword
Original Image/Dry Leaf/Dry_Leaf (69).jpg,,leaves,,,ambiguous,plant_unknown,unresolved|folder_keyword
Original Image/Dry Leaf/Dry_Leaf (7).jpg,,leaves,,,ambiguous,plant_unknown,unresolved|folder_keyword
Original Image/Dry Leaf/Dry_Leaf (70).jpg,,leaves,,,ambiguous,plant_unknown,unresolved|folder_keyword
Original Image/Dry Leaf/Dry_Leaf (71).jpg,,leaves,,,ambiguous,plant_unknown,unresolved|folder_keyword
Original Image/Dry Leaf/Dry_Leaf (72).jpg,,leaves,,,ambiguous,plant_unknown,unresolved|folder_keyword
Original Image/Dry Leaf/Dry_Leaf (73).jpg,,leaves,,,ambiguous,plant_unknown,unresolved|folder_keyword
Original Image/Dry Leaf/Dry_Leaf (74).jpg,,leaves,,,ambiguous,plant_unknown,unresolved|folder_keyword
Original Image/Dry Leaf/Dry_Leaf (75).jpg,,leaves,,,ambiguous,plant_unknown,unresolved|folder_keyword
Original Image/Dry Leaf/Dry_Leaf (76).jpg,,leaves,,,ambiguous,plant_unknown,unresolved|folder_keyword
Original Image/Dry Leaf/Dry_Leaf (77).jpg,,leaves,,,ambiguous,plant_unknown,unresolved|folder_keyword
Original Image/Dry Leaf/Dry_Leaf (78).jpg,,leaves,,,ambiguous,plant_unknown,unresolved|folder_keyword
Original Image/Dry Leaf/Dry_Leaf (79).jpg,,leaves,,,ambiguous,plant_unknown,unresolved|folder_keyword
Original Image/Dry Leaf/Dry_Leaf (8).jpg,,leaves,,,ambiguous,plant_unknown,unresolved|folder_keyword
Original Image/Dry Leaf/Dry_Leaf (80).jpg,,leaves,,,ambiguous,plant_unknown,unresolved|folder_keyword
Original Image/Dry Leaf/Dry_Leaf (81).jpg,,leaves,,,ambiguous,plant_unknown,unresolved|folder_keyword
Original Image/Dry Leaf/Dry_Leaf (82).jpg,,leaves,,,ambiguous,plant_unknown,unresolved|folder_keyword
Original Image/Dry Leaf/Dry_Leaf (83).jpg,,leaves,,,ambiguous,plant_unknown,unresolved|folder_keyword
Original Image/Dry Leaf/Dry_Leaf (84).jpg,,leaves,,,ambiguous,plant_unknown,unresolved|folder_keyword
Original Image/Dry Leaf/Dry_Leaf (85).jpg,,leaves,,,ambiguous,plant_unknown,unresolved|folder_keyword
Original Image/Dry Leaf/Dry_Leaf (86).jpg,,leaves,,,ambiguous,plant_unknown,unresolved|folder_keyword
Original Image/Dry Leaf/Dry_Leaf (87).jpg,,leaves,,,ambiguous,plant_unknown,unresolved|folder_keyword
Original Image/Dry Leaf/Dry_Leaf (88).jpg,,leaves,,,ambiguous,plant_unknown,unresolved|folder_keyword
Original Image/Dry Leaf/Dry_Leaf (89).jpg,,leaves,,,ambiguous,plant_unknown,unresolved|folder_keyword
Original Image/Dry Leaf/Dry_Leaf (9).jpg,,leaves,,,ambiguous,plant_unknown,unresolved|folder_keyword
Original Image/Dry Leaf/Dry_Leaf (90).jpg,,leaves,,,ambiguous,plant_unknown,unresolved|folder_keyword
Original Image/Dry Leaf/Dry_Leaf (91).jpg,,leaves,,,ambiguous,plant_unknown,unresolved|folder_keyword
Original Image/Dry Leaf/Dry_Leaf (92).jpg,,leaves,,,ambiguous,plant_unknown,unresolved|folder_keyword
Original Image/Dry Leaf/Dry_Leaf (93).jpg,,leaves,,,ambiguous,plant_unknown,unresolved|folder_keyword
Original Image/Dry Leaf/Dry_Leaf (94).jpg,,leaves,,,ambiguous,plant_unknown,unresolved|folder_keyword
Original Image/Dry Leaf/Dry_Leaf (95).jpg,,leaves,,,ambiguous,plant_unknown,unresolved|folder_keyword
Original Image/Dry Leaf/Dry_Leaf (96).jpg,,leaves,,,ambiguous,plant_unknown,unresolved|folder_keyword
Original Image/Dry Leaf/Dry_Leaf (97).jpg,,leaves,,,ambiguous,plant_unknown,unresolved|folder_keyword
Original Image/Dry Leaf/Dry_Leaf (98).jpg,,leaves,,,ambiguous,plant_unknown,unresolved|folder_keyword
Original Image/Dry Leaf/Dry_Leaf (99).jpg,,leaves,,,ambiguous,plant_unknown,unresolved|folder_keyword
Original Image/Healthy Leaf/Healthy_Leaf (1).jpg,,leaves,,,ambiguous,plant_unknown,unresolved|folder_keyword
Original Image/Healthy Leaf/Healthy_Leaf (10).jpg,,leaves,,,ambiguous,plant_unknown,unresolved|folder_keyword
Original Image/Healthy Leaf/Healthy_Leaf (100).jpg,,leaves,,,ambiguous,plant_unknown,unresolved|folder_keyword
Original Image/Healthy Leaf/Healthy_Leaf (101).jpg,,leaves,,,ambiguous,plant_unknown,unresolved|folder_keyword
Original Image/Healthy Leaf/Healthy_Leaf (102).jpg,,leaves,,,ambiguous,plant_unknown,unresolved|folder_keyword
Original Image/Healthy Leaf/Healthy_Leaf (103).jpg,,leaves,,,ambiguous,plant_unknown,unresolved|folder_keyword
Original Image/Healthy Leaf/Healthy_Leaf (104).jpg,,leaves,,,ambiguous,plant_unknown,unresolved|folder_keyword
Original Image/Healthy Leaf/Healthy_Leaf (105).jpg,,leaves,,,ambiguous,plant_unknown,unresolved|folder_keyword
Original Image/Healthy Leaf/Healthy_Leaf (106).jpg,,leaves,,,ambiguous,plant_unknown,unresolved|folder_keyword
Original Image/Healthy Leaf/Healthy_Leaf (107).jpg,,leaves,,,ambiguous,plant_unknown,unresolved|folder_keyword
Original Image/Healthy Leaf/Healthy_Leaf (108).jpg,,leaves,,,ambiguous,plant_unknown,unresolved|folder_keyword
Original Image/Healthy Leaf/Healthy_Leaf (109).jpg,,leaves,,,ambiguous,plant_unknown,unresolved|folder_keyword
Original Image/Healthy Leaf/Healthy_Leaf (11).jpg,,leaves,,,ambiguous,plant_unknown,unresolved|folder_keyword
Original Image/Healthy Leaf/Healthy_Leaf (110).jpg,,leaves,,,ambiguous,plant_unknown,unresolved|folder_keyword
Original Image/Healthy Leaf/Healthy_Leaf (111).jpg,,leaves,,,ambiguous,plant_unknown,unresolved|folder_keyword
Original Image/Healthy Leaf/Healthy_Leaf (112).jpg,,leaves,,,ambiguous,plant_unknown,unresolved|folder_keyword
Original Image/Healthy Leaf/Healthy_Leaf (113).jpg,,leaves,,,ambiguous,plant_unknown,unresolved|folder_keyword
Original Image/Healthy Leaf/Healthy_Leaf (114).jpg,,leaves,,,ambiguous,plant_unknown,unresolved|folder_keyword
Original Image/Healthy Leaf/Healthy_Leaf (115).jpg,,leaves,,,ambiguous,plant_unknown,unresolved|folder_keyword
Original Image/Healthy Leaf/Healthy_Leaf (116).jpg,,leaves,,,ambiguous,plant_unknown,unresolved|folder_keyword
Original Image/Healthy Leaf/Healthy_Leaf (117).jpg,,leaves,,,ambiguous,plant_unknown,unresolved|folder_keyword
Original Image/Healthy Leaf/Healthy_Leaf (118).jpg,,leaves,,,ambiguous,plant_unknown,unresolved|folder_keyword
Original Image/Healthy Leaf/Healthy_Leaf (119).jpg,,leaves,,,ambiguous,plant_unknown,unresolved|folder_keyword
Original Image/Healthy Leaf/Healthy_Leaf (12).jpg,,leaves,,,ambiguous,plant_unknown,unresolved|folder_keyword
Original Image/Healthy Leaf/Healthy_Leaf (120).jpg,,leaves,,,ambiguous,plant_unknown,unresolved|folder_keyword
Original Image/Healthy Leaf/Healthy_Leaf (121).jpg,,leaves,,,ambiguous,plant_unknown,unresolved|folder_keyword
Original Image/Healthy Leaf/Healthy_Leaf (122).jpg,,leaves,,,ambiguous,plant_unknown,unresolved|folder_keyword
Original Image/Healthy Leaf/Healthy_Leaf (123).jpg,,leaves,,,ambiguous,plant_unknown,unresolved|folder_keyword
Original Image/Healthy Leaf/Healthy_Leaf (124).jpg,,leaves,,,ambiguous,plant_unknown,unresolved|folder_keyword
Original Image/Healthy Leaf/Healthy_Leaf (125).jpg,,leaves,,,ambiguous,plant_unknown,unresolved|folder_keyword
Original Image/Healthy Leaf/Healthy_Leaf (126).jpg,,leaves,,,ambiguous,plant_unknown,unresolved|folder_keyword
Original Image/Healthy Leaf/Healthy_Leaf (127).jpg,,leaves,,,ambiguous,plant_unknown,unresolved|folder_keyword
Original Image/Healthy Leaf/Healthy_Leaf (128).jpg,,leaves,,,ambiguous,plant_unknown,unresolved|folder_keyword
Original Image/Healthy Leaf/Healthy_Leaf (129).jpg,,leaves,,,ambiguous,plant_unknown,unresolved|folder_keyword
Original Image/Healthy Leaf/Healthy_Leaf (13).jpg,,leaves,,,ambiguous,plant_unknown,unresolved|folder_keyword
Original Image/Healthy Leaf/Healthy_Leaf (130).jpg,,leaves,,,ambiguous,plant_unknown,unresolved|folder_keyword
Original Image/Healthy Leaf/Healthy_Leaf (131).jpg,,leaves,,,ambiguous,plant_unknown,unresolved|folder_keyword
Original Image/Healthy Leaf/Healthy_Leaf (132).jpg,,leaves,,,ambiguous,plant_unknown,unresolved|folder_keyword
Original Image/Healthy Leaf/Healthy_Leaf (133).jpg,,leaves,,,ambiguous,plant_unknown,unresolved|folder_keyword
Original Image/Healthy Leaf/Healthy_Leaf (134).jpg,,leaves,,,ambiguous,plant_unknown,unresolved|folder_keyword
Original Image/Healthy Leaf/Healthy_Leaf (135).jpg,,leaves,,,ambiguous,plant_unknown,unresolved|folder_keyword
Original Image/Healthy Leaf/Healthy_Leaf (136).jpg,,leaves,,,ambiguous,plant_unknown,unresolved|folder_keyword
Original Image/Healthy Leaf/Healthy_Leaf (137).jpg,,leaves,,,ambiguous,plant_unknown,unresolved|folder_keyword
Original Image/Healthy Leaf/Healthy_Leaf (138).jpg,,leaves,,,ambiguous,plant_unknown,unresolved|folder_keyword
Original Image/Healthy Leaf/Healthy_Leaf (139).jpg,,leaves,,,ambiguous,plant_unknown,unresolved|folder_keyword
Original Image/Healthy Leaf/Healthy_Leaf (14).jpg,,leaves,,,ambiguous,plant_unknown,unresolved|folder_keyword
Original Image/Healthy Leaf/Healthy_Leaf (140).jpg,,leaves,,,ambiguous,plant_unknown,unresolved|folder_keyword
Original Image/Healthy Leaf/Healthy_Leaf (141).jpg,,leaves,,,ambiguous,plant_unknown,unresolved|folder_keyword
Original Image/Healthy Leaf/Healthy_Leaf (142).jpg,,leaves,,,ambiguous,plant_unknown,unresolved|folder_keyword
Original Image/Healthy Leaf/Healthy_Leaf (143).jpg,,leaves,,,ambiguous,plant_unknown,unresolved|folder_keyword
Original Image/Healthy Leaf/Healthy_Leaf (144).jpg,,leaves,,,ambiguous,plant_unknown,unresolved|folder_keyword
Original Image/Healthy Leaf/Healthy_Leaf (145).jpg,,leaves,,,ambiguous,plant_unknown,unresolved|folder_keyword
Original Image/Healthy Leaf/Healthy_Leaf (146).jpg,,leaves,,,ambiguous,plant_unknown,unresolved|folder_keyword
Original Image/Healthy Leaf/Healthy_Leaf (147).jpg,,leaves,,,ambiguous,plant_unknown,unresolved|folder_keyword
Original Image/Healthy Leaf/Healthy_Leaf (148).jpg,,leaves,,,ambiguous,plant_unknown,unresolved|folder_keyword
Original Image/Healthy Leaf/Healthy_Leaf (149).jpg,,leaves,,,ambiguous,plant_unknown,unresolved|folder_keyword
Original Image/Healthy Leaf/Healthy_Leaf (15).jpg,,leaves,,,ambiguous,plant_unknown,unresolved|folder_keyword
Original Image/Healthy Leaf/Healthy_Leaf (150).jpg,,leaves,,,ambiguous,plant_unknown,unresolved|folder_keyword
Original Image/Healthy Leaf/Healthy_Leaf (151).jpg,,leaves,,,ambiguous,plant_unknown,unresolved|folder_keyword
Original Image/Healthy Leaf/Healthy_Leaf (152).jpg,,leaves,,,ambiguous,plant_unknown,unresolved|folder_keyword
Original Image/Healthy Leaf/Healthy_Leaf (153).jpg,,leaves,,,ambiguous,plant_unknown,unresolved|folder_keyword
Original Image/Healthy Leaf/Healthy_Leaf (154).jpg,,leaves,,,ambiguous,plant_unknown,unresolved|folder_keyword
Original Image/Healthy Leaf/Healthy_Leaf (155).jpg,,leaves,,,ambiguous,plant_unknown,unresolved|folder_keyword
Original Image/Healthy Leaf/Healthy_Leaf (156).jpg,,leaves,,,ambiguous,plant_unknown,unresolved|folder_keyword
Original Image/Healthy Leaf/Healthy_Leaf (157).jpg,,leaves,,,ambiguous,plant_unknown,unresolved|folder_keyword
Original Image/Healthy Leaf/Healthy_Leaf (158).jpg,,leaves,,,ambiguous,plant_unknown,unresolved|folder_keyword
Original Image/Healthy Leaf/Healthy_Leaf (159).jpg,,leaves,,,ambiguous,plant_unknown,unresolved|folder_keyword
Original Image/Healthy Leaf/Healthy_Leaf (16).jpg,,leaves,,,ambiguous,plant_unknown,unresolved|folder_keyword
Original Image/Healthy Leaf/Healthy_Leaf (160).jpg,,leaves,,,ambiguous,plant_unknown,unresolved|folder_keyword
Original Image/Healthy Leaf/Healthy_Leaf (161).jpg,,leaves,,,ambiguous,plant_unknown,unresolved|folder_keyword
Original Image/Healthy Leaf/Healthy_Leaf (162).jpg,,leaves,,,ambiguous,plant_unknown,unresolved|folder_keyword
Original Image/Healthy Leaf/Healthy_Leaf (163).jpg,,leaves,,,ambiguous,plant_unknown,unresolved|folder_keyword
Original Image/Healthy Leaf/Healthy_Leaf (164).jpg,,leaves,,,ambiguous,plant_unknown,unresolved|folder_keyword
Original Image/Healthy Leaf/Healthy_Leaf (165).jpg,,leaves,,,ambiguous,plant_unknown,unresolved|folder_keyword
Original Image/Healthy Leaf/Healthy_Leaf (166).jpg,,leaves,,,ambiguous,plant_unknown,unresolved|folder_keyword
Original Image/Healthy Leaf/Healthy_Leaf (167).jpg,,leaves,,,ambiguous,plant_unknown,unresolved|folder_keyword
Original Image/Healthy Leaf/Healthy_Leaf (168).jpg,,leaves,,,ambiguous,plant_unknown,unresolved|folder_keyword
Original Image/Healthy Leaf/Healthy_Leaf (169).jpg,,leaves,,,ambiguous,plant_unknown,unresolved|folder_keyword
Original Image/Healthy Leaf/Healthy_Leaf (17).jpg,,leaves,,,ambiguous,plant_unknown,unresolved|folder_keyword
Original Image/Healthy Leaf/Healthy_Leaf (170).jpg,,leaves,,,ambiguous,plant_unknown,unresolved|folder_keyword
Original Image/Healthy Leaf/Healthy_Leaf (171).jpg,,leaves,,,ambiguous,plant_unknown,unresolved|folder_keyword
Original Image/Healthy Leaf/Healthy_Leaf (172).jpg,,leaves,,,ambiguous,plant_unknown,unresolved|folder_keyword
Original Image/Healthy Leaf/Healthy_Leaf (173).jpg,,leaves,,,ambiguous,plant_unknown,unresolved|folder_keyword
Original Image/Healthy Leaf/Healthy_Leaf (174).jpg,,leaves,,,ambiguous,plant_unknown,unresolved|folder_keyword
Original Image/Healthy Leaf/Healthy_Leaf (175).jpg,,leaves,,,ambiguous,plant_unknown,unresolved|folder_keyword
Original Image/Healthy Leaf/Healthy_Leaf (176).jpg,,leaves,,,ambiguous,plant_unknown,unresolved|folder_keyword
Original Image/Healthy Leaf/Healthy_Leaf (177).jpg,,leaves,,,ambiguous,plant_unknown,unresolved|folder_keyword
Original Image/Healthy Leaf/Healthy_Leaf (178).jpg,,leaves,,,ambiguous,plant_unknown,unresolved|folder_keyword
Original Image/Healthy Leaf/Healthy_Leaf (179).jpg,,leaves,,,ambiguous,plant_unknown,unresolved|folder_keyword
Original Image/Healthy Leaf/Healthy_Leaf (18).jpg,,leaves,,,ambiguous,plant_unknown,unresolved|folder_keyword
Original Image/Healthy Leaf/Healthy_Leaf (180).jpg,,leaves,,,ambiguous,plant_unknown,unresolved|folder_keyword
Original Image/Healthy Leaf/Healthy_Leaf (181).jpg,,leaves,,,ambiguous,plant_unknown,unresolved|folder_keyword
Original Image/Healthy Leaf/Healthy_Leaf (182).jpg,,leaves,,,ambiguous,plant_unknown,unresolved|folder_keyword
Original Image/Healthy Leaf/Healthy_Leaf (183).jpg,,leaves,,,ambiguous,plant_unknown,unresolved|folder_keyword
Original Image/Healthy Leaf/Healthy_Leaf (184).jpg,,leaves,,,ambiguous,plant_unknown,unresolved|folder_keyword
Original Image/Healthy Leaf/Healthy_Leaf (185).jpg,,leaves,,,ambiguous,plant_unknown,unresolved|folder_keyword
Original Image/Healthy Leaf/Healthy_Leaf (186).jpg,,leaves,,,ambiguous,plant_unknown,unresolved|folder_keyword
Original Image/Healthy Leaf/Healthy_Leaf (187).jpg,,leaves,,,ambiguous,plant_unknown,unresolved|folder_keyword
Original Image/Healthy Leaf/Healthy_Leaf (188).jpg,,leaves,,,ambiguous,plant_unknown,unresolved|folder_keyword
Original Image/Healthy Leaf/Healthy_Leaf (189).jpg,,leaves,,,ambiguous,plant_unknown,unresolved|folder_keyword
Original Image/Healthy Leaf/Healthy_Leaf (19).jpg,,leaves,,,ambiguous,plant_unknown,unresolved|folder_keyword
Original Image/Healthy Leaf/Healthy_Leaf (190).jpg,,leaves,,,ambiguous,plant_unknown,unresolved|folder_keyword
Original Image/Healthy Leaf/Healthy_Leaf (191).jpg,,leaves,,,ambiguous,plant_unknown,unresolved|folder_keyword
Original Image/Healthy Leaf/Healthy_Leaf (192).jpg,,leaves,,,ambiguous,plant_unknown,unresolved|folder_keyword
Original Image/Healthy Leaf/Healthy_Leaf (193).jpg,,leaves,,,ambiguous,plant_unknown,unresolved|folder_keyword
Original Image/Healthy Leaf/Healthy_Leaf (194).jpg,,leaves,,,ambiguous,plant_unknown,unresolved|folder_keyword
Original Image/Healthy Leaf/Healthy_Leaf (195).jpg,,leaves,,,ambiguous,plant_unknown,unresolved|folder_keyword
Original Image/Healthy Leaf/Healthy_Leaf (196).jpg,,leaves,,,ambiguous,plant_unknown,unresolved|folder_keyword
Original Image/Healthy Leaf/Healthy_Leaf (197).jpg,,leaves,,,ambiguous,plant_unknown,unresolved|folder_keyword
Original Image/Healthy Leaf/Healthy_Leaf (198).jpg,,leaves,,,ambiguous,plant_unknown,unresolved|folder_keyword
Original Image/Healthy Leaf/Healthy_Leaf (199).jpg,,leaves,,,ambiguous,plant_unknown,unresolved|folder_keyword
Original Image/Healthy Leaf/Healthy_Leaf (2).jpg,,leaves,,,ambiguous,plant_unknown,unresolved|folder_keyword
Original Image/Healthy Leaf/Healthy_Leaf (20).jpg,,leaves,,,ambiguous,plant_unknown,unresolved|folder_keyword
Original Image/Healthy Leaf/Healthy_Leaf (200).jpg,,leaves,,,ambiguous,plant_unknown,unresolved|folder_keyword
Original Image/Healthy Leaf/Healthy_Leaf (201).jpg,,leaves,,,ambiguous,plant_unknown,unresolved|folder_keyword
Original Image/Healthy Leaf/Healthy_Leaf (202).jpg,,leaves,,,ambiguous,plant_unknown,unresolved|folder_keyword
Original Image/Healthy Leaf/Healthy_Leaf (203).jpg,,leaves,,,ambiguous,plant_unknown,unresolved|folder_keyword
Original Image/Healthy Leaf/Healthy_Leaf (204).jpg,,leaves,,,ambiguous,plant_unknown,unresolved|folder_keyword
Original Image/Healthy Leaf/Healthy_Leaf (205).jpg,,leaves,,,ambiguous,plant_unknown,unresolved|folder_keyword
Original Image/Healthy Leaf/Healthy_Leaf (206).jpg,,leaves,,,ambiguous,plant_unknown,unresolved|folder_keyword
Original Image/Healthy Leaf/Healthy_Leaf (207).jpg,,leaves,,,ambiguous,plant_unknown,unresolved|folder_keyword
Original Image/Healthy Leaf/Healthy_Leaf (208).jpg,,leaves,,,ambiguous,plant_unknown,unresolved|folder_keyword
Original Image/Healthy Leaf/Healthy_Leaf (209).jpg,,leaves,,,ambiguous,plant_unknown,unresolved|folder_keyword
Original Image/Healthy Leaf/Healthy_Leaf (21).jpg,,leaves,,,ambiguous,plant_unknown,unresolved|folder_keyword
Original Image/Healthy Leaf/Healthy_Leaf (210).jpg,,leaves,,,ambiguous,plant_unknown,unresolved|folder_keyword
Original Image/Healthy Leaf/Healthy_Leaf (211).jpg,,leaves,,,ambiguous,plant_unknown,unresolved|folder_keyword
Original Image/Healthy Leaf/Healthy_Leaf (212).jpg,,leaves,,,ambiguous,plant_unknown,unresolved|folder_keyword
Original Image/Healthy Leaf/Healthy_Leaf (213).jpg,,leaves,,,ambiguous,plant_unknown,unresolved|folder_keyword
Original Image/Healthy Leaf/Healthy_Leaf (214).jpg,,leaves,,,ambiguous,plant_unknown,unresolved|folder_keyword
Original Image/Healthy Leaf/Healthy_Leaf (215).jpg,,leaves,,,ambiguous,plant_unknown,unresolved|folder_keyword
Original Image/Healthy Leaf/Healthy_Leaf (216).jpg,,leaves,,,ambiguous,plant_unknown,unresolved|folder_keyword
Original Image/Healthy Leaf/Healthy_Leaf (217).jpg,,leaves,,,ambiguous,plant_unknown,unresolved|folder_keyword
Original Image/Healthy Leaf/Healthy_Leaf (218).jpg,,leaves,,,ambiguous,plant_unknown,unresolved|folder_keyword
Original Image/Healthy Leaf/Healthy_Leaf (219).jpg,,leaves,,,ambiguous,plant_unknown,unresolved|folder_keyword
Original Image/Healthy Leaf/Healthy_Leaf (22).jpg,,leaves,,,ambiguous,plant_unknown,unresolved|folder_keyword
Original Image/Healthy Leaf/Healthy_Leaf (220).jpg,,leaves,,,ambiguous,plant_unknown,unresolved|folder_keyword
Original Image/Healthy Leaf/Healthy_Leaf (221).jpg,,leaves,,,ambiguous,plant_unknown,unresolved|folder_keyword
Original Image/Healthy Leaf/Healthy_Leaf (222).jpg,,leaves,,,ambiguous,plant_unknown,unresolved|folder_keyword
Original Image/Healthy Leaf/Healthy_Leaf (223).jpg,,leaves,,,ambiguous,plant_unknown,unresolved|folder_keyword
Original Image/Healthy Leaf/Healthy_Leaf (224).jpg,,leaves,,,ambiguous,plant_unknown,unresolved|folder_keyword
Original Image/Healthy Leaf/Healthy_Leaf (225).jpg,,leaves,,,ambiguous,plant_unknown,unresolved|folder_keyword
Original Image/Healthy Leaf/Healthy_Leaf (226).jpg,,leaves,,,ambiguous,plant_unknown,unresolved|folder_keyword
Original Image/Healthy Leaf/Healthy_Leaf (227).jpg,,leaves,,,ambiguous,plant_unknown,unresolved|folder_keyword
Original Image/Healthy Leaf/Healthy_Leaf (228).jpg,,leaves,,,ambiguous,plant_unknown,unresolved|folder_keyword
Original Image/Healthy Leaf/Healthy_Leaf (229).jpg,,leaves,,,ambiguous,plant_unknown,unresolved|folder_keyword
Original Image/Healthy Leaf/Healthy_Leaf (23).jpg,,leaves,,,ambiguous,plant_unknown,unresolved|folder_keyword
Original Image/Healthy Leaf/Healthy_Leaf (230).jpg,,leaves,,,ambiguous,plant_unknown,unresolved|folder_keyword
Original Image/Healthy Leaf/Healthy_Leaf (231).jpg,,leaves,,,ambiguous,plant_unknown,unresolved|folder_keyword
Original Image/Healthy Leaf/Healthy_Leaf (232).jpg,,leaves,,,ambiguous,plant_unknown,unresolved|folder_keyword
Original Image/Healthy Leaf/Healthy_Leaf (233).jpg,,leaves,,,ambiguous,plant_unknown,unresolved|folder_keyword
Original Image/Healthy Leaf/Healthy_Leaf (234).jpg,,leaves,,,ambiguous,plant_unknown,unresolved|folder_keyword
Original Image/Healthy Leaf/Healthy_Leaf (235).jpg,,leaves,,,ambiguous,plant_unknown,unresolved|folder_keyword
Original Image/Healthy Leaf/Healthy_Leaf (236).jpg,,leaves,,,ambiguous,plant_unknown,unresolved|folder_keyword
Original Image/Healthy Leaf/Healthy_Leaf (237).jpg,,leaves,,,ambiguous,plant_unknown,unresolved|folder_keyword
Original Image/Healthy Leaf/Healthy_Leaf (238).jpg,,leaves,,,ambiguous,plant_unknown,unresolved|folder_keyword
Original Image/Healthy Leaf/Healthy_Leaf (239).jpg,,leaves,,,ambiguous,plant_unknown,unresolved|folder_keyword
Original Image/Healthy Leaf/Healthy_Leaf (24).jpg,,leaves,,,ambiguous,plant_unknown,unresolved|folder_keyword
Original Image/Healthy Leaf/Healthy_Leaf (240).jpg,,leaves,,,ambiguous,plant_unknown,unresolved|folder_keyword
Original Image/Healthy Leaf/Healthy_Leaf (241).jpg,,leaves,,,ambiguous,plant_unknown,unresolved|folder_keyword
Original Image/Healthy Leaf/Healthy_Leaf (242).jpg,,leaves,,,ambiguous,plant_unknown,unresolved|folder_keyword
Original Image/Healthy Leaf/Healthy_Leaf (243).jpg,,leaves,,,ambiguous,plant_unknown,unresolved|folder_keyword
Original Image/Healthy Leaf/Healthy_Leaf (244).jpg,,leaves,,,ambiguous,plant_unknown,unresolved|folder_keyword
Original Image/Healthy Leaf/Healthy_Leaf (245).jpg,,leaves,,,ambiguous,plant_unknown,unresolved|folder_keyword
Original Image/Healthy Leaf/Healthy_Leaf (246).jpg,,leaves,,,ambiguous,plant_unknown,unresolved|folder_keyword
Original Image/Healthy Leaf/Healthy_Leaf (247).jpg,,leaves,,,ambiguous,plant_unknown,unresolved|folder_keyword
Original Image/Healthy Leaf/Healthy_Leaf (248).jpg,,leaves,,,ambiguous,plant_unknown,unresolved|folder_keyword
Original Image/Healthy Leaf/Healthy_Leaf (249).jpg,,leaves,,,ambiguous,plant_unknown,unresolved|folder_keyword
Original Image/Healthy Leaf/Healthy_Leaf (25).jpg,,leaves,,,ambiguous,plant_unknown,unresolved|folder_keyword
Original Image/Healthy Leaf/Healthy_Leaf (250).jpg,,leaves,,,ambiguous,plant_unknown,unresolved|folder_keyword
Original Image/Healthy Leaf/Healthy_Leaf (251).jpg,,leaves,,,ambiguous,plant_unknown,unresolved|folder_keyword
Original Image/Healthy Leaf/Healthy_Leaf (252).jpg,,leaves,,,ambiguous,plant_unknown,unresolved|folder_keyword
Original Image/Healthy Leaf/Healthy_Leaf (253).jpg,,leaves,,,ambiguous,plant_unknown,unresolved|folder_keyword
Original Image/Healthy Leaf/Healthy_Leaf (254).jpg,,leaves,,,ambiguous,plant_unknown,unresolved|folder_keyword
Original Image/Healthy Leaf/Healthy_Leaf (255).jpg,,leaves,,,ambiguous,plant_unknown,unresolved|folder_keyword
Original Image/Healthy Leaf/Healthy_Leaf (256).jpg,,leaves,,,ambiguous,plant_unknown,unresolved|folder_keyword
Original Image/Healthy Leaf/Healthy_Leaf (257).jpg,,leaves,,,ambiguous,plant_unknown,unresolved|folder_keyword
Original Image/Healthy Leaf/Healthy_Leaf (258).jpg,,leaves,,,ambiguous,plant_unknown,unresolved|folder_keyword
Original Image/Healthy Leaf/Healthy_Leaf (259).jpg,,leaves,,,ambiguous,plant_unknown,unresolved|folder_keyword
Original Image/Healthy Leaf/Healthy_Leaf (26).jpg,,leaves,,,ambiguous,plant_unknown,unresolved|folder_keyword
Original Image/Healthy Leaf/Healthy_Leaf (260).jpg,,leaves,,,ambiguous,plant_unknown,unresolved|folder_keyword
Original Image/Healthy Leaf/Healthy_Leaf (261).jpg,,leaves,,,ambiguous,plant_unknown,unresolved|folder_keyword
Original Image/Healthy Leaf/Healthy_Leaf (262).jpg,,leaves,,,ambiguous,plant_unknown,unresolved|folder_keyword
Original Image/Healthy Leaf/Healthy_Leaf (263).jpg,,leaves,,,ambiguous,plant_unknown,unresolved|folder_keyword
Original Image/Healthy Leaf/Healthy_Leaf (264).jpg,,leaves,,,ambiguous,plant_unknown,unresolved|folder_keyword
Original Image/Healthy Leaf/Healthy_Leaf (265).jpg,,leaves,,,ambiguous,plant_unknown,unresolved|folder_keyword
Original Image/Healthy Leaf/Healthy_Leaf (266).jpg,,leaves,,,ambiguous,plant_unknown,unresolved|folder_keyword
Original Image/Healthy Leaf/Healthy_Leaf (267).jpg,,leaves,,,ambiguous,plant_unknown,unresolved|folder_keyword
Original Image/Healthy Leaf/Healthy_Leaf (268).jpg,,leaves,,,ambiguous,plant_unknown,unresolved|folder_keyword
Original Image/Healthy Leaf/Healthy_Leaf (269).jpg,,leaves,,,ambiguous,plant_unknown,unresolved|folder_keyword
Original Image/Healthy Leaf/Healthy_Leaf (27).jpg,,leaves,,,ambiguous,plant_unknown,unresolved|folder_keyword
Original Image/Healthy Leaf/Healthy_Leaf (270).jpg,,leaves,,,ambiguous,plant_unknown,unresolved|folder_keyword
Original Image/Healthy Leaf/Healthy_Leaf (271).jpg,,leaves,,,ambiguous,plant_unknown,unresolved|folder_keyword
Original Image/Healthy Leaf/Healthy_Leaf (272).jpg,,leaves,,,ambiguous,plant_unknown,unresolved|folder_keyword
Original Image/Healthy Leaf/Healthy_Leaf (273).jpg,,leaves,,,ambiguous,plant_unknown,unresolved|folder_keyword
Original Image/Healthy Leaf/Healthy_Leaf (274).jpg,,leaves,,,ambiguous,plant_unknown,unresolved|folder_keyword
Original Image/Healthy Leaf/Healthy_Leaf (275).jpg,,leaves,,,ambiguous,plant_unknown,unresolved|folder_keyword
Original Image/Healthy Leaf/Healthy_Leaf (276).jpg,,leaves,,,ambiguous,plant_unknown,unresolved|folder_keyword
Original Image/Healthy Leaf/Healthy_Leaf (277).jpg,,leaves,,,ambiguous,plant_unknown,unresolved|folder_keyword
Original Image/Healthy Leaf/Healthy_Leaf (278).jpg,,leaves,,,ambiguous,plant_unknown,unresolved|folder_keyword
Original Image/Healthy Leaf/Healthy_Leaf (279).jpg,,leaves,,,ambiguous,plant_unknown,unresolved|folder_keyword
Original Image/Healthy Leaf/Healthy_Leaf (28).jpg,,leaves,,,ambiguous,plant_unknown,unresolved|folder_keyword
Original Image/Healthy Leaf/Healthy_Leaf (280).jpg,,leaves,,,ambiguous,plant_unknown,unresolved|folder_keyword
Original Image/Healthy Leaf/Healthy_Leaf (281).jpg,,leaves,,,ambiguous,plant_unknown,unresolved|folder_keyword
Original Image/Healthy Leaf/Healthy_Leaf (282).jpg,,leaves,,,ambiguous,plant_unknown,unresolved|folder_keyword
Original Image/Healthy Leaf/Healthy_Leaf (283).jpg,,leaves,,,ambiguous,plant_unknown,unresolved|folder_keyword
Original Image/Healthy Leaf/Healthy_Leaf (284).jpg,,leaves,,,ambiguous,plant_unknown,unresolved|folder_keyword
Original Image/Healthy Leaf/Healthy_Leaf (285).jpg,,leaves,,,ambiguous,plant_unknown,unresolved|folder_keyword
Original Image/Healthy Leaf/Healthy_Leaf (286).jpg,,leaves,,,ambiguous,plant_unknown,unresolved|folder_keyword
Original Image/Healthy Leaf/Healthy_Leaf (287).jpg,,leaves,,,ambiguous,plant_unknown,unresolved|folder_keyword
Original Image/Healthy Leaf/Healthy_Leaf (288).jpg,,leaves,,,ambiguous,plant_unknown,unresolved|folder_keyword
Original Image/Healthy Leaf/Healthy_Leaf (289).jpg,,leaves,,,ambiguous,plant_unknown,unresolved|folder_keyword
Original Image/Healthy Leaf/Healthy_Leaf (29).jpg,,leaves,,,ambiguous,plant_unknown,unresolved|folder_keyword
Original Image/Healthy Leaf/Healthy_Leaf (290).jpg,,leaves,,,ambiguous,plant_unknown,unresolved|folder_keyword
Original Image/Healthy Leaf/Healthy_Leaf (291).jpg,,leaves,,,ambiguous,plant_unknown,unresolved|folder_keyword
Original Image/Healthy Leaf/Healthy_Leaf (292).jpg,,leaves,,,ambiguous,plant_unknown,unresolved|folder_keyword
Original Image/Healthy Leaf/Healthy_Leaf (293).jpg,,leaves,,,ambiguous,plant_unknown,unresolved|folder_keyword
Original Image/Healthy Leaf/Healthy_Leaf (294).jpg,,leaves,,,ambiguous,plant_unknown,unresolved|folder_keyword
Original Image/Healthy Leaf/Healthy_Leaf (295).jpg,,leaves,,,ambiguous,plant_unknown,unresolved|folder_keyword
Original Image/Healthy Leaf/Healthy_Leaf (296).jpg,,leaves,,,ambiguous,plant_unknown,unresolved|folder_keyword
Original Image/Healthy Leaf/Healthy_Leaf (297).jpg,,leaves,,,ambiguous,plant_unknown,unresolved|folder_keyword
Original Image/Healthy Leaf/Healthy_Leaf (298).jpg,,leaves,,,ambiguous,plant_unknown,unresolved|folder_keyword
Original Image/Healthy Leaf/Healthy_Leaf (299).jpg,,leaves,,,ambiguous,plant_unknown,unresolved|folder_keyword
Original Image/Healthy Leaf/Healthy_Leaf (3).jpg,,leaves,,,ambiguous,plant_unknown,unresolved|folder_keyword
Original Image/Healthy Leaf/Healthy_Leaf (30).jpg,,leaves,,,ambiguous,plant_unknown,unresolved|folder_keyword
Original Image/Healthy Leaf/Healthy_Leaf (300).jpg,,leaves,,,ambiguous,plant_unknown,unresolved|folder_keyword
Original Image/Healthy Leaf/Healthy_Leaf (301).jpg,,leaves,,,ambiguous,plant_unknown,unresolved|folder_keyword
Original Image/Healthy Leaf/Healthy_Leaf (302).jpg,,leaves,,,ambiguous,plant_unknown,unresolved|folder_keyword
Original Image/Healthy Leaf/Healthy_Leaf (303).jpg,,leaves,,,ambiguous,plant_unknown,unresolved|folder_keyword
Original Image/Healthy Leaf/Healthy_Leaf (304).jpg,,leaves,,,ambiguous,plant_unknown,unresolved|folder_keyword
Original Image/Healthy Leaf/Healthy_Leaf (305).jpg,,leaves,,,ambiguous,plant_unknown,unresolved|folder_keyword
Original Image/Healthy Leaf/Healthy_Leaf (306).jpg,,leaves,,,ambiguous,plant_unknown,unresolved|folder_keyword
Original Image/Healthy Leaf/Healthy_Leaf (307).jpg,,leaves,,,ambiguous,plant_unknown,unresolved|folder_keyword
Original Image/Healthy Leaf/Healthy_Leaf (308).jpg,,leaves,,,ambiguous,plant_unknown,unresolved|folder_keyword
Original Image/Healthy Leaf/Healthy_Leaf (309).jpg,,leaves,,,ambiguous,plant_unknown,unresolved|folder_keyword
Original Image/Healthy Leaf/Healthy_Leaf (31).jpg,,leaves,,,ambiguous,plant_unknown,unresolved|folder_keyword
Original Image/Healthy Leaf/Healthy_Leaf (310).jpg,,leaves,,,ambiguous,plant_unknown,unresolved|folder_keyword
Original Image/Healthy Leaf/Healthy_Leaf (311).jpg,,leaves,,,ambiguous,plant_unknown,unresolved|folder_keyword
Original Image/Healthy Leaf/Healthy_Leaf (312).jpg,,leaves,,,ambiguous,plant_unknown,unresolved|folder_keyword
Original Image/Healthy Leaf/Healthy_Leaf (313).jpg,,leaves,,,ambiguous,plant_unknown,unresolved|folder_keyword
Original Image/Healthy Leaf/Healthy_Leaf (314).jpg,,leaves,,,ambiguous,plant_unknown,unresolved|folder_keyword
Original Image/Healthy Leaf/Healthy_Leaf (315).jpg,,leaves,,,ambiguous,plant_unknown,unresolved|folder_keyword
Original Image/Healthy Leaf/Healthy_Leaf (316).jpg,,leaves,,,ambiguous,plant_unknown,unresolved|folder_keyword
Original Image/Healthy Leaf/Healthy_Leaf (317).jpg,,leaves,,,ambiguous,plant_unknown,unresolved|folder_keyword
Original Image/Healthy Leaf/Healthy_Leaf (318).jpg,,leaves,,,ambiguous,plant_unknown,unresolved|folder_keyword
Original Image/Healthy Leaf/Healthy_Leaf (319).jpg,,leaves,,,ambiguous,plant_unknown,unresolved|folder_keyword
Original Image/Healthy Leaf/Healthy_Leaf (32).jpg,,leaves,,,ambiguous,plant_unknown,unresolved|folder_keyword
Original Image/Healthy Leaf/Healthy_Leaf (320).jpg,,leaves,,,ambiguous,plant_unknown,unresolved|folder_keyword
Original Image/Healthy Leaf/Healthy_Leaf (321).jpg,,leaves,,,ambiguous,plant_unknown,unresolved|folder_keyword
Original Image/Healthy Leaf/Healthy_Leaf (322).jpg,,leaves,,,ambiguous,plant_unknown,unresolved|folder_keyword
Original Image/Healthy Leaf/Healthy_Leaf (323).jpg,,leaves,,,ambiguous,plant_unknown,unresolved|folder_keyword
Original Image/Healthy Leaf/Healthy_Leaf (324).jpg,,leaves,,,ambiguous,plant_unknown,unresolved|folder_keyword
Original Image/Healthy Leaf/Healthy_Leaf (325).jpg,,leaves,,,ambiguous,plant_unknown,unresolved|folder_keyword
Original Image/Healthy Leaf/Healthy_Leaf (326).jpg,,leaves,,,ambiguous,plant_unknown,unresolved|folder_keyword
Original Image/Healthy Leaf/Healthy_Leaf (327).jpg,,leaves,,,ambiguous,plant_unknown,unresolved|folder_keyword
Original Image/Healthy Leaf/Healthy_Leaf (328).jpg,,leaves,,,ambiguous,plant_unknown,unresolved|folder_keyword
Original Image/Healthy Leaf/Healthy_Leaf (329).jpg,,leaves,,,ambiguous,plant_unknown,unresolved|folder_keyword
Original Image/Healthy Leaf/Healthy_Leaf (33).jpg,,leaves,,,ambiguous,plant_unknown,unresolved|folder_keyword
Original Image/Healthy Leaf/Healthy_Leaf (330).jpg,,leaves,,,ambiguous,plant_unknown,unresolved|folder_keyword
Original Image/Healthy Leaf/Healthy_Leaf (331).jpg,,leaves,,,ambiguous,plant_unknown,unresolved|folder_keyword
Original Image/Healthy Leaf/Healthy_Leaf (332).jpg,,leaves,,,ambiguous,plant_unknown,unresolved|folder_keyword
Original Image/Healthy Leaf/Healthy_Leaf (333).jpg,,leaves,,,ambiguous,plant_unknown,unresolved|folder_keyword
Original Image/Healthy Leaf/Healthy_Leaf (334).jpg,,leaves,,,ambiguous,plant_unknown,unresolved|folder_keyword
Original Image/Healthy Leaf/Healthy_Leaf (335).jpg,,leaves,,,ambiguous,plant_unknown,unresolved|folder_keyword
Original Image/Healthy Leaf/Healthy_Leaf (336).jpg,,leaves,,,ambiguous,plant_unknown,unresolved|folder_keyword
Original Image/Healthy Leaf/Healthy_Leaf (337).jpg,,leaves,,,ambiguous,plant_unknown,unresolved|folder_keyword
Original Image/Healthy Leaf/Healthy_Leaf (338).jpg,,leaves,,,ambiguous,plant_unknown,unresolved|folder_keyword
Original Image/Healthy Leaf/Healthy_Leaf (339).jpg,,leaves,,,ambiguous,plant_unknown,unresolved|folder_keyword
Original Image/Healthy Leaf/Healthy_Leaf (34).jpg,,leaves,,,ambiguous,plant_unknown,unresolved|folder_keyword
Original Image/Healthy Leaf/Healthy_Leaf (340).jpg,,leaves,,,ambiguous,plant_unknown,unresolved|folder_keyword
Original Image/Healthy Leaf/Healthy_Leaf (341).jpg,,leaves,,,ambiguous,plant_unknown,unresolved|folder_keyword
Original Image/Healthy Leaf/Healthy_Leaf (342).jpg,,leaves,,,ambiguous,plant_unknown,unresolved|folder_keyword
Original Image/Healthy Leaf/Healthy_Leaf (343).jpg,,leaves,,,ambiguous,plant_unknown,unresolved|folder_keyword
Original Image/Healthy Leaf/Healthy_Leaf (344).jpg,,leaves,,,ambiguous,plant_unknown,unresolved|folder_keyword
Original Image/Healthy Leaf/Healthy_Leaf (345).jpg,,leaves,,,ambiguous,plant_unknown,unresolved|folder_keyword
Original Image/Healthy Leaf/Healthy_Leaf (346).jpg,,leaves,,,ambiguous,plant_unknown,unresolved|folder_keyword
Original Image/Healthy Leaf/Healthy_Leaf (347).jpg,,leaves,,,ambiguous,plant_unknown,unresolved|folder_keyword
Original Image/Healthy Leaf/Healthy_Leaf (348).jpg,,leaves,,,ambiguous,plant_unknown,unresolved|folder_keyword
Original Image/Healthy Leaf/Healthy_Leaf (349).jpg,,leaves,,,ambiguous,plant_unknown,unresolved|folder_keyword
Original Image/Healthy Leaf/Healthy_Leaf (35).jpg,,leaves,,,ambiguous,plant_unknown,unresolved|folder_keyword
Original Image/Healthy Leaf/Healthy_Leaf (350).jpg,,leaves,,,ambiguous,plant_unknown,unresolved|folder_keyword
Original Image/Healthy Leaf/Healthy_Leaf (351).jpg,,leaves,,,ambiguous,plant_unknown,unresolved|folder_keyword
Original Image/Healthy Leaf/Healthy_Leaf (352).jpg,,leaves,,,ambiguous,plant_unknown,unresolved|folder_keyword
Original Image/Healthy Leaf/Healthy_Leaf (353).jpg,,leaves,,,ambiguous,plant_unknown,unresolved|folder_keyword
Original Image/Healthy Leaf/Healthy_Leaf (354).jpg,,leaves,,,ambiguous,plant_unknown,unresolved|folder_keyword
Original Image/Healthy Leaf/Healthy_Leaf (355).jpg,,leaves,,,ambiguous,plant_unknown,unresolved|folder_keyword
Original Image/Healthy Leaf/Healthy_Leaf (356).jpg,,leaves,,,ambiguous,plant_unknown,unresolved|folder_keyword
Original Image/Healthy Leaf/Healthy_Leaf (357).jpg,,leaves,,,ambiguous,plant_unknown,unresolved|folder_keyword
Original Image/Healthy Leaf/Healthy_Leaf (358).jpg,,leaves,,,ambiguous,plant_unknown,unresolved|folder_keyword
Original Image/Healthy Leaf/Healthy_Leaf (359).jpg,,leaves,,,ambiguous,plant_unknown,unresolved|folder_keyword
Original Image/Healthy Leaf/Healthy_Leaf (36).jpg,,leaves,,,ambiguous,plant_unknown,unresolved|folder_keyword
Original Image/Healthy Leaf/Healthy_Leaf (360).jpg,,leaves,,,ambiguous,plant_unknown,unresolved|folder_keyword
Original Image/Healthy Leaf/Healthy_Leaf (361).jpg,,leaves,,,ambiguous,plant_unknown,unresolved|folder_keyword
Original Image/Healthy Leaf/Healthy_Leaf (362).jpg,,leaves,,,ambiguous,plant_unknown,unresolved|folder_keyword
Original Image/Healthy Leaf/Healthy_Leaf (363).jpg,,leaves,,,ambiguous,plant_unknown,unresolved|folder_keyword
Original Image/Healthy Leaf/Healthy_Leaf (364).jpg,,leaves,,,ambiguous,plant_unknown,unresolved|folder_keyword
Original Image/Healthy Leaf/Healthy_Leaf (365).jpg,,leaves,,,ambiguous,plant_unknown,unresolved|folder_keyword
Original Image/Healthy Leaf/Healthy_Leaf (366).jpg,,leaves,,,ambiguous,plant_unknown,unresolved|folder_keyword
Original Image/Healthy Leaf/Healthy_Leaf (367).jpg,,leaves,,,ambiguous,plant_unknown,unresolved|folder_keyword
Original Image/Healthy Leaf/Healthy_Leaf (368).jpg,,leaves,,,ambiguous,plant_unknown,unresolved|folder_keyword
Original Image/Healthy Leaf/Healthy_Leaf (369).jpg,,leaves,,,ambiguous,plant_unknown,unresolved|folder_keyword
Original Image/Healthy Leaf/Healthy_Leaf (37).jpg,,leaves,,,ambiguous,plant_unknown,unresolved|folder_keyword
Original Image/Healthy Leaf/Healthy_Leaf (370).jpg,,leaves,,,ambiguous,plant_unknown,unresolved|folder_keyword
Original Image/Healthy Leaf/Healthy_Leaf (371).jpg,,leaves,,,ambiguous,plant_unknown,unresolved|folder_keyword
Original Image/Healthy Leaf/Healthy_Leaf (372).jpg,,leaves,,,ambiguous,plant_unknown,unresolved|folder_keyword
Original Image/Healthy Leaf/Healthy_Leaf (373).jpg,,leaves,,,ambiguous,plant_unknown,unresolved|folder_keyword
Original Image/Healthy Leaf/Healthy_Leaf (374).jpg,,leaves,,,ambiguous,plant_unknown,unresolved|folder_keyword
Original Image/Healthy Leaf/Healthy_Leaf (375).jpg,,leaves,,,ambiguous,plant_unknown,unresolved|folder_keyword
Original Image/Healthy Leaf/Healthy_Leaf (376).jpg,,leaves,,,ambiguous,plant_unknown,unresolved|folder_keyword
Original Image/Healthy Leaf/Healthy_Leaf (377).jpg,,leaves,,,ambiguous,plant_unknown,unresolved|folder_keyword
Original Image/Healthy Leaf/Healthy_Leaf (378).jpg,,leaves,,,ambiguous,plant_unknown,unresolved|folder_keyword
Original Image/Healthy Leaf/Healthy_Leaf (379).jpg,,leaves,,,ambiguous,plant_unknown,unresolved|folder_keyword
Original Image/Healthy Leaf/Healthy_Leaf (38).jpg,,leaves,,,ambiguous,plant_unknown,unresolved|folder_keyword
Original Image/Healthy Leaf/Healthy_Leaf (380).jpg,,leaves,,,ambiguous,plant_unknown,unresolved|folder_keyword
Original Image/Healthy Leaf/Healthy_Leaf (381).jpg,,leaves,,,ambiguous,plant_unknown,unresolved|folder_keyword
Original Image/Healthy Leaf/Healthy_Leaf (382).jpg,,leaves,,,ambiguous,plant_unknown,unresolved|folder_keyword
Original Image/Healthy Leaf/Healthy_Leaf (383).jpg,,leaves,,,ambiguous,plant_unknown,unresolved|folder_keyword
Original Image/Healthy Leaf/Healthy_Leaf (384).jpg,,leaves,,,ambiguous,plant_unknown,unresolved|folder_keyword
Original Image/Healthy Leaf/Healthy_Leaf (385).jpg,,leaves,,,ambiguous,plant_unknown,unresolved|folder_keyword
Original Image/Healthy Leaf/Healthy_Leaf (386).jpg,,leaves,,,ambiguous,plant_unknown,unresolved|folder_keyword
Original Image/Healthy Leaf/Healthy_Leaf (387).jpg,,leaves,,,ambiguous,plant_unknown,unresolved|folder_keyword
Original Image/Healthy Leaf/Healthy_Leaf (388).jpg,,leaves,,,ambiguous,plant_unknown,unresolved|folder_keyword
Original Image/Healthy Leaf/Healthy_Leaf (389).jpg,,leaves,,,ambiguous,plant_unknown,unresolved|folder_keyword
Original Image/Healthy Leaf/Healthy_Leaf (39).jpg,,leaves,,,ambiguous,plant_unknown,unresolved|folder_keyword
Original Image/Healthy Leaf/Healthy_Leaf (390).jpg,,leaves,,,ambiguous,plant_unknown,unresolved|folder_keyword
Original Image/Healthy Leaf/Healthy_Leaf (391).jpg,,leaves,,,ambiguous,plant_unknown,unresolved|folder_keyword
Original Image/Healthy Leaf/Healthy_Leaf (392).jpg,,leaves,,,ambiguous,plant_unknown,unresolved|folder_keyword
Original Image/Healthy Leaf/Healthy_Leaf (393).jpg,,leaves,,,ambiguous,plant_unknown,unresolved|folder_keyword
Original Image/Healthy Leaf/Healthy_Leaf (394).jpg,,leaves,,,ambiguous,plant_unknown,unresolved|folder_keyword
Original Image/Healthy Leaf/Healthy_Leaf (395).jpg,,leaves,,,ambiguous,plant_unknown,unresolved|folder_keyword
Original Image/Healthy Leaf/Healthy_Leaf (396).jpg,,leaves,,,ambiguous,plant_unknown,unresolved|folder_keyword
Original Image/Healthy Leaf/Healthy_Leaf (397).jpg,,leaves,,,ambiguous,plant_unknown,unresolved|folder_keyword
Original Image/Healthy Leaf/Healthy_Leaf (398).jpg,,leaves,,,ambiguous,plant_unknown,unresolved|folder_keyword
Original Image/Healthy Leaf/Healthy_Leaf (399).jpg,,leaves,,,ambiguous,plant_unknown,unresolved|folder_keyword
Original Image/Healthy Leaf/Healthy_Leaf (4).jpg,,leaves,,,ambiguous,plant_unknown,unresolved|folder_keyword
Original Image/Healthy Leaf/Healthy_Leaf (40).jpg,,leaves,,,ambiguous,plant_unknown,unresolved|folder_keyword
Original Image/Healthy Leaf/Healthy_Leaf (400).jpg,,leaves,,,ambiguous,plant_unknown,unresolved|folder_keyword
Original Image/Healthy Leaf/Healthy_Leaf (401).jpg,,leaves,,,ambiguous,plant_unknown,unresolved|folder_keyword
Original Image/Healthy Leaf/Healthy_Leaf (402).jpg,,leaves,,,ambiguous,plant_unknown,unresolved|folder_keyword
Original Image/Healthy Leaf/Healthy_Leaf (403).jpg,,leaves,,,ambiguous,plant_unknown,unresolved|folder_keyword
Original Image/Healthy Leaf/Healthy_Leaf (404).jpg,,leaves,,,ambiguous,plant_unknown,unresolved|folder_keyword
Original Image/Healthy Leaf/Healthy_Leaf (405).jpg,,leaves,,,ambiguous,plant_unknown,unresolved|folder_keyword
Original Image/Healthy Leaf/Healthy_Leaf (406).jpg,,leaves,,,ambiguous,plant_unknown,unresolved|folder_keyword
Original Image/Healthy Leaf/Healthy_Leaf (407).jpg,,leaves,,,ambiguous,plant_unknown,unresolved|folder_keyword
Original Image/Healthy Leaf/Healthy_Leaf (408).jpg,,leaves,,,ambiguous,plant_unknown,unresolved|folder_keyword
Original Image/Healthy Leaf/Healthy_Leaf (409).jpg,,leaves,,,ambiguous,plant_unknown,unresolved|folder_keyword
Original Image/Healthy Leaf/Healthy_Leaf (41).jpg,,leaves,,,ambiguous,plant_unknown,unresolved|folder_keyword
Original Image/Healthy Leaf/Healthy_Leaf (410).jpg,,leaves,,,ambiguous,plant_unknown,unresolved|folder_keyword
Original Image/Healthy Leaf/Healthy_Leaf (411).jpg,,leaves,,,ambiguous,plant_unknown,unresolved|folder_keyword
Original Image/Healthy Leaf/Healthy_Leaf (412).jpg,,leaves,,,ambiguous,plant_unknown,unresolved|folder_keyword
Original Image/Healthy Leaf/Healthy_Leaf (413).jpg,,leaves,,,ambiguous,plant_unknown,unresolved|folder_keyword
Original Image/Healthy Leaf/Healthy_Leaf (414).jpg,,leaves,,,ambiguous,plant_unknown,unresolved|folder_keyword
Original Image/Healthy Leaf/Healthy_Leaf (415).jpg,,leaves,,,ambiguous,plant_unknown,unresolved|folder_keyword
Original Image/Healthy Leaf/Healthy_Leaf (416).jpg,,leaves,,,ambiguous,plant_unknown,unresolved|folder_keyword
Original Image/Healthy Leaf/Healthy_Leaf (417).jpg,,leaves,,,ambiguous,plant_unknown,unresolved|folder_keyword
Original Image/Healthy Leaf/Healthy_Leaf (418).jpg,,leaves,,,ambiguous,plant_unknown,unresolved|folder_keyword
Original Image/Healthy Leaf/Healthy_Leaf (419).jpg,,leaves,,,ambiguous,plant_unknown,unresolved|folder_keyword
Original Image/Healthy Leaf/Healthy_Leaf (42).jpg,,leaves,,,ambiguous,plant_unknown,unresolved|folder_keyword
Original Image/Healthy Leaf/Healthy_Leaf (420).jpg,,leaves,,,ambiguous,plant_unknown,unresolved|folder_keyword
Original Image/Healthy Leaf/Healthy_Leaf (421).jpg,,leaves,,,ambiguous,plant_unknown,unresolved|folder_keyword
Original Image/Healthy Leaf/Healthy_Leaf (422).jpg,,leaves,,,ambiguous,plant_unknown,unresolved|folder_keyword
Original Image/Healthy Leaf/Healthy_Leaf (423).jpg,,leaves,,,ambiguous,plant_unknown,unresolved|folder_keyword
Original Image/Healthy Leaf/Healthy_Leaf (424).jpg,,leaves,,,ambiguous,plant_unknown,unresolved|folder_keyword
Original Image/Healthy Leaf/Healthy_Leaf (425).jpg,,leaves,,,ambiguous,plant_unknown,unresolved|folder_keyword
Original Image/Healthy Leaf/Healthy_Leaf (426).jpg,,leaves,,,ambiguous,plant_unknown,unresolved|folder_keyword
Original Image/Healthy Leaf/Healthy_Leaf (427).jpg,,leaves,,,ambiguous,plant_unknown,unresolved|folder_keyword
Original Image/Healthy Leaf/Healthy_Leaf (428).jpg,,leaves,,,ambiguous,plant_unknown,unresolved|folder_keyword
Original Image/Healthy Leaf/Healthy_Leaf (429).jpg,,leaves,,,ambiguous,plant_unknown,unresolved|folder_keyword
Original Image/Healthy Leaf/Healthy_Leaf (43).jpg,,leaves,,,ambiguous,plant_unknown,unresolved|folder_keyword
Original Image/Healthy Leaf/Healthy_Leaf (430).jpg,,leaves,,,ambiguous,plant_unknown,unresolved|folder_keyword
Original Image/Healthy Leaf/Healthy_Leaf (431).jpg,,leaves,,,ambiguous,plant_unknown,unresolved|folder_keyword
Original Image/Healthy Leaf/Healthy_Leaf (432).jpg,,leaves,,,ambiguous,plant_unknown,unresolved|folder_keyword
Original Image/Healthy Leaf/Healthy_Leaf (433).jpg,,leaves,,,ambiguous,plant_unknown,unresolved|folder_keyword
Original Image/Healthy Leaf/Healthy_Leaf (434).jpg,,leaves,,,ambiguous,plant_unknown,unresolved|folder_keyword
Original Image/Healthy Leaf/Healthy_Leaf (435).jpg,,leaves,,,ambiguous,plant_unknown,unresolved|folder_keyword
Original Image/Healthy Leaf/Healthy_Leaf (436).jpg,,leaves,,,ambiguous,plant_unknown,unresolved|folder_keyword
Original Image/Healthy Leaf/Healthy_Leaf (437).jpg,,leaves,,,ambiguous,plant_unknown,unresolved|folder_keyword
Original Image/Healthy Leaf/Healthy_Leaf (438).jpg,,leaves,,,ambiguous,plant_unknown,unresolved|folder_keyword
Original Image/Healthy Leaf/Healthy_Leaf (439).jpg,,leaves,,,ambiguous,plant_unknown,unresolved|folder_keyword
Original Image/Healthy Leaf/Healthy_Leaf (44).jpg,,leaves,,,ambiguous,plant_unknown,unresolved|folder_keyword
Original Image/Healthy Leaf/Healthy_Leaf (440).jpg,,leaves,,,ambiguous,plant_unknown,unresolved|folder_keyword
Original Image/Healthy Leaf/Healthy_Leaf (441).jpg,,leaves,,,ambiguous,plant_unknown,unresolved|folder_keyword
Original Image/Healthy Leaf/Healthy_Leaf (442).jpg,,leaves,,,ambiguous,plant_unknown,unresolved|folder_keyword
Original Image/Healthy Leaf/Healthy_Leaf (443).jpg,,leaves,,,ambiguous,plant_unknown,unresolved|folder_keyword
Original Image/Healthy Leaf/Healthy_Leaf (444).jpg,,leaves,,,ambiguous,plant_unknown,unresolved|folder_keyword
Original Image/Healthy Leaf/Healthy_Leaf (445).jpg,,leaves,,,ambiguous,plant_unknown,unresolved|folder_keyword
Original Image/Healthy Leaf/Healthy_Leaf (446).jpg,,leaves,,,ambiguous,plant_unknown,unresolved|folder_keyword
Original Image/Healthy Leaf/Healthy_Leaf (447).jpg,,leaves,,,ambiguous,plant_unknown,unresolved|folder_keyword
Original Image/Healthy Leaf/Healthy_Leaf (448).jpg,,leaves,,,ambiguous,plant_unknown,unresolved|folder_keyword
Original Image/Healthy Leaf/Healthy_Leaf (449).jpg,,leaves,,,ambiguous,plant_unknown,unresolved|folder_keyword
Original Image/Healthy Leaf/Healthy_Leaf (45).jpg,,leaves,,,ambiguous,plant_unknown,unresolved|folder_keyword
Original Image/Healthy Leaf/Healthy_Leaf (450).jpg,,leaves,,,ambiguous,plant_unknown,unresolved|folder_keyword
Original Image/Healthy Leaf/Healthy_Leaf (451).jpg,,leaves,,,ambiguous,plant_unknown,unresolved|folder_keyword
Original Image/Healthy Leaf/Healthy_Leaf (452).jpg,,leaves,,,ambiguous,plant_unknown,unresolved|folder_keyword
Original Image/Healthy Leaf/Healthy_Leaf (453).jpg,,leaves,,,ambiguous,plant_unknown,unresolved|folder_keyword
Original Image/Healthy Leaf/Healthy_Leaf (454).jpg,,leaves,,,ambiguous,plant_unknown,unresolved|folder_keyword
Original Image/Healthy Leaf/Healthy_Leaf (455).jpg,,leaves,,,ambiguous,plant_unknown,unresolved|folder_keyword
Original Image/Healthy Leaf/Healthy_Leaf (456).jpg,,leaves,,,ambiguous,plant_unknown,unresolved|folder_keyword
Original Image/Healthy Leaf/Healthy_Leaf (457).jpg,,leaves,,,ambiguous,plant_unknown,unresolved|folder_keyword
Original Image/Healthy Leaf/Healthy_Leaf (458).jpg,,leaves,,,ambiguous,plant_unknown,unresolved|folder_keyword
Original Image/Healthy Leaf/Healthy_Leaf (459).jpg,,leaves,,,ambiguous,plant_unknown,unresolved|folder_keyword
Original Image/Healthy Leaf/Healthy_Leaf (46).jpg,,leaves,,,ambiguous,plant_unknown,unresolved|folder_keyword
Original Image/Healthy Leaf/Healthy_Leaf (460).jpg,,leaves,,,ambiguous,plant_unknown,unresolved|folder_keyword
Original Image/Healthy Leaf/Healthy_Leaf (461).jpg,,leaves,,,ambiguous,plant_unknown,unresolved|folder_keyword
Original Image/Healthy Leaf/Healthy_Leaf (462).jpg,,leaves,,,ambiguous,plant_unknown,unresolved|folder_keyword
Original Image/Healthy Leaf/Healthy_Leaf (463).jpg,,leaves,,,ambiguous,plant_unknown,unresolved|folder_keyword
Original Image/Healthy Leaf/Healthy_Leaf (464).jpg,,leaves,,,ambiguous,plant_unknown,unresolved|folder_keyword
Original Image/Healthy Leaf/Healthy_Leaf (465).jpg,,leaves,,,ambiguous,plant_unknown,unresolved|folder_keyword
Original Image/Healthy Leaf/Healthy_Leaf (466).jpg,,leaves,,,ambiguous,plant_unknown,unresolved|folder_keyword
Original Image/Healthy Leaf/Healthy_Leaf (467).jpg,,leaves,,,ambiguous,plant_unknown,unresolved|folder_keyword
Original Image/Healthy Leaf/Healthy_Leaf (468).jpg,,leaves,,,ambiguous,plant_unknown,unresolved|folder_keyword
Original Image/Healthy Leaf/Healthy_Leaf (469).jpg,,leaves,,,ambiguous,plant_unknown,unresolved|folder_keyword
Original Image/Healthy Leaf/Healthy_Leaf (47).jpg,,leaves,,,ambiguous,plant_unknown,unresolved|folder_keyword
Original Image/Healthy Leaf/Healthy_Leaf (470).jpg,,leaves,,,ambiguous,plant_unknown,unresolved|folder_keyword
Original Image/Healthy Leaf/Healthy_Leaf (471).jpg,,leaves,,,ambiguous,plant_unknown,unresolved|folder_keyword
Original Image/Healthy Leaf/Healthy_Leaf (472).jpg,,leaves,,,ambiguous,plant_unknown,unresolved|folder_keyword
Original Image/Healthy Leaf/Healthy_Leaf (473).jpg,,leaves,,,ambiguous,plant_unknown,unresolved|folder_keyword
Original Image/Healthy Leaf/Healthy_Leaf (474).jpg,,leaves,,,ambiguous,plant_unknown,unresolved|folder_keyword
Original Image/Healthy Leaf/Healthy_Leaf (475).jpg,,leaves,,,ambiguous,plant_unknown,unresolved|folder_keyword
Original Image/Healthy Leaf/Healthy_Leaf (476).jpg,,leaves,,,ambiguous,plant_unknown,unresolved|folder_keyword
Original Image/Healthy Leaf/Healthy_Leaf (477).jpg,,leaves,,,ambiguous,plant_unknown,unresolved|folder_keyword
Original Image/Healthy Leaf/Healthy_Leaf (478).jpg,,leaves,,,ambiguous,plant_unknown,unresolved|folder_keyword
Original Image/Healthy Leaf/Healthy_Leaf (479).jpg,,leaves,,,ambiguous,plant_unknown,unresolved|folder_keyword
Original Image/Healthy Leaf/Healthy_Leaf (48).jpg,,leaves,,,ambiguous,plant_unknown,unresolved|folder_keyword
Original Image/Healthy Leaf/Healthy_Leaf (480).jpg,,leaves,,,ambiguous,plant_unknown,unresolved|folder_keyword
Original Image/Healthy Leaf/Healthy_Leaf (481).jpg,,leaves,,,ambiguous,plant_unknown,unresolved|folder_keyword
Original Image/Healthy Leaf/Healthy_Leaf (482).jpg,,leaves,,,ambiguous,plant_unknown,unresolved|folder_keyword
Original Image/Healthy Leaf/Healthy_Leaf (483).jpg,,leaves,,,ambiguous,plant_unknown,unresolved|folder_keyword
Original Image/Healthy Leaf/Healthy_Leaf (484).jpg,,leaves,,,ambiguous,plant_unknown,unresolved|folder_keyword
Original Image/Healthy Leaf/Healthy_Leaf (485).jpg,,leaves,,,ambiguous,plant_unknown,unresolved|folder_keyword
Original Image/Healthy Leaf/Healthy_Leaf (486).jpg,,leaves,,,ambiguous,plant_unknown,unresolved|folder_keyword
Original Image/Healthy Leaf/Healthy_Leaf (487).jpg,,leaves,,,ambiguous,plant_unknown,unresolved|folder_keyword
Original Image/Healthy Leaf/Healthy_Leaf (488).jpg,,leaves,,,ambiguous,plant_unknown,unresolved|folder_keyword
Original Image/Healthy Leaf/Healthy_Leaf (489).jpg,,leaves,,,ambiguous,plant_unknown,unresolved|folder_keyword
Original Image/Healthy Leaf/Healthy_Leaf (49).jpg,,leaves,,,ambiguous,plant_unknown,unresolved|folder_keyword
Original Image/Healthy Leaf/Healthy_Leaf (490).jpg,,leaves,,,ambiguous,plant_unknown,unresolved|folder_keyword
Original Image/Healthy Leaf/Healthy_Leaf (491).jpg,,leaves,,,ambiguous,plant_unknown,unresolved|folder_keyword
Original Image/Healthy Leaf/Healthy_Leaf (492).jpg,,leaves,,,ambiguous,plant_unknown,unresolved|folder_keyword
Original Image/Healthy Leaf/Healthy_Leaf (493).jpg,,leaves,,,ambiguous,plant_unknown,unresolved|folder_keyword
Original Image/Healthy Leaf/Healthy_Leaf (494).jpg,,leaves,,,ambiguous,plant_unknown,unresolved|folder_keyword
Original Image/Healthy Leaf/Healthy_Leaf (495).jpg,,leaves,,,ambiguous,plant_unknown,unresolved|folder_keyword
Original Image/Healthy Leaf/Healthy_Leaf (496).jpg,,leaves,,,ambiguous,plant_unknown,unresolved|folder_keyword
Original Image/Healthy Leaf/Healthy_Leaf (497).jpg,,leaves,,,ambiguous,plant_unknown,unresolved|folder_keyword
Original Image/Healthy Leaf/Healthy_Leaf (498).jpg,,leaves,,,ambiguous,plant_unknown,unresolved|folder_keyword
Original Image/Healthy Leaf/Healthy_Leaf (499).jpg,,leaves,,,ambiguous,plant_unknown,unresolved|folder_keyword
Original Image/Healthy Leaf/Healthy_Leaf (5).jpg,,leaves,,,ambiguous,plant_unknown,unresolved|folder_keyword
Original Image/Healthy Leaf/Healthy_Leaf (50).jpg,,leaves,,,ambiguous,plant_unknown,unresolved|folder_keyword
Original Image/Healthy Leaf/Healthy_Leaf (500).jpg,,leaves,,,ambiguous,plant_unknown,unresolved|folder_keyword
Original Image/Healthy Leaf/Healthy_Leaf (501).jpg,,leaves,,,ambiguous,plant_unknown,unresolved|folder_keyword
Original Image/Healthy Leaf/Healthy_Leaf (502).jpg,,leaves,,,ambiguous,plant_unknown,unresolved|folder_keyword
Original Image/Healthy Leaf/Healthy_Leaf (503).jpg,,leaves,,,ambiguous,plant_unknown,unresolved|folder_keyword
Original Image/Healthy Leaf/Healthy_Leaf (504).jpg,,leaves,,,ambiguous,plant_unknown,unresolved|folder_keyword
Original Image/Healthy Leaf/Healthy_Leaf (505).jpg,,leaves,,,ambiguous,plant_unknown,unresolved|folder_keyword
Original Image/Healthy Leaf/Healthy_Leaf (506).jpg,,leaves,,,ambiguous,plant_unknown,unresolved|folder_keyword
Original Image/Healthy Leaf/Healthy_Leaf (507).jpg,,leaves,,,ambiguous,plant_unknown,unresolved|folder_keyword
Original Image/Healthy Leaf/Healthy_Leaf (508).jpg,,leaves,,,ambiguous,plant_unknown,unresolved|folder_keyword
Original Image/Healthy Leaf/Healthy_Leaf (509).jpg,,leaves,,,ambiguous,plant_unknown,unresolved|folder_keyword
Original Image/Healthy Leaf/Healthy_Leaf (51).jpg,,leaves,,,ambiguous,plant_unknown,unresolved|folder_keyword
Original Image/Healthy Leaf/Healthy_Leaf (510).jpg,,leaves,,,ambiguous,plant_unknown,unresolved|folder_keyword
Original Image/Healthy Leaf/Healthy_Leaf (511).jpg,,leaves,,,ambiguous,plant_unknown,unresolved|folder_keyword
Original Image/Healthy Leaf/Healthy_Leaf (512).jpg,,leaves,,,ambiguous,plant_unknown,unresolved|folder_keyword
Original Image/Healthy Leaf/Healthy_Leaf (513).jpg,,leaves,,,ambiguous,plant_unknown,unresolved|folder_keyword
Original Image/Healthy Leaf/Healthy_Leaf (514).jpg,,leaves,,,ambiguous,plant_unknown,unresolved|folder_keyword
Original Image/Healthy Leaf/Healthy_Leaf (515).jpg,,leaves,,,ambiguous,plant_unknown,unresolved|folder_keyword
Original Image/Healthy Leaf/Healthy_Leaf (516).jpg,,leaves,,,ambiguous,plant_unknown,unresolved|folder_keyword
Original Image/Healthy Leaf/Healthy_Leaf (517).jpg,,leaves,,,ambiguous,plant_unknown,unresolved|folder_keyword
Original Image/Healthy Leaf/Healthy_Leaf (518).jpg,,leaves,,,ambiguous,plant_unknown,unresolved|folder_keyword
Original Image/Healthy Leaf/Healthy_Leaf (519).jpg,,leaves,,,ambiguous,plant_unknown,unresolved|folder_keyword
Original Image/Healthy Leaf/Healthy_Leaf (52).jpg,,leaves,,,ambiguous,plant_unknown,unresolved|folder_keyword
Original Image/Healthy Leaf/Healthy_Leaf (520).jpg,,leaves,,,ambiguous,plant_unknown,unresolved|folder_keyword
Original Image/Healthy Leaf/Healthy_Leaf (521).jpg,,leaves,,,ambiguous,plant_unknown,unresolved|folder_keyword
Original Image/Healthy Leaf/Healthy_Leaf (522).jpg,,leaves,,,ambiguous,plant_unknown,unresolved|folder_keyword
Original Image/Healthy Leaf/Healthy_Leaf (523).jpg,,leaves,,,ambiguous,plant_unknown,unresolved|folder_keyword
Original Image/Healthy Leaf/Healthy_Leaf (524).jpg,,leaves,,,ambiguous,plant_unknown,unresolved|folder_keyword
Original Image/Healthy Leaf/Healthy_Leaf (525).jpg,,leaves,,,ambiguous,plant_unknown,unresolved|folder_keyword
Original Image/Healthy Leaf/Healthy_Leaf (526).jpg,,leaves,,,ambiguous,plant_unknown,unresolved|folder_keyword
Original Image/Healthy Leaf/Healthy_Leaf (527).jpg,,leaves,,,ambiguous,plant_unknown,unresolved|folder_keyword
Original Image/Healthy Leaf/Healthy_Leaf (528).jpg,,leaves,,,ambiguous,plant_unknown,unresolved|folder_keyword
Original Image/Healthy Leaf/Healthy_Leaf (529).jpg,,leaves,,,ambiguous,plant_unknown,unresolved|folder_keyword
Original Image/Healthy Leaf/Healthy_Leaf (53).jpg,,leaves,,,ambiguous,plant_unknown,unresolved|folder_keyword
Original Image/Healthy Leaf/Healthy_Leaf (530).jpg,,leaves,,,ambiguous,plant_unknown,unresolved|folder_keyword
Original Image/Healthy Leaf/Healthy_Leaf (531).jpg,,leaves,,,ambiguous,plant_unknown,unresolved|folder_keyword
Original Image/Healthy Leaf/Healthy_Leaf (532).jpg,,leaves,,,ambiguous,plant_unknown,unresolved|folder_keyword
Original Image/Healthy Leaf/Healthy_Leaf (533).jpg,,leaves,,,ambiguous,plant_unknown,unresolved|folder_keyword
Original Image/Healthy Leaf/Healthy_Leaf (534).jpg,,leaves,,,ambiguous,plant_unknown,unresolved|folder_keyword
Original Image/Healthy Leaf/Healthy_Leaf (535).jpg,,leaves,,,ambiguous,plant_unknown,unresolved|folder_keyword
Original Image/Healthy Leaf/Healthy_Leaf (536).jpg,,leaves,,,ambiguous,plant_unknown,unresolved|folder_keyword
Original Image/Healthy Leaf/Healthy_Leaf (537).jpg,,leaves,,,ambiguous,plant_unknown,unresolved|folder_keyword
Original Image/Healthy Leaf/Healthy_Leaf (538).jpg,,leaves,,,ambiguous,plant_unknown,unresolved|folder_keyword
Original Image/Healthy Leaf/Healthy_Leaf (539).jpg,,leaves,,,ambiguous,plant_unknown,unresolved|folder_keyword
Original Image/Healthy Leaf/Healthy_Leaf (54).jpg,,leaves,,,ambiguous,plant_unknown,unresolved|folder_keyword
Original Image/Healthy Leaf/Healthy_Leaf (540).jpg,,leaves,,,ambiguous,plant_unknown,unresolved|folder_keyword
Original Image/Healthy Leaf/Healthy_Leaf (541).jpg,,leaves,,,ambiguous,plant_unknown,unresolved|folder_keyword
Original Image/Healthy Leaf/Healthy_Leaf (542).jpg,,leaves,,,ambiguous,plant_unknown,unresolved|folder_keyword
Original Image/Healthy Leaf/Healthy_Leaf (543).jpg,,leaves,,,ambiguous,plant_unknown,unresolved|folder_keyword
Original Image/Healthy Leaf/Healthy_Leaf (544).jpg,,leaves,,,ambiguous,plant_unknown,unresolved|folder_keyword
Original Image/Healthy Leaf/Healthy_Leaf (545).jpg,,leaves,,,ambiguous,plant_unknown,unresolved|folder_keyword
Original Image/Healthy Leaf/Healthy_Leaf (546).jpg,,leaves,,,ambiguous,plant_unknown,unresolved|folder_keyword
Original Image/Healthy Leaf/Healthy_Leaf (547).jpg,,leaves,,,ambiguous,plant_unknown,unresolved|folder_keyword
Original Image/Healthy Leaf/Healthy_Leaf (548).jpg,,leaves,,,ambiguous,plant_unknown,unresolved|folder_keyword
Original Image/Healthy Leaf/Healthy_Leaf (549).jpg,,leaves,,,ambiguous,plant_unknown,unresolved|folder_keyword
Original Image/Healthy Leaf/Healthy_Leaf (55).jpg,,leaves,,,ambiguous,plant_unknown,unresolved|folder_keyword
Original Image/Healthy Leaf/Healthy_Leaf (550).jpg,,leaves,,,ambiguous,plant_unknown,unresolved|folder_keyword
Original Image/Healthy Leaf/Healthy_Leaf (551).jpg,,leaves,,,ambiguous,plant_unknown,unresolved|folder_keyword
Original Image/Healthy Leaf/Healthy_Leaf (552).jpg,,leaves,,,ambiguous,plant_unknown,unresolved|folder_keyword
Original Image/Healthy Leaf/Healthy_Leaf (553).jpg,,leaves,,,ambiguous,plant_unknown,unresolved|folder_keyword
Original Image/Healthy Leaf/Healthy_Leaf (554).jpg,,leaves,,,ambiguous,plant_unknown,unresolved|folder_keyword
Original Image/Healthy Leaf/Healthy_Leaf (555).jpg,,leaves,,,ambiguous,plant_unknown,unresolved|folder_keyword
Original Image/Healthy Leaf/Healthy_Leaf (556).jpg,,leaves,,,ambiguous,plant_unknown,unresolved|folder_keyword
Original Image/Healthy Leaf/Healthy_Leaf (557).jpg,,leaves,,,ambiguous,plant_unknown,unresolved|folder_keyword
Original Image/Healthy Leaf/Healthy_Leaf (558).jpg,,leaves,,,ambiguous,plant_unknown,unresolved|folder_keyword
Original Image/Healthy Leaf/Healthy_Leaf (559).jpg,,leaves,,,ambiguous,plant_unknown,unresolved|folder_keyword
Original Image/Healthy Leaf/Healthy_Leaf (56).jpg,,leaves,,,ambiguous,plant_unknown,unresolved|folder_keyword
Original Image/Healthy Leaf/Healthy_Leaf (560).jpg,,leaves,,,ambiguous,plant_unknown,unresolved|folder_keyword
Original Image/Healthy Leaf/Healthy_Leaf (561).jpg,,leaves,,,ambiguous,plant_unknown,unresolved|folder_keyword
Original Image/Healthy Leaf/Healthy_Leaf (562).jpg,,leaves,,,ambiguous,plant_unknown,unresolved|folder_keyword
Original Image/Healthy Leaf/Healthy_Leaf (563).jpg,,leaves,,,ambiguous,plant_unknown,unresolved|folder_keyword
Original Image/Healthy Leaf/Healthy_Leaf (564).jpg,,leaves,,,ambiguous,plant_unknown,unresolved|folder_keyword
Original Image/Healthy Leaf/Healthy_Leaf (565).jpg,,leaves,,,ambiguous,plant_unknown,unresolved|folder_keyword
Original Image/Healthy Leaf/Healthy_Leaf (566).jpg,,leaves,,,ambiguous,plant_unknown,unresolved|folder_keyword
Original Image/Healthy Leaf/Healthy_Leaf (567).jpg,,leaves,,,ambiguous,plant_unknown,unresolved|folder_keyword
Original Image/Healthy Leaf/Healthy_Leaf (568).jpg,,leaves,,,ambiguous,plant_unknown,unresolved|folder_keyword
Original Image/Healthy Leaf/Healthy_Leaf (569).jpg,,leaves,,,ambiguous,plant_unknown,unresolved|folder_keyword
Original Image/Healthy Leaf/Healthy_Leaf (57).jpg,,leaves,,,ambiguous,plant_unknown,unresolved|folder_keyword
Original Image/Healthy Leaf/Healthy_Leaf (570).jpg,,leaves,,,ambiguous,plant_unknown,unresolved|folder_keyword
Original Image/Healthy Leaf/Healthy_Leaf (571).jpg,,leaves,,,ambiguous,plant_unknown,unresolved|folder_keyword
Original Image/Healthy Leaf/Healthy_Leaf (572).jpg,,leaves,,,ambiguous,plant_unknown,unresolved|folder_keyword
Original Image/Healthy Leaf/Healthy_Leaf (573).jpg,,leaves,,,ambiguous,plant_unknown,unresolved|folder_keyword
Original Image/Healthy Leaf/Healthy_Leaf (574).jpg,,leaves,,,ambiguous,plant_unknown,unresolved|folder_keyword
Original Image/Healthy Leaf/Healthy_Leaf (575).jpg,,leaves,,,ambiguous,plant_unknown,unresolved|folder_keyword
Original Image/Healthy Leaf/Healthy_Leaf (576).jpg,,leaves,,,ambiguous,plant_unknown,unresolved|folder_keyword
Original Image/Healthy Leaf/Healthy_Leaf (577).jpg,,leaves,,,ambiguous,plant_unknown,unresolved|folder_keyword
Original Image/Healthy Leaf/Healthy_Leaf (578).jpg,,leaves,,,ambiguous,plant_unknown,unresolved|folder_keyword
Original Image/Healthy Leaf/Healthy_Leaf (579).jpg,,leaves,,,ambiguous,plant_unknown,unresolved|folder_keyword
Original Image/Healthy Leaf/Healthy_Leaf (58).jpg,,leaves,,,ambiguous,plant_unknown,unresolved|folder_keyword
Original Image/Healthy Leaf/Healthy_Leaf (580).jpg,,leaves,,,ambiguous,plant_unknown,unresolved|folder_keyword
Original Image/Healthy Leaf/Healthy_Leaf (581).jpg,,leaves,,,ambiguous,plant_unknown,unresolved|folder_keyword
Original Image/Healthy Leaf/Healthy_Leaf (582).jpg,,leaves,,,ambiguous,plant_unknown,unresolved|folder_keyword
Original Image/Healthy Leaf/Healthy_Leaf (583).jpg,,leaves,,,ambiguous,plant_unknown,unresolved|folder_keyword
Original Image/Healthy Leaf/Healthy_Leaf (584).jpg,,leaves,,,ambiguous,plant_unknown,unresolved|folder_keyword
Original Image/Healthy Leaf/Healthy_Leaf (585).jpg,,leaves,,,ambiguous,plant_unknown,unresolved|folder_keyword
Original Image/Healthy Leaf/Healthy_Leaf (586).jpg,,leaves,,,ambiguous,plant_unknown,unresolved|folder_keyword
Original Image/Healthy Leaf/Healthy_Leaf (587).jpg,,leaves,,,ambiguous,plant_unknown,unresolved|folder_keyword
Original Image/Healthy Leaf/Healthy_Leaf (588).jpg,,leaves,,,ambiguous,plant_unknown,unresolved|folder_keyword
Original Image/Healthy Leaf/Healthy_Leaf (589).jpg,,leaves,,,ambiguous,plant_unknown,unresolved|folder_keyword
Original Image/Healthy Leaf/Healthy_Leaf (59).jpg,,leaves,,,ambiguous,plant_unknown,unresolved|folder_keyword
Original Image/Healthy Leaf/Healthy_Leaf (590).jpg,,leaves,,,ambiguous,plant_unknown,unresolved|folder_keyword
Original Image/Healthy Leaf/Healthy_Leaf (591).jpg,,leaves,,,ambiguous,plant_unknown,unresolved|folder_keyword
Original Image/Healthy Leaf/Healthy_Leaf (592).jpg,,leaves,,,ambiguous,plant_unknown,unresolved|folder_keyword
Original Image/Healthy Leaf/Healthy_Leaf (593).jpg,,leaves,,,ambiguous,plant_unknown,unresolved|folder_keyword
Original Image/Healthy Leaf/Healthy_Leaf (594).jpg,,leaves,,,ambiguous,plant_unknown,unresolved|folder_keyword
Original Image/Healthy Leaf/Healthy_Leaf (595).jpg,,leaves,,,ambiguous,plant_unknown,unresolved|folder_keyword
Original Image/Healthy Leaf/Healthy_Leaf (596).jpg,,leaves,,,ambiguous,plant_unknown,unresolved|folder_keyword
Original Image/Healthy Leaf/Healthy_Leaf (597).jpg,,leaves,,,ambiguous,plant_unknown,unresolved|folder_keyword
Original Image/Healthy Leaf/Healthy_Leaf (598).jpg,,leaves,,,ambiguous,plant_unknown,unresolved|folder_keyword
Original Image/Healthy Leaf/Healthy_Leaf (599).jpg,,leaves,,,ambiguous,plant_unknown,unresolved|folder_keyword
Original Image/Healthy Leaf/Healthy_Leaf (6).jpg,,leaves,,,ambiguous,plant_unknown,unresolved|folder_keyword
Original Image/Healthy Leaf/Healthy_Leaf (60).jpg,,leaves,,,ambiguous,plant_unknown,unresolved|folder_keyword
Original Image/Healthy Leaf/Healthy_Leaf (600).jpg,,leaves,,,ambiguous,plant_unknown,unresolved|folder_keyword
Original Image/Healthy Leaf/Healthy_Leaf (601).jpg,,leaves,,,ambiguous,plant_unknown,unresolved|folder_keyword
Original Image/Healthy Leaf/Healthy_Leaf (602).jpg,,leaves,,,ambiguous,plant_unknown,unresolved|folder_keyword
Original Image/Healthy Leaf/Healthy_Leaf (603).jpg,,leaves,,,ambiguous,plant_unknown,unresolved|folder_keyword
Original Image/Healthy Leaf/Healthy_Leaf (604).jpg,,leaves,,,ambiguous,plant_unknown,unresolved|folder_keyword
Original Image/Healthy Leaf/Healthy_Leaf (605).jpg,,leaves,,,ambiguous,plant_unknown,unresolved|folder_keyword
Original Image/Healthy Leaf/Healthy_Leaf (606).jpg,,leaves,,,ambiguous,plant_unknown,unresolved|folder_keyword
Original Image/Healthy Leaf/Healthy_Leaf (607).jpg,,leaves,,,ambiguous,plant_unknown,unresolved|folder_keyword
Original Image/Healthy Leaf/Healthy_Leaf (608).jpg,,leaves,,,ambiguous,plant_unknown,unresolved|folder_keyword
Original Image/Healthy Leaf/Healthy_Leaf (609).jpg,,leaves,,,ambiguous,plant_unknown,unresolved|folder_keyword
Original Image/Healthy Leaf/Healthy_Leaf (61).jpg,,leaves,,,ambiguous,plant_unknown,unresolved|folder_keyword
Original Image/Healthy Leaf/Healthy_Leaf (610).jpg,,leaves,,,ambiguous,plant_unknown,unresolved|folder_keyword
Original Image/Healthy Leaf/Healthy_Leaf (611).jpg,,leaves,,,ambiguous,plant_unknown,unresolved|folder_keyword
Original Image/Healthy Leaf/Healthy_Leaf (612).jpg,,leaves,,,ambiguous,plant_unknown,unresolved|folder_keyword
Original Image/Healthy Leaf/Healthy_Leaf (613).jpg,,leaves,,,ambiguous,plant_unknown,unresolved|folder_keyword
Original Image/Healthy Leaf/Healthy_Leaf (614).jpg,,leaves,,,ambiguous,plant_unknown,unresolved|folder_keyword
Original Image/Healthy Leaf/Healthy_Leaf (615).jpg,,leaves,,,ambiguous,plant_unknown,unresolved|folder_keyword
Original Image/Healthy Leaf/Healthy_Leaf (616).jpg,,leaves,,,ambiguous,plant_unknown,unresolved|folder_keyword
Original Image/Healthy Leaf/Healthy_Leaf (617).jpg,,leaves,,,ambiguous,plant_unknown,unresolved|folder_keyword
Original Image/Healthy Leaf/Healthy_Leaf (618).jpg,,leaves,,,ambiguous,plant_unknown,unresolved|folder_keyword
Original Image/Healthy Leaf/Healthy_Leaf (619).jpg,,leaves,,,ambiguous,plant_unknown,unresolved|folder_keyword
Original Image/Healthy Leaf/Healthy_Leaf (62).jpg,,leaves,,,ambiguous,plant_unknown,unresolved|folder_keyword
Original Image/Healthy Leaf/Healthy_Leaf (620).jpg,,leaves,,,ambiguous,plant_unknown,unresolved|folder_keyword
Original Image/Healthy Leaf/Healthy_Leaf (621).jpg,,leaves,,,ambiguous,plant_unknown,unresolved|folder_keyword
Original Image/Healthy Leaf/Healthy_Leaf (622).jpg,,leaves,,,ambiguous,plant_unknown,unresolved|folder_keyword
Original Image/Healthy Leaf/Healthy_Leaf (623).jpg,,leaves,,,ambiguous,plant_unknown,unresolved|folder_keyword
Original Image/Healthy Leaf/Healthy_Leaf (624).jpg,,leaves,,,ambiguous,plant_unknown,unresolved|folder_keyword
Original Image/Healthy Leaf/Healthy_Leaf (625).jpg,,leaves,,,ambiguous,plant_unknown,unresolved|folder_keyword
Original Image/Healthy Leaf/Healthy_Leaf (626).jpg,,leaves,,,ambiguous,plant_unknown,unresolved|folder_keyword
Original Image/Healthy Leaf/Healthy_Leaf (627).jpg,,leaves,,,ambiguous,plant_unknown,unresolved|folder_keyword
Original Image/Healthy Leaf/Healthy_Leaf (628).jpg,,leaves,,,ambiguous,plant_unknown,unresolved|folder_keyword
Original Image/Healthy Leaf/Healthy_Leaf (629).jpg,,leaves,,,ambiguous,plant_unknown,unresolved|folder_keyword
Original Image/Healthy Leaf/Healthy_Leaf (63).jpg,,leaves,,,ambiguous,plant_unknown,unresolved|folder_keyword
Original Image/Healthy Leaf/Healthy_Leaf (630).jpg,,leaves,,,ambiguous,plant_unknown,unresolved|folder_keyword
Original Image/Healthy Leaf/Healthy_Leaf (631).jpg,,leaves,,,ambiguous,plant_unknown,unresolved|folder_keyword
Original Image/Healthy Leaf/Healthy_Leaf (632).jpg,,leaves,,,ambiguous,plant_unknown,unresolved|folder_keyword
Original Image/Healthy Leaf/Healthy_Leaf (633).jpg,,leaves,,,ambiguous,plant_unknown,unresolved|folder_keyword
Original Image/Healthy Leaf/Healthy_Leaf (634).jpg,,leaves,,,ambiguous,plant_unknown,unresolved|folder_keyword
Original Image/Healthy Leaf/Healthy_Leaf (635).jpg,,leaves,,,ambiguous,plant_unknown,unresolved|folder_keyword
Original Image/Healthy Leaf/Healthy_Leaf (636).jpg,,leaves,,,ambiguous,plant_unknown,unresolved|folder_keyword
Original Image/Healthy Leaf/Healthy_Leaf (637).jpg,,leaves,,,ambiguous,plant_unknown,unresolved|folder_keyword
Original Image/Healthy Leaf/Healthy_Leaf (638).jpg,,leaves,,,ambiguous,plant_unknown,unresolved|folder_keyword
Original Image/Healthy Leaf/Healthy_Leaf (639).jpg,,leaves,,,ambiguous,plant_unknown,unresolved|folder_keyword
Original Image/Healthy Leaf/Healthy_Leaf (64).jpg,,leaves,,,ambiguous,plant_unknown,unresolved|folder_keyword
Original Image/Healthy Leaf/Healthy_Leaf (640).jpg,,leaves,,,ambiguous,plant_unknown,unresolved|folder_keyword
Original Image/Healthy Leaf/Healthy_Leaf (641).jpg,,leaves,,,ambiguous,plant_unknown,unresolved|folder_keyword
Original Image/Healthy Leaf/Healthy_Leaf (642).jpg,,leaves,,,ambiguous,plant_unknown,unresolved|folder_keyword
Original Image/Healthy Leaf/Healthy_Leaf (643).jpg,,leaves,,,ambiguous,plant_unknown,unresolved|folder_keyword
Original Image/Healthy Leaf/Healthy_Leaf (644).jpg,,leaves,,,ambiguous,plant_unknown,unresolved|folder_keyword
Original Image/Healthy Leaf/Healthy_Leaf (645).jpg,,leaves,,,ambiguous,plant_unknown,unresolved|folder_keyword
Original Image/Healthy Leaf/Healthy_Leaf (646).jpg,,leaves,,,ambiguous,plant_unknown,unresolved|folder_keyword
Original Image/Healthy Leaf/Healthy_Leaf (647).jpg,,leaves,,,ambiguous,plant_unknown,unresolved|folder_keyword
Original Image/Healthy Leaf/Healthy_Leaf (648).jpg,,leaves,,,ambiguous,plant_unknown,unresolved|folder_keyword
Original Image/Healthy Leaf/Healthy_Leaf (649).jpg,,leaves,,,ambiguous,plant_unknown,unresolved|folder_keyword
Original Image/Healthy Leaf/Healthy_Leaf (65).jpg,,leaves,,,ambiguous,plant_unknown,unresolved|folder_keyword
Original Image/Healthy Leaf/Healthy_Leaf (650).jpg,,leaves,,,ambiguous,plant_unknown,unresolved|folder_keyword
Original Image/Healthy Leaf/Healthy_Leaf (651).jpg,,leaves,,,ambiguous,plant_unknown,unresolved|folder_keyword
Original Image/Healthy Leaf/Healthy_Leaf (652).jpg,,leaves,,,ambiguous,plant_unknown,unresolved|folder_keyword
Original Image/Healthy Leaf/Healthy_Leaf (653).jpg,,leaves,,,ambiguous,plant_unknown,unresolved|folder_keyword
Original Image/Healthy Leaf/Healthy_Leaf (654).jpg,,leaves,,,ambiguous,plant_unknown,unresolved|folder_keyword
Original Image/Healthy Leaf/Healthy_Leaf (655).jpg,,leaves,,,ambiguous,plant_unknown,unresolved|folder_keyword
Original Image/Healthy Leaf/Healthy_Leaf (656).jpg,,leaves,,,ambiguous,plant_unknown,unresolved|folder_keyword
Original Image/Healthy Leaf/Healthy_Leaf (657).jpg,,leaves,,,ambiguous,plant_unknown,unresolved|folder_keyword
Original Image/Healthy Leaf/Healthy_Leaf (658).jpg,,leaves,,,ambiguous,plant_unknown,unresolved|folder_keyword
Original Image/Healthy Leaf/Healthy_Leaf (659).jpg,,leaves,,,ambiguous,plant_unknown,unresolved|folder_keyword
Original Image/Healthy Leaf/Healthy_Leaf (66).jpg,,leaves,,,ambiguous,plant_unknown,unresolved|folder_keyword
Original Image/Healthy Leaf/Healthy_Leaf (660).jpg,,leaves,,,ambiguous,plant_unknown,unresolved|folder_keyword
Original Image/Healthy Leaf/Healthy_Leaf (661).jpg,,leaves,,,ambiguous,plant_unknown,unresolved|folder_keyword
Original Image/Healthy Leaf/Healthy_Leaf (662).jpg,,leaves,,,ambiguous,plant_unknown,unresolved|folder_keyword
Original Image/Healthy Leaf/Healthy_Leaf (663).jpg,,leaves,,,ambiguous,plant_unknown,unresolved|folder_keyword
Original Image/Healthy Leaf/Healthy_Leaf (664).jpg,,leaves,,,ambiguous,plant_unknown,unresolved|folder_keyword
Original Image/Healthy Leaf/Healthy_Leaf (665).jpg,,leaves,,,ambiguous,plant_unknown,unresolved|folder_keyword
Original Image/Healthy Leaf/Healthy_Leaf (666).jpg,,leaves,,,ambiguous,plant_unknown,unresolved|folder_keyword
Original Image/Healthy Leaf/Healthy_Leaf (667).jpg,,leaves,,,ambiguous,plant_unknown,unresolved|folder_keyword
Original Image/Healthy Leaf/Healthy_Leaf (668).jpg,,leaves,,,ambiguous,plant_unknown,unresolved|folder_keyword
Original Image/Healthy Leaf/Healthy_Leaf (669).jpg,,leaves,,,ambiguous,plant_unknown,unresolved|folder_keyword
Original Image/Healthy Leaf/Healthy_Leaf (67).jpg,,leaves,,,ambiguous,plant_unknown,unresolved|folder_keyword
Original Image/Healthy Leaf/Healthy_Leaf (670).jpg,,leaves,,,ambiguous,plant_unknown,unresolved|folder_keyword
Original Image/Healthy Leaf/Healthy_Leaf (671).jpg,,leaves,,,ambiguous,plant_unknown,unresolved|folder_keyword
Original Image/Healthy Leaf/Healthy_Leaf (672).jpg,,leaves,,,ambiguous,plant_unknown,unresolved|folder_keyword
Original Image/Healthy Leaf/Healthy_Leaf (673).jpg,,leaves,,,ambiguous,plant_unknown,unresolved|folder_keyword
Original Image/Healthy Leaf/Healthy_Leaf (674).jpg,,leaves,,,ambiguous,plant_unknown,unresolved|folder_keyword
Original Image/Healthy Leaf/Healthy_Leaf (675).jpg,,leaves,,,ambiguous,plant_unknown,unresolved|folder_keyword
Original Image/Healthy Leaf/Healthy_Leaf (676).jpg,,leaves,,,ambiguous,plant_unknown,unresolved|folder_keyword
Original Image/Healthy Leaf/Healthy_Leaf (677).jpg,,leaves,,,ambiguous,plant_unknown,unresolved|folder_keyword
Original Image/Healthy Leaf/Healthy_Leaf (678).jpg,,leaves,,,ambiguous,plant_unknown,unresolved|folder_keyword
Original Image/Healthy Leaf/Healthy_Leaf (679).jpg,,leaves,,,ambiguous,plant_unknown,unresolved|folder_keyword
Original Image/Healthy Leaf/Healthy_Leaf (68).jpg,,leaves,,,ambiguous,plant_unknown,unresolved|folder_keyword
Original Image/Healthy Leaf/Healthy_Leaf (680).jpg,,leaves,,,ambiguous,plant_unknown,unresolved|folder_keyword
Original Image/Healthy Leaf/Healthy_Leaf (681).jpg,,leaves,,,ambiguous,plant_unknown,unresolved|folder_keyword
Original Image/Healthy Leaf/Healthy_Leaf (682).jpg,,leaves,,,ambiguous,plant_unknown,unresolved|folder_keyword
Original Image/Healthy Leaf/Healthy_Leaf (683).jpg,,leaves,,,ambiguous,plant_unknown,unresolved|folder_keyword
Original Image/Healthy Leaf/Healthy_Leaf (684).jpg,,leaves,,,ambiguous,plant_unknown,unresolved|folder_keyword
Original Image/Healthy Leaf/Healthy_Leaf (685).jpg,,leaves,,,ambiguous,plant_unknown,unresolved|folder_keyword
Original Image/Healthy Leaf/Healthy_Leaf (686).jpg,,leaves,,,ambiguous,plant_unknown,unresolved|folder_keyword
Original Image/Healthy Leaf/Healthy_Leaf (687).jpg,,leaves,,,ambiguous,plant_unknown,unresolved|folder_keyword
Original Image/Healthy Leaf/Healthy_Leaf (688).jpg,,leaves,,,ambiguous,plant_unknown,unresolved|folder_keyword
Original Image/Healthy Leaf/Healthy_Leaf (689).jpg,,leaves,,,ambiguous,plant_unknown,unresolved|folder_keyword
Original Image/Healthy Leaf/Healthy_Leaf (69).jpg,,leaves,,,ambiguous,plant_unknown,unresolved|folder_keyword
Original Image/Healthy Leaf/Healthy_Leaf (690).jpg,,leaves,,,ambiguous,plant_unknown,unresolved|folder_keyword
Original Image/Healthy Leaf/Healthy_Leaf (691).jpg,,leaves,,,ambiguous,plant_unknown,unresolved|folder_keyword
Original Image/Healthy Leaf/Healthy_Leaf (692).jpg,,leaves,,,ambiguous,plant_unknown,unresolved|folder_keyword
Original Image/Healthy Leaf/Healthy_Leaf (693).jpg,,leaves,,,ambiguous,plant_unknown,unresolved|folder_keyword
Original Image/Healthy Leaf/Healthy_Leaf (694).jpg,,leaves,,,ambiguous,plant_unknown,unresolved|folder_keyword
Original Image/Healthy Leaf/Healthy_Leaf (695).jpg,,leaves,,,ambiguous,plant_unknown,unresolved|folder_keyword
Original Image/Healthy Leaf/Healthy_Leaf (696).jpg,,leaves,,,ambiguous,plant_unknown,unresolved|folder_keyword
Original Image/Healthy Leaf/Healthy_Leaf (697).jpg,,leaves,,,ambiguous,plant_unknown,unresolved|folder_keyword
Original Image/Healthy Leaf/Healthy_Leaf (698).jpg,,leaves,,,ambiguous,plant_unknown,unresolved|folder_keyword
Original Image/Healthy Leaf/Healthy_Leaf (699).jpg,,leaves,,,ambiguous,plant_unknown,unresolved|folder_keyword
Original Image/Healthy Leaf/Healthy_Leaf (7).jpg,,leaves,,,ambiguous,plant_unknown,unresolved|folder_keyword
Original Image/Healthy Leaf/Healthy_Leaf (70).jpg,,leaves,,,ambiguous,plant_unknown,unresolved|folder_keyword
Original Image/Healthy Leaf/Healthy_Leaf (700).jpg,,leaves,,,ambiguous,plant_unknown,unresolved|folder_keyword
Original Image/Healthy Leaf/Healthy_Leaf (701).jpg,,leaves,,,ambiguous,plant_unknown,unresolved|folder_keyword
Original Image/Healthy Leaf/Healthy_Leaf (702).jpg,,leaves,,,ambiguous,plant_unknown,unresolved|folder_keyword
Original Image/Healthy Leaf/Healthy_Leaf (703).jpg,,leaves,,,ambiguous,plant_unknown,unresolved|folder_keyword
Original Image/Healthy Leaf/Healthy_Leaf (704).jpg,,leaves,,,ambiguous,plant_unknown,unresolved|folder_keyword
Original Image/Healthy Leaf/Healthy_Leaf (705).jpg,,leaves,,,ambiguous,plant_unknown,unresolved|folder_keyword
Original Image/Healthy Leaf/Healthy_Leaf (706).jpg,,leaves,,,ambiguous,plant_unknown,unresolved|folder_keyword
Original Image/Healthy Leaf/Healthy_Leaf (707).jpg,,leaves,,,ambiguous,plant_unknown,unresolved|folder_keyword
Original Image/Healthy Leaf/Healthy_Leaf (708).jpg,,leaves,,,ambiguous,plant_unknown,unresolved|folder_keyword
Original Image/Healthy Leaf/Healthy_Leaf (709).jpg,,leaves,,,ambiguous,plant_unknown,unresolved|folder_keyword
Original Image/Healthy Leaf/Healthy_Leaf (71).jpg,,leaves,,,ambiguous,plant_unknown,unresolved|folder_keyword
Original Image/Healthy Leaf/Healthy_Leaf (710).jpg,,leaves,,,ambiguous,plant_unknown,unresolved|folder_keyword
Original Image/Healthy Leaf/Healthy_Leaf (711).jpg,,leaves,,,ambiguous,plant_unknown,unresolved|folder_keyword
Original Image/Healthy Leaf/Healthy_Leaf (712).jpg,,leaves,,,ambiguous,plant_unknown,unresolved|folder_keyword
Original Image/Healthy Leaf/Healthy_Leaf (713).jpg,,leaves,,,ambiguous,plant_unknown,unresolved|folder_keyword
Original Image/Healthy Leaf/Healthy_Leaf (714).jpg,,leaves,,,ambiguous,plant_unknown,unresolved|folder_keyword
Original Image/Healthy Leaf/Healthy_Leaf (715).jpg,,leaves,,,ambiguous,plant_unknown,unresolved|folder_keyword
Original Image/Healthy Leaf/Healthy_Leaf (716).jpg,,leaves,,,ambiguous,plant_unknown,unresolved|folder_keyword
Original Image/Healthy Leaf/Healthy_Leaf (717).jpg,,leaves,,,ambiguous,plant_unknown,unresolved|folder_keyword
Original Image/Healthy Leaf/Healthy_Leaf (718).jpg,,leaves,,,ambiguous,plant_unknown,unresolved|folder_keyword
Original Image/Healthy Leaf/Healthy_Leaf (719).jpg,,leaves,,,ambiguous,plant_unknown,unresolved|folder_keyword
Original Image/Healthy Leaf/Healthy_Leaf (72).jpg,,leaves,,,ambiguous,plant_unknown,unresolved|folder_keyword
Original Image/Healthy Leaf/Healthy_Leaf (720).jpg,,leaves,,,ambiguous,plant_unknown,unresolved|folder_keyword
Original Image/Healthy Leaf/Healthy_Leaf (721).jpg,,leaves,,,ambiguous,plant_unknown,unresolved|folder_keyword
Original Image/Healthy Leaf/Healthy_Leaf (722).jpg,,leaves,,,ambiguous,plant_unknown,unresolved|folder_keyword
Original Image/Healthy Leaf/Healthy_Leaf (723).jpg,,leaves,,,ambiguous,plant_unknown,unresolved|folder_keyword
Original Image/Healthy Leaf/Healthy_Leaf (724).jpg,,leaves,,,ambiguous,plant_unknown,unresolved|folder_keyword
Original Image/Healthy Leaf/Healthy_Leaf (725).jpg,,leaves,,,ambiguous,plant_unknown,unresolved|folder_keyword
Original Image/Healthy Leaf/Healthy_Leaf (726).jpg,,leaves,,,ambiguous,plant_unknown,unresolved|folder_keyword
Original Image/Healthy Leaf/Healthy_Leaf (727).jpg,,leaves,,,ambiguous,plant_unknown,unresolved|folder_keyword
Original Image/Healthy Leaf/Healthy_Leaf (728).jpg,,leaves,,,ambiguous,plant_unknown,unresolved|folder_keyword
Original Image/Healthy Leaf/Healthy_Leaf (729).jpg,,leaves,,,ambiguous,plant_unknown,unresolved|folder_keyword
Original Image/Healthy Leaf/Healthy_Leaf (73).jpg,,leaves,,,ambiguous,plant_unknown,unresolved|folder_keyword
Original Image/Healthy Leaf/Healthy_Leaf (730).jpg,,leaves,,,ambiguous,plant_unknown,unresolved|folder_keyword
Original Image/Healthy Leaf/Healthy_Leaf (731).jpg,,leaves,,,ambiguous,plant_unknown,unresolved|folder_keyword
Original Image/Healthy Leaf/Healthy_Leaf (732).jpg,,leaves,,,ambiguous,plant_unknown,unresolved|folder_keyword
Original Image/Healthy Leaf/Healthy_Leaf (733).jpg,,leaves,,,ambiguous,plant_unknown,unresolved|folder_keyword
Original Image/Healthy Leaf/Healthy_Leaf (734).jpg,,leaves,,,ambiguous,plant_unknown,unresolved|folder_keyword
Original Image/Healthy Leaf/Healthy_Leaf (735).jpg,,leaves,,,ambiguous,plant_unknown,unresolved|folder_keyword
Original Image/Healthy Leaf/Healthy_Leaf (736).jpg,,leaves,,,ambiguous,plant_unknown,unresolved|folder_keyword
Original Image/Healthy Leaf/Healthy_Leaf (737).jpg,,leaves,,,ambiguous,plant_unknown,unresolved|folder_keyword
Original Image/Healthy Leaf/Healthy_Leaf (738).jpg,,leaves,,,ambiguous,plant_unknown,unresolved|folder_keyword
Original Image/Healthy Leaf/Healthy_Leaf (739).jpg,,leaves,,,ambiguous,plant_unknown,unresolved|folder_keyword
Original Image/Healthy Leaf/Healthy_Leaf (74).jpg,,leaves,,,ambiguous,plant_unknown,unresolved|folder_keyword
Original Image/Healthy Leaf/Healthy_Leaf (740).jpg,,leaves,,,ambiguous,plant_unknown,unresolved|folder_keyword
Original Image/Healthy Leaf/Healthy_Leaf (741).jpg,,leaves,,,ambiguous,plant_unknown,unresolved|folder_keyword
Original Image/Healthy Leaf/Healthy_Leaf (742).jpg,,leaves,,,ambiguous,plant_unknown,unresolved|folder_keyword
Original Image/Healthy Leaf/Healthy_Leaf (743).jpg,,leaves,,,ambiguous,plant_unknown,unresolved|folder_keyword
Original Image/Healthy Leaf/Healthy_Leaf (744).jpg,,leaves,,,ambiguous,plant_unknown,unresolved|folder_keyword
Original Image/Healthy Leaf/Healthy_Leaf (745).jpg,,leaves,,,ambiguous,plant_unknown,unresolved|folder_keyword
Original Image/Healthy Leaf/Healthy_Leaf (746).jpg,,leaves,,,ambiguous,plant_unknown,unresolved|folder_keyword
Original Image/Healthy Leaf/Healthy_Leaf (747).jpg,,leaves,,,ambiguous,plant_unknown,unresolved|folder_keyword
Original Image/Healthy Leaf/Healthy_Leaf (748).jpg,,leaves,,,ambiguous,plant_unknown,unresolved|folder_keyword
Original Image/Healthy Leaf/Healthy_Leaf (749).jpg,,leaves,,,ambiguous,plant_unknown,unresolved|folder_keyword
Original Image/Healthy Leaf/Healthy_Leaf (75).jpg,,leaves,,,ambiguous,plant_unknown,unresolved|folder_keyword
Original Image/Healthy Leaf/Healthy_Leaf (750).jpg,,leaves,,,ambiguous,plant_unknown,unresolved|folder_keyword
Original Image/Healthy Leaf/Healthy_Leaf (751).jpg,,leaves,,,ambiguous,plant_unknown,unresolved|folder_keyword
Original Image/Healthy Leaf/Healthy_Leaf (752).jpg,,leaves,,,ambiguous,plant_unknown,unresolved|folder_keyword
Original Image/Healthy Leaf/Healthy_Leaf (753).jpg,,leaves,,,ambiguous,plant_unknown,unresolved|folder_keyword
Original Image/Healthy Leaf/Healthy_Leaf (754).jpg,,leaves,,,ambiguous,plant_unknown,unresolved|folder_keyword
Original Image/Healthy Leaf/Healthy_Leaf (755).jpg,,leaves,,,ambiguous,plant_unknown,unresolved|folder_keyword
Original Image/Healthy Leaf/Healthy_Leaf (756).jpg,,leaves,,,ambiguous,plant_unknown,unresolved|folder_keyword
Original Image/Healthy Leaf/Healthy_Leaf (757).jpg,,leaves,,,ambiguous,plant_unknown,unresolved|folder_keyword
Original Image/Healthy Leaf/Healthy_Leaf (758).jpg,,leaves,,,ambiguous,plant_unknown,unresolved|folder_keyword
Original Image/Healthy Leaf/Healthy_Leaf (759).jpg,,leaves,,,ambiguous,plant_unknown,unresolved|folder_keyword
Original Image/Healthy Leaf/Healthy_Leaf (76).jpg,,leaves,,,ambiguous,plant_unknown,unresolved|folder_keyword
Original Image/Healthy Leaf/Healthy_Leaf (760).jpg,,leaves,,,ambiguous,plant_unknown,unresolved|folder_keyword
Original Image/Healthy Leaf/Healthy_Leaf (761).jpg,,leaves,,,ambiguous,plant_unknown,unresolved|folder_keyword
Original Image/Healthy Leaf/Healthy_Leaf (762).jpg,,leaves,,,ambiguous,plant_unknown,unresolved|folder_keyword
Original Image/Healthy Leaf/Healthy_Leaf (763).jpg,,leaves,,,ambiguous,plant_unknown,unresolved|folder_keyword
Original Image/Healthy Leaf/Healthy_Leaf (764).jpg,,leaves,,,ambiguous,plant_unknown,unresolved|folder_keyword
Original Image/Healthy Leaf/Healthy_Leaf (765).jpg,,leaves,,,ambiguous,plant_unknown,unresolved|folder_keyword
Original Image/Healthy Leaf/Healthy_Leaf (766).jpg,,leaves,,,ambiguous,plant_unknown,unresolved|folder_keyword
Original Image/Healthy Leaf/Healthy_Leaf (767).jpg,,leaves,,,ambiguous,plant_unknown,unresolved|folder_keyword
Original Image/Healthy Leaf/Healthy_Leaf (768).jpg,,leaves,,,ambiguous,plant_unknown,unresolved|folder_keyword
Original Image/Healthy Leaf/Healthy_Leaf (769).jpg,,leaves,,,ambiguous,plant_unknown,unresolved|folder_keyword
Original Image/Healthy Leaf/Healthy_Leaf (77).jpg,,leaves,,,ambiguous,plant_unknown,unresolved|folder_keyword
Original Image/Healthy Leaf/Healthy_Leaf (770).jpg,,leaves,,,ambiguous,plant_unknown,unresolved|folder_keyword
Original Image/Healthy Leaf/Healthy_Leaf (771).jpg,,leaves,,,ambiguous,plant_unknown,unresolved|folder_keyword
Original Image/Healthy Leaf/Healthy_Leaf (772).jpg,,leaves,,,ambiguous,plant_unknown,unresolved|folder_keyword
Original Image/Healthy Leaf/Healthy_Leaf (773).jpg,,leaves,,,ambiguous,plant_unknown,unresolved|folder_keyword
Original Image/Healthy Leaf/Healthy_Leaf (774).jpg,,leaves,,,ambiguous,plant_unknown,unresolved|folder_keyword
Original Image/Healthy Leaf/Healthy_Leaf (775).jpg,,leaves,,,ambiguous,plant_unknown,unresolved|folder_keyword
Original Image/Healthy Leaf/Healthy_Leaf (776).jpg,,leaves,,,ambiguous,plant_unknown,unresolved|folder_keyword
Original Image/Healthy Leaf/Healthy_Leaf (777).jpg,,leaves,,,ambiguous,plant_unknown,unresolved|folder_keyword
Original Image/Healthy Leaf/Healthy_Leaf (778).jpg,,leaves,,,ambiguous,plant_unknown,unresolved|folder_keyword
Original Image/Healthy Leaf/Healthy_Leaf (779).jpg,,leaves,,,ambiguous,plant_unknown,unresolved|folder_keyword
Original Image/Healthy Leaf/Healthy_Leaf (78).jpg,,leaves,,,ambiguous,plant_unknown,unresolved|folder_keyword
Original Image/Healthy Leaf/Healthy_Leaf (780).jpg,,leaves,,,ambiguous,plant_unknown,unresolved|folder_keyword
Original Image/Healthy Leaf/Healthy_Leaf (781).jpg,,leaves,,,ambiguous,plant_unknown,unresolved|folder_keyword
Original Image/Healthy Leaf/Healthy_Leaf (782).jpg,,leaves,,,ambiguous,plant_unknown,unresolved|folder_keyword
Original Image/Healthy Leaf/Healthy_Leaf (783).jpg,,leaves,,,ambiguous,plant_unknown,unresolved|folder_keyword
Original Image/Healthy Leaf/Healthy_Leaf (784).jpg,,leaves,,,ambiguous,plant_unknown,unresolved|folder_keyword
Original Image/Healthy Leaf/Healthy_Leaf (785).jpg,,leaves,,,ambiguous,plant_unknown,unresolved|folder_keyword
Original Image/Healthy Leaf/Healthy_Leaf (786).jpg,,leaves,,,ambiguous,plant_unknown,unresolved|folder_keyword
Original Image/Healthy Leaf/Healthy_Leaf (787).jpg,,leaves,,,ambiguous,plant_unknown,unresolved|folder_keyword
Original Image/Healthy Leaf/Healthy_Leaf (788).jpg,,leaves,,,ambiguous,plant_unknown,unresolved|folder_keyword
Original Image/Healthy Leaf/Healthy_Leaf (789).jpg,,leaves,,,ambiguous,plant_unknown,unresolved|folder_keyword
Original Image/Healthy Leaf/Healthy_Leaf (79).jpg,,leaves,,,ambiguous,plant_unknown,unresolved|folder_keyword
Original Image/Healthy Leaf/Healthy_Leaf (790).jpg,,leaves,,,ambiguous,plant_unknown,unresolved|folder_keyword
Original Image/Healthy Leaf/Healthy_Leaf (791).jpg,,leaves,,,ambiguous,plant_unknown,unresolved|folder_keyword
Original Image/Healthy Leaf/Healthy_Leaf (792).jpg,,leaves,,,ambiguous,plant_unknown,unresolved|folder_keyword
Original Image/Healthy Leaf/Healthy_Leaf (793).jpg,,leaves,,,ambiguous,plant_unknown,unresolved|folder_keyword
Original Image/Healthy Leaf/Healthy_Leaf (794).jpg,,leaves,,,ambiguous,plant_unknown,unresolved|folder_keyword
Original Image/Healthy Leaf/Healthy_Leaf (795).jpg,,leaves,,,ambiguous,plant_unknown,unresolved|folder_keyword
Original Image/Healthy Leaf/Healthy_Leaf (796).jpg,,leaves,,,ambiguous,plant_unknown,unresolved|folder_keyword
Original Image/Healthy Leaf/Healthy_Leaf (797).jpg,,leaves,,,ambiguous,plant_unknown,unresolved|folder_keyword
Original Image/Healthy Leaf/Healthy_Leaf (798).jpg,,leaves,,,ambiguous,plant_unknown,unresolved|folder_keyword
Original Image/Healthy Leaf/Healthy_Leaf (799).jpg,,leaves,,,ambiguous,plant_unknown,unresolved|folder_keyword
Original Image/Healthy Leaf/Healthy_Leaf (8).jpg,,leaves,,,ambiguous,plant_unknown,unresolved|folder_keyword
Original Image/Healthy Leaf/Healthy_Leaf (80).jpg,,leaves,,,ambiguous,plant_unknown,unresolved|folder_keyword
Original Image/Healthy Leaf/Healthy_Leaf (800).jpg,,leaves,,,ambiguous,plant_unknown,unresolved|folder_keyword
Original Image/Healthy Leaf/Healthy_Leaf (801).jpg,,leaves,,,ambiguous,plant_unknown,unresolved|folder_keyword
Original Image/Healthy Leaf/Healthy_Leaf (802).jpg,,leaves,,,ambiguous,plant_unknown,unresolved|folder_keyword
Original Image/Healthy Leaf/Healthy_Leaf (803).jpg,,leaves,,,ambiguous,plant_unknown,unresolved|folder_keyword
Original Image/Healthy Leaf/Healthy_Leaf (804).jpg,,leaves,,,ambiguous,plant_unknown,unresolved|folder_keyword
Original Image/Healthy Leaf/Healthy_Leaf (805).jpg,,leaves,,,ambiguous,plant_unknown,unresolved|folder_keyword
Original Image/Healthy Leaf/Healthy_Leaf (806).jpg,,leaves,,,ambiguous,plant_unknown,unresolved|folder_keyword
Original Image/Healthy Leaf/Healthy_Leaf (807).jpg,,leaves,,,ambiguous,plant_unknown,unresolved|folder_keyword
Original Image/Healthy Leaf/Healthy_Leaf (808).jpg,,leaves,,,ambiguous,plant_unknown,unresolved|folder_keyword
Original Image/Healthy Leaf/Healthy_Leaf (809).jpg,,leaves,,,ambiguous,plant_unknown,unresolved|folder_keyword
Original Image/Healthy Leaf/Healthy_Leaf (81).jpg,,leaves,,,ambiguous,plant_unknown,unresolved|folder_keyword
Original Image/Healthy Leaf/Healthy_Leaf (810).jpg,,leaves,,,ambiguous,plant_unknown,unresolved|folder_keyword
Original Image/Healthy Leaf/Healthy_Leaf (811).jpg,,leaves,,,ambiguous,plant_unknown,unresolved|folder_keyword
Original Image/Healthy Leaf/Healthy_Leaf (812).jpg,,leaves,,,ambiguous,plant_unknown,unresolved|folder_keyword
Original Image/Healthy Leaf/Healthy_Leaf (813).jpg,,leaves,,,ambiguous,plant_unknown,unresolved|folder_keyword
Original Image/Healthy Leaf/Healthy_Leaf (814).jpg,,leaves,,,ambiguous,plant_unknown,unresolved|folder_keyword
Original Image/Healthy Leaf/Healthy_Leaf (815).jpg,,leaves,,,ambiguous,plant_unknown,unresolved|folder_keyword
Original Image/Healthy Leaf/Healthy_Leaf (816).jpg,,leaves,,,ambiguous,plant_unknown,unresolved|folder_keyword
Original Image/Healthy Leaf/Healthy_Leaf (817).jpg,,leaves,,,ambiguous,plant_unknown,unresolved|folder_keyword
Original Image/Healthy Leaf/Healthy_Leaf (818).jpg,,leaves,,,ambiguous,plant_unknown,unresolved|folder_keyword
Original Image/Healthy Leaf/Healthy_Leaf (82).jpg,,leaves,,,ambiguous,plant_unknown,unresolved|folder_keyword
Original Image/Healthy Leaf/Healthy_Leaf (83).jpg,,leaves,,,ambiguous,plant_unknown,unresolved|folder_keyword
Original Image/Healthy Leaf/Healthy_Leaf (84).jpg,,leaves,,,ambiguous,plant_unknown,unresolved|folder_keyword
Original Image/Healthy Leaf/Healthy_Leaf (85).jpg,,leaves,,,ambiguous,plant_unknown,unresolved|folder_keyword
Original Image/Healthy Leaf/Healthy_Leaf (86).jpg,,leaves,,,ambiguous,plant_unknown,unresolved|folder_keyword
Original Image/Healthy Leaf/Healthy_Leaf (87).jpg,,leaves,,,ambiguous,plant_unknown,unresolved|folder_keyword
Original Image/Healthy Leaf/Healthy_Leaf (88).jpg,,leaves,,,ambiguous,plant_unknown,unresolved|folder_keyword
Original Image/Healthy Leaf/Healthy_Leaf (89).jpg,,leaves,,,ambiguous,plant_unknown,unresolved|folder_keyword
Original Image/Healthy Leaf/Healthy_Leaf (9).jpg,,leaves,,,ambiguous,plant_unknown,unresolved|folder_keyword
Original Image/Healthy Leaf/Healthy_Leaf (90).jpg,,leaves,,,ambiguous,plant_unknown,unresolved|folder_keyword
Original Image/Healthy Leaf/Healthy_Leaf (91).jpg,,leaves,,,ambiguous,plant_unknown,unresolved|folder_keyword
Original Image/Healthy Leaf/Healthy_Leaf (92).jpg,,leaves,,,ambiguous,plant_unknown,unresolved|folder_keyword
Original Image/Healthy Leaf/Healthy_Leaf (93).jpg,,leaves,,,ambiguous,plant_unknown,unresolved|folder_keyword
Original Image/Healthy Leaf/Healthy_Leaf (94).jpg,,leaves,,,ambiguous,plant_unknown,unresolved|folder_keyword
Original Image/Healthy Leaf/Healthy_Leaf (95).jpg,,leaves,,,ambiguous,plant_unknown,unresolved|folder_keyword
Original Image/Healthy Leaf/Healthy_Leaf (96).jpg,,leaves,,,ambiguous,plant_unknown,unresolved|folder_keyword
Original Image/Healthy Leaf/Healthy_Leaf (97).jpg,,leaves,,,ambiguous,plant_unknown,unresolved|folder_keyword
Original Image/Healthy Leaf/Healthy_Leaf (98).jpg,,leaves,,,ambiguous,plant_unknown,unresolved|folder_keyword
Original Image/Healthy Leaf/Healthy_Leaf (99).jpg,,leaves,,,ambiguous,plant_unknown,unresolved|folder_keyword
Original Image/Leaf Holes/Leaf_Hole (1).jpg,,leaves,,,ambiguous,plant_unknown,unresolved|folder_keyword
Original Image/Leaf Holes/Leaf_Hole (10).jpg,,leaves,,,ambiguous,plant_unknown,unresolved|folder_keyword
Original Image/Leaf Holes/Leaf_Hole (100).jpg,,leaves,,,ambiguous,plant_unknown,unresolved|folder_keyword
Original Image/Leaf Holes/Leaf_Hole (101).jpg,,leaves,,,ambiguous,plant_unknown,unresolved|folder_keyword
Original Image/Leaf Holes/Leaf_Hole (102).jpg,,leaves,,,ambiguous,plant_unknown,unresolved|folder_keyword
Original Image/Leaf Holes/Leaf_Hole (103).jpg,,leaves,,,ambiguous,plant_unknown,unresolved|folder_keyword
Original Image/Leaf Holes/Leaf_Hole (104).jpg,,leaves,,,ambiguous,plant_unknown,unresolved|folder_keyword
Original Image/Leaf Holes/Leaf_Hole (105).jpg,,leaves,,,ambiguous,plant_unknown,unresolved|folder_keyword
Original Image/Leaf Holes/Leaf_Hole (106).jpg,,leaves,,,ambiguous,plant_unknown,unresolved|folder_keyword
Original Image/Leaf Holes/Leaf_Hole (107).jpg,,leaves,,,ambiguous,plant_unknown,unresolved|folder_keyword
Original Image/Leaf Holes/Leaf_Hole (108).jpg,,leaves,,,ambiguous,plant_unknown,unresolved|folder_keyword
Original Image/Leaf Holes/Leaf_Hole (109).jpg,,leaves,,,ambiguous,plant_unknown,unresolved|folder_keyword
Original Image/Leaf Holes/Leaf_Hole (11).jpg,,leaves,,,ambiguous,plant_unknown,unresolved|folder_keyword
Original Image/Leaf Holes/Leaf_Hole (110).jpg,,leaves,,,ambiguous,plant_unknown,unresolved|folder_keyword
Original Image/Leaf Holes/Leaf_Hole (111).jpg,,leaves,,,ambiguous,plant_unknown,unresolved|folder_keyword
Original Image/Leaf Holes/Leaf_Hole (112).jpg,,leaves,,,ambiguous,plant_unknown,unresolved|folder_keyword
Original Image/Leaf Holes/Leaf_Hole (113).jpg,,leaves,,,ambiguous,plant_unknown,unresolved|folder_keyword
Original Image/Leaf Holes/Leaf_Hole (114).jpg,,leaves,,,ambiguous,plant_unknown,unresolved|folder_keyword
Original Image/Leaf Holes/Leaf_Hole (115).jpg,,leaves,,,ambiguous,plant_unknown,unresolved|folder_keyword
Original Image/Leaf Holes/Leaf_Hole (116).jpg,,leaves,,,ambiguous,plant_unknown,unresolved|folder_keyword
Original Image/Leaf Holes/Leaf_Hole (117).jpg,,leaves,,,ambiguous,plant_unknown,unresolved|folder_keyword
Original Image/Leaf Holes/Leaf_Hole (118).jpg,,leaves,,,ambiguous,plant_unknown,unresolved|folder_keyword
Original Image/Leaf Holes/Leaf_Hole (119).jpg,,leaves,,,ambiguous,plant_unknown,unresolved|folder_keyword
Original Image/Leaf Holes/Leaf_Hole (12).jpg,,leaves,,,ambiguous,plant_unknown,unresolved|folder_keyword
Original Image/Leaf Holes/Leaf_Hole (120).jpg,,leaves,,,ambiguous,plant_unknown,unresolved|folder_keyword
Original Image/Leaf Holes/Leaf_Hole (121).jpg,,leaves,,,ambiguous,plant_unknown,unresolved|folder_keyword
Original Image/Leaf Holes/Leaf_Hole (122).jpg,,leaves,,,ambiguous,plant_unknown,unresolved|folder_keyword
Original Image/Leaf Holes/Leaf_Hole (123).jpg,,leaves,,,ambiguous,plant_unknown,unresolved|folder_keyword
Original Image/Leaf Holes/Leaf_Hole (124).jpg,,leaves,,,ambiguous,plant_unknown,unresolved|folder_keyword
Original Image/Leaf Holes/Leaf_Hole (125).jpg,,leaves,,,ambiguous,plant_unknown,unresolved|folder_keyword
Original Image/Leaf Holes/Leaf_Hole (126).jpg,,leaves,,,ambiguous,plant_unknown,unresolved|folder_keyword
Original Image/Leaf Holes/Leaf_Hole (127).jpg,,leaves,,,ambiguous,plant_unknown,unresolved|folder_keyword
Original Image/Leaf Holes/Leaf_Hole (128).jpg,,leaves,,,ambiguous,plant_unknown,unresolved|folder_keyword
Original Image/Leaf Holes/Leaf_Hole (129).jpg,,leaves,,,ambiguous,plant_unknown,unresolved|folder_keyword
Original Image/Leaf Holes/Leaf_Hole (13).jpg,,leaves,,,ambiguous,plant_unknown,unresolved|folder_keyword
Original Image/Leaf Holes/Leaf_Hole (130).jpg,,leaves,,,ambiguous,plant_unknown,unresolved|folder_keyword
Original Image/Leaf Holes/Leaf_Hole (131).jpg,,leaves,,,ambiguous,plant_unknown,unresolved|folder_keyword
Original Image/Leaf Holes/Leaf_Hole (132).jpg,,leaves,,,ambiguous,plant_unknown,unresolved|folder_keyword
Original Image/Leaf Holes/Leaf_Hole (133).jpg,,leaves,,,ambiguous,plant_unknown,unresolved|folder_keyword
Original Image/Leaf Holes/Leaf_Hole (134).jpg,,leaves,,,ambiguous,plant_unknown,unresolved|folder_keyword
Original Image/Leaf Holes/Leaf_Hole (135).jpg,,leaves,,,ambiguous,plant_unknown,unresolved|folder_keyword
Original Image/Leaf Holes/Leaf_Hole (136).jpg,,leaves,,,ambiguous,plant_unknown,unresolved|folder_keyword
Original Image/Leaf Holes/Leaf_Hole (137).jpg,,leaves,,,ambiguous,plant_unknown,unresolved|folder_keyword
Original Image/Leaf Holes/Leaf_Hole (138).jpg,,leaves,,,ambiguous,plant_unknown,unresolved|folder_keyword
Original Image/Leaf Holes/Leaf_Hole (139).jpg,,leaves,,,ambiguous,plant_unknown,unresolved|folder_keyword
Original Image/Leaf Holes/Leaf_Hole (14).jpg,,leaves,,,ambiguous,plant_unknown,unresolved|folder_keyword
Original Image/Leaf Holes/Leaf_Hole (140).jpg,,leaves,,,ambiguous,plant_unknown,unresolved|folder_keyword
Original Image/Leaf Holes/Leaf_Hole (141).jpg,,leaves,,,ambiguous,plant_unknown,unresolved|folder_keyword
Original Image/Leaf Holes/Leaf_Hole (142).jpg,,leaves,,,ambiguous,plant_unknown,unresolved|folder_keyword
Original Image/Leaf Holes/Leaf_Hole (143).jpg,,leaves,,,ambiguous,plant_unknown,unresolved|folder_keyword
Original Image/Leaf Holes/Leaf_Hole (144).jpg,,leaves,,,ambiguous,plant_unknown,unresolved|folder_keyword
Original Image/Leaf Holes/Leaf_Hole (145).jpg,,leaves,,,ambiguous,plant_unknown,unresolved|folder_keyword
Original Image/Leaf Holes/Leaf_Hole (146).jpg,,leaves,,,ambiguous,plant_unknown,unresolved|folder_keyword
Original Image/Leaf Holes/Leaf_Hole (147).jpg,,leaves,,,ambiguous,plant_unknown,unresolved|folder_keyword
Original Image/Leaf Holes/Leaf_Hole (148).jpg,,leaves,,,ambiguous,plant_unknown,unresolved|folder_keyword
Original Image/Leaf Holes/Leaf_Hole (149).jpg,,leaves,,,ambiguous,plant_unknown,unresolved|folder_keyword
Original Image/Leaf Holes/Leaf_Hole (15).jpg,,leaves,,,ambiguous,plant_unknown,unresolved|folder_keyword
Original Image/Leaf Holes/Leaf_Hole (150).jpg,,leaves,,,ambiguous,plant_unknown,unresolved|folder_keyword
Original Image/Leaf Holes/Leaf_Hole (151).jpg,,leaves,,,ambiguous,plant_unknown,unresolved|folder_keyword
Original Image/Leaf Holes/Leaf_Hole (152).jpg,,leaves,,,ambiguous,plant_unknown,unresolved|folder_keyword
Original Image/Leaf Holes/Leaf_Hole (153).jpg,,leaves,,,ambiguous,plant_unknown,unresolved|folder_keyword
Original Image/Leaf Holes/Leaf_Hole (154).jpg,,leaves,,,ambiguous,plant_unknown,unresolved|folder_keyword
Original Image/Leaf Holes/Leaf_Hole (155).jpg,,leaves,,,ambiguous,plant_unknown,unresolved|folder_keyword
Original Image/Leaf Holes/Leaf_Hole (156).jpg,,leaves,,,ambiguous,plant_unknown,unresolved|folder_keyword
Original Image/Leaf Holes/Leaf_Hole (157).jpg,,leaves,,,ambiguous,plant_unknown,unresolved|folder_keyword
Original Image/Leaf Holes/Leaf_Hole (158).jpg,,leaves,,,ambiguous,plant_unknown,unresolved|folder_keyword
Original Image/Leaf Holes/Leaf_Hole (159).jpg,,leaves,,,ambiguous,plant_unknown,unresolved|folder_keyword
Original Image/Leaf Holes/Leaf_Hole (16).jpg,,leaves,,,ambiguous,plant_unknown,unresolved|folder_keyword
Original Image/Leaf Holes/Leaf_Hole (160).jpg,,leaves,,,ambiguous,plant_unknown,unresolved|folder_keyword
Original Image/Leaf Holes/Leaf_Hole (161).jpg,,leaves,,,ambiguous,plant_unknown,unresolved|folder_keyword
Original Image/Leaf Holes/Leaf_Hole (162).jpg,,leaves,,,ambiguous,plant_unknown,unresolved|folder_keyword
Original Image/Leaf Holes/Leaf_Hole (163).jpg,,leaves,,,ambiguous,plant_unknown,unresolved|folder_keyword
Original Image/Leaf Holes/Leaf_Hole (164).jpg,,leaves,,,ambiguous,plant_unknown,unresolved|folder_keyword
Original Image/Leaf Holes/Leaf_Hole (165).jpg,,leaves,,,ambiguous,plant_unknown,unresolved|folder_keyword
Original Image/Leaf Holes/Leaf_Hole (166).jpg,,leaves,,,ambiguous,plant_unknown,unresolved|folder_keyword
Original Image/Leaf Holes/Leaf_Hole (167).jpg,,leaves,,,ambiguous,plant_unknown,unresolved|folder_keyword
Original Image/Leaf Holes/Leaf_Hole (168).jpg,,leaves,,,ambiguous,plant_unknown,unresolved|folder_keyword
Original Image/Leaf Holes/Leaf_Hole (169).jpg,,leaves,,,ambiguous,plant_unknown,unresolved|folder_keyword
Original Image/Leaf Holes/Leaf_Hole (17).jpg,,leaves,,,ambiguous,plant_unknown,unresolved|folder_keyword
Original Image/Leaf Holes/Leaf_Hole (170).jpg,,leaves,,,ambiguous,plant_unknown,unresolved|folder_keyword
Original Image/Leaf Holes/Leaf_Hole (171).jpg,,leaves,,,ambiguous,plant_unknown,unresolved|folder_keyword
Original Image/Leaf Holes/Leaf_Hole (172).jpg,,leaves,,,ambiguous,plant_unknown,unresolved|folder_keyword
Original Image/Leaf Holes/Leaf_Hole (173).jpg,,leaves,,,ambiguous,plant_unknown,unresolved|folder_keyword
Original Image/Leaf Holes/Leaf_Hole (174).jpg,,leaves,,,ambiguous,plant_unknown,unresolved|folder_keyword
Original Image/Leaf Holes/Leaf_Hole (175).jpg,,leaves,,,ambiguous,plant_unknown,unresolved|folder_keyword
Original Image/Leaf Holes/Leaf_Hole (176).jpg,,leaves,,,ambiguous,plant_unknown,unresolved|folder_keyword
Original Image/Leaf Holes/Leaf_Hole (177).jpg,,leaves,,,ambiguous,plant_unknown,unresolved|folder_keyword
Original Image/Leaf Holes/Leaf_Hole (178).jpg,,leaves,,,ambiguous,plant_unknown,unresolved|folder_keyword
Original Image/Leaf Holes/Leaf_Hole (179).jpg,,leaves,,,ambiguous,plant_unknown,unresolved|folder_keyword
Original Image/Leaf Holes/Leaf_Hole (18).jpg,,leaves,,,ambiguous,plant_unknown,unresolved|folder_keyword
Original Image/Leaf Holes/Leaf_Hole (180).jpg,,leaves,,,ambiguous,plant_unknown,unresolved|folder_keyword
Original Image/Leaf Holes/Leaf_Hole (181).jpg,,leaves,,,ambiguous,plant_unknown,unresolved|folder_keyword
Original Image/Leaf Holes/Leaf_Hole (182).jpg,,leaves,,,ambiguous,plant_unknown,unresolved|folder_keyword
Original Image/Leaf Holes/Leaf_Hole (183).jpg,,leaves,,,ambiguous,plant_unknown,unresolved|folder_keyword
Original Image/Leaf Holes/Leaf_Hole (184).jpg,,leaves,,,ambiguous,plant_unknown,unresolved|folder_keyword
Original Image/Leaf Holes/Leaf_Hole (185).jpg,,leaves,,,ambiguous,plant_unknown,unresolved|folder_keyword
Original Image/Leaf Holes/Leaf_Hole (186).jpg,,leaves,,,ambiguous,plant_unknown,unresolved|folder_keyword
Original Image/Leaf Holes/Leaf_Hole (187).jpg,,leaves,,,ambiguous,plant_unknown,unresolved|folder_keyword
Original Image/Leaf Holes/Leaf_Hole (188).jpg,,leaves,,,ambiguous,plant_unknown,unresolved|folder_keyword
Original Image/Leaf Holes/Leaf_Hole (189).jpg,,leaves,,,ambiguous,plant_unknown,unresolved|folder_keyword
Original Image/Leaf Holes/Leaf_Hole (19).jpg,,leaves,,,ambiguous,plant_unknown,unresolved|folder_keyword
Original Image/Leaf Holes/Leaf_Hole (190).jpg,,leaves,,,ambiguous,plant_unknown,unresolved|folder_keyword
Original Image/Leaf Holes/Leaf_Hole (191).jpg,,leaves,,,ambiguous,plant_unknown,unresolved|folder_keyword
Original Image/Leaf Holes/Leaf_Hole (192).jpg,,leaves,,,ambiguous,plant_unknown,unresolved|folder_keyword
Original Image/Leaf Holes/Leaf_Hole (193).jpg,,leaves,,,ambiguous,plant_unknown,unresolved|folder_keyword
Original Image/Leaf Holes/Leaf_Hole (194).jpg,,leaves,,,ambiguous,plant_unknown,unresolved|folder_keyword
Original Image/Leaf Holes/Leaf_Hole (195).jpg,,leaves,,,ambiguous,plant_unknown,unresolved|folder_keyword
Original Image/Leaf Holes/Leaf_Hole (196).jpg,,leaves,,,ambiguous,plant_unknown,unresolved|folder_keyword
Original Image/Leaf Holes/Leaf_Hole (197).jpg,,leaves,,,ambiguous,plant_unknown,unresolved|folder_keyword
Original Image/Leaf Holes/Leaf_Hole (198).jpg,,leaves,,,ambiguous,plant_unknown,unresolved|folder_keyword
Original Image/Leaf Holes/Leaf_Hole (199).jpg,,leaves,,,ambiguous,plant_unknown,unresolved|folder_keyword
Original Image/Leaf Holes/Leaf_Hole (2).jpg,,leaves,,,ambiguous,plant_unknown,unresolved|folder_keyword
Original Image/Leaf Holes/Leaf_Hole (20).jpg,,leaves,,,ambiguous,plant_unknown,unresolved|folder_keyword
Original Image/Leaf Holes/Leaf_Hole (200).jpg,,leaves,,,ambiguous,plant_unknown,unresolved|folder_keyword
Original Image/Leaf Holes/Leaf_Hole (201).jpg,,leaves,,,ambiguous,plant_unknown,unresolved|folder_keyword
Original Image/Leaf Holes/Leaf_Hole (202).jpg,,leaves,,,ambiguous,plant_unknown,unresolved|folder_keyword
Original Image/Leaf Holes/Leaf_Hole (203).jpg,,leaves,,,ambiguous,plant_unknown,unresolved|folder_keyword
Original Image/Leaf Holes/Leaf_Hole (204).jpg,,leaves,,,ambiguous,plant_unknown,unresolved|folder_keyword
Original Image/Leaf Holes/Leaf_Hole (205).jpg,,leaves,,,ambiguous,plant_unknown,unresolved|folder_keyword
Original Image/Leaf Holes/Leaf_Hole (206).jpg,,leaves,,,ambiguous,plant_unknown,unresolved|folder_keyword
Original Image/Leaf Holes/Leaf_Hole (207).jpg,,leaves,,,ambiguous,plant_unknown,unresolved|folder_keyword
Original Image/Leaf Holes/Leaf_Hole (208).jpg,,leaves,,,ambiguous,plant_unknown,unresolved|folder_keyword
Original Image/Leaf Holes/Leaf_Hole (209).jpg,,leaves,,,ambiguous,plant_unknown,unresolved|folder_keyword
Original Image/Leaf Holes/Leaf_Hole (21).jpg,,leaves,,,ambiguous,plant_unknown,unresolved|folder_keyword
Original Image/Leaf Holes/Leaf_Hole (210).jpg,,leaves,,,ambiguous,plant_unknown,unresolved|folder_keyword
Original Image/Leaf Holes/Leaf_Hole (211).jpg,,leaves,,,ambiguous,plant_unknown,unresolved|folder_keyword
Original Image/Leaf Holes/Leaf_Hole (212).jpg,,leaves,,,ambiguous,plant_unknown,unresolved|folder_keyword
Original Image/Leaf Holes/Leaf_Hole (213).jpg,,leaves,,,ambiguous,plant_unknown,unresolved|folder_keyword
Original Image/Leaf Holes/Leaf_Hole (214).jpg,,leaves,,,ambiguous,plant_unknown,unresolved|folder_keyword
Original Image/Leaf Holes/Leaf_Hole (215).jpg,,leaves,,,ambiguous,plant_unknown,unresolved|folder_keyword
Original Image/Leaf Holes/Leaf_Hole (216).jpg,,leaves,,,ambiguous,plant_unknown,unresolved|folder_keyword
Original Image/Leaf Holes/Leaf_Hole (217).jpg,,leaves,,,ambiguous,plant_unknown,unresolved|folder_keyword
Original Image/Leaf Holes/Leaf_Hole (218).jpg,,leaves,,,ambiguous,plant_unknown,unresolved|folder_keyword
Original Image/Leaf Holes/Leaf_Hole (219).jpg,,leaves,,,ambiguous,plant_unknown,unresolved|folder_keyword
Original Image/Leaf Holes/Leaf_Hole (22).jpg,,leaves,,,ambiguous,plant_unknown,unresolved|folder_keyword
Original Image/Leaf Holes/Leaf_Hole (220).jpg,,leaves,,,ambiguous,plant_unknown,unresolved|folder_keyword
Original Image/Leaf Holes/Leaf_Hole (221).jpg,,leaves,,,ambiguous,plant_unknown,unresolved|folder_keyword
Original Image/Leaf Holes/Leaf_Hole (222).jpg,,leaves,,,ambiguous,plant_unknown,unresolved|folder_keyword
Original Image/Leaf Holes/Leaf_Hole (223).jpg,,leaves,,,ambiguous,plant_unknown,unresolved|folder_keyword
Original Image/Leaf Holes/Leaf_Hole (224).jpg,,leaves,,,ambiguous,plant_unknown,unresolved|folder_keyword
Original Image/Leaf Holes/Leaf_Hole (225).jpg,,leaves,,,ambiguous,plant_unknown,unresolved|folder_keyword
Original Image/Leaf Holes/Leaf_Hole (226).jpg,,leaves,,,ambiguous,plant_unknown,unresolved|folder_keyword
Original Image/Leaf Holes/Leaf_Hole (227).jpg,,leaves,,,ambiguous,plant_unknown,unresolved|folder_keyword
Original Image/Leaf Holes/Leaf_Hole (228).jpg,,leaves,,,ambiguous,plant_unknown,unresolved|folder_keyword
Original Image/Leaf Holes/Leaf_Hole (229).jpg,,leaves,,,ambiguous,plant_unknown,unresolved|folder_keyword
Original Image/Leaf Holes/Leaf_Hole (23).jpg,,leaves,,,ambiguous,plant_unknown,unresolved|folder_keyword
Original Image/Leaf Holes/Leaf_Hole (230).jpg,,leaves,,,ambiguous,plant_unknown,unresolved|folder_keyword
Original Image/Leaf Holes/Leaf_Hole (231).jpg,,leaves,,,ambiguous,plant_unknown,unresolved|folder_keyword
Original Image/Leaf Holes/Leaf_Hole (232).jpg,,leaves,,,ambiguous,plant_unknown,unresolved|folder_keyword
Original Image/Leaf Holes/Leaf_Hole (233).jpg,,leaves,,,ambiguous,plant_unknown,unresolved|folder_keyword
Original Image/Leaf Holes/Leaf_Hole (234).jpg,,leaves,,,ambiguous,plant_unknown,unresolved|folder_keyword
Original Image/Leaf Holes/Leaf_Hole (235).jpg,,leaves,,,ambiguous,plant_unknown,unresolved|folder_keyword
Original Image/Leaf Holes/Leaf_Hole (236).jpg,,leaves,,,ambiguous,plant_unknown,unresolved|folder_keyword
Original Image/Leaf Holes/Leaf_Hole (237).jpg,,leaves,,,ambiguous,plant_unknown,unresolved|folder_keyword
Original Image/Leaf Holes/Leaf_Hole (238).jpg,,leaves,,,ambiguous,plant_unknown,unresolved|folder_keyword
Original Image/Leaf Holes/Leaf_Hole (239).jpg,,leaves,,,ambiguous,plant_unknown,unresolved|folder_keyword
Original Image/Leaf Holes/Leaf_Hole (24).jpg,,leaves,,,ambiguous,plant_unknown,unresolved|folder_keyword
Original Image/Leaf Holes/Leaf_Hole (240).jpg,,leaves,,,ambiguous,plant_unknown,unresolved|folder_keyword
Original Image/Leaf Holes/Leaf_Hole (241).jpg,,leaves,,,ambiguous,plant_unknown,unresolved|folder_keyword
Original Image/Leaf Holes/Leaf_Hole (242).jpg,,leaves,,,ambiguous,plant_unknown,unresolved|folder_keyword
Original Image/Leaf Holes/Leaf_Hole (243).jpg,,leaves,,,ambiguous,plant_unknown,unresolved|folder_keyword
Original Image/Leaf Holes/Leaf_Hole (244).jpg,,leaves,,,ambiguous,plant_unknown,unresolved|folder_keyword
Original Image/Leaf Holes/Leaf_Hole (245).jpg,,leaves,,,ambiguous,plant_unknown,unresolved|folder_keyword
Original Image/Leaf Holes/Leaf_Hole (246).jpg,,leaves,,,ambiguous,plant_unknown,unresolved|folder_keyword
Original Image/Leaf Holes/Leaf_Hole (247).jpg,,leaves,,,ambiguous,plant_unknown,unresolved|folder_keyword
Original Image/Leaf Holes/Leaf_Hole (248).jpg,,leaves,,,ambiguous,plant_unknown,unresolved|folder_keyword
Original Image/Leaf Holes/Leaf_Hole (249).jpg,,leaves,,,ambiguous,plant_unknown,unresolved|folder_keyword
Original Image/Leaf Holes/Leaf_Hole (25).jpg,,leaves,,,ambiguous,plant_unknown,unresolved|folder_keyword
Original Image/Leaf Holes/Leaf_Hole (250).jpg,,leaves,,,ambiguous,plant_unknown,unresolved|folder_keyword
Original Image/Leaf Holes/Leaf_Hole (251).jpg,,leaves,,,ambiguous,plant_unknown,unresolved|folder_keyword
Original Image/Leaf Holes/Leaf_Hole (252).jpg,,leaves,,,ambiguous,plant_unknown,unresolved|folder_keyword
Original Image/Leaf Holes/Leaf_Hole (253).jpg,,leaves,,,ambiguous,plant_unknown,unresolved|folder_keyword
Original Image/Leaf Holes/Leaf_Hole (254).jpg,,leaves,,,ambiguous,plant_unknown,unresolved|folder_keyword
Original Image/Leaf Holes/Leaf_Hole (255).jpg,,leaves,,,ambiguous,plant_unknown,unresolved|folder_keyword
Original Image/Leaf Holes/Leaf_Hole (256).jpg,,leaves,,,ambiguous,plant_unknown,unresolved|folder_keyword
Original Image/Leaf Holes/Leaf_Hole (257).jpg,,leaves,,,ambiguous,plant_unknown,unresolved|folder_keyword
Original Image/Leaf Holes/Leaf_Hole (258).jpg,,leaves,,,ambiguous,plant_unknown,unresolved|folder_keyword
Original Image/Leaf Holes/Leaf_Hole (259).jpg,,leaves,,,ambiguous,plant_unknown,unresolved|folder_keyword
Original Image/Leaf Holes/Leaf_Hole (26).jpg,,leaves,,,ambiguous,plant_unknown,unresolved|folder_keyword
Original Image/Leaf Holes/Leaf_Hole (260).jpg,,leaves,,,ambiguous,plant_unknown,unresolved|folder_keyword
Original Image/Leaf Holes/Leaf_Hole (261).jpg,,leaves,,,ambiguous,plant_unknown,unresolved|folder_keyword
Original Image/Leaf Holes/Leaf_Hole (262).jpg,,leaves,,,ambiguous,plant_unknown,unresolved|folder_keyword
Original Image/Leaf Holes/Leaf_Hole (263).jpg,,leaves,,,ambiguous,plant_unknown,unresolved|folder_keyword
Original Image/Leaf Holes/Leaf_Hole (264).jpg,,leaves,,,ambiguous,plant_unknown,unresolved|folder_keyword
Original Image/Leaf Holes/Leaf_Hole (265).jpg,,leaves,,,ambiguous,plant_unknown,unresolved|folder_keyword
Original Image/Leaf Holes/Leaf_Hole (266).jpg,,leaves,,,ambiguous,plant_unknown,unresolved|folder_keyword
Original Image/Leaf Holes/Leaf_Hole (267).jpg,,leaves,,,ambiguous,plant_unknown,unresolved|folder_keyword
Original Image/Leaf Holes/Leaf_Hole (268).jpg,,leaves,,,ambiguous,plant_unknown,unresolved|folder_keyword
Original Image/Leaf Holes/Leaf_Hole (269).jpg,,leaves,,,ambiguous,plant_unknown,unresolved|folder_keyword
Original Image/Leaf Holes/Leaf_Hole (27).jpg,,leaves,,,ambiguous,plant_unknown,unresolved|folder_keyword
Original Image/Leaf Holes/Leaf_Hole (270).jpg,,leaves,,,ambiguous,plant_unknown,unresolved|folder_keyword
Original Image/Leaf Holes/Leaf_Hole (271).jpg,,leaves,,,ambiguous,plant_unknown,unresolved|folder_keyword
Original Image/Leaf Holes/Leaf_Hole (272).jpg,,leaves,,,ambiguous,plant_unknown,unresolved|folder_keyword
Original Image/Leaf Holes/Leaf_Hole (273).jpg,,leaves,,,ambiguous,plant_unknown,unresolved|folder_keyword
Original Image/Leaf Holes/Leaf_Hole (274).jpg,,leaves,,,ambiguous,plant_unknown,unresolved|folder_keyword
Original Image/Leaf Holes/Leaf_Hole (275).jpg,,leaves,,,ambiguous,plant_unknown,unresolved|folder_keyword
Original Image/Leaf Holes/Leaf_Hole (276).jpg,,leaves,,,ambiguous,plant_unknown,unresolved|folder_keyword
Original Image/Leaf Holes/Leaf_Hole (277).jpg,,leaves,,,ambiguous,plant_unknown,unresolved|folder_keyword
Original Image/Leaf Holes/Leaf_Hole (278).jpg,,leaves,,,ambiguous,plant_unknown,unresolved|folder_keyword
Original Image/Leaf Holes/Leaf_Hole (279).jpg,,leaves,,,ambiguous,plant_unknown,unresolved|folder_keyword
Original Image/Leaf Holes/Leaf_Hole (28).jpg,,leaves,,,ambiguous,plant_unknown,unresolved|folder_keyword
Original Image/Leaf Holes/Leaf_Hole (280).jpg,,leaves,,,ambiguous,plant_unknown,unresolved|folder_keyword
Original Image/Leaf Holes/Leaf_Hole (281).jpg,,leaves,,,ambiguous,plant_unknown,unresolved|folder_keyword
Original Image/Leaf Holes/Leaf_Hole (282).jpg,,leaves,,,ambiguous,plant_unknown,unresolved|folder_keyword
Original Image/Leaf Holes/Leaf_Hole (283).jpg,,leaves,,,ambiguous,plant_unknown,unresolved|folder_keyword
Original Image/Leaf Holes/Leaf_Hole (284).jpg,,leaves,,,ambiguous,plant_unknown,unresolved|folder_keyword
Original Image/Leaf Holes/Leaf_Hole (285).jpg,,leaves,,,ambiguous,plant_unknown,unresolved|folder_keyword
Original Image/Leaf Holes/Leaf_Hole (286).jpg,,leaves,,,ambiguous,plant_unknown,unresolved|folder_keyword
Original Image/Leaf Holes/Leaf_Hole (287).jpg,,leaves,,,ambiguous,plant_unknown,unresolved|folder_keyword
Original Image/Leaf Holes/Leaf_Hole (288).jpg,,leaves,,,ambiguous,plant_unknown,unresolved|folder_keyword
Original Image/Leaf Holes/Leaf_Hole (289).jpg,,leaves,,,ambiguous,plant_unknown,unresolved|folder_keyword
Original Image/Leaf Holes/Leaf_Hole (29).jpg,,leaves,,,ambiguous,plant_unknown,unresolved|folder_keyword
Original Image/Leaf Holes/Leaf_Hole (290).jpg,,leaves,,,ambiguous,plant_unknown,unresolved|folder_keyword
Original Image/Leaf Holes/Leaf_Hole (291).jpg,,leaves,,,ambiguous,plant_unknown,unresolved|folder_keyword
Original Image/Leaf Holes/Leaf_Hole (292).jpg,,leaves,,,ambiguous,plant_unknown,unresolved|folder_keyword
Original Image/Leaf Holes/Leaf_Hole (293).jpg,,leaves,,,ambiguous,plant_unknown,unresolved|folder_keyword
Original Image/Leaf Holes/Leaf_Hole (294).jpg,,leaves,,,ambiguous,plant_unknown,unresolved|folder_keyword
Original Image/Leaf Holes/Leaf_Hole (295).jpg,,leaves,,,ambiguous,plant_unknown,unresolved|folder_keyword
Original Image/Leaf Holes/Leaf_Hole (296).jpg,,leaves,,,ambiguous,plant_unknown,unresolved|folder_keyword
Original Image/Leaf Holes/Leaf_Hole (297).jpg,,leaves,,,ambiguous,plant_unknown,unresolved|folder_keyword
Original Image/Leaf Holes/Leaf_Hole (298).jpg,,leaves,,,ambiguous,plant_unknown,unresolved|folder_keyword
Original Image/Leaf Holes/Leaf_Hole (299).jpg,,leaves,,,ambiguous,plant_unknown,unresolved|folder_keyword
Original Image/Leaf Holes/Leaf_Hole (3).jpg,,leaves,,,ambiguous,plant_unknown,unresolved|folder_keyword
Original Image/Leaf Holes/Leaf_Hole (30).jpg,,leaves,,,ambiguous,plant_unknown,unresolved|folder_keyword
Original Image/Leaf Holes/Leaf_Hole (300).jpg,,leaves,,,ambiguous,plant_unknown,unresolved|folder_keyword
Original Image/Leaf Holes/Leaf_Hole (301).jpg,,leaves,,,ambiguous,plant_unknown,unresolved|folder_keyword
Original Image/Leaf Holes/Leaf_Hole (302).jpg,,leaves,,,ambiguous,plant_unknown,unresolved|folder_keyword
Original Image/Leaf Holes/Leaf_Hole (303).jpg,,leaves,,,ambiguous,plant_unknown,unresolved|folder_keyword
Original Image/Leaf Holes/Leaf_Hole (304).jpg,,leaves,,,ambiguous,plant_unknown,unresolved|folder_keyword
Original Image/Leaf Holes/Leaf_Hole (305).jpg,,leaves,,,ambiguous,plant_unknown,unresolved|folder_keyword
Original Image/Leaf Holes/Leaf_Hole (306).jpg,,leaves,,,ambiguous,plant_unknown,unresolved|folder_keyword
Original Image/Leaf Holes/Leaf_Hole (307).jpg,,leaves,,,ambiguous,plant_unknown,unresolved|folder_keyword
Original Image/Leaf Holes/Leaf_Hole (308).jpg,,leaves,,,ambiguous,plant_unknown,unresolved|folder_keyword
Original Image/Leaf Holes/Leaf_Hole (309).jpg,,leaves,,,ambiguous,plant_unknown,unresolved|folder_keyword
Original Image/Leaf Holes/Leaf_Hole (31).jpg,,leaves,,,ambiguous,plant_unknown,unresolved|folder_keyword
Original Image/Leaf Holes/Leaf_Hole (310).jpg,,leaves,,,ambiguous,plant_unknown,unresolved|folder_keyword
Original Image/Leaf Holes/Leaf_Hole (311).jpg,,leaves,,,ambiguous,plant_unknown,unresolved|folder_keyword
Original Image/Leaf Holes/Leaf_Hole (312).jpg,,leaves,,,ambiguous,plant_unknown,unresolved|folder_keyword
Original Image/Leaf Holes/Leaf_Hole (313).jpg,,leaves,,,ambiguous,plant_unknown,unresolved|folder_keyword
Original Image/Leaf Holes/Leaf_Hole (314).jpg,,leaves,,,ambiguous,plant_unknown,unresolved|folder_keyword
Original Image/Leaf Holes/Leaf_Hole (315).jpg,,leaves,,,ambiguous,plant_unknown,unresolved|folder_keyword
Original Image/Leaf Holes/Leaf_Hole (316).jpg,,leaves,,,ambiguous,plant_unknown,unresolved|folder_keyword
Original Image/Leaf Holes/Leaf_Hole (317).jpg,,leaves,,,ambiguous,plant_unknown,unresolved|folder_keyword
Original Image/Leaf Holes/Leaf_Hole (318).jpg,,leaves,,,ambiguous,plant_unknown,unresolved|folder_keyword
Original Image/Leaf Holes/Leaf_Hole (319).jpg,,leaves,,,ambiguous,plant_unknown,unresolved|folder_keyword
Original Image/Leaf Holes/Leaf_Hole (32).jpg,,leaves,,,ambiguous,plant_unknown,unresolved|folder_keyword
Original Image/Leaf Holes/Leaf_Hole (320).jpg,,leaves,,,ambiguous,plant_unknown,unresolved|folder_keyword
Original Image/Leaf Holes/Leaf_Hole (321).jpg,,leaves,,,ambiguous,plant_unknown,unresolved|folder_keyword
Original Image/Leaf Holes/Leaf_Hole (322).jpg,,leaves,,,ambiguous,plant_unknown,unresolved|folder_keyword
Original Image/Leaf Holes/Leaf_Hole (323).jpg,,leaves,,,ambiguous,plant_unknown,unresolved|folder_keyword
Original Image/Leaf Holes/Leaf_Hole (324).jpg,,leaves,,,ambiguous,plant_unknown,unresolved|folder_keyword
Original Image/Leaf Holes/Leaf_Hole (325).jpg,,leaves,,,ambiguous,plant_unknown,unresolved|folder_keyword
Original Image/Leaf Holes/Leaf_Hole (326).jpg,,leaves,,,ambiguous,plant_unknown,unresolved|folder_keyword
Original Image/Leaf Holes/Leaf_Hole (327).jpg,,leaves,,,ambiguous,plant_unknown,unresolved|folder_keyword
Original Image/Leaf Holes/Leaf_Hole (328).jpg,,leaves,,,ambiguous,plant_unknown,unresolved|folder_keyword
Original Image/Leaf Holes/Leaf_Hole (329).jpg,,leaves,,,ambiguous,plant_unknown,unresolved|folder_keyword
Original Image/Leaf Holes/Leaf_Hole (33).jpg,,leaves,,,ambiguous,plant_unknown,unresolved|folder_keyword
Original Image/Leaf Holes/Leaf_Hole (330).jpg,,leaves,,,ambiguous,plant_unknown,unresolved|folder_keyword
Original Image/Leaf Holes/Leaf_Hole (331).jpg,,leaves,,,ambiguous,plant_unknown,unresolved|folder_keyword
Original Image/Leaf Holes/Leaf_Hole (332).jpg,,leaves,,,ambiguous,plant_unknown,unresolved|folder_keyword
Original Image/Leaf Holes/Leaf_Hole (333).jpg,,leaves,,,ambiguous,plant_unknown,unresolved|folder_keyword
Original Image/Leaf Holes/Leaf_Hole (334).jpg,,leaves,,,ambiguous,plant_unknown,unresolved|folder_keyword
Original Image/Leaf Holes/Leaf_Hole (335).jpg,,leaves,,,ambiguous,plant_unknown,unresolved|folder_keyword
Original Image/Leaf Holes/Leaf_Hole (336).jpg,,leaves,,,ambiguous,plant_unknown,unresolved|folder_keyword
Original Image/Leaf Holes/Leaf_Hole (337).jpg,,leaves,,,ambiguous,plant_unknown,unresolved|folder_keyword
Original Image/Leaf Holes/Leaf_Hole (338).jpg,,leaves,,,ambiguous,plant_unknown,unresolved|folder_keyword
Original Image/Leaf Holes/Leaf_Hole (339).jpg,,leaves,,,ambiguous,plant_unknown,unresolved|folder_keyword
Original Image/Leaf Holes/Leaf_Hole (34).jpg,,leaves,,,ambiguous,plant_unknown,unresolved|folder_keyword
Original Image/Leaf Holes/Leaf_Hole (340).jpg,,leaves,,,ambiguous,plant_unknown,unresolved|folder_keyword
Original Image/Leaf Holes/Leaf_Hole (341).jpg,,leaves,,,ambiguous,plant_unknown,unresolved|folder_keyword
Original Image/Leaf Holes/Leaf_Hole (342).jpg,,leaves,,,ambiguous,plant_unknown,unresolved|folder_keyword
Original Image/Leaf Holes/Leaf_Hole (343).jpg,,leaves,,,ambiguous,plant_unknown,unresolved|folder_keyword
Original Image/Leaf Holes/Leaf_Hole (344).jpg,,leaves,,,ambiguous,plant_unknown,unresolved|folder_keyword
Original Image/Leaf Holes/Leaf_Hole (345).jpg,,leaves,,,ambiguous,plant_unknown,unresolved|folder_keyword
Original Image/Leaf Holes/Leaf_Hole (346).jpg,,leaves,,,ambiguous,plant_unknown,unresolved|folder_keyword
Original Image/Leaf Holes/Leaf_Hole (347).jpg,,leaves,,,ambiguous,plant_unknown,unresolved|folder_keyword
Original Image/Leaf Holes/Leaf_Hole (348).jpg,,leaves,,,ambiguous,plant_unknown,unresolved|folder_keyword
Original Image/Leaf Holes/Leaf_Hole (349).jpg,,leaves,,,ambiguous,plant_unknown,unresolved|folder_keyword
Original Image/Leaf Holes/Leaf_Hole (35).jpg,,leaves,,,ambiguous,plant_unknown,unresolved|folder_keyword
Original Image/Leaf Holes/Leaf_Hole (350).jpg,,leaves,,,ambiguous,plant_unknown,unresolved|folder_keyword
Original Image/Leaf Holes/Leaf_Hole (351).jpg,,leaves,,,ambiguous,plant_unknown,unresolved|folder_keyword
Original Image/Leaf Holes/Leaf_Hole (352).jpg,,leaves,,,ambiguous,plant_unknown,unresolved|folder_keyword
Original Image/Leaf Holes/Leaf_Hole (353).jpg,,leaves,,,ambiguous,plant_unknown,unresolved|folder_keyword
Original Image/Leaf Holes/Leaf_Hole (354).jpg,,leaves,,,ambiguous,plant_unknown,unresolved|folder_keyword
Original Image/Leaf Holes/Leaf_Hole (355).jpg,,leaves,,,ambiguous,plant_unknown,unresolved|folder_keyword
Original Image/Leaf Holes/Leaf_Hole (356).jpg,,leaves,,,ambiguous,plant_unknown,unresolved|folder_keyword
Original Image/Leaf Holes/Leaf_Hole (357).jpg,,leaves,,,ambiguous,plant_unknown,unresolved|folder_keyword
Original Image/Leaf Holes/Leaf_Hole (358).jpg,,leaves,,,ambiguous,plant_unknown,unresolved|folder_keyword
Original Image/Leaf Holes/Leaf_Hole (359).jpg,,leaves,,,ambiguous,plant_unknown,unresolved|folder_keyword
Original Image/Leaf Holes/Leaf_Hole (36).jpg,,leaves,,,ambiguous,plant_unknown,unresolved|folder_keyword
Original Image/Leaf Holes/Leaf_Hole (360).jpg,,leaves,,,ambiguous,plant_unknown,unresolved|folder_keyword
Original Image/Leaf Holes/Leaf_Hole (361).jpg,,leaves,,,ambiguous,plant_unknown,unresolved|folder_keyword
Original Image/Leaf Holes/Leaf_Hole (362).jpg,,leaves,,,ambiguous,plant_unknown,unresolved|folder_keyword
Original Image/Leaf Holes/Leaf_Hole (363).jpg,,leaves,,,ambiguous,plant_unknown,unresolved|folder_keyword
Original Image/Leaf Holes/Leaf_Hole (364).jpg,,leaves,,,ambiguous,plant_unknown,unresolved|folder_keyword
Original Image/Leaf Holes/Leaf_Hole (365).jpg,,leaves,,,ambiguous,plant_unknown,unresolved|folder_keyword
Original Image/Leaf Holes/Leaf_Hole (366).jpg,,leaves,,,ambiguous,plant_unknown,unresolved|folder_keyword
Original Image/Leaf Holes/Leaf_Hole (367).jpg,,leaves,,,ambiguous,plant_unknown,unresolved|folder_keyword
Original Image/Leaf Holes/Leaf_Hole (368).jpg,,leaves,,,ambiguous,plant_unknown,unresolved|folder_keyword
Original Image/Leaf Holes/Leaf_Hole (369).jpg,,leaves,,,ambiguous,plant_unknown,unresolved|folder_keyword
Original Image/Leaf Holes/Leaf_Hole (37).jpg,,leaves,,,ambiguous,plant_unknown,unresolved|folder_keyword
Original Image/Leaf Holes/Leaf_Hole (370).jpg,,leaves,,,ambiguous,plant_unknown,unresolved|folder_keyword
Original Image/Leaf Holes/Leaf_Hole (371).jpg,,leaves,,,ambiguous,plant_unknown,unresolved|folder_keyword
Original Image/Leaf Holes/Leaf_Hole (372).jpg,,leaves,,,ambiguous,plant_unknown,unresolved|folder_keyword
Original Image/Leaf Holes/Leaf_Hole (373).jpg,,leaves,,,ambiguous,plant_unknown,unresolved|folder_keyword
Original Image/Leaf Holes/Leaf_Hole (374).jpg,,leaves,,,ambiguous,plant_unknown,unresolved|folder_keyword
Original Image/Leaf Holes/Leaf_Hole (375).jpg,,leaves,,,ambiguous,plant_unknown,unresolved|folder_keyword
Original Image/Leaf Holes/Leaf_Hole (376).jpg,,leaves,,,ambiguous,plant_unknown,unresolved|folder_keyword
Original Image/Leaf Holes/Leaf_Hole (377).jpg,,leaves,,,ambiguous,plant_unknown,unresolved|folder_keyword
Original Image/Leaf Holes/Leaf_Hole (378).jpg,,leaves,,,ambiguous,plant_unknown,unresolved|folder_keyword
Original Image/Leaf Holes/Leaf_Hole (379).jpg,,leaves,,,ambiguous,plant_unknown,unresolved|folder_keyword
Original Image/Leaf Holes/Leaf_Hole (38).jpg,,leaves,,,ambiguous,plant_unknown,unresolved|folder_keyword
Original Image/Leaf Holes/Leaf_Hole (380).jpg,,leaves,,,ambiguous,plant_unknown,unresolved|folder_keyword
Original Image/Leaf Holes/Leaf_Hole (381).jpg,,leaves,,,ambiguous,plant_unknown,unresolved|folder_keyword
Original Image/Leaf Holes/Leaf_Hole (382).jpg,,leaves,,,ambiguous,plant_unknown,unresolved|folder_keyword
Original Image/Leaf Holes/Leaf_Hole (383).jpg,,leaves,,,ambiguous,plant_unknown,unresolved|folder_keyword
Original Image/Leaf Holes/Leaf_Hole (384).jpg,,leaves,,,ambiguous,plant_unknown,unresolved|folder_keyword
Original Image/Leaf Holes/Leaf_Hole (385).jpg,,leaves,,,ambiguous,plant_unknown,unresolved|folder_keyword
Original Image/Leaf Holes/Leaf_Hole (386).jpg,,leaves,,,ambiguous,plant_unknown,unresolved|folder_keyword
Original Image/Leaf Holes/Leaf_Hole (387).jpg,,leaves,,,ambiguous,plant_unknown,unresolved|folder_keyword
Original Image/Leaf Holes/Leaf_Hole (388).jpg,,leaves,,,ambiguous,plant_unknown,unresolved|folder_keyword
Original Image/Leaf Holes/Leaf_Hole (389).jpg,,leaves,,,ambiguous,plant_unknown,unresolved|folder_keyword
Original Image/Leaf Holes/Leaf_Hole (39).jpg,,leaves,,,ambiguous,plant_unknown,unresolved|folder_keyword
Original Image/Leaf Holes/Leaf_Hole (390).jpg,,leaves,,,ambiguous,plant_unknown,unresolved|folder_keyword
Original Image/Leaf Holes/Leaf_Hole (391).jpg,,leaves,,,ambiguous,plant_unknown,unresolved|folder_keyword
Original Image/Leaf Holes/Leaf_Hole (392).jpg,,leaves,,,ambiguous,plant_unknown,unresolved|folder_keyword
Original Image/Leaf Holes/Leaf_Hole (393).jpg,,leaves,,,ambiguous,plant_unknown,unresolved|folder_keyword
Original Image/Leaf Holes/Leaf_Hole (394).jpg,,leaves,,,ambiguous,plant_unknown,unresolved|folder_keyword
Original Image/Leaf Holes/Leaf_Hole (395).jpg,,leaves,,,ambiguous,plant_unknown,unresolved|folder_keyword
Original Image/Leaf Holes/Leaf_Hole (396).jpg,,leaves,,,ambiguous,plant_unknown,unresolved|folder_keyword
Original Image/Leaf Holes/Leaf_Hole (397).jpg,,leaves,,,ambiguous,plant_unknown,unresolved|folder_keyword
Original Image/Leaf Holes/Leaf_Hole (398).jpg,,leaves,,,ambiguous,plant_unknown,unresolved|folder_keyword
Original Image/Leaf Holes/Leaf_Hole (399).jpg,,leaves,,,ambiguous,plant_unknown,unresolved|folder_keyword
Original Image/Leaf Holes/Leaf_Hole (4).jpg,,leaves,,,ambiguous,plant_unknown,unresolved|folder_keyword
Original Image/Leaf Holes/Leaf_Hole (40).jpg,,leaves,,,ambiguous,plant_unknown,unresolved|folder_keyword
Original Image/Leaf Holes/Leaf_Hole (400).jpg,,leaves,,,ambiguous,plant_unknown,unresolved|folder_keyword
Original Image/Leaf Holes/Leaf_Hole (401).jpg,,leaves,,,ambiguous,plant_unknown,unresolved|folder_keyword
Original Image/Leaf Holes/Leaf_Hole (402).jpg,,leaves,,,ambiguous,plant_unknown,unresolved|folder_keyword
Original Image/Leaf Holes/Leaf_Hole (403).jpg,,leaves,,,ambiguous,plant_unknown,unresolved|folder_keyword
Original Image/Leaf Holes/Leaf_Hole (404).jpg,,leaves,,,ambiguous,plant_unknown,unresolved|folder_keyword
Original Image/Leaf Holes/Leaf_Hole (405).jpg,,leaves,,,ambiguous,plant_unknown,unresolved|folder_keyword
Original Image/Leaf Holes/Leaf_Hole (406).jpg,,leaves,,,ambiguous,plant_unknown,unresolved|folder_keyword
Original Image/Leaf Holes/Leaf_Hole (407).jpg,,leaves,,,ambiguous,plant_unknown,unresolved|folder_keyword
Original Image/Leaf Holes/Leaf_Hole (408).jpg,,leaves,,,ambiguous,plant_unknown,unresolved|folder_keyword
Original Image/Leaf Holes/Leaf_Hole (409).jpg,,leaves,,,ambiguous,plant_unknown,unresolved|folder_keyword
Original Image/Leaf Holes/Leaf_Hole (41).jpg,,leaves,,,ambiguous,plant_unknown,unresolved|folder_keyword
Original Image/Leaf Holes/Leaf_Hole (410).jpg,,leaves,,,ambiguous,plant_unknown,unresolved|folder_keyword
Original Image/Leaf Holes/Leaf_Hole (411).jpg,,leaves,,,ambiguous,plant_unknown,unresolved|folder_keyword
Original Image/Leaf Holes/Leaf_Hole (412).jpg,,leaves,,,ambiguous,plant_unknown,unresolved|folder_keyword
Original Image/Leaf Holes/Leaf_Hole (413).jpg,,leaves,,,ambiguous,plant_unknown,unresolved|folder_keyword
Original Image/Leaf Holes/Leaf_Hole (414).jpg,,leaves,,,ambiguous,plant_unknown,unresolved|folder_keyword
Original Image/Leaf Holes/Leaf_Hole (415).jpg,,leaves,,,ambiguous,plant_unknown,unresolved|folder_keyword
Original Image/Leaf Holes/Leaf_Hole (416).jpg,,leaves,,,ambiguous,plant_unknown,unresolved|folder_keyword
Original Image/Leaf Holes/Leaf_Hole (417).jpg,,leaves,,,ambiguous,plant_unknown,unresolved|folder_keyword
Original Image/Leaf Holes/Leaf_Hole (418).jpg,,leaves,,,ambiguous,plant_unknown,unresolved|folder_keyword
Original Image/Leaf Holes/Leaf_Hole (419).jpg,,leaves,,,ambiguous,plant_unknown,unresolved|folder_keyword
Original Image/Leaf Holes/Leaf_Hole (42).jpg,,leaves,,,ambiguous,plant_unknown,unresolved|folder_keyword
Original Image/Leaf Holes/Leaf_Hole (420).jpg,,leaves,,,ambiguous,plant_unknown,unresolved|folder_keyword
Original Image/Leaf Holes/Leaf_Hole (421).jpg,,leaves,,,ambiguous,plant_unknown,unresolved|folder_keyword
Original Image/Leaf Holes/Leaf_Hole (422).jpg,,leaves,,,ambiguous,plant_unknown,unresolved|folder_keyword
Original Image/Leaf Holes/Leaf_Hole (423).jpg,,leaves,,,ambiguous,plant_unknown,unresolved|folder_keyword
Original Image/Leaf Holes/Leaf_Hole (424).jpg,,leaves,,,ambiguous,plant_unknown,unresolved|folder_keyword
Original Image/Leaf Holes/Leaf_Hole (425).jpg,,leaves,,,ambiguous,plant_unknown,unresolved|folder_keyword
Original Image/Leaf Holes/Leaf_Hole (426).jpg,,leaves,,,ambiguous,plant_unknown,unresolved|folder_keyword
Original Image/Leaf Holes/Leaf_Hole (427).jpg,,leaves,,,ambiguous,plant_unknown,unresolved|folder_keyword
Original Image/Leaf Holes/Leaf_Hole (428).jpg,,leaves,,,ambiguous,plant_unknown,unresolved|folder_keyword
Original Image/Leaf Holes/Leaf_Hole (429).jpg,,leaves,,,ambiguous,plant_unknown,unresolved|folder_keyword
Original Image/Leaf Holes/Leaf_Hole (43).jpg,,leaves,,,ambiguous,plant_unknown,unresolved|folder_keyword
Original Image/Leaf Holes/Leaf_Hole (430).jpg,,leaves,,,ambiguous,plant_unknown,unresolved|folder_keyword
Original Image/Leaf Holes/Leaf_Hole (431).jpg,,leaves,,,ambiguous,plant_unknown,unresolved|folder_keyword
Original Image/Leaf Holes/Leaf_Hole (432).jpg,,leaves,,,ambiguous,plant_unknown,unresolved|folder_keyword
Original Image/Leaf Holes/Leaf_Hole (433).jpg,,leaves,,,ambiguous,plant_unknown,unresolved|folder_keyword
Original Image/Leaf Holes/Leaf_Hole (434).jpg,,leaves,,,ambiguous,plant_unknown,unresolved|folder_keyword
Original Image/Leaf Holes/Leaf_Hole (435).jpg,,leaves,,,ambiguous,plant_unknown,unresolved|folder_keyword
Original Image/Leaf Holes/Leaf_Hole (436).jpg,,leaves,,,ambiguous,plant_unknown,unresolved|folder_keyword
Original Image/Leaf Holes/Leaf_Hole (437).jpg,,leaves,,,ambiguous,plant_unknown,unresolved|folder_keyword
Original Image/Leaf Holes/Leaf_Hole (438).jpg,,leaves,,,ambiguous,plant_unknown,unresolved|folder_keyword
Original Image/Leaf Holes/Leaf_Hole (439).jpg,,leaves,,,ambiguous,plant_unknown,unresolved|folder_keyword
Original Image/Leaf Holes/Leaf_Hole (44).jpg,,leaves,,,ambiguous,plant_unknown,unresolved|folder_keyword
Original Image/Leaf Holes/Leaf_Hole (440).jpg,,leaves,,,ambiguous,plant_unknown,unresolved|folder_keyword
Original Image/Leaf Holes/Leaf_Hole (441).jpg,,leaves,,,ambiguous,plant_unknown,unresolved|folder_keyword
Original Image/Leaf Holes/Leaf_Hole (442).jpg,,leaves,,,ambiguous,plant_unknown,unresolved|folder_keyword
Original Image/Leaf Holes/Leaf_Hole (443).jpg,,leaves,,,ambiguous,plant_unknown,unresolved|folder_keyword
Original Image/Leaf Holes/Leaf_Hole (444).jpg,,leaves,,,ambiguous,plant_unknown,unresolved|folder_keyword
Original Image/Leaf Holes/Leaf_Hole (445).jpg,,leaves,,,ambiguous,plant_unknown,unresolved|folder_keyword
Original Image/Leaf Holes/Leaf_Hole (446).jpg,,leaves,,,ambiguous,plant_unknown,unresolved|folder_keyword
Original Image/Leaf Holes/Leaf_Hole (447).jpg,,leaves,,,ambiguous,plant_unknown,unresolved|folder_keyword
Original Image/Leaf Holes/Leaf_Hole (448).jpg,,leaves,,,ambiguous,plant_unknown,unresolved|folder_keyword
Original Image/Leaf Holes/Leaf_Hole (449).jpg,,leaves,,,ambiguous,plant_unknown,unresolved|folder_keyword
Original Image/Leaf Holes/Leaf_Hole (45).jpg,,leaves,,,ambiguous,plant_unknown,unresolved|folder_keyword
Original Image/Leaf Holes/Leaf_Hole (450).jpg,,leaves,,,ambiguous,plant_unknown,unresolved|folder_keyword
Original Image/Leaf Holes/Leaf_Hole (451).jpg,,leaves,,,ambiguous,plant_unknown,unresolved|folder_keyword
Original Image/Leaf Holes/Leaf_Hole (452).jpg,,leaves,,,ambiguous,plant_unknown,unresolved|folder_keyword
Original Image/Leaf Holes/Leaf_Hole (453).jpg,,leaves,,,ambiguous,plant_unknown,unresolved|folder_keyword
Original Image/Leaf Holes/Leaf_Hole (454).jpg,,leaves,,,ambiguous,plant_unknown,unresolved|folder_keyword
Original Image/Leaf Holes/Leaf_Hole (455).jpg,,leaves,,,ambiguous,plant_unknown,unresolved|folder_keyword
Original Image/Leaf Holes/Leaf_Hole (456).jpg,,leaves,,,ambiguous,plant_unknown,unresolved|folder_keyword
Original Image/Leaf Holes/Leaf_Hole (457).jpg,,leaves,,,ambiguous,plant_unknown,unresolved|folder_keyword
Original Image/Leaf Holes/Leaf_Hole (458).jpg,,leaves,,,ambiguous,plant_unknown,unresolved|folder_keyword
Original Image/Leaf Holes/Leaf_Hole (459).jpg,,leaves,,,ambiguous,plant_unknown,unresolved|folder_keyword
Original Image/Leaf Holes/Leaf_Hole (46).jpg,,leaves,,,ambiguous,plant_unknown,unresolved|folder_keyword
Original Image/Leaf Holes/Leaf_Hole (460).jpg,,leaves,,,ambiguous,plant_unknown,unresolved|folder_keyword
Original Image/Leaf Holes/Leaf_Hole (461).jpg,,leaves,,,ambiguous,plant_unknown,unresolved|folder_keyword
Original Image/Leaf Holes/Leaf_Hole (462).jpg,,leaves,,,ambiguous,plant_unknown,unresolved|folder_keyword
Original Image/Leaf Holes/Leaf_Hole (463).jpg,,leaves,,,ambiguous,plant_unknown,unresolved|folder_keyword
Original Image/Leaf Holes/Leaf_Hole (464).jpg,,leaves,,,ambiguous,plant_unknown,unresolved|folder_keyword
Original Image/Leaf Holes/Leaf_Hole (465).jpg,,leaves,,,ambiguous,plant_unknown,unresolved|folder_keyword
Original Image/Leaf Holes/Leaf_Hole (466).jpg,,leaves,,,ambiguous,plant_unknown,unresolved|folder_keyword
Original Image/Leaf Holes/Leaf_Hole (467).jpg,,leaves,,,ambiguous,plant_unknown,unresolved|folder_keyword
Original Image/Leaf Holes/Leaf_Hole (468).jpg,,leaves,,,ambiguous,plant_unknown,unresolved|folder_keyword
Original Image/Leaf Holes/Leaf_Hole (469).jpg,,leaves,,,ambiguous,plant_unknown,unresolved|folder_keyword
Original Image/Leaf Holes/Leaf_Hole (47).jpg,,leaves,,,ambiguous,plant_unknown,unresolved|folder_keyword
Original Image/Leaf Holes/Leaf_Hole (470).jpg,,leaves,,,ambiguous,plant_unknown,unresolved|folder_keyword
Original Image/Leaf Holes/Leaf_Hole (471).jpg,,leaves,,,ambiguous,plant_unknown,unresolved|folder_keyword
Original Image/Leaf Holes/Leaf_Hole (472).jpg,,leaves,,,ambiguous,plant_unknown,unresolved|folder_keyword
Original Image/Leaf Holes/Leaf_Hole (473).jpg,,leaves,,,ambiguous,plant_unknown,unresolved|folder_keyword
Original Image/Leaf Holes/Leaf_Hole (474).jpg,,leaves,,,ambiguous,plant_unknown,unresolved|folder_keyword
Original Image/Leaf Holes/Leaf_Hole (475).jpg,,leaves,,,ambiguous,plant_unknown,unresolved|folder_keyword
Original Image/Leaf Holes/Leaf_Hole (476).jpg,,leaves,,,ambiguous,plant_unknown,unresolved|folder_keyword
Original Image/Leaf Holes/Leaf_Hole (477).jpg,,leaves,,,ambiguous,plant_unknown,unresolved|folder_keyword
Original Image/Leaf Holes/Leaf_Hole (478).jpg,,leaves,,,ambiguous,plant_unknown,unresolved|folder_keyword
Original Image/Leaf Holes/Leaf_Hole (479).jpg,,leaves,,,ambiguous,plant_unknown,unresolved|folder_keyword
Original Image/Leaf Holes/Leaf_Hole (48).jpg,,leaves,,,ambiguous,plant_unknown,unresolved|folder_keyword
Original Image/Leaf Holes/Leaf_Hole (480).jpg,,leaves,,,ambiguous,plant_unknown,unresolved|folder_keyword
Original Image/Leaf Holes/Leaf_Hole (481).jpg,,leaves,,,ambiguous,plant_unknown,unresolved|folder_keyword
Original Image/Leaf Holes/Leaf_Hole (482).jpg,,leaves,,,ambiguous,plant_unknown,unresolved|folder_keyword
Original Image/Leaf Holes/Leaf_Hole (483).jpg,,leaves,,,ambiguous,plant_unknown,unresolved|folder_keyword
Original Image/Leaf Holes/Leaf_Hole (484).jpg,,leaves,,,ambiguous,plant_unknown,unresolved|folder_keyword
Original Image/Leaf Holes/Leaf_Hole (485).jpg,,leaves,,,ambiguous,plant_unknown,unresolved|folder_keyword
Original Image/Leaf Holes/Leaf_Hole (486).jpg,,leaves,,,ambiguous,plant_unknown,unresolved|folder_keyword
Original Image/Leaf Holes/Leaf_Hole (487).jpg,,leaves,,,ambiguous,plant_unknown,unresolved|folder_keyword
Original Image/Leaf Holes/Leaf_Hole (488).jpg,,leaves,,,ambiguous,plant_unknown,unresolved|folder_keyword
Original Image/Leaf Holes/Leaf_Hole (489).jpg,,leaves,,,ambiguous,plant_unknown,unresolved|folder_keyword
Original Image/Leaf Holes/Leaf_Hole (49).jpg,,leaves,,,ambiguous,plant_unknown,unresolved|folder_keyword
Original Image/Leaf Holes/Leaf_Hole (490).jpg,,leaves,,,ambiguous,plant_unknown,unresolved|folder_keyword
Original Image/Leaf Holes/Leaf_Hole (491).jpg,,leaves,,,ambiguous,plant_unknown,unresolved|folder_keyword
Original Image/Leaf Holes/Leaf_Hole (492).jpg,,leaves,,,ambiguous,plant_unknown,unresolved|folder_keyword
Original Image/Leaf Holes/Leaf_Hole (493).jpg,,leaves,,,ambiguous,plant_unknown,unresolved|folder_keyword
Original Image/Leaf Holes/Leaf_Hole (494).jpg,,leaves,,,ambiguous,plant_unknown,unresolved|folder_keyword
Original Image/Leaf Holes/Leaf_Hole (495).jpg,,leaves,,,ambiguous,plant_unknown,unresolved|folder_keyword
Original Image/Leaf Holes/Leaf_Hole (496).jpg,,leaves,,,ambiguous,plant_unknown,unresolved|folder_keyword
Original Image/Leaf Holes/Leaf_Hole (497).jpg,,leaves,,,ambiguous,plant_unknown,unresolved|folder_keyword
Original Image/Leaf Holes/Leaf_Hole (498).jpg,,leaves,,,ambiguous,plant_unknown,unresolved|folder_keyword
Original Image/Leaf Holes/Leaf_Hole (499).jpg,,leaves,,,ambiguous,plant_unknown,unresolved|folder_keyword
Original Image/Leaf Holes/Leaf_Hole (5).jpg,,leaves,,,ambiguous,plant_unknown,unresolved|folder_keyword
Original Image/Leaf Holes/Leaf_Hole (50).jpg,,leaves,,,ambiguous,plant_unknown,unresolved|folder_keyword
Original Image/Leaf Holes/Leaf_Hole (500).jpg,,leaves,,,ambiguous,plant_unknown,unresolved|folder_keyword
Original Image/Leaf Holes/Leaf_Hole (501).jpg,,leaves,,,ambiguous,plant_unknown,unresolved|folder_keyword
Original Image/Leaf Holes/Leaf_Hole (502).jpg,,leaves,,,ambiguous,plant_unknown,unresolved|folder_keyword
Original Image/Leaf Holes/Leaf_Hole (503).jpg,,leaves,,,ambiguous,plant_unknown,unresolved|folder_keyword
Original Image/Leaf Holes/Leaf_Hole (504).jpg,,leaves,,,ambiguous,plant_unknown,unresolved|folder_keyword
Original Image/Leaf Holes/Leaf_Hole (505).jpg,,leaves,,,ambiguous,plant_unknown,unresolved|folder_keyword
Original Image/Leaf Holes/Leaf_Hole (506).jpg,,leaves,,,ambiguous,plant_unknown,unresolved|folder_keyword
Original Image/Leaf Holes/Leaf_Hole (507).jpg,,leaves,,,ambiguous,plant_unknown,unresolved|folder_keyword
Original Image/Leaf Holes/Leaf_Hole (508).jpg,,leaves,,,ambiguous,plant_unknown,unresolved|folder_keyword
Original Image/Leaf Holes/Leaf_Hole (509).jpg,,leaves,,,ambiguous,plant_unknown,unresolved|folder_keyword
Original Image/Leaf Holes/Leaf_Hole (51).jpg,,leaves,,,ambiguous,plant_unknown,unresolved|folder_keyword
Original Image/Leaf Holes/Leaf_Hole (510).jpg,,leaves,,,ambiguous,plant_unknown,unresolved|folder_keyword
Original Image/Leaf Holes/Leaf_Hole (511).jpg,,leaves,,,ambiguous,plant_unknown,unresolved|folder_keyword
Original Image/Leaf Holes/Leaf_Hole (512).jpg,,leaves,,,ambiguous,plant_unknown,unresolved|folder_keyword
Original Image/Leaf Holes/Leaf_Hole (513).jpg,,leaves,,,ambiguous,plant_unknown,unresolved|folder_keyword
Original Image/Leaf Holes/Leaf_Hole (514).jpg,,leaves,,,ambiguous,plant_unknown,unresolved|folder_keyword
Original Image/Leaf Holes/Leaf_Hole (515).jpg,,leaves,,,ambiguous,plant_unknown,unresolved|folder_keyword
Original Image/Leaf Holes/Leaf_Hole (516).jpg,,leaves,,,ambiguous,plant_unknown,unresolved|folder_keyword
Original Image/Leaf Holes/Leaf_Hole (517).jpg,,leaves,,,ambiguous,plant_unknown,unresolved|folder_keyword
Original Image/Leaf Holes/Leaf_Hole (518).jpg,,leaves,,,ambiguous,plant_unknown,unresolved|folder_keyword
Original Image/Leaf Holes/Leaf_Hole (519).jpg,,leaves,,,ambiguous,plant_unknown,unresolved|folder_keyword
Original Image/Leaf Holes/Leaf_Hole (52).jpg,,leaves,,,ambiguous,plant_unknown,unresolved|folder_keyword
Original Image/Leaf Holes/Leaf_Hole (520).jpg,,leaves,,,ambiguous,plant_unknown,unresolved|folder_keyword
Original Image/Leaf Holes/Leaf_Hole (521).jpg,,leaves,,,ambiguous,plant_unknown,unresolved|folder_keyword
Original Image/Leaf Holes/Leaf_Hole (522).jpg,,leaves,,,ambiguous,plant_unknown,unresolved|folder_keyword
Original Image/Leaf Holes/Leaf_Hole (523).jpg,,leaves,,,ambiguous,plant_unknown,unresolved|folder_keyword
Original Image/Leaf Holes/Leaf_Hole (524).jpg,,leaves,,,ambiguous,plant_unknown,unresolved|folder_keyword
Original Image/Leaf Holes/Leaf_Hole (525).jpg,,leaves,,,ambiguous,plant_unknown,unresolved|folder_keyword
Original Image/Leaf Holes/Leaf_Hole (526).jpg,,leaves,,,ambiguous,plant_unknown,unresolved|folder_keyword
Original Image/Leaf Holes/Leaf_Hole (527).jpg,,leaves,,,ambiguous,plant_unknown,unresolved|folder_keyword
Original Image/Leaf Holes/Leaf_Hole (528).jpg,,leaves,,,ambiguous,plant_unknown,unresolved|folder_keyword
Original Image/Leaf Holes/Leaf_Hole (529).jpg,,leaves,,,ambiguous,plant_unknown,unresolved|folder_keyword
Original Image/Leaf Holes/Leaf_Hole (53).jpg,,leaves,,,ambiguous,plant_unknown,unresolved|folder_keyword
Original Image/Leaf Holes/Leaf_Hole (530).jpg,,leaves,,,ambiguous,plant_unknown,unresolved|folder_keyword
Original Image/Leaf Holes/Leaf_Hole (531).jpg,,leaves,,,ambiguous,plant_unknown,unresolved|folder_keyword
Original Image/Leaf Holes/Leaf_Hole (532).jpg,,leaves,,,ambiguous,plant_unknown,unresolved|folder_keyword
Original Image/Leaf Holes/Leaf_Hole (533).jpg,,leaves,,,ambiguous,plant_unknown,unresolved|folder_keyword
Original Image/Leaf Holes/Leaf_Hole (534).jpg,,leaves,,,ambiguous,plant_unknown,unresolved|folder_keyword
Original Image/Leaf Holes/Leaf_Hole (535).jpg,,leaves,,,ambiguous,plant_unknown,unresolved|folder_keyword
Original Image/Leaf Holes/Leaf_Hole (536).jpg,,leaves,,,ambiguous,plant_unknown,unresolved|folder_keyword
Original Image/Leaf Holes/Leaf_Hole (537).jpg,,leaves,,,ambiguous,plant_unknown,unresolved|folder_keyword
Original Image/Leaf Holes/Leaf_Hole (538).jpg,,leaves,,,ambiguous,plant_unknown,unresolved|folder_keyword
Original Image/Leaf Holes/Leaf_Hole (539).jpg,,leaves,,,ambiguous,plant_unknown,unresolved|folder_keyword
Original Image/Leaf Holes/Leaf_Hole (54).jpg,,leaves,,,ambiguous,plant_unknown,unresolved|folder_keyword
Original Image/Leaf Holes/Leaf_Hole (540).jpg,,leaves,,,ambiguous,plant_unknown,unresolved|folder_keyword
Original Image/Leaf Holes/Leaf_Hole (541).jpg,,leaves,,,ambiguous,plant_unknown,unresolved|folder_keyword
Original Image/Leaf Holes/Leaf_Hole (542).jpg,,leaves,,,ambiguous,plant_unknown,unresolved|folder_keyword
Original Image/Leaf Holes/Leaf_Hole (543).jpg,,leaves,,,ambiguous,plant_unknown,unresolved|folder_keyword
Original Image/Leaf Holes/Leaf_Hole (544).jpg,,leaves,,,ambiguous,plant_unknown,unresolved|folder_keyword
Original Image/Leaf Holes/Leaf_Hole (545).jpg,,leaves,,,ambiguous,plant_unknown,unresolved|folder_keyword
Original Image/Leaf Holes/Leaf_Hole (546).jpg,,leaves,,,ambiguous,plant_unknown,unresolved|folder_keyword
Original Image/Leaf Holes/Leaf_Hole (547).jpg,,leaves,,,ambiguous,plant_unknown,unresolved|folder_keyword
Original Image/Leaf Holes/Leaf_Hole (548).jpg,,leaves,,,ambiguous,plant_unknown,unresolved|folder_keyword
Original Image/Leaf Holes/Leaf_Hole (549).jpg,,leaves,,,ambiguous,plant_unknown,unresolved|folder_keyword
Original Image/Leaf Holes/Leaf_Hole (55).jpg,,leaves,,,ambiguous,plant_unknown,unresolved|folder_keyword
Original Image/Leaf Holes/Leaf_Hole (550).jpg,,leaves,,,ambiguous,plant_unknown,unresolved|folder_keyword
Original Image/Leaf Holes/Leaf_Hole (551).jpg,,leaves,,,ambiguous,plant_unknown,unresolved|folder_keyword
Original Image/Leaf Holes/Leaf_Hole (552).jpg,,leaves,,,ambiguous,plant_unknown,unresolved|folder_keyword
Original Image/Leaf Holes/Leaf_Hole (553).jpg,,leaves,,,ambiguous,plant_unknown,unresolved|folder_keyword
Original Image/Leaf Holes/Leaf_Hole (554).jpg,,leaves,,,ambiguous,plant_unknown,unresolved|folder_keyword
Original Image/Leaf Holes/Leaf_Hole (555).jpg,,leaves,,,ambiguous,plant_unknown,unresolved|folder_keyword
Original Image/Leaf Holes/Leaf_Hole (556).jpg,,leaves,,,ambiguous,plant_unknown,unresolved|folder_keyword
Original Image/Leaf Holes/Leaf_Hole (557).jpg,,leaves,,,ambiguous,plant_unknown,unresolved|folder_keyword
Original Image/Leaf Holes/Leaf_Hole (558).jpg,,leaves,,,ambiguous,plant_unknown,unresolved|folder_keyword
Original Image/Leaf Holes/Leaf_Hole (559).jpg,,leaves,,,ambiguous,plant_unknown,unresolved|folder_keyword
Original Image/Leaf Holes/Leaf_Hole (56).jpg,,leaves,,,ambiguous,plant_unknown,unresolved|folder_keyword
Original Image/Leaf Holes/Leaf_Hole (560).jpg,,leaves,,,ambiguous,plant_unknown,unresolved|folder_keyword
Original Image/Leaf Holes/Leaf_Hole (561).jpg,,leaves,,,ambiguous,plant_unknown,unresolved|folder_keyword
Original Image/Leaf Holes/Leaf_Hole (562).jpg,,leaves,,,ambiguous,plant_unknown,unresolved|folder_keyword
Original Image/Leaf Holes/Leaf_Hole (563).jpg,,leaves,,,ambiguous,plant_unknown,unresolved|folder_keyword
Original Image/Leaf Holes/Leaf_Hole (564).jpg,,leaves,,,ambiguous,plant_unknown,unresolved|folder_keyword
Original Image/Leaf Holes/Leaf_Hole (565).jpg,,leaves,,,ambiguous,plant_unknown,unresolved|folder_keyword
Original Image/Leaf Holes/Leaf_Hole (566).jpg,,leaves,,,ambiguous,plant_unknown,unresolved|folder_keyword
Original Image/Leaf Holes/Leaf_Hole (567).jpg,,leaves,,,ambiguous,plant_unknown,unresolved|folder_keyword
Original Image/Leaf Holes/Leaf_Hole (568).jpg,,leaves,,,ambiguous,plant_unknown,unresolved|folder_keyword
Original Image/Leaf Holes/Leaf_Hole (569).jpg,,leaves,,,ambiguous,plant_unknown,unresolved|folder_keyword
Original Image/Leaf Holes/Leaf_Hole (57).jpg,,leaves,,,ambiguous,plant_unknown,unresolved|folder_keyword
Original Image/Leaf Holes/Leaf_Hole (570).jpg,,leaves,,,ambiguous,plant_unknown,unresolved|folder_keyword
Original Image/Leaf Holes/Leaf_Hole (571).jpg,,leaves,,,ambiguous,plant_unknown,unresolved|folder_keyword
Original Image/Leaf Holes/Leaf_Hole (572).jpg,,leaves,,,ambiguous,plant_unknown,unresolved|folder_keyword
Original Image/Leaf Holes/Leaf_Hole (573).jpg,,leaves,,,ambiguous,plant_unknown,unresolved|folder_keyword
Original Image/Leaf Holes/Leaf_Hole (574).jpg,,leaves,,,ambiguous,plant_unknown,unresolved|folder_keyword
Original Image/Leaf Holes/Leaf_Hole (575).jpg,,leaves,,,ambiguous,plant_unknown,unresolved|folder_keyword
Original Image/Leaf Holes/Leaf_Hole (576).jpg,,leaves,,,ambiguous,plant_unknown,unresolved|folder_keyword
Original Image/Leaf Holes/Leaf_Hole (577).jpg,,leaves,,,ambiguous,plant_unknown,unresolved|folder_keyword
Original Image/Leaf Holes/Leaf_Hole (578).jpg,,leaves,,,ambiguous,plant_unknown,unresolved|folder_keyword
Original Image/Leaf Holes/Leaf_Hole (579).jpg,,leaves,,,ambiguous,plant_unknown,unresolved|folder_keyword
Original Image/Leaf Holes/Leaf_Hole (58).jpg,,leaves,,,ambiguous,plant_unknown,unresolved|folder_keyword
Original Image/Leaf Holes/Leaf_Hole (580).jpg,,leaves,,,ambiguous,plant_unknown,unresolved|folder_keyword
Original Image/Leaf Holes/Leaf_Hole (581).jpg,,leaves,,,ambiguous,plant_unknown,unresolved|folder_keyword
Original Image/Leaf Holes/Leaf_Hole (582).jpg,,leaves,,,ambiguous,plant_unknown,unresolved|folder_keyword
Original Image/Leaf Holes/Leaf_Hole (583).jpg,,leaves,,,ambiguous,plant_unknown,unresolved|folder_keyword
Original Image/Leaf Holes/Leaf_Hole (584).jpg,,leaves,,,ambiguous,plant_unknown,unresolved|folder_keyword
Original Image/Leaf Holes/Leaf_Hole (585).jpg,,leaves,,,ambiguous,plant_unknown,unresolved|folder_keyword
Original Image/Leaf Holes/Leaf_Hole (586).jpg,,leaves,,,ambiguous,plant_unknown,unresolved|folder_keyword
Original Image/Leaf Holes/Leaf_Hole (587).jpg,,leaves,,,ambiguous,plant_unknown,unresolved|folder_keyword
Original Image/Leaf Holes/Leaf_Hole (588).jpg,,leaves,,,ambiguous,plant_unknown,unresolved|folder_keyword
Original Image/Leaf Holes/Leaf_Hole (589).jpg,,leaves,,,ambiguous,plant_unknown,unresolved|folder_keyword
Original Image/Leaf Holes/Leaf_Hole (59).jpg,,leaves,,,ambiguous,plant_unknown,unresolved|folder_keyword
Original Image/Leaf Holes/Leaf_Hole (590).jpg,,leaves,,,ambiguous,plant_unknown,unresolved|folder_keyword
Original Image/Leaf Holes/Leaf_Hole (591).jpg,,leaves,,,ambiguous,plant_unknown,unresolved|folder_keyword
Original Image/Leaf Holes/Leaf_Hole (592).jpg,,leaves,,,ambiguous,plant_unknown,unresolved|folder_keyword
Original Image/Leaf Holes/Leaf_Hole (593).jpg,,leaves,,,ambiguous,plant_unknown,unresolved|folder_keyword
Original Image/Leaf Holes/Leaf_Hole (594).jpg,,leaves,,,ambiguous,plant_unknown,unresolved|folder_keyword
Original Image/Leaf Holes/Leaf_Hole (595).jpg,,leaves,,,ambiguous,plant_unknown,unresolved|folder_keyword
Original Image/Leaf Holes/Leaf_Hole (596).jpg,,leaves,,,ambiguous,plant_unknown,unresolved|folder_keyword
Original Image/Leaf Holes/Leaf_Hole (597).jpg,,leaves,,,ambiguous,plant_unknown,unresolved|folder_keyword
Original Image/Leaf Holes/Leaf_Hole (598).jpg,,leaves,,,ambiguous,plant_unknown,unresolved|folder_keyword
Original Image/Leaf Holes/Leaf_Hole (599).jpg,,leaves,,,ambiguous,plant_unknown,unresolved|folder_keyword
Original Image/Leaf Holes/Leaf_Hole (6).jpg,,leaves,,,ambiguous,plant_unknown,unresolved|folder_keyword
Original Image/Leaf Holes/Leaf_Hole (60).jpg,,leaves,,,ambiguous,plant_unknown,unresolved|folder_keyword
Original Image/Leaf Holes/Leaf_Hole (600).jpg,,leaves,,,ambiguous,plant_unknown,unresolved|folder_keyword
Original Image/Leaf Holes/Leaf_Hole (601).jpg,,leaves,,,ambiguous,plant_unknown,unresolved|folder_keyword
Original Image/Leaf Holes/Leaf_Hole (602).jpg,,leaves,,,ambiguous,plant_unknown,unresolved|folder_keyword
Original Image/Leaf Holes/Leaf_Hole (603).jpg,,leaves,,,ambiguous,plant_unknown,unresolved|folder_keyword
Original Image/Leaf Holes/Leaf_Hole (604).jpg,,leaves,,,ambiguous,plant_unknown,unresolved|folder_keyword
Original Image/Leaf Holes/Leaf_Hole (605).jpg,,leaves,,,ambiguous,plant_unknown,unresolved|folder_keyword
Original Image/Leaf Holes/Leaf_Hole (606).jpg,,leaves,,,ambiguous,plant_unknown,unresolved|folder_keyword
Original Image/Leaf Holes/Leaf_Hole (607).jpg,,leaves,,,ambiguous,plant_unknown,unresolved|folder_keyword
Original Image/Leaf Holes/Leaf_Hole (608).jpg,,leaves,,,ambiguous,plant_unknown,unresolved|folder_keyword
Original Image/Leaf Holes/Leaf_Hole (609).jpg,,leaves,,,ambiguous,plant_unknown,unresolved|folder_keyword
Original Image/Leaf Holes/Leaf_Hole (61).jpg,,leaves,,,ambiguous,plant_unknown,unresolved|folder_keyword
Original Image/Leaf Holes/Leaf_Hole (610).jpg,,leaves,,,ambiguous,plant_unknown,unresolved|folder_keyword
Original Image/Leaf Holes/Leaf_Hole (611).jpg,,leaves,,,ambiguous,plant_unknown,unresolved|folder_keyword
Original Image/Leaf Holes/Leaf_Hole (612).jpg,,leaves,,,ambiguous,plant_unknown,unresolved|folder_keyword
Original Image/Leaf Holes/Leaf_Hole (613).jpg,,leaves,,,ambiguous,plant_unknown,unresolved|folder_keyword
Original Image/Leaf Holes/Leaf_Hole (614).jpg,,leaves,,,ambiguous,plant_unknown,unresolved|folder_keyword
Original Image/Leaf Holes/Leaf_Hole (615).jpg,,leaves,,,ambiguous,plant_unknown,unresolved|folder_keyword
Original Image/Leaf Holes/Leaf_Hole (616).jpg,,leaves,,,ambiguous,plant_unknown,unresolved|folder_keyword
Original Image/Leaf Holes/Leaf_Hole (617).jpg,,leaves,,,ambiguous,plant_unknown,unresolved|folder_keyword
Original Image/Leaf Holes/Leaf_Hole (618).jpg,,leaves,,,ambiguous,plant_unknown,unresolved|folder_keyword
Original Image/Leaf Holes/Leaf_Hole (619).jpg,,leaves,,,ambiguous,plant_unknown,unresolved|folder_keyword
Original Image/Leaf Holes/Leaf_Hole (62).jpg,,leaves,,,ambiguous,plant_unknown,unresolved|folder_keyword
Original Image/Leaf Holes/Leaf_Hole (620).jpg,,leaves,,,ambiguous,plant_unknown,unresolved|folder_keyword
Original Image/Leaf Holes/Leaf_Hole (621).jpg,,leaves,,,ambiguous,plant_unknown,unresolved|folder_keyword
Original Image/Leaf Holes/Leaf_Hole (622).jpg,,leaves,,,ambiguous,plant_unknown,unresolved|folder_keyword
Original Image/Leaf Holes/Leaf_Hole (623).jpg,,leaves,,,ambiguous,plant_unknown,unresolved|folder_keyword
Original Image/Leaf Holes/Leaf_Hole (624).jpg,,leaves,,,ambiguous,plant_unknown,unresolved|folder_keyword
Original Image/Leaf Holes/Leaf_Hole (625).jpg,,leaves,,,ambiguous,plant_unknown,unresolved|folder_keyword
Original Image/Leaf Holes/Leaf_Hole (626).jpg,,leaves,,,ambiguous,plant_unknown,unresolved|folder_keyword
Original Image/Leaf Holes/Leaf_Hole (627).jpg,,leaves,,,ambiguous,plant_unknown,unresolved|folder_keyword
Original Image/Leaf Holes/Leaf_Hole (628).jpg,,leaves,,,ambiguous,plant_unknown,unresolved|folder_keyword
Original Image/Leaf Holes/Leaf_Hole (629).jpg,,leaves,,,ambiguous,plant_unknown,unresolved|folder_keyword
Original Image/Leaf Holes/Leaf_Hole (63).jpg,,leaves,,,ambiguous,plant_unknown,unresolved|folder_keyword
Original Image/Leaf Holes/Leaf_Hole (630).jpg,,leaves,,,ambiguous,plant_unknown,unresolved|folder_keyword
Original Image/Leaf Holes/Leaf_Hole (631).jpg,,leaves,,,ambiguous,plant_unknown,unresolved|folder_keyword
Original Image/Leaf Holes/Leaf_Hole (632).jpg,,leaves,,,ambiguous,plant_unknown,unresolved|folder_keyword
Original Image/Leaf Holes/Leaf_Hole (633).jpg,,leaves,,,ambiguous,plant_unknown,unresolved|folder_keyword
Original Image/Leaf Holes/Leaf_Hole (634).jpg,,leaves,,,ambiguous,plant_unknown,unresolved|folder_keyword
Original Image/Leaf Holes/Leaf_Hole (635).jpg,,leaves,,,ambiguous,plant_unknown,unresolved|folder_keyword
Original Image/Leaf Holes/Leaf_Hole (636).jpg,,leaves,,,ambiguous,plant_unknown,unresolved|folder_keyword
Original Image/Leaf Holes/Leaf_Hole (637).jpg,,leaves,,,ambiguous,plant_unknown,unresolved|folder_keyword
Original Image/Leaf Holes/Leaf_Hole (638).jpg,,leaves,,,ambiguous,plant_unknown,unresolved|folder_keyword
Original Image/Leaf Holes/Leaf_Hole (639).jpg,,leaves,,,ambiguous,plant_unknown,unresolved|folder_keyword
Original Image/Leaf Holes/Leaf_Hole (64).jpg,,leaves,,,ambiguous,plant_unknown,unresolved|folder_keyword
Original Image/Leaf Holes/Leaf_Hole (640).jpg,,leaves,,,ambiguous,plant_unknown,unresolved|folder_keyword
Original Image/Leaf Holes/Leaf_Hole (641).jpg,,leaves,,,ambiguous,plant_unknown,unresolved|folder_keyword
Original Image/Leaf Holes/Leaf_Hole (642).jpg,,leaves,,,ambiguous,plant_unknown,unresolved|folder_keyword
Original Image/Leaf Holes/Leaf_Hole (643).jpg,,leaves,,,ambiguous,plant_unknown,unresolved|folder_keyword
Original Image/Leaf Holes/Leaf_Hole (644).jpg,,leaves,,,ambiguous,plant_unknown,unresolved|folder_keyword
Original Image/Leaf Holes/Leaf_Hole (645).jpg,,leaves,,,ambiguous,plant_unknown,unresolved|folder_keyword
Original Image/Leaf Holes/Leaf_Hole (646).jpg,,leaves,,,ambiguous,plant_unknown,unresolved|folder_keyword
Original Image/Leaf Holes/Leaf_Hole (647).jpg,,leaves,,,ambiguous,plant_unknown,unresolved|folder_keyword
Original Image/Leaf Holes/Leaf_Hole (648).jpg,,leaves,,,ambiguous,plant_unknown,unresolved|folder_keyword
Original Image/Leaf Holes/Leaf_Hole (649).jpg,,leaves,,,ambiguous,plant_unknown,unresolved|folder_keyword
Original Image/Leaf Holes/Leaf_Hole (65).jpg,,leaves,,,ambiguous,plant_unknown,unresolved|folder_keyword
Original Image/Leaf Holes/Leaf_Hole (650).jpg,,leaves,,,ambiguous,plant_unknown,unresolved|folder_keyword
Original Image/Leaf Holes/Leaf_Hole (651).jpg,,leaves,,,ambiguous,plant_unknown,unresolved|folder_keyword
Original Image/Leaf Holes/Leaf_Hole (652).jpg,,leaves,,,ambiguous,plant_unknown,unresolved|folder_keyword
Original Image/Leaf Holes/Leaf_Hole (653).jpg,,leaves,,,ambiguous,plant_unknown,unresolved|folder_keyword
Original Image/Leaf Holes/Leaf_Hole (654).jpg,,leaves,,,ambiguous,plant_unknown,unresolved|folder_keyword
Original Image/Leaf Holes/Leaf_Hole (655).jpg,,leaves,,,ambiguous,plant_unknown,unresolved|folder_keyword
Original Image/Leaf Holes/Leaf_Hole (656).jpg,,leaves,,,ambiguous,plant_unknown,unresolved|folder_keyword
Original Image/Leaf Holes/Leaf_Hole (657).jpg,,leaves,,,ambiguous,plant_unknown,unresolved|folder_keyword
Original Image/Leaf Holes/Leaf_Hole (658).jpg,,leaves,,,ambiguous,plant_unknown,unresolved|folder_keyword
Original Image/Leaf Holes/Leaf_Hole (659).jpg,,leaves,,,ambiguous,plant_unknown,unresolved|folder_keyword
Original Image/Leaf Holes/Leaf_Hole (66).jpg,,leaves,,,ambiguous,plant_unknown,unresolved|folder_keyword
Original Image/Leaf Holes/Leaf_Hole (660).jpg,,leaves,,,ambiguous,plant_unknown,unresolved|folder_keyword
Original Image/Leaf Holes/Leaf_Hole (661).jpg,,leaves,,,ambiguous,plant_unknown,unresolved|folder_keyword
Original Image/Leaf Holes/Leaf_Hole (662).jpg,,leaves,,,ambiguous,plant_unknown,unresolved|folder_keyword
Original Image/Leaf Holes/Leaf_Hole (663).jpg,,leaves,,,ambiguous,plant_unknown,unresolved|folder_keyword
Original Image/Leaf Holes/Leaf_Hole (664).jpg,,leaves,,,ambiguous,plant_unknown,unresolved|folder_keyword
Original Image/Leaf Holes/Leaf_Hole (665).jpg,,leaves,,,ambiguous,plant_unknown,unresolved|folder_keyword
Original Image/Leaf Holes/Leaf_Hole (666).jpg,,leaves,,,ambiguous,plant_unknown,unresolved|folder_keyword
Original Image/Leaf Holes/Leaf_Hole (667).jpg,,leaves,,,ambiguous,plant_unknown,unresolved|folder_keyword
Original Image/Leaf Holes/Leaf_Hole (668).jpg,,leaves,,,ambiguous,plant_unknown,unresolved|folder_keyword
Original Image/Leaf Holes/Leaf_Hole (669).jpg,,leaves,,,ambiguous,plant_unknown,unresolved|folder_keyword
Original Image/Leaf Holes/Leaf_Hole (67).jpg,,leaves,,,ambiguous,plant_unknown,unresolved|folder_keyword
Original Image/Leaf Holes/Leaf_Hole (670).jpg,,leaves,,,ambiguous,plant_unknown,unresolved|folder_keyword
Original Image/Leaf Holes/Leaf_Hole (671).jpg,,leaves,,,ambiguous,plant_unknown,unresolved|folder_keyword
Original Image/Leaf Holes/Leaf_Hole (672).jpg,,leaves,,,ambiguous,plant_unknown,unresolved|folder_keyword
Original Image/Leaf Holes/Leaf_Hole (673).jpg,,leaves,,,ambiguous,plant_unknown,unresolved|folder_keyword
Original Image/Leaf Holes/Leaf_Hole (674).jpg,,leaves,,,ambiguous,plant_unknown,unresolved|folder_keyword
Original Image/Leaf Holes/Leaf_Hole (675).jpg,,leaves,,,ambiguous,plant_unknown,unresolved|folder_keyword
Original Image/Leaf Holes/Leaf_Hole (676).jpg,,leaves,,,ambiguous,plant_unknown,unresolved|folder_keyword
Original Image/Leaf Holes/Leaf_Hole (677).jpg,,leaves,,,ambiguous,plant_unknown,unresolved|folder_keyword
Original Image/Leaf Holes/Leaf_Hole (678).jpg,,leaves,,,ambiguous,plant_unknown,unresolved|folder_keyword
Original Image/Leaf Holes/Leaf_Hole (679).jpg,,leaves,,,ambiguous,plant_unknown,unresolved|folder_keyword
Original Image/Leaf Holes/Leaf_Hole (68).jpg,,leaves,,,ambiguous,plant_unknown,unresolved|folder_keyword
Original Image/Leaf Holes/Leaf_Hole (680).jpg,,leaves,,,ambiguous,plant_unknown,unresolved|folder_keyword
Original Image/Leaf Holes/Leaf_Hole (681).jpg,,leaves,,,ambiguous,plant_unknown,unresolved|folder_keyword
Original Image/Leaf Holes/Leaf_Hole (682).jpg,,leaves,,,ambiguous,plant_unknown,unresolved|folder_keyword
Original Image/Leaf Holes/Leaf_Hole (683).jpg,,leaves,,,ambiguous,plant_unknown,unresolved|folder_keyword
Original Image/Leaf Holes/Leaf_Hole (69).jpg,,leaves,,,ambiguous,plant_unknown,unresolved|folder_keyword
Original Image/Leaf Holes/Leaf_Hole (7).jpg,,leaves,,,ambiguous,plant_unknown,unresolved|folder_keyword
Original Image/Leaf Holes/Leaf_Hole (70).jpg,,leaves,,,ambiguous,plant_unknown,unresolved|folder_keyword
Original Image/Leaf Holes/Leaf_Hole (71).jpg,,leaves,,,ambiguous,plant_unknown,unresolved|folder_keyword
Original Image/Leaf Holes/Leaf_Hole (72).jpg,,leaves,,,ambiguous,plant_unknown,unresolved|folder_keyword
Original Image/Leaf Holes/Leaf_Hole (73).jpg,,leaves,,,ambiguous,plant_unknown,unresolved|folder_keyword
Original Image/Leaf Holes/Leaf_Hole (74).jpg,,leaves,,,ambiguous,plant_unknown,unresolved|folder_keyword
Original Image/Leaf Holes/Leaf_Hole (75).jpg,,leaves,,,ambiguous,plant_unknown,unresolved|folder_keyword
Original Image/Leaf Holes/Leaf_Hole (76).jpg,,leaves,,,ambiguous,plant_unknown,unresolved|folder_keyword
Original Image/Leaf Holes/Leaf_Hole (77).jpg,,leaves,,,ambiguous,plant_unknown,unresolved|folder_keyword
Original Image/Leaf Holes/Leaf_Hole (78).jpg,,leaves,,,ambiguous,plant_unknown,unresolved|folder_keyword
Original Image/Leaf Holes/Leaf_Hole (79).jpg,,leaves,,,ambiguous,plant_unknown,unresolved|folder_keyword
Original Image/Leaf Holes/Leaf_Hole (8).jpg,,leaves,,,ambiguous,plant_unknown,unresolved|folder_keyword
Original Image/Leaf Holes/Leaf_Hole (80).jpg,,leaves,,,ambiguous,plant_unknown,unresolved|folder_keyword
Original Image/Leaf Holes/Leaf_Hole (81).jpg,,leaves,,,ambiguous,plant_unknown,unresolved|folder_keyword
Original Image/Leaf Holes/Leaf_Hole (82).jpg,,leaves,,,ambiguous,plant_unknown,unresolved|folder_keyword
Original Image/Leaf Holes/Leaf_Hole (83).jpg,,leaves,,,ambiguous,plant_unknown,unresolved|folder_keyword
Original Image/Leaf Holes/Leaf_Hole (84).jpg,,leaves,,,ambiguous,plant_unknown,unresolved|folder_keyword
Original Image/Leaf Holes/Leaf_Hole (85).jpg,,leaves,,,ambiguous,plant_unknown,unresolved|folder_keyword
Original Image/Leaf Holes/Leaf_Hole (86).jpg,,leaves,,,ambiguous,plant_unknown,unresolved|folder_keyword
Original Image/Leaf Holes/Leaf_Hole (87).jpg,,leaves,,,ambiguous,plant_unknown,unresolved|folder_keyword
Original Image/Leaf Holes/Leaf_Hole (88).jpg,,leaves,,,ambiguous,plant_unknown,unresolved|folder_keyword
Original Image/Leaf Holes/Leaf_Hole (89).jpg,,leaves,,,ambiguous,plant_unknown,unresolved|folder_keyword
Original Image/Leaf Holes/Leaf_Hole (9).jpg,,leaves,,,ambiguous,plant_unknown,unresolved|folder_keyword
Original Image/Leaf Holes/Leaf_Hole (90).jpg,,leaves,,,ambiguous,plant_unknown,unresolved|folder_keyword
Original Image/Leaf Holes/Leaf_Hole (91).jpg,,leaves,,,ambiguous,plant_unknown,unresolved|folder_keyword
Original Image/Leaf Holes/Leaf_Hole (92).jpg,,leaves,,,ambiguous,plant_unknown,unresolved|folder_keyword
Original Image/Leaf Holes/Leaf_Hole (93).jpg,,leaves,,,ambiguous,plant_unknown,unresolved|folder_keyword
Original Image/Leaf Holes/Leaf_Hole (94).jpg,,leaves,,,ambiguous,plant_unknown,unresolved|folder_keyword
Original Image/Leaf Holes/Leaf_Hole (95).jpg,,leaves,,,ambiguous,plant_unknown,unresolved|folder_keyword
Original Image/Leaf Holes/Leaf_Hole (96).jpg,,leaves,,,ambiguous,plant_unknown,unresolved|folder_keyword
Original Image/Leaf Holes/Leaf_Hole (97).jpg,,leaves,,,ambiguous,plant_unknown,unresolved|folder_keyword
Original Image/Leaf Holes/Leaf_Hole (98).jpg,,leaves,,,ambiguous,plant_unknown,unresolved|folder_keyword
Original Image/Leaf Holes/Leaf_Hole (99).jpg,,leaves,,,ambiguous,plant_unknown,unresolved|folder_keyword
cauliflower/cauliflower bacterial soft rot/cauliflower_bacterial_soft_rot_Bing_0000.jpg,cauliflower,,,,ambiguous,part_not_in_taxonomy:cauliflower_bacterial_soft_rot,path_alias|explicit
cauliflower/cauliflower bacterial soft rot/cauliflower_bacterial_soft_rot_Bing_0001.jpg,cauliflower,,,,ambiguous,part_not_in_taxonomy:cauliflower_bacterial_soft_rot,path_alias|explicit
cauliflower/cauliflower bacterial soft rot/cauliflower_bacterial_soft_rot_Bing_0003.jpg,cauliflower,,,,ambiguous,part_not_in_taxonomy:cauliflower_bacterial_soft_rot,path_alias|explicit
cauliflower/cauliflower bacterial soft rot/cauliflower_bacterial_soft_rot_Bing_0004.jpg,cauliflower,,,,ambiguous,part_not_in_taxonomy:cauliflower_bacterial_soft_rot,path_alias|explicit
cauliflower/cauliflower bacterial soft rot/cauliflower_bacterial_soft_rot_Bing_0008.jpg,cauliflower,,,,ambiguous,part_not_in_taxonomy:cauliflower_bacterial_soft_rot,path_alias|explicit
cauliflower/cauliflower bacterial soft rot/cauliflower_bacterial_soft_rot_Bing_0009.jpg,cauliflower,,,,ambiguous,part_not_in_taxonomy:cauliflower_bacterial_soft_rot,path_alias|explicit
cauliflower/cauliflower bacterial soft rot/cauliflower_bacterial_soft_rot_Bing_0012.jpg,cauliflower,,,,ambiguous,part_not_in_taxonomy:cauliflower_bacterial_soft_rot,path_alias|explicit
cauliflower/cauliflower bacterial soft rot/cauliflower_bacterial_soft_rot_Bing_0016.jpg,cauliflower,,,,ambiguous,part_not_in_taxonomy:cauliflower_bacterial_soft_rot,path_alias|explicit
cauliflower/cauliflower bacterial soft rot/cauliflower_bacterial_soft_rot_Bing_0021.jpg,cauliflower,,,,ambiguous,part_not_in_taxonomy:cauliflower_bacterial_soft_rot,path_alias|explicit
cauliflower/cauliflower bacterial soft rot/cauliflower_bacterial_soft_rot_Bing_0029.jpg,cauliflower,,,,ambiguous,part_not_in_taxonomy:cauliflower_bacterial_soft_rot,path_alias|explicit
cauliflower/cauliflower bacterial soft rot/cauliflower_bacterial_soft_rot_Bing_0033.jpg,cauliflower,,,,ambiguous,part_not_in_taxonomy:cauliflower_bacterial_soft_rot,path_alias|explicit
cauliflower/cauliflower bacterial soft rot/cauliflower_bacterial_soft_rot_Bing_0034.jpg,cauliflower,,,,ambiguous,part_not_in_taxonomy:cauliflower_bacterial_soft_rot,path_alias|explicit
cauliflower/cauliflower bacterial soft rot/cauliflower_bacterial_soft_rot_Bing_0036.jpg,cauliflower,,,,ambiguous,part_not_in_taxonomy:cauliflower_bacterial_soft_rot,path_alias|explicit
cauliflower/cauliflower bacterial soft rot/cauliflower_bacterial_soft_rot_Bing_0037.jpg,cauliflower,,,,ambiguous,part_not_in_taxonomy:cauliflower_bacterial_soft_rot,path_alias|explicit
cauliflower/cauliflower bacterial soft rot/cauliflower_bacterial_soft_rot_Bing_0041.jpg,cauliflower,,,,ambiguous,part_not_in_taxonomy:cauliflower_bacterial_soft_rot,path_alias|explicit
cauliflower/cauliflower bacterial soft rot/cauliflower_bacterial_soft_rot_Bing_0042.jpg,cauliflower,,,,ambiguous,part_not_in_taxonomy:cauliflower_bacterial_soft_rot,path_alias|explicit
cauliflower/cauliflower bacterial soft rot/cauliflower_bacterial_soft_rot_Bing_0044.jpg,cauliflower,,,,ambiguous,part_not_in_taxonomy:cauliflower_bacterial_soft_rot,path_alias|explicit
cauliflower/cauliflower bacterial soft rot/cauliflower_bacterial_soft_rot_Bing_0066.jpg,cauliflower,,,,ambiguous,part_not_in_taxonomy:cauliflower_bacterial_soft_rot,path_alias|explicit
cauliflower/cauliflower bacterial soft rot/cauliflower_bacterial_soft_rot_Bing_0075.jpg,cauliflower,,,,ambiguous,part_not_in_taxonomy:cauliflower_bacterial_soft_rot,path_alias|explicit
cauliflower/cauliflower bacterial soft rot/cauliflower_bacterial_soft_rot_Bing_0082.jpg,cauliflower,,,,ambiguous,part_not_in_taxonomy:cauliflower_bacterial_soft_rot,path_alias|explicit
cauliflower/cauliflower bacterial soft rot/cauliflower_bacterial_soft_rot_Bing_0089.jpg,cauliflower,,,,ambiguous,part_not_in_taxonomy:cauliflower_bacterial_soft_rot,path_alias|explicit
cauliflower/cauliflower bacterial soft rot/cauliflower_bacterial_soft_rot_Bing_0091.jpg,cauliflower,,,,ambiguous,part_not_in_taxonomy:cauliflower_bacterial_soft_rot,path_alias|explicit
cauliflower/cauliflower bacterial soft rot/cauliflower_bacterial_soft_rot_Bing_0094.jpg,cauliflower,,,,ambiguous,part_not_in_taxonomy:cauliflower_bacterial_soft_rot,path_alias|explicit
cauliflower/cauliflower bacterial soft rot/cauliflower_bacterial_soft_rot_Bing_0109.jpg,cauliflower,,,,ambiguous,part_not_in_taxonomy:cauliflower_bacterial_soft_rot,path_alias|explicit
cauliflower/cauliflower bacterial soft rot/cauliflower_bacterial_soft_rot_Bing_0124.jpg,cauliflower,,,,ambiguous,part_not_in_taxonomy:cauliflower_bacterial_soft_rot,path_alias|explicit
cauliflower/cauliflower bacterial soft rot/cauliflower_bacterial_soft_rot_Bing_0132.jpg,cauliflower,,,,ambiguous,part_not_in_taxonomy:cauliflower_bacterial_soft_rot,path_alias|explicit
cauliflower/cauliflower bacterial soft rot/cauliflower_bacterial_soft_rot_Bing_0137.jpg,cauliflower,,,,ambiguous,part_not_in_taxonomy:cauliflower_bacterial_soft_rot,path_alias|explicit
cauliflower/cauliflower bacterial soft rot/cauliflower_bacterial_soft_rot_Bing_0174.jpg,cauliflower,,,,ambiguous,part_not_in_taxonomy:cauliflower_bacterial_soft_rot,path_alias|explicit
cauliflower/cauliflower bacterial soft rot/cauliflower_bacterial_soft_rot_Bing_0181.jpg,cauliflower,,,,ambiguous,part_not_in_taxonomy:cauliflower_bacterial_soft_rot,path_alias|explicit
cauliflower/cauliflower bacterial soft rot/cauliflower_bacterial_soft_rot_Bing_0205.jpg,cauliflower,,,,ambiguous,part_not_in_taxonomy:cauliflower_bacterial_soft_rot,path_alias|explicit
cauliflower/cauliflower bacterial soft rot/cauliflower_bacterial_soft_rot_Bing_0206.jpg,cauliflower,,,,ambiguous,part_not_in_taxonomy:cauliflower_bacterial_soft_rot,path_alias|explicit
cauliflower/cauliflower bacterial soft rot/cauliflower_bacterial_soft_rot_Google_0013.jpg,cauliflower,,,,ambiguous,part_not_in_taxonomy:cauliflower_bacterial_soft_rot,path_alias|explicit
cauliflower/cauliflower bacterial soft rot/cauliflower_bacterial_soft_rot_Google_0016.jpg,cauliflower,,,,ambiguous,part_not_in_taxonomy:cauliflower_bacterial_soft_rot,path_alias|explicit
cauliflower/cauliflower bacterial soft rot/cauliflower_bacterial_soft_rot_Google_0021.jpg,cauliflower,,,,ambiguous,part_not_in_taxonomy:cauliflower_bacterial_soft_rot,path_alias|explicit
cauliflower/cauliflower bacterial soft rot/cauliflower_bacterial_soft_rot_Google_0078.jpg,cauliflower,,,,ambiguous,part_not_in_taxonomy:cauliflower_bacterial_soft_rot,path_alias|explicit
cauliflower/cauliflower bacterial soft rot/cauliflower_bacterial_soft_rot_Google_0186.jpg,cauliflower,,,,ambiguous,part_not_in_taxonomy:cauliflower_bacterial_soft_rot,path_alias|explicit
herbs.v4i.yolov11/train/images/depositphotos_110831104-stock-photo-lemon-grass-on-white-background_jpg.rf.84ab4c37fe88b2ad47f6c7cbb677261c.jpg,,,,,ambiguous,empty_annotation,yolo_label
herbs.v4i.yolov11/train/images/depositphotos_110831104-stock-photo-lemon-grass-on-white-background_jpg.rf.ee034585dfa3d2d8b9dee53572609a75.jpg,,,,,ambiguous,empty_annotation,yolo_label
