candidate_id,filename,model2_class,crop,disease,source_name,source_split,source_index,image_path,sha256,width,height,format,duplicate_status,curation_status
miss_sr_0001,soybean_rust_anand_train_0945.jpg,soybean__rust,Soybean,Rust,anandvermagmailcom/soybean-leaf-diseases,train,945,C:\Users\vyasn\OneDrive\Desktop\Disease_prediction\data\external\model2_supplementary\soybean_rust_anand\soybean_rust_anand_train_0945.jpg,871749cf41839a75fdc50c737d8354a29aadb9b633e9d4c8d1775e1fdc1e140b,224,224,JPEG,UNIQUE_CLEAN,KEEP
miss_sr_0002,soybean_rust_anand_train_0946.jpg,soybean__rust,Soybean,Rust,anandvermagmailcom/soybean-leaf-diseases,train,946,C:\Users\vyasn\OneDrive\Desktop\Disease_prediction\data\external\model2_supplementary\soybean_rust_anand\soybean_rust_anand_train_0946.jpg,b58c215d873798238f46e3804b5a77ff6a28feef641f923353e3da6192501289,224,224,JPEG,UNIQUE_CLEAN,KEEP
miss_sr_0003,soybean_rust_anand_train_0947.jpg,soybean__rust,Soybean,Rust,anandvermagmailcom/soybean-leaf-diseases,train,947,C:\Users\vyasn\OneDrive\Desktop\Disease_prediction\data\external\model2_supplementary\soybean_rust_anand\soybean_rust_anand_train_0947.jpg,db9ed3f019ece317f42aea2f0e15ef5db1079b37d77dfb120fcaad5b705e18ee,224,224,JPEG,UNIQUE_CLEAN,KEEP
miss_sr_0004,soybean_rust_anand_train_0948.jpg,soybean__rust,Soybean,Rust,anandvermagmailcom/soybean-leaf-diseases,train,948,C:\Users\vyasn\OneDrive\Desktop\Disease_prediction\data\external\model2_supplementary\soybean_rust_anand\soybean_rust_anand_train_0948.jpg,99f523b88730706f422ccea21918c800169f8c12c0f8b43da1f07406d2ad1756,224,224,JPEG,UNIQUE_CLEAN,KEEP
miss_sr_0005,soybean_rust_anand_train_0949.jpg,soybean__rust,Soybean,Rust,anandvermagmailcom/soybean-leaf-diseases,train,949,C:\Users\vyasn\OneDrive\Desktop\Disease_prediction\data\external\model2_supplementary\soybean_rust_anand\soybean_rust_anand_train_0949.jpg,3d650a6ce03fd092c478541a9dd2461e76d057661bfb2971e2a44f00f6b65997,224,224,JPEG,UNIQUE_CLEAN,KEEP
miss_sr_0006,soybean_rust_anand_train_0950.jpg,soybean__rust,Soybean,Rust,anandvermagmailcom/soybean-leaf-diseases,train,950,C:\Users\vyasn\OneDrive\Desktop\Disease_prediction\data\external\model2_supplementary\soybean_rust_anand\soybean_rust_anand_train_0950.jpg,b85211e70ccde16e0af4f167d5532d508187913c776869a94278db1fd0faba17,224,224,JPEG,UNIQUE_CLEAN,KEEP
miss_sr_0007,soybean_rust_anand_train_0951.jpg,soybean__rust,Soybean,Rust,anandvermagmailcom/soybean-leaf-diseases,train,951,C:\Users\vyasn\OneDrive\Desktop\Disease_prediction\data\external\model2_supplementary\soybean_rust_anand\soybean_rust_anand_train_0951.jpg,8abd06b15dd803e2243739a83be4942d0b8e547d4ea1982705905d1ba46a61d6,224,224,JPEG,UNIQUE_CLEAN,KEEP
miss_sr_0008,soybean_rust_anand_train_0952.jpg,soybean__rust,Soybean,Rust,anandvermagmailcom/soybean-leaf-diseases,train,952,C:\Users\vyasn\OneDrive\Desktop\Disease_prediction\data\external\model2_supplementary\soybean_rust_anand\soybean_rust_anand_train_0952.jpg,0656b4eb6c02c1b3408df3cf57860502be854327ef4f7b05d4a4ea93cc4c128e,224,224,JPEG,UNIQUE_CLEAN,KEEP
miss_sr_0009,soybean_rust_anand_train_0953.jpg,soybean__rust,Soybean,Rust,anandvermagmailcom/soybean-leaf-diseases,train,953,C:\Users\vyasn\OneDrive\Desktop\Disease_prediction\data\external\model2_supplementary\soybean_rust_anand\soybean_rust_anand_train_0953.jpg,a8f871363e9b92e374b79ecb84acaeaec853380b4f4710b26420615c1993ab76,224,224,JPEG,UNIQUE_CLEAN,KEEP
miss_sr_0010,soybean_rust_anand_train_0954.jpg,soybean__rust,Soybean,Rust,anandvermagmailcom/soybean-leaf-diseases,train,954,C:\Users\vyasn\OneDrive\Desktop\Disease_prediction\data\external\model2_supplementary\soybean_rust_anand\soybean_rust_anand_train_0954.jpg,fd8e1fb088cfab2df2583aaf02c609694a52031488c9c2565e7410a588a84f22,224,224,JPEG,UNIQUE_CLEAN,KEEP
miss_sr_0011,soybean_rust_anand_train_0955.jpg,soybean__rust,Soybean,Rust,anandvermagmailcom/soybean-leaf-diseases,train,955,C:\Users\vyasn\OneDrive\Desktop\Disease_prediction\data\external\model2_supplementary\soybean_rust_anand\soybean_rust_anand_train_0955.jpg,0cda994807ba356afa39790ec31a30a1bda78f46b4fb3a07fd4bb6267555e2c1,224,224,JPEG,UNIQUE_CLEAN,KEEP
miss_sr_0012,soybean_rust_anand_train_0956.jpg,soybean__rust,Soybean,Rust,anandvermagmailcom/soybean-leaf-diseases,train,956,C:\Users\vyasn\OneDrive\Desktop\Disease_prediction\data\external\model2_supplementary\soybean_rust_anand\soybean_rust_anand_train_0956.jpg,27bc34d684a35adb266526491406236162356cf43cdd88066e0c68fd50c87f00,224,224,JPEG,UNIQUE_CLEAN,KEEP
miss_sr_0013,soybean_rust_anand_train_0957.jpg,soybean__rust,Soybean,Rust,anandvermagmailcom/soybean-leaf-diseases,train,957,C:\Users\vyasn\OneDrive\Desktop\Disease_prediction\data\external\model2_supplementary\soybean_rust_anand\soybean_rust_anand_train_0957.jpg,66249df9267ca2b437de4b99be66cb7bdfe4155ea615cbc647a69b8b070b2b1a,224,224,JPEG,UNIQUE_CLEAN,KEEP
miss_sr_0014,soybean_rust_anand_train_0958.jpg,soybean__rust,Soybean,Rust,anandvermagmailcom/soybean-leaf-diseases,train,958,C:\Users\vyasn\OneDrive\Desktop\Disease_prediction\data\external\model2_supplementary\soybean_rust_anand\soybean_rust_anand_train_0958.jpg,57b45fc9e4c73c31fd6eb4dfbcf049627df90b9c24440f2621c532caf1980659,224,224,JPEG,UNIQUE_CLEAN,KEEP
miss_sr_0015,soybean_rust_anand_train_0959.jpg,soybean__rust,Soybean,Rust,anandvermagmailcom/soybean-leaf-diseases,train,959,C:\Users\vyasn\OneDrive\Desktop\Disease_prediction\data\external\model2_supplementary\soybean_rust_anand\soybean_rust_anand_train_0959.jpg,cb2cecfb81eb593c5a9a9805fc12657821080c3add3844935444077c82c7a052,224,224,JPEG,UNIQUE_CLEAN,KEEP
miss_sr_0016,soybean_rust_anand_train_0960.jpg,soybean__rust,Soybean,Rust,anandvermagmailcom/soybean-leaf-diseases,train,960,C:\Users\vyasn\OneDrive\Desktop\Disease_prediction\data\external\model2_supplementary\soybean_rust_anand\soybean_rust_anand_train_0960.jpg,33067ffa05415c5121832de4e0610b9adcb0d50c0562cc5f09d32e93ba00ef98,224,224,JPEG,UNIQUE_CLEAN,KEEP
miss_sr_0017,soybean_rust_anand_train_0961.jpg,soybean__rust,Soybean,Rust,anandvermagmailcom/soybean-leaf-diseases,train,961,C:\Users\vyasn\OneDrive\Desktop\Disease_prediction\data\external\model2_supplementary\soybean_rust_anand\soybean_rust_anand_train_0961.jpg,320e32723fb241713a669333e7314a7afc3786555a2641312e9cbe51fb3eba19,224,224,JPEG,UNIQUE_CLEAN,KEEP
miss_sr_0018,soybean_rust_anand_train_0962.jpg,soybean__rust,Soybean,Rust,anandvermagmailcom/soybean-leaf-diseases,train,962,C:\Users\vyasn\OneDrive\Desktop\Disease_prediction\data\external\model2_supplementary\soybean_rust_anand\soybean_rust_anand_train_0962.jpg,525304724e0a663d4fedb3feb2a20b497116de8a5e458e8b14fa3bbb18e444bc,224,224,JPEG,UNIQUE_CLEAN,KEEP
miss_sr_0019,soybean_rust_anand_train_0963.jpg,soybean__rust,Soybean,Rust,anandvermagmailcom/soybean-leaf-diseases,train,963,C:\Users\vyasn\OneDrive\Desktop\Disease_prediction\data\external\model2_supplementary\soybean_rust_anand\soybean_rust_anand_train_0963.jpg,a98818f5dd18d267e5feb4ab6bbcac786bffd952a080c527019fc6af89692daa,224,224,JPEG,UNIQUE_CLEAN,KEEP
miss_sr_0020,soybean_rust_anand_train_0964.jpg,soybean__rust,Soybean,Rust,anandvermagmailcom/soybean-leaf-diseases,train,964,C:\Users\vyasn\OneDrive\Desktop\Disease_prediction\data\external\model2_supplementary\soybean_rust_anand\soybean_rust_anand_train_0964.jpg,f2e53ab491767b8e4d0dfd35db9d6d94fd607a7a9656aa42c64e521302ee08da,224,224,JPEG,UNIQUE_CLEAN,KEEP
miss_sr_0021,soybean_rust_anand_train_0965.jpg,soybean__rust,Soybean,Rust,anandvermagmailcom/soybean-leaf-diseases,train,965,C:\Users\vyasn\OneDrive\Desktop\Disease_prediction\data\external\model2_supplementary\soybean_rust_anand\soybean_rust_anand_train_0965.jpg,134e7fff1ecc9b4bff9c11c183636a089c598e5ea79e87ed815384eb10956b36,224,224,JPEG,UNIQUE_CLEAN,KEEP
miss_sr_0022,soybean_rust_anand_train_0966.jpg,soybean__rust,Soybean,Rust,anandvermagmailcom/soybean-leaf-diseases,train,966,C:\Users\vyasn\OneDrive\Desktop\Disease_prediction\data\external\model2_supplementary\soybean_rust_anand\soybean_rust_anand_train_0966.jpg,c21bf5be61e8ad222af809fbdcdfefd840c2a378428735425a9a1b89d0161a92,224,224,JPEG,UNIQUE_CLEAN,KEEP
miss_sr_0023,soybean_rust_anand_train_0967.jpg,soybean__rust,Soybean,Rust,anandvermagmailcom/soybean-leaf-diseases,train,967,C:\Users\vyasn\OneDrive\Desktop\Disease_prediction\data\external\model2_supplementary\soybean_rust_anand\soybean_rust_anand_train_0967.jpg,e2da837e1985f97389496c35a3f37c857e0b35978a4b8d6deaceeb042d74d401,224,224,JPEG,UNIQUE_CLEAN,KEEP
miss_sr_0024,soybean_rust_anand_train_0968.jpg,soybean__rust,Soybean,Rust,anandvermagmailcom/soybean-leaf-diseases,train,968,C:\Users\vyasn\OneDrive\Desktop\Disease_prediction\data\external\model2_supplementary\soybean_rust_anand\soybean_rust_anand_train_0968.jpg,77e2f834e9b6df685305cea4b78b6ca52ff2312adfe5db5d9d3b57bd22663865,224,224,JPEG,UNIQUE_CLEAN,KEEP
miss_sr_0025,soybean_rust_anand_train_0969.jpg,soybean__rust,Soybean,Rust,anandvermagmailcom/soybean-leaf-diseases,train,969,C:\Users\vyasn\OneDrive\Desktop\Disease_prediction\data\external\model2_supplementary\soybean_rust_anand\soybean_rust_anand_train_0969.jpg,9f693fb3269e3e7af00dc086660d1ed943be8be8fd595c4211ecc546de6837f2,224,224,JPEG,UNIQUE_CLEAN,KEEP
miss_sr_0026,soybean_rust_anand_train_0970.jpg,soybean__rust,Soybean,Rust,anandvermagmailcom/soybean-leaf-diseases,train,970,C:\Users\vyasn\OneDrive\Desktop\Disease_prediction\data\external\model2_supplementary\soybean_rust_anand\soybean_rust_anand_train_0970.jpg,54c152422dbc61ff8686eaab4cb22568457cf2fd8397d15d7442ce0bb0a97b50,224,224,JPEG,UNIQUE_CLEAN,KEEP
miss_sr_0027,soybean_rust_anand_train_0971.jpg,soybean__rust,Soybean,Rust,anandvermagmailcom/soybean-leaf-diseases,train,971,C:\Users\vyasn\OneDrive\Desktop\Disease_prediction\data\external\model2_supplementary\soybean_rust_anand\soybean_rust_anand_train_0971.jpg,3c3bfbc17574530b3b1fcf9d60f058c519e8c69f6f6a4af205a0b7e0aa4539b9,224,224,JPEG,UNIQUE_CLEAN,KEEP
miss_sr_0028,soybean_rust_anand_train_0972.jpg,soybean__rust,Soybean,Rust,anandvermagmailcom/soybean-leaf-diseases,train,972,C:\Users\vyasn\OneDrive\Desktop\Disease_prediction\data\external\model2_supplementary\soybean_rust_anand\soybean_rust_anand_train_0972.jpg,af23a86556ba9366b29c7bdcda6e8ecfdc9ef0db3e8f3e518058c59137d63339,224,224,JPEG,UNIQUE_CLEAN,KEEP
miss_sr_0029,soybean_rust_anand_train_0973.jpg,soybean__rust,Soybean,Rust,anandvermagmailcom/soybean-leaf-diseases,train,973,C:\Users\vyasn\OneDrive\Desktop\Disease_prediction\data\external\model2_supplementary\soybean_rust_anand\soybean_rust_anand_train_0973.jpg,7cb4dcb69a312e0ab62a030eaa48d76195522f49c465a0b15c1e62a330e41372,224,224,JPEG,UNIQUE_CLEAN,KEEP
miss_sr_0030,soybean_rust_anand_train_0974.jpg,soybean__rust,Soybean,Rust,anandvermagmailcom/soybean-leaf-diseases,train,974,C:\Users\vyasn\OneDrive\Desktop\Disease_prediction\data\external\model2_supplementary\soybean_rust_anand\soybean_rust_anand_train_0974.jpg,f608f7bd0675e1d531de96bfd8e53d185d23129231c88e25476f7551753ddd01,224,224,JPEG,UNIQUE_CLEAN,KEEP
miss_sr_0031,soybean_rust_anand_train_0975.jpg,soybean__rust,Soybean,Rust,anandvermagmailcom/soybean-leaf-diseases,train,975,C:\Users\vyasn\OneDrive\Desktop\Disease_prediction\data\external\model2_supplementary\soybean_rust_anand\soybean_rust_anand_train_0975.jpg,8447a4c4e999475c0f96baa7450f698975b2a486e78a2972070387b96b48bfb4,224,224,JPEG,UNIQUE_CLEAN,KEEP
miss_sr_0032,soybean_rust_anand_train_0976.jpg,soybean__rust,Soybean,Rust,anandvermagmailcom/soybean-leaf-diseases,train,976,C:\Users\vyasn\OneDrive\Desktop\Disease_prediction\data\external\model2_supplementary\soybean_rust_anand\soybean_rust_anand_train_0976.jpg,8c7637b954b37fee351145a8949413c203b26fdf858e9cdd3fc8dad06817d165,224,224,JPEG,UNIQUE_CLEAN,KEEP
miss_sr_0033,soybean_rust_anand_train_0977.jpg,soybean__rust,Soybean,Rust,anandvermagmailcom/soybean-leaf-diseases,train,977,C:\Users\vyasn\OneDrive\Desktop\Disease_prediction\data\external\model2_supplementary\soybean_rust_anand\soybean_rust_anand_train_0977.jpg,98149b5c248e96ec90ae3ce6ccb75dba0a3276be7135c4ef2a8fcdac3f7d4cc2,224,224,JPEG,UNIQUE_CLEAN,KEEP
miss_sr_0034,soybean_rust_anand_train_0978.jpg,soybean__rust,Soybean,Rust,anandvermagmailcom/soybean-leaf-diseases,train,978,C:\Users\vyasn\OneDrive\Desktop\Disease_prediction\data\external\model2_supplementary\soybean_rust_anand\soybean_rust_anand_train_0978.jpg,ef29740ce179a4e2074dd79225af6f28ae0c3b22090c37b6864ee59a1207e06d,224,224,JPEG,UNIQUE_CLEAN,KEEP
miss_sr_0035,soybean_rust_anand_train_0979.jpg,soybean__rust,Soybean,Rust,anandvermagmailcom/soybean-leaf-diseases,train,979,C:\Users\vyasn\OneDrive\Desktop\Disease_prediction\data\external\model2_supplementary\soybean_rust_anand\soybean_rust_anand_train_0979.jpg,f2fe05fc842a7b6adee87c43998894d49169bf20cc7396cf2d0fb27b4d677e6e,224,224,JPEG,UNIQUE_CLEAN,KEEP
miss_sr_0036,soybean_rust_anand_train_0980.jpg,soybean__rust,Soybean,Rust,anandvermagmailcom/soybean-leaf-diseases,train,980,C:\Users\vyasn\OneDrive\Desktop\Disease_prediction\data\external\model2_supplementary\soybean_rust_anand\soybean_rust_anand_train_0980.jpg,56cec71842760b5c75c14d39b8de463a6c854144db2cb124ac2e0df0f2dd6e38,224,224,JPEG,UNIQUE_CLEAN,KEEP
miss_sr_0037,soybean_rust_anand_train_0981.jpg,soybean__rust,Soybean,Rust,anandvermagmailcom/soybean-leaf-diseases,train,981,C:\Users\vyasn\OneDrive\Desktop\Disease_prediction\data\external\model2_supplementary\soybean_rust_anand\soybean_rust_anand_train_0981.jpg,681836da60937da1146ec9faf051aec2bd5a4edc2c5e80dea8e2e2c78bb75bcf,224,224,JPEG,UNIQUE_CLEAN,KEEP
miss_sr_0038,soybean_rust_anand_train_0982.jpg,soybean__rust,Soybean,Rust,anandvermagmailcom/soybean-leaf-diseases,train,982,C:\Users\vyasn\OneDrive\Desktop\Disease_prediction\data\external\model2_supplementary\soybean_rust_anand\soybean_rust_anand_train_0982.jpg,a4dfd99c31580875c36f326e5f1388a1a9473a01b74a300ed7b22af6e9fa3226,224,224,JPEG,UNIQUE_CLEAN,KEEP
miss_sr_0039,soybean_rust_anand_train_0983.jpg,soybean__rust,Soybean,Rust,anandvermagmailcom/soybean-leaf-diseases,train,983,C:\Users\vyasn\OneDrive\Desktop\Disease_prediction\data\external\model2_supplementary\soybean_rust_anand\soybean_rust_anand_train_0983.jpg,6ce407a517e38707c72cf52afed2ceac50725acedbdc5ae9ebdf3b3a433bba94,224,224,JPEG,UNIQUE_CLEAN,KEEP
miss_sr_0040,soybean_rust_anand_train_0984.jpg,soybean__rust,Soybean,Rust,anandvermagmailcom/soybean-leaf-diseases,train,984,C:\Users\vyasn\OneDrive\Desktop\Disease_prediction\data\external\model2_supplementary\soybean_rust_anand\soybean_rust_anand_train_0984.jpg,bbd2ab5a6f04bb89f42757c764830f0dc4defa757ef292cb646c03100cb463d5,224,224,JPEG,UNIQUE_CLEAN,KEEP
miss_sr_0041,soybean_rust_anand_train_0985.jpg,soybean__rust,Soybean,Rust,anandvermagmailcom/soybean-leaf-diseases,train,985,C:\Users\vyasn\OneDrive\Desktop\Disease_prediction\data\external\model2_supplementary\soybean_rust_anand\soybean_rust_anand_train_0985.jpg,14b374c14f074079547c1e033b442d0703cf2bf3907e4c039b658f475c2a4f32,224,224,JPEG,UNIQUE_CLEAN,KEEP
miss_sr_0042,soybean_rust_anand_train_0986.jpg,soybean__rust,Soybean,Rust,anandvermagmailcom/soybean-leaf-diseases,train,986,C:\Users\vyasn\OneDrive\Desktop\Disease_prediction\data\external\model2_supplementary\soybean_rust_anand\soybean_rust_anand_train_0986.jpg,1bd9e56d0c31c21ce7e145586fc02cded54ab3d051d8213bceab14497f6f4920,224,224,JPEG,UNIQUE_CLEAN,KEEP
miss_sr_0043,soybean_rust_anand_train_0987.jpg,soybean__rust,Soybean,Rust,anandvermagmailcom/soybean-leaf-diseases,train,987,C:\Users\vyasn\OneDrive\Desktop\Disease_prediction\data\external\model2_supplementary\soybean_rust_anand\soybean_rust_anand_train_0987.jpg,ed1288cc0d2a583a1704c49208fe2627aa1d25f5bde0fbb74537336d395ed9dd,224,224,JPEG,UNIQUE_CLEAN,KEEP
miss_sr_0044,soybean_rust_anand_train_0988.jpg,soybean__rust,Soybean,Rust,anandvermagmailcom/soybean-leaf-diseases,train,988,C:\Users\vyasn\OneDrive\Desktop\Disease_prediction\data\external\model2_supplementary\soybean_rust_anand\soybean_rust_anand_train_0988.jpg,b348d6c69772dbb01eb720300ddce8c1d87d8d9b03e20bf594f00e36087fdff1,224,224,JPEG,UNIQUE_CLEAN,KEEP
miss_sr_0045,soybean_rust_anand_train_0989.jpg,soybean__rust,Soybean,Rust,anandvermagmailcom/soybean-leaf-diseases,train,989,C:\Users\vyasn\OneDrive\Desktop\Disease_prediction\data\external\model2_supplementary\soybean_rust_anand\soybean_rust_anand_train_0989.jpg,da870ac6dd557324f87a0cdfaedab8d70135e1952d7f01875d7c38b9f21e1acc,224,224,JPEG,UNIQUE_CLEAN,KEEP
miss_sr_0046,soybean_rust_anand_train_0990.jpg,soybean__rust,Soybean,Rust,anandvermagmailcom/soybean-leaf-diseases,train,990,C:\Users\vyasn\OneDrive\Desktop\Disease_prediction\data\external\model2_supplementary\soybean_rust_anand\soybean_rust_anand_train_0990.jpg,496366616405bebbacde0caaebc4aca07f2e417157c6501ced73e624b62fb206,224,224,JPEG,UNIQUE_CLEAN,KEEP
miss_sr_0047,soybean_rust_anand_train_0991.jpg,soybean__rust,Soybean,Rust,anandvermagmailcom/soybean-leaf-diseases,train,991,C:\Users\vyasn\OneDrive\Desktop\Disease_prediction\data\external\model2_supplementary\soybean_rust_anand\soybean_rust_anand_train_0991.jpg,344828f742ba69235376e2aced2cb48bbd2097772d83807d6cb219187e7cc61e,224,224,JPEG,UNIQUE_CLEAN,KEEP
miss_sr_0048,soybean_rust_anand_train_0992.jpg,soybean__rust,Soybean,Rust,anandvermagmailcom/soybean-leaf-diseases,train,992,C:\Users\vyasn\OneDrive\Desktop\Disease_prediction\data\external\model2_supplementary\soybean_rust_anand\soybean_rust_anand_train_0992.jpg,d70563b26d483766095e56e7f455583d98d6ed82cb0ae6ed892004d06dff9e6f,224,224,JPEG,UNIQUE_CLEAN,KEEP
miss_sr_0049,soybean_rust_anand_train_0993.jpg,soybean__rust,Soybean,Rust,anandvermagmailcom/soybean-leaf-diseases,train,993,C:\Users\vyasn\OneDrive\Desktop\Disease_prediction\data\external\model2_supplementary\soybean_rust_anand\soybean_rust_anand_train_0993.jpg,079b4cd718cbd455a3aa98234e4d5b5af155ead36f752f7370e39d10610969fd,224,224,JPEG,UNIQUE_CLEAN,KEEP
miss_sr_0050,soybean_rust_anand_train_0994.jpg,soybean__rust,Soybean,Rust,anandvermagmailcom/soybean-leaf-diseases,train,994,C:\Users\vyasn\OneDrive\Desktop\Disease_prediction\data\external\model2_supplementary\soybean_rust_anand\soybean_rust_anand_train_0994.jpg,87bacc351321b2841b1bc68436e9e6938f4258a75a5415fabf38141fe242452b,224,224,JPEG,UNIQUE_CLEAN,KEEP
miss_sr_0051,soybean_rust_anand_train_0995.jpg,soybean__rust,Soybean,Rust,anandvermagmailcom/soybean-leaf-diseases,train,995,C:\Users\vyasn\OneDrive\Desktop\Disease_prediction\data\external\model2_supplementary\soybean_rust_anand\soybean_rust_anand_train_0995.jpg,2883bfc60dfa1f19920d8841bfbda8b7fb69c9f9eec1a389e9c841a0ae4d6d5f,224,224,JPEG,UNIQUE_CLEAN,KEEP
miss_sr_0052,soybean_rust_anand_train_0996.jpg,soybean__rust,Soybean,Rust,anandvermagmailcom/soybean-leaf-diseases,train,996,C:\Users\vyasn\OneDrive\Desktop\Disease_prediction\data\external\model2_supplementary\soybean_rust_anand\soybean_rust_anand_train_0996.jpg,2c04ef55ace7603973bece3e0ff85e5b25fb2b2b4595c905f786b969fb95ba70,224,224,JPEG,UNIQUE_CLEAN,KEEP
miss_sr_0053,soybean_rust_anand_train_0997.jpg,soybean__rust,Soybean,Rust,anandvermagmailcom/soybean-leaf-diseases,train,997,C:\Users\vyasn\OneDrive\Desktop\Disease_prediction\data\external\model2_supplementary\soybean_rust_anand\soybean_rust_anand_train_0997.jpg,26a17310a8772b6941f840a1bb97884a67f3f8db3ab00edef0c99bfbc1721d86,224,224,JPEG,UNIQUE_CLEAN,KEEP
miss_sr_0054,soybean_rust_anand_train_0998.jpg,soybean__rust,Soybean,Rust,anandvermagmailcom/soybean-leaf-diseases,train,998,C:\Users\vyasn\OneDrive\Desktop\Disease_prediction\data\external\model2_supplementary\soybean_rust_anand\soybean_rust_anand_train_0998.jpg,de6c2350e00773fab69e336588f8b5d1e9658ccebe53db6f606572f282de2900,224,224,JPEG,UNIQUE_CLEAN,KEEP
miss_sr_0055,soybean_rust_anand_train_0999.jpg,soybean__rust,Soybean,Rust,anandvermagmailcom/soybean-leaf-diseases,train,999,C:\Users\vyasn\OneDrive\Desktop\Disease_prediction\data\external\model2_supplementary\soybean_rust_anand\soybean_rust_anand_train_0999.jpg,3b73bb0ca9e886256ba80a46fde0e9cef84ee69f2dc99d930159dedee392f4dc,224,224,JPEG,UNIQUE_CLEAN,KEEP
miss_sr_0056,soybean_rust_anand_train_1000.jpg,soybean__rust,Soybean,Rust,anandvermagmailcom/soybean-leaf-diseases,train,1000,C:\Users\vyasn\OneDrive\Desktop\Disease_prediction\data\external\model2_supplementary\soybean_rust_anand\soybean_rust_anand_train_1000.jpg,1838709f6cf2ebf0c1fcd282010817e543cc6d97bcaac5e7992a8f5154bba5cc,224,224,JPEG,UNIQUE_CLEAN,KEEP
miss_sr_0057,soybean_rust_anand_train_1001.jpg,soybean__rust,Soybean,Rust,anandvermagmailcom/soybean-leaf-diseases,train,1001,C:\Users\vyasn\OneDrive\Desktop\Disease_prediction\data\external\model2_supplementary\soybean_rust_anand\soybean_rust_anand_train_1001.jpg,02af2f26609096273f331e95295c405959dcc88971e8d4b52adeaeeafafb08e4,224,224,JPEG,UNIQUE_CLEAN,KEEP
miss_sr_0058,soybean_rust_anand_train_1002.jpg,soybean__rust,Soybean,Rust,anandvermagmailcom/soybean-leaf-diseases,train,1002,C:\Users\vyasn\OneDrive\Desktop\Disease_prediction\data\external\model2_supplementary\soybean_rust_anand\soybean_rust_anand_train_1002.jpg,6007cb431724a7a7d3e68fc7b66924c5d87e15e89bb172b9a2c3b8d7225ea698,224,224,JPEG,UNIQUE_CLEAN,KEEP
miss_sr_0059,soybean_rust_anand_train_1003.jpg,soybean__rust,Soybean,Rust,anandvermagmailcom/soybean-leaf-diseases,train,1003,C:\Users\vyasn\OneDrive\Desktop\Disease_prediction\data\external\model2_supplementary\soybean_rust_anand\soybean_rust_anand_train_1003.jpg,94e9d251921b358911b746813fe7b7f7e6a480f46066cb811ebea7b18ef15443,224,224,JPEG,UNIQUE_CLEAN,KEEP
miss_sr_0060,soybean_rust_anand_train_1004.jpg,soybean__rust,Soybean,Rust,anandvermagmailcom/soybean-leaf-diseases,train,1004,C:\Users\vyasn\OneDrive\Desktop\Disease_prediction\data\external\model2_supplementary\soybean_rust_anand\soybean_rust_anand_train_1004.jpg,c213a0725486157bb1a2c9d778ec089e8a4f7710774ceeb7b1adad40491800ce,224,224,JPEG,UNIQUE_CLEAN,KEEP
miss_sr_0061,soybean_rust_anand_train_1005.jpg,soybean__rust,Soybean,Rust,anandvermagmailcom/soybean-leaf-diseases,train,1005,C:\Users\vyasn\OneDrive\Desktop\Disease_prediction\data\external\model2_supplementary\soybean_rust_anand\soybean_rust_anand_train_1005.jpg,959974c41b4fae3099a48a0814311172e8bbb0bc384b25ac254272807303e848,224,224,JPEG,UNIQUE_CLEAN,KEEP
miss_sr_0062,soybean_rust_anand_train_1006.jpg,soybean__rust,Soybean,Rust,anandvermagmailcom/soybean-leaf-diseases,train,1006,C:\Users\vyasn\OneDrive\Desktop\Disease_prediction\data\external\model2_supplementary\soybean_rust_anand\soybean_rust_anand_train_1006.jpg,67a83261728c78958a0a4a49f6ba92c14e32989970a67f94a115ecbbc666740f,224,224,JPEG,UNIQUE_CLEAN,KEEP
miss_sr_0063,soybean_rust_anand_train_1007.jpg,soybean__rust,Soybean,Rust,anandvermagmailcom/soybean-leaf-diseases,train,1007,C:\Users\vyasn\OneDrive\Desktop\Disease_prediction\data\external\model2_supplementary\soybean_rust_anand\soybean_rust_anand_train_1007.jpg,02a50c5263f5365f50405764d2af744acdef439479bb96b438acb5ce966734c0,224,224,JPEG,UNIQUE_CLEAN,KEEP
miss_sr_0064,soybean_rust_anand_train_1008.jpg,soybean__rust,Soybean,Rust,anandvermagmailcom/soybean-leaf-diseases,train,1008,C:\Users\vyasn\OneDrive\Desktop\Disease_prediction\data\external\model2_supplementary\soybean_rust_anand\soybean_rust_anand_train_1008.jpg,07f413e5cb123d827faae53469563ecacba877bbb639e68ba66747126f826245,224,224,JPEG,UNIQUE_CLEAN,KEEP
miss_sr_0065,soybean_rust_anand_train_1009.jpg,soybean__rust,Soybean,Rust,anandvermagmailcom/soybean-leaf-diseases,train,1009,C:\Users\vyasn\OneDrive\Desktop\Disease_prediction\data\external\model2_supplementary\soybean_rust_anand\soybean_rust_anand_train_1009.jpg,90448f8fd8f7d104b14d7e8dde548b60bc668743099230b9f75708bb9344e68f,224,224,JPEG,UNIQUE_CLEAN,KEEP
miss_sr_0066,soybean_rust_anand_train_1010.jpg,soybean__rust,Soybean,Rust,anandvermagmailcom/soybean-leaf-diseases,train,1010,C:\Users\vyasn\OneDrive\Desktop\Disease_prediction\data\external\model2_supplementary\soybean_rust_anand\soybean_rust_anand_train_1010.jpg,9cdeceed812f03cc7f302b5ec6a77f55bcbea6c814c3de7649c090173a8f25f0,224,224,JPEG,UNIQUE_CLEAN,KEEP
miss_sr_0067,soybean_rust_anand_train_1011.jpg,soybean__rust,Soybean,Rust,anandvermagmailcom/soybean-leaf-diseases,train,1011,C:\Users\vyasn\OneDrive\Desktop\Disease_prediction\data\external\model2_supplementary\soybean_rust_anand\soybean_rust_anand_train_1011.jpg,486a5dadf68d3e76431bf1d3b61e9558fad15b6ba62bebc3383af7e9fbdf4d0a,224,224,JPEG,UNIQUE_CLEAN,KEEP
miss_sr_0068,soybean_rust_anand_train_1012.jpg,soybean__rust,Soybean,Rust,anandvermagmailcom/soybean-leaf-diseases,train,1012,C:\Users\vyasn\OneDrive\Desktop\Disease_prediction\data\external\model2_supplementary\soybean_rust_anand\soybean_rust_anand_train_1012.jpg,e0730355702831ae5f4a4607b190cd3494b0f60fa3e0f1e8be7e111d25c27191,224,224,JPEG,UNIQUE_CLEAN,KEEP
miss_sr_0069,soybean_rust_anand_train_1013.jpg,soybean__rust,Soybean,Rust,anandvermagmailcom/soybean-leaf-diseases,train,1013,C:\Users\vyasn\OneDrive\Desktop\Disease_prediction\data\external\model2_supplementary\soybean_rust_anand\soybean_rust_anand_train_1013.jpg,4abef5068f8029813b578da30d07c7151d5d50278e149a6058ba34fc4c16b401,224,224,JPEG,UNIQUE_CLEAN,KEEP
miss_sr_0070,soybean_rust_anand_train_1014.jpg,soybean__rust,Soybean,Rust,anandvermagmailcom/soybean-leaf-diseases,train,1014,C:\Users\vyasn\OneDrive\Desktop\Disease_prediction\data\external\model2_supplementary\soybean_rust_anand\soybean_rust_anand_train_1014.jpg,10a7805d1d9b35c6520a6afc362fa511091c6732b3f5fd9bccd2e06702211635,224,224,JPEG,UNIQUE_CLEAN,KEEP
miss_sr_0071,soybean_rust_anand_train_1015.jpg,soybean__rust,Soybean,Rust,anandvermagmailcom/soybean-leaf-diseases,train,1015,C:\Users\vyasn\OneDrive\Desktop\Disease_prediction\data\external\model2_supplementary\soybean_rust_anand\soybean_rust_anand_train_1015.jpg,de8fd8a34d009913c80cfa997b64c21a45b4caec199a9fb596c79294e9e82f51,224,224,JPEG,UNIQUE_CLEAN,KEEP
miss_sr_0072,soybean_rust_anand_train_1016.jpg,soybean__rust,Soybean,Rust,anandvermagmailcom/soybean-leaf-diseases,train,1016,C:\Users\vyasn\OneDrive\Desktop\Disease_prediction\data\external\model2_supplementary\soybean_rust_anand\soybean_rust_anand_train_1016.jpg,518c78cc7af9db37cdb771ab89213a9e4c8f212c75bd3368fca8241f9613e298,224,224,JPEG,UNIQUE_CLEAN,KEEP
miss_sr_0073,soybean_rust_anand_train_1017.jpg,soybean__rust,Soybean,Rust,anandvermagmailcom/soybean-leaf-diseases,train,1017,C:\Users\vyasn\OneDrive\Desktop\Disease_prediction\data\external\model2_supplementary\soybean_rust_anand\soybean_rust_anand_train_1017.jpg,1f394fc7823383ec7d869f0eed720a58bd411fbfabcfa864188ae460a17c30b4,224,224,JPEG,UNIQUE_CLEAN,KEEP
miss_sr_0074,soybean_rust_anand_train_1018.jpg,soybean__rust,Soybean,Rust,anandvermagmailcom/soybean-leaf-diseases,train,1018,C:\Users\vyasn\OneDrive\Desktop\Disease_prediction\data\external\model2_supplementary\soybean_rust_anand\soybean_rust_anand_train_1018.jpg,bf0051ee5669284173e6cc5d4cd081944c94ce65fc1a3e32b0e4277799625fd6,224,224,JPEG,UNIQUE_CLEAN,KEEP
miss_sr_0075,soybean_rust_anand_train_1019.jpg,soybean__rust,Soybean,Rust,anandvermagmailcom/soybean-leaf-diseases,train,1019,C:\Users\vyasn\OneDrive\Desktop\Disease_prediction\data\external\model2_supplementary\soybean_rust_anand\soybean_rust_anand_train_1019.jpg,4222a111062ef7bb8756f104cec2b1b683dd9f879f13a4d7e2296a46c61db8a3,224,224,JPEG,UNIQUE_CLEAN,KEEP
miss_sr_0076,soybean_rust_anand_train_1020.jpg,soybean__rust,Soybean,Rust,anandvermagmailcom/soybean-leaf-diseases,train,1020,C:\Users\vyasn\OneDrive\Desktop\Disease_prediction\data\external\model2_supplementary\soybean_rust_anand\soybean_rust_anand_train_1020.jpg,1c07dc0a5a362bea0a051e0fe17b655be34183db88c58bcb904e09de08c4be93,224,224,JPEG,UNIQUE_CLEAN,KEEP
miss_sr_0077,soybean_rust_anand_train_1021.jpg,soybean__rust,Soybean,Rust,anandvermagmailcom/soybean-leaf-diseases,train,1021,C:\Users\vyasn\OneDrive\Desktop\Disease_prediction\data\external\model2_supplementary\soybean_rust_anand\soybean_rust_anand_train_1021.jpg,17b3a0a64ed0db2f865446be7789a2da0ae877b21bb9786726c3e743dadd6b83,224,224,JPEG,UNIQUE_CLEAN,KEEP
miss_sr_0078,soybean_rust_anand_train_1022.jpg,soybean__rust,Soybean,Rust,anandvermagmailcom/soybean-leaf-diseases,train,1022,C:\Users\vyasn\OneDrive\Desktop\Disease_prediction\data\external\model2_supplementary\soybean_rust_anand\soybean_rust_anand_train_1022.jpg,9558eecb4f1404389cd27f6b1769f1e583a2fe1b95d1fd1c97ba342d2e0afa16,224,224,JPEG,UNIQUE_CLEAN,KEEP
miss_sr_0079,soybean_rust_anand_train_1023.jpg,soybean__rust,Soybean,Rust,anandvermagmailcom/soybean-leaf-diseases,train,1023,C:\Users\vyasn\OneDrive\Desktop\Disease_prediction\data\external\model2_supplementary\soybean_rust_anand\soybean_rust_anand_train_1023.jpg,ea523756ab7202f4fc84565cbee38e3ea1bbd93b4f90fdfbf9dd224afa134149,224,224,JPEG,UNIQUE_CLEAN,KEEP
miss_sr_0080,soybean_rust_anand_train_1024.jpg,soybean__rust,Soybean,Rust,anandvermagmailcom/soybean-leaf-diseases,train,1024,C:\Users\vyasn\OneDrive\Desktop\Disease_prediction\data\external\model2_supplementary\soybean_rust_anand\soybean_rust_anand_train_1024.jpg,24695f9b685e21dcef3f03df5f9bfe49849792d3379bc3498afc260f5a35014c,224,224,JPEG,UNIQUE_CLEAN,KEEP
miss_sr_0081,soybean_rust_anand_train_1025.jpg,soybean__rust,Soybean,Rust,anandvermagmailcom/soybean-leaf-diseases,train,1025,C:\Users\vyasn\OneDrive\Desktop\Disease_prediction\data\external\model2_supplementary\soybean_rust_anand\soybean_rust_anand_train_1025.jpg,a7a10ffba0bf81cbfc3bba6593c07714ce3e1a6eaf51ebc6840296d712a18aa3,224,224,JPEG,UNIQUE_CLEAN,KEEP
miss_sr_0082,soybean_rust_anand_train_1026.jpg,soybean__rust,Soybean,Rust,anandvermagmailcom/soybean-leaf-diseases,train,1026,C:\Users\vyasn\OneDrive\Desktop\Disease_prediction\data\external\model2_supplementary\soybean_rust_anand\soybean_rust_anand_train_1026.jpg,fcb1bbb82c83f14cc9a2214569414f249c83a81dcb537869c3809406115e5801,224,224,JPEG,UNIQUE_CLEAN,KEEP
miss_sr_0083,soybean_rust_anand_train_1027.jpg,soybean__rust,Soybean,Rust,anandvermagmailcom/soybean-leaf-diseases,train,1027,C:\Users\vyasn\OneDrive\Desktop\Disease_prediction\data\external\model2_supplementary\soybean_rust_anand\soybean_rust_anand_train_1027.jpg,57d4b130eaa32bce69a99b4335a6ab8d7c1890733df8213679b9fb98fb737ec9,224,224,JPEG,UNIQUE_CLEAN,KEEP
miss_sr_0084,soybean_rust_anand_train_1028.jpg,soybean__rust,Soybean,Rust,anandvermagmailcom/soybean-leaf-diseases,train,1028,C:\Users\vyasn\OneDrive\Desktop\Disease_prediction\data\external\model2_supplementary\soybean_rust_anand\soybean_rust_anand_train_1028.jpg,645f7e47133ba5c59c6ae9fd50dcd3e7106fd608c207cc2b41c0c45431747344,224,224,JPEG,UNIQUE_CLEAN,KEEP
miss_sr_0085,soybean_rust_anand_train_1029.jpg,soybean__rust,Soybean,Rust,anandvermagmailcom/soybean-leaf-diseases,train,1029,C:\Users\vyasn\OneDrive\Desktop\Disease_prediction\data\external\model2_supplementary\soybean_rust_anand\soybean_rust_anand_train_1029.jpg,6e582131266b886a9f3449d1c4d2489e73a3b5535fa38b9d864555f153f0d424,224,224,JPEG,UNIQUE_CLEAN,KEEP
miss_sr_0086,soybean_rust_anand_train_1030.jpg,soybean__rust,Soybean,Rust,anandvermagmailcom/soybean-leaf-diseases,train,1030,C:\Users\vyasn\OneDrive\Desktop\Disease_prediction\data\external\model2_supplementary\soybean_rust_anand\soybean_rust_anand_train_1030.jpg,1f2f111dc3de3d2a633f31131db4ab5f3a2e47b5749f54fa7d97d4700312e0a0,224,224,JPEG,UNIQUE_CLEAN,KEEP
miss_sr_0087,soybean_rust_anand_train_1031.jpg,soybean__rust,Soybean,Rust,anandvermagmailcom/soybean-leaf-diseases,train,1031,C:\Users\vyasn\OneDrive\Desktop\Disease_prediction\data\external\model2_supplementary\soybean_rust_anand\soybean_rust_anand_train_1031.jpg,bc3f890b75dd0724d92f0e49a1df44b10bc9d52804834b90eb30216acd476502,224,224,JPEG,UNIQUE_CLEAN,KEEP
miss_sr_0088,soybean_rust_anand_train_1032.jpg,soybean__rust,Soybean,Rust,anandvermagmailcom/soybean-leaf-diseases,train,1032,C:\Users\vyasn\OneDrive\Desktop\Disease_prediction\data\external\model2_supplementary\soybean_rust_anand\soybean_rust_anand_train_1032.jpg,be1ac1469b507312051c32febb2994efddb76c7ac43180f41e77bb07e604dbc1,224,224,JPEG,UNIQUE_CLEAN,KEEP
miss_sr_0089,soybean_rust_anand_train_1033.jpg,soybean__rust,Soybean,Rust,anandvermagmailcom/soybean-leaf-diseases,train,1033,C:\Users\vyasn\OneDrive\Desktop\Disease_prediction\data\external\model2_supplementary\soybean_rust_anand\soybean_rust_anand_train_1033.jpg,c6ad72937183af0b4a032b160bb7b3062d98bbe9acb386e3338130cbb212f919,224,224,JPEG,UNIQUE_CLEAN,KEEP
miss_sr_0090,soybean_rust_anand_train_1034.jpg,soybean__rust,Soybean,Rust,anandvermagmailcom/soybean-leaf-diseases,train,1034,C:\Users\vyasn\OneDrive\Desktop\Disease_prediction\data\external\model2_supplementary\soybean_rust_anand\soybean_rust_anand_train_1034.jpg,baa78fd45b8f219be9f0a22650a6f4080773bbca86135ef5da8e8fa1bb130bf9,224,224,JPEG,UNIQUE_CLEAN,KEEP
miss_sr_0091,soybean_rust_anand_train_1035.jpg,soybean__rust,Soybean,Rust,anandvermagmailcom/soybean-leaf-diseases,train,1035,C:\Users\vyasn\OneDrive\Desktop\Disease_prediction\data\external\model2_supplementary\soybean_rust_anand\soybean_rust_anand_train_1035.jpg,18f930645bf9a6fdaaa2b7370233fe9153e6d708dd56f193a7f08aacaaf3d3fd,224,224,JPEG,UNIQUE_CLEAN,KEEP
miss_sr_0092,soybean_rust_anand_train_1036.jpg,soybean__rust,Soybean,Rust,anandvermagmailcom/soybean-leaf-diseases,train,1036,C:\Users\vyasn\OneDrive\Desktop\Disease_prediction\data\external\model2_supplementary\soybean_rust_anand\soybean_rust_anand_train_1036.jpg,8ae69bfb3e0cf329f3371426f54a5e1559d39c4d1a7ed4d2ce9405abdd792cda,224,224,JPEG,UNIQUE_CLEAN,KEEP
miss_sr_0093,soybean_rust_anand_train_1037.jpg,soybean__rust,Soybean,Rust,anandvermagmailcom/soybean-leaf-diseases,train,1037,C:\Users\vyasn\OneDrive\Desktop\Disease_prediction\data\external\model2_supplementary\soybean_rust_anand\soybean_rust_anand_train_1037.jpg,3ece53cc5378fda8f851fda4eaa69558d913794f4a46400c030fd448e638dc3b,224,224,JPEG,UNIQUE_CLEAN,KEEP
miss_sr_0094,soybean_rust_anand_train_1038.jpg,soybean__rust,Soybean,Rust,anandvermagmailcom/soybean-leaf-diseases,train,1038,C:\Users\vyasn\OneDrive\Desktop\Disease_prediction\data\external\model2_supplementary\soybean_rust_anand\soybean_rust_anand_train_1038.jpg,19ca10541eda876f67d872b9302b4d0ea4fe1517a7b7b67a56404e04764a8960,224,224,JPEG,UNIQUE_CLEAN,KEEP
miss_sr_0095,soybean_rust_anand_train_1039.jpg,soybean__rust,Soybean,Rust,anandvermagmailcom/soybean-leaf-diseases,train,1039,C:\Users\vyasn\OneDrive\Desktop\Disease_prediction\data\external\model2_supplementary\soybean_rust_anand\soybean_rust_anand_train_1039.jpg,b2f3ada62ef59ebafca63c9274de4bae13d58d2bda07c500ae1d9f8ab5dae28f,224,224,JPEG,UNIQUE_CLEAN,KEEP
miss_sr_0096,soybean_rust_anand_train_1040.jpg,soybean__rust,Soybean,Rust,anandvermagmailcom/soybean-leaf-diseases,train,1040,C:\Users\vyasn\OneDrive\Desktop\Disease_prediction\data\external\model2_supplementary\soybean_rust_anand\soybean_rust_anand_train_1040.jpg,26c6cb82a62baf92abc9c33b6f9f42962a7487c14d05d9f450ba51861e43986e,224,224,JPEG,UNIQUE_CLEAN,KEEP
miss_sr_0097,soybean_rust_anand_train_1041.jpg,soybean__rust,Soybean,Rust,anandvermagmailcom/soybean-leaf-diseases,train,1041,C:\Users\vyasn\OneDrive\Desktop\Disease_prediction\data\external\model2_supplementary\soybean_rust_anand\soybean_rust_anand_train_1041.jpg,d5a601e97de294461f6f8bceaf51b4e36c380b91da7f019817ee693b13381483,224,224,JPEG,UNIQUE_CLEAN,KEEP
miss_sr_0098,soybean_rust_anand_train_1042.jpg,soybean__rust,Soybean,Rust,anandvermagmailcom/soybean-leaf-diseases,train,1042,C:\Users\vyasn\OneDrive\Desktop\Disease_prediction\data\external\model2_supplementary\soybean_rust_anand\soybean_rust_anand_train_1042.jpg,aca6317dd0a53de39d212119c580d0c02c5931d58a78c7038133949299f775b3,224,224,JPEG,UNIQUE_CLEAN,KEEP
miss_sr_0099,soybean_rust_anand_train_1043.jpg,soybean__rust,Soybean,Rust,anandvermagmailcom/soybean-leaf-diseases,train,1043,C:\Users\vyasn\OneDrive\Desktop\Disease_prediction\data\external\model2_supplementary\soybean_rust_anand\soybean_rust_anand_train_1043.jpg,d473a94d5356a64a239290b07ea418e321c5b5f75bf7a1d02e38fe6e6130d57d,224,224,JPEG,UNIQUE_CLEAN,KEEP
miss_sr_0100,soybean_rust_anand_train_1044.jpg,soybean__rust,Soybean,Rust,anandvermagmailcom/soybean-leaf-diseases,train,1044,C:\Users\vyasn\OneDrive\Desktop\Disease_prediction\data\external\model2_supplementary\soybean_rust_anand\soybean_rust_anand_train_1044.jpg,09f1ba981db3e1733bab7f290ae006ee424437830d5e2c18e2567070622efd56,224,224,JPEG,UNIQUE_CLEAN,KEEP
miss_sr_0101,soybean_rust_anand_train_1045.jpg,soybean__rust,Soybean,Rust,anandvermagmailcom/soybean-leaf-diseases,train,1045,C:\Users\vyasn\OneDrive\Desktop\Disease_prediction\data\external\model2_supplementary\soybean_rust_anand\soybean_rust_anand_train_1045.jpg,d9581fa55a989b22412a2072cf7a946a4bac1c127f169ace5cd6d2c26658ac81,224,224,JPEG,UNIQUE_CLEAN,KEEP
miss_sr_0102,soybean_rust_anand_train_1046.jpg,soybean__rust,Soybean,Rust,anandvermagmailcom/soybean-leaf-diseases,train,1046,C:\Users\vyasn\OneDrive\Desktop\Disease_prediction\data\external\model2_supplementary\soybean_rust_anand\soybean_rust_anand_train_1046.jpg,8aadeb0bcf36fa5fb7beb85d6f18519fad77f2678203efd61f21d771dfb1180c,224,224,JPEG,UNIQUE_CLEAN,KEEP
miss_sr_0103,soybean_rust_anand_train_1047.jpg,soybean__rust,Soybean,Rust,anandvermagmailcom/soybean-leaf-diseases,train,1047,C:\Users\vyasn\OneDrive\Desktop\Disease_prediction\data\external\model2_supplementary\soybean_rust_anand\soybean_rust_anand_train_1047.jpg,d152597a268ef79797e95321f0e261b22e669091b55c0d94ba00dad3e0850f4d,224,224,JPEG,UNIQUE_CLEAN,KEEP
miss_sr_0104,soybean_rust_anand_train_1048.jpg,soybean__rust,Soybean,Rust,anandvermagmailcom/soybean-leaf-diseases,train,1048,C:\Users\vyasn\OneDrive\Desktop\Disease_prediction\data\external\model2_supplementary\soybean_rust_anand\soybean_rust_anand_train_1048.jpg,adf394458da7e8e7e85462dd6993d109932b87b417b83f64988fde9c59519e01,224,224,JPEG,UNIQUE_CLEAN,KEEP
miss_sr_0105,soybean_rust_anand_train_1049.jpg,soybean__rust,Soybean,Rust,anandvermagmailcom/soybean-leaf-diseases,train,1049,C:\Users\vyasn\OneDrive\Desktop\Disease_prediction\data\external\model2_supplementary\soybean_rust_anand\soybean_rust_anand_train_1049.jpg,49424e45bcafde6635ec7e6779320021a07b904cb13fec8c461dac1e72fe854b,224,224,JPEG,UNIQUE_CLEAN,KEEP
miss_sr_0106,soybean_rust_anand_train_1050.jpg,soybean__rust,Soybean,Rust,anandvermagmailcom/soybean-leaf-diseases,train,1050,C:\Users\vyasn\OneDrive\Desktop\Disease_prediction\data\external\model2_supplementary\soybean_rust_anand\soybean_rust_anand_train_1050.jpg,673047b1331dd13e8237d26780a3e7513819a13ebff3e03d7488c804f3318aae,224,224,JPEG,UNIQUE_CLEAN,KEEP
miss_sr_0107,soybean_rust_anand_train_1051.jpg,soybean__rust,Soybean,Rust,anandvermagmailcom/soybean-leaf-diseases,train,1051,C:\Users\vyasn\OneDrive\Desktop\Disease_prediction\data\external\model2_supplementary\soybean_rust_anand\soybean_rust_anand_train_1051.jpg,fac1943119ee5b166f8b3f560fd65edb13c7380a76534452c6106940af2ff37f,224,224,JPEG,UNIQUE_CLEAN,KEEP
miss_sr_0108,soybean_rust_anand_train_1052.jpg,soybean__rust,Soybean,Rust,anandvermagmailcom/soybean-leaf-diseases,train,1052,C:\Users\vyasn\OneDrive\Desktop\Disease_prediction\data\external\model2_supplementary\soybean_rust_anand\soybean_rust_anand_train_1052.jpg,2a3cd01fd30dd3606bcd593b23c15d3ecd50ba67543b4364e450ce0d4f5c31a0,224,224,JPEG,UNIQUE_CLEAN,KEEP
miss_sr_0109,soybean_rust_anand_train_1053.jpg,soybean__rust,Soybean,Rust,anandvermagmailcom/soybean-leaf-diseases,train,1053,C:\Users\vyasn\OneDrive\Desktop\Disease_prediction\data\external\model2_supplementary\soybean_rust_anand\soybean_rust_anand_train_1053.jpg,53fb3cdf0a59168e0a33c3f2d6f416e9ae888030289ec028c3e899d28a8b6cc2,224,224,JPEG,UNIQUE_CLEAN,KEEP
miss_sr_0110,soybean_rust_anand_train_1054.jpg,soybean__rust,Soybean,Rust,anandvermagmailcom/soybean-leaf-diseases,train,1054,C:\Users\vyasn\OneDrive\Desktop\Disease_prediction\data\external\model2_supplementary\soybean_rust_anand\soybean_rust_anand_train_1054.jpg,44359af23e9ca72972ee5faaf6d204f82376d4c3d8ba16995c0d238966ab6945,224,224,JPEG,UNIQUE_CLEAN,KEEP
miss_sr_0111,soybean_rust_anand_train_1055.jpg,soybean__rust,Soybean,Rust,anandvermagmailcom/soybean-leaf-diseases,train,1055,C:\Users\vyasn\OneDrive\Desktop\Disease_prediction\data\external\model2_supplementary\soybean_rust_anand\soybean_rust_anand_train_1055.jpg,dfd911a47ea0474bea11ee82a7ee0aaa04abcc43720ac5643281cb7cea21cc53,224,224,JPEG,UNIQUE_CLEAN,KEEP
miss_sr_0112,soybean_rust_anand_train_1056.jpg,soybean__rust,Soybean,Rust,anandvermagmailcom/soybean-leaf-diseases,train,1056,C:\Users\vyasn\OneDrive\Desktop\Disease_prediction\data\external\model2_supplementary\soybean_rust_anand\soybean_rust_anand_train_1056.jpg,713f750a01a1331fbc9c64567e1a21439268f763a79d72e40e08d3f11ede30c6,224,224,JPEG,UNIQUE_CLEAN,KEEP
miss_sr_0113,soybean_rust_anand_train_1057.jpg,soybean__rust,Soybean,Rust,anandvermagmailcom/soybean-leaf-diseases,train,1057,C:\Users\vyasn\OneDrive\Desktop\Disease_prediction\data\external\model2_supplementary\soybean_rust_anand\soybean_rust_anand_train_1057.jpg,41af4b790b94c49a05c9ed56f96745eb7cf5008ac572208f1b0cbc9ef7d6b739,224,224,JPEG,UNIQUE_CLEAN,KEEP
miss_sr_0114,soybean_rust_anand_train_1058.jpg,soybean__rust,Soybean,Rust,anandvermagmailcom/soybean-leaf-diseases,train,1058,C:\Users\vyasn\OneDrive\Desktop\Disease_prediction\data\external\model2_supplementary\soybean_rust_anand\soybean_rust_anand_train_1058.jpg,65ddd2873ad10d2fe18e700fca005bcf3e310d13d28cec4473dea8ecef07dc84,224,224,JPEG,UNIQUE_CLEAN,KEEP
miss_sr_0115,soybean_rust_anand_train_1059.jpg,soybean__rust,Soybean,Rust,anandvermagmailcom/soybean-leaf-diseases,train,1059,C:\Users\vyasn\OneDrive\Desktop\Disease_prediction\data\external\model2_supplementary\soybean_rust_anand\soybean_rust_anand_train_1059.jpg,13c50b340c337374a069f3d3f831e091a688b87d0e7d2474d06aed8dea8f043e,224,224,JPEG,UNIQUE_CLEAN,KEEP
miss_sr_0116,soybean_rust_anand_train_1060.jpg,soybean__rust,Soybean,Rust,anandvermagmailcom/soybean-leaf-diseases,train,1060,C:\Users\vyasn\OneDrive\Desktop\Disease_prediction\data\external\model2_supplementary\soybean_rust_anand\soybean_rust_anand_train_1060.jpg,26e4b123f257c982f595af2ce83cfcb124d6954149aaa57d8cb1d3afee5b3bfd,224,224,JPEG,UNIQUE_CLEAN,KEEP
miss_sr_0117,soybean_rust_anand_train_1061.jpg,soybean__rust,Soybean,Rust,anandvermagmailcom/soybean-leaf-diseases,train,1061,C:\Users\vyasn\OneDrive\Desktop\Disease_prediction\data\external\model2_supplementary\soybean_rust_anand\soybean_rust_anand_train_1061.jpg,50a2ff65612d7a157498983b74839f7a266d24354ae0c95af09a504464a892b0,224,224,JPEG,UNIQUE_CLEAN,KEEP
miss_sr_0118,soybean_rust_anand_train_1062.jpg,soybean__rust,Soybean,Rust,anandvermagmailcom/soybean-leaf-diseases,train,1062,C:\Users\vyasn\OneDrive\Desktop\Disease_prediction\data\external\model2_supplementary\soybean_rust_anand\soybean_rust_anand_train_1062.jpg,72962c0dc0926db63eb4c92cba1336da2afa484ff94c729f7a3655d40c2966c1,224,224,JPEG,UNIQUE_CLEAN,KEEP
miss_sr_0119,soybean_rust_anand_train_1063.jpg,soybean__rust,Soybean,Rust,anandvermagmailcom/soybean-leaf-diseases,train,1063,C:\Users\vyasn\OneDrive\Desktop\Disease_prediction\data\external\model2_supplementary\soybean_rust_anand\soybean_rust_anand_train_1063.jpg,47f4b15ed9d0b2cf56fcadd3334945daf3ced13221f001715c83ca72b2293006,224,224,JPEG,UNIQUE_CLEAN,KEEP
miss_sr_0120,soybean_rust_anand_train_1064.jpg,soybean__rust,Soybean,Rust,anandvermagmailcom/soybean-leaf-diseases,train,1064,C:\Users\vyasn\OneDrive\Desktop\Disease_prediction\data\external\model2_supplementary\soybean_rust_anand\soybean_rust_anand_train_1064.jpg,af0e5e820f7321472fc98f8ee5178cce7d64b083d39c6abf7d0bd7cbce6d65be,224,224,JPEG,UNIQUE_CLEAN,KEEP
miss_sr_0121,soybean_rust_anand_train_1065.jpg,soybean__rust,Soybean,Rust,anandvermagmailcom/soybean-leaf-diseases,train,1065,C:\Users\vyasn\OneDrive\Desktop\Disease_prediction\data\external\model2_supplementary\soybean_rust_anand\soybean_rust_anand_train_1065.jpg,af76d1f9b0cec1c6aa94c77734eb68a441539248ac920629156c5ebf60663bc5,224,224,JPEG,UNIQUE_CLEAN,KEEP
miss_sr_0122,soybean_rust_anand_train_1066.jpg,soybean__rust,Soybean,Rust,anandvermagmailcom/soybean-leaf-diseases,train,1066,C:\Users\vyasn\OneDrive\Desktop\Disease_prediction\data\external\model2_supplementary\soybean_rust_anand\soybean_rust_anand_train_1066.jpg,d414359d60cb1fa4a7666c9af6d4a75eb5f659e74aa4aa365aa94ce70859ba1c,224,224,JPEG,UNIQUE_CLEAN,KEEP
miss_sr_0123,soybean_rust_anand_train_1067.jpg,soybean__rust,Soybean,Rust,anandvermagmailcom/soybean-leaf-diseases,train,1067,C:\Users\vyasn\OneDrive\Desktop\Disease_prediction\data\external\model2_supplementary\soybean_rust_anand\soybean_rust_anand_train_1067.jpg,c31cdbe636864b294ffea101db306d2583d65c8d0cfa2d75d0437d23a3936b1c,224,224,JPEG,UNIQUE_CLEAN,KEEP
miss_sr_0124,soybean_rust_anand_train_1068.jpg,soybean__rust,Soybean,Rust,anandvermagmailcom/soybean-leaf-diseases,train,1068,C:\Users\vyasn\OneDrive\Desktop\Disease_prediction\data\external\model2_supplementary\soybean_rust_anand\soybean_rust_anand_train_1068.jpg,d8fb59a97d2db04ff080eceba98176bebe9ca8d71f133d479443db4d9d1f0c8f,224,224,JPEG,UNIQUE_CLEAN,KEEP
miss_sr_0125,soybean_rust_anand_train_1069.jpg,soybean__rust,Soybean,Rust,anandvermagmailcom/soybean-leaf-diseases,train,1069,C:\Users\vyasn\OneDrive\Desktop\Disease_prediction\data\external\model2_supplementary\soybean_rust_anand\soybean_rust_anand_train_1069.jpg,47069e2a0ad446dfed635a1901dce59d9a1bd60d8f38ade69c7665167cc5feb9,224,224,JPEG,UNIQUE_CLEAN,KEEP
miss_sr_0126,soybean_rust_anand_train_1070.jpg,soybean__rust,Soybean,Rust,anandvermagmailcom/soybean-leaf-diseases,train,1070,C:\Users\vyasn\OneDrive\Desktop\Disease_prediction\data\external\model2_supplementary\soybean_rust_anand\soybean_rust_anand_train_1070.jpg,4ef6d2198d4ec410313de96b7fbd67cc076a27e5d281573e5d624670a0137728,224,224,JPEG,UNIQUE_CLEAN,KEEP
miss_sr_0127,soybean_rust_anand_train_1071.jpg,soybean__rust,Soybean,Rust,anandvermagmailcom/soybean-leaf-diseases,train,1071,C:\Users\vyasn\OneDrive\Desktop\Disease_prediction\data\external\model2_supplementary\soybean_rust_anand\soybean_rust_anand_train_1071.jpg,430649d23f22cfe4b2870731b99f2ef80f2e1e0e106714dc39ce6ba9b0fa5a62,224,224,JPEG,UNIQUE_CLEAN,KEEP
miss_sr_0128,soybean_rust_anand_train_1072.jpg,soybean__rust,Soybean,Rust,anandvermagmailcom/soybean-leaf-diseases,train,1072,C:\Users\vyasn\OneDrive\Desktop\Disease_prediction\data\external\model2_supplementary\soybean_rust_anand\soybean_rust_anand_train_1072.jpg,ff6d31d2e619bc3e86027a8b5c50826b6a15e26db052f3a11b6a294799b28c10,224,224,JPEG,UNIQUE_CLEAN,KEEP
miss_sr_0129,soybean_rust_anand_train_1073.jpg,soybean__rust,Soybean,Rust,anandvermagmailcom/soybean-leaf-diseases,train,1073,C:\Users\vyasn\OneDrive\Desktop\Disease_prediction\data\external\model2_supplementary\soybean_rust_anand\soybean_rust_anand_train_1073.jpg,bc507c5570987f538bd3ffb8479ba4fff6a248cb240f8dd4a039a99df7fedc7e,224,224,JPEG,UNIQUE_CLEAN,KEEP
miss_sr_0130,soybean_rust_anand_train_1074.jpg,soybean__rust,Soybean,Rust,anandvermagmailcom/soybean-leaf-diseases,train,1074,C:\Users\vyasn\OneDrive\Desktop\Disease_prediction\data\external\model2_supplementary\soybean_rust_anand\soybean_rust_anand_train_1074.jpg,1021d3a2c5381d13c289938b48a351cdb3e39053d388659ff67d4279e77e67ab,224,224,JPEG,UNIQUE_CLEAN,KEEP
miss_sr_0131,soybean_rust_anand_train_1075.jpg,soybean__rust,Soybean,Rust,anandvermagmailcom/soybean-leaf-diseases,train,1075,C:\Users\vyasn\OneDrive\Desktop\Disease_prediction\data\external\model2_supplementary\soybean_rust_anand\soybean_rust_anand_train_1075.jpg,16ee1b0166fe30085d9a07e417772a782c03197c36b8fdbe5106482e3b1d9e40,224,224,JPEG,UNIQUE_CLEAN,KEEP
miss_sr_0132,soybean_rust_anand_train_1076.jpg,soybean__rust,Soybean,Rust,anandvermagmailcom/soybean-leaf-diseases,train,1076,C:\Users\vyasn\OneDrive\Desktop\Disease_prediction\data\external\model2_supplementary\soybean_rust_anand\soybean_rust_anand_train_1076.jpg,eb1319c746a4f6d45666cfdf6d2b8f019c7cfec564b2f30db71d4ef43b408ddb,224,224,JPEG,UNIQUE_CLEAN,KEEP
miss_sr_0133,soybean_rust_anand_train_1077.jpg,soybean__rust,Soybean,Rust,anandvermagmailcom/soybean-leaf-diseases,train,1077,C:\Users\vyasn\OneDrive\Desktop\Disease_prediction\data\external\model2_supplementary\soybean_rust_anand\soybean_rust_anand_train_1077.jpg,b90fd7e34015c7040a511faf3c79bcd522d3555b0df2801f46e1c77666a8086d,224,224,JPEG,UNIQUE_CLEAN,KEEP
miss_sr_0134,soybean_rust_anand_train_1078.jpg,soybean__rust,Soybean,Rust,anandvermagmailcom/soybean-leaf-diseases,train,1078,C:\Users\vyasn\OneDrive\Desktop\Disease_prediction\data\external\model2_supplementary\soybean_rust_anand\soybean_rust_anand_train_1078.jpg,719d578c8b1a56ad23c6462a01f7dc4e0b5bd6d50989bb68520d0d772d6369aa,224,224,JPEG,UNIQUE_CLEAN,KEEP
miss_sr_0135,soybean_rust_anand_train_1079.jpg,soybean__rust,Soybean,Rust,anandvermagmailcom/soybean-leaf-diseases,train,1079,C:\Users\vyasn\OneDrive\Desktop\Disease_prediction\data\external\model2_supplementary\soybean_rust_anand\soybean_rust_anand_train_1079.jpg,f241c212282564ae9214aaa659307f10a99d49b3b5e9fd3c5de9948fb6afcd81,224,224,JPEG,UNIQUE_CLEAN,KEEP
miss_sr_0136,soybean_rust_anand_train_1080.jpg,soybean__rust,Soybean,Rust,anandvermagmailcom/soybean-leaf-diseases,train,1080,C:\Users\vyasn\OneDrive\Desktop\Disease_prediction\data\external\model2_supplementary\soybean_rust_anand\soybean_rust_anand_train_1080.jpg,bb80fc1298359c26610f3e7648e6356dfcc40d56ddb99e438c097e448c396318,224,224,JPEG,UNIQUE_CLEAN,KEEP
miss_sr_0137,soybean_rust_anand_train_1081.jpg,soybean__rust,Soybean,Rust,anandvermagmailcom/soybean-leaf-diseases,train,1081,C:\Users\vyasn\OneDrive\Desktop\Disease_prediction\data\external\model2_supplementary\soybean_rust_anand\soybean_rust_anand_train_1081.jpg,ae3a8527b479ffb0ec0ae5d68334ead5795cbb9a909c642ce95b92c73350c040,224,224,JPEG,UNIQUE_CLEAN,KEEP
miss_sr_0138,soybean_rust_anand_train_1082.jpg,soybean__rust,Soybean,Rust,anandvermagmailcom/soybean-leaf-diseases,train,1082,C:\Users\vyasn\OneDrive\Desktop\Disease_prediction\data\external\model2_supplementary\soybean_rust_anand\soybean_rust_anand_train_1082.jpg,9931cd9359127688b136d5001c7a15bf35feaf3255b072d79186012d1dc67339,224,224,JPEG,UNIQUE_CLEAN,KEEP
miss_sr_0139,soybean_rust_anand_train_1083.jpg,soybean__rust,Soybean,Rust,anandvermagmailcom/soybean-leaf-diseases,train,1083,C:\Users\vyasn\OneDrive\Desktop\Disease_prediction\data\external\model2_supplementary\soybean_rust_anand\soybean_rust_anand_train_1083.jpg,74683f926ee4e85d75678d940acf849386c19f5cc4f9c488fea45d719be3c76b,224,224,JPEG,UNIQUE_CLEAN,KEEP
miss_sr_0140,soybean_rust_anand_train_1084.jpg,soybean__rust,Soybean,Rust,anandvermagmailcom/soybean-leaf-diseases,train,1084,C:\Users\vyasn\OneDrive\Desktop\Disease_prediction\data\external\model2_supplementary\soybean_rust_anand\soybean_rust_anand_train_1084.jpg,32f0c7e5d151e570c2a09d9a5f97296ce52101ea3b8038ce3e61978d1a767442,224,224,JPEG,UNIQUE_CLEAN,KEEP
miss_sr_0141,soybean_rust_anand_train_1085.jpg,soybean__rust,Soybean,Rust,anandvermagmailcom/soybean-leaf-diseases,train,1085,C:\Users\vyasn\OneDrive\Desktop\Disease_prediction\data\external\model2_supplementary\soybean_rust_anand\soybean_rust_anand_train_1085.jpg,524a02e4d0a79ce7de86d9e01fd91cbc47490ae9e01422143cb9c9d8d2cb7a6b,224,224,JPEG,UNIQUE_CLEAN,KEEP
miss_sr_0142,soybean_rust_anand_train_1086.jpg,soybean__rust,Soybean,Rust,anandvermagmailcom/soybean-leaf-diseases,train,1086,C:\Users\vyasn\OneDrive\Desktop\Disease_prediction\data\external\model2_supplementary\soybean_rust_anand\soybean_rust_anand_train_1086.jpg,a19438d9d6fc9d3d6f44be4ad683d21b858954d9ead3e46c5accd68cdc5b938c,224,224,JPEG,UNIQUE_CLEAN,KEEP
miss_sr_0143,soybean_rust_anand_train_1087.jpg,soybean__rust,Soybean,Rust,anandvermagmailcom/soybean-leaf-diseases,train,1087,C:\Users\vyasn\OneDrive\Desktop\Disease_prediction\data\external\model2_supplementary\soybean_rust_anand\soybean_rust_anand_train_1087.jpg,8c05b0c95ced18e7ec7f3a383a0104c3ab57f795299d2d52a6bcccbfe6af3823,224,224,JPEG,UNIQUE_CLEAN,KEEP
miss_sr_0144,soybean_rust_anand_train_1088.jpg,soybean__rust,Soybean,Rust,anandvermagmailcom/soybean-leaf-diseases,train,1088,C:\Users\vyasn\OneDrive\Desktop\Disease_prediction\data\external\model2_supplementary\soybean_rust_anand\soybean_rust_anand_train_1088.jpg,d5aa9b5ee17b22226fb2b230fbb992da2358ae1643277a00a351922f0c8ace4e,224,224,JPEG,UNIQUE_CLEAN,KEEP
miss_sr_0145,soybean_rust_anand_train_1089.jpg,soybean__rust,Soybean,Rust,anandvermagmailcom/soybean-leaf-diseases,train,1089,C:\Users\vyasn\OneDrive\Desktop\Disease_prediction\data\external\model2_supplementary\soybean_rust_anand\soybean_rust_anand_train_1089.jpg,9c74f25504f908236a5c184456b1eacb59049ef703e51aec9f1493d5e23d1753,224,224,JPEG,UNIQUE_CLEAN,KEEP
miss_sr_0146,soybean_rust_anand_train_1090.jpg,soybean__rust,Soybean,Rust,anandvermagmailcom/soybean-leaf-diseases,train,1090,C:\Users\vyasn\OneDrive\Desktop\Disease_prediction\data\external\model2_supplementary\soybean_rust_anand\soybean_rust_anand_train_1090.jpg,94f7094058e3af9244f22fb98d30d0bd6f4e1afaacf413668e21eab9708e53bc,224,224,JPEG,UNIQUE_CLEAN,KEEP
miss_sr_0147,soybean_rust_anand_train_1091.jpg,soybean__rust,Soybean,Rust,anandvermagmailcom/soybean-leaf-diseases,train,1091,C:\Users\vyasn\OneDrive\Desktop\Disease_prediction\data\external\model2_supplementary\soybean_rust_anand\soybean_rust_anand_train_1091.jpg,1147d604ef59d636fc39e165bda2610c9eeb4fc0dac1c7960f12889776ca8cca,224,224,JPEG,UNIQUE_CLEAN,KEEP
miss_sr_0148,soybean_rust_anand_train_1092.jpg,soybean__rust,Soybean,Rust,anandvermagmailcom/soybean-leaf-diseases,train,1092,C:\Users\vyasn\OneDrive\Desktop\Disease_prediction\data\external\model2_supplementary\soybean_rust_anand\soybean_rust_anand_train_1092.jpg,257ea864b569803c9e9a9199080c7fdff9da7862aa84f340fb56ef957b078cad,224,224,JPEG,UNIQUE_CLEAN,KEEP
miss_sr_0149,soybean_rust_anand_train_1093.jpg,soybean__rust,Soybean,Rust,anandvermagmailcom/soybean-leaf-diseases,train,1093,C:\Users\vyasn\OneDrive\Desktop\Disease_prediction\data\external\model2_supplementary\soybean_rust_anand\soybean_rust_anand_train_1093.jpg,a721871cad9b0a4795b6efea8e618f106d91d4df5799a78a06c5257b6e81c26b,224,224,JPEG,UNIQUE_CLEAN,KEEP
miss_sr_0150,soybean_rust_anand_train_1094.jpg,soybean__rust,Soybean,Rust,anandvermagmailcom/soybean-leaf-diseases,train,1094,C:\Users\vyasn\OneDrive\Desktop\Disease_prediction\data\external\model2_supplementary\soybean_rust_anand\soybean_rust_anand_train_1094.jpg,3b2bbf0a3231ae2caa5aef331431b4afeb5bdfe2013255e11873ee7bc59743bd,224,224,JPEG,UNIQUE_CLEAN,KEEP
miss_sr_0151,soybean_rust_anand_train_1095.jpg,soybean__rust,Soybean,Rust,anandvermagmailcom/soybean-leaf-diseases,train,1095,C:\Users\vyasn\OneDrive\Desktop\Disease_prediction\data\external\model2_supplementary\soybean_rust_anand\soybean_rust_anand_train_1095.jpg,73dd6e39108679c0e25aa914b7d1a1026521c862e837bebb177164b04471f5c9,224,224,JPEG,UNIQUE_CLEAN,KEEP
miss_sr_0152,soybean_rust_anand_train_1096.jpg,soybean__rust,Soybean,Rust,anandvermagmailcom/soybean-leaf-diseases,train,1096,C:\Users\vyasn\OneDrive\Desktop\Disease_prediction\data\external\model2_supplementary\soybean_rust_anand\soybean_rust_anand_train_1096.jpg,eb8bb9f731d9ed9e2480e839dfcff1574955d69bdd3c6df6b7a1a149ec127894,224,224,JPEG,UNIQUE_CLEAN,KEEP
miss_sr_0153,soybean_rust_anand_train_1097.jpg,soybean__rust,Soybean,Rust,anandvermagmailcom/soybean-leaf-diseases,train,1097,C:\Users\vyasn\OneDrive\Desktop\Disease_prediction\data\external\model2_supplementary\soybean_rust_anand\soybean_rust_anand_train_1097.jpg,50c0f85d7fcf864838359fa9f082e0fcffaf2bc92b3431bec16f13b377954c72,224,224,JPEG,UNIQUE_CLEAN,KEEP
miss_sr_0154,soybean_rust_anand_train_1098.jpg,soybean__rust,Soybean,Rust,anandvermagmailcom/soybean-leaf-diseases,train,1098,C:\Users\vyasn\OneDrive\Desktop\Disease_prediction\data\external\model2_supplementary\soybean_rust_anand\soybean_rust_anand_train_1098.jpg,2405d7123f5d647066485636885aac4860219b5b968b6a11753519c8d41b8291,224,224,JPEG,UNIQUE_CLEAN,KEEP
miss_sr_0155,soybean_rust_anand_train_1099.jpg,soybean__rust,Soybean,Rust,anandvermagmailcom/soybean-leaf-diseases,train,1099,C:\Users\vyasn\OneDrive\Desktop\Disease_prediction\data\external\model2_supplementary\soybean_rust_anand\soybean_rust_anand_train_1099.jpg,dc72de12a354e37637c32808f031ab7c3ebf10f32137de65881f894d9e256772,224,224,JPEG,UNIQUE_CLEAN,KEEP
miss_sr_0156,soybean_rust_anand_train_1100.jpg,soybean__rust,Soybean,Rust,anandvermagmailcom/soybean-leaf-diseases,train,1100,C:\Users\vyasn\OneDrive\Desktop\Disease_prediction\data\external\model2_supplementary\soybean_rust_anand\soybean_rust_anand_train_1100.jpg,1fd24cb7c9860441f66128d5c10b3395262c46ef7254a6837efd0313685cfe01,224,224,JPEG,UNIQUE_CLEAN,KEEP
miss_sr_0157,soybean_rust_anand_train_1101.jpg,soybean__rust,Soybean,Rust,anandvermagmailcom/soybean-leaf-diseases,train,1101,C:\Users\vyasn\OneDrive\Desktop\Disease_prediction\data\external\model2_supplementary\soybean_rust_anand\soybean_rust_anand_train_1101.jpg,1c0c0b07a687ad08733b7eeff3669967f5b7f998a2d5163fd2ff90b4dba4f166,224,224,JPEG,UNIQUE_CLEAN,KEEP
miss_sr_0158,soybean_rust_anand_train_1102.jpg,soybean__rust,Soybean,Rust,anandvermagmailcom/soybean-leaf-diseases,train,1102,C:\Users\vyasn\OneDrive\Desktop\Disease_prediction\data\external\model2_supplementary\soybean_rust_anand\soybean_rust_anand_train_1102.jpg,8e313529d63f4565d85d975ebac15d24a127006da4467fbd2d7413a63aa14946,224,224,JPEG,UNIQUE_CLEAN,KEEP
miss_sr_0159,soybean_rust_anand_train_1103.jpg,soybean__rust,Soybean,Rust,anandvermagmailcom/soybean-leaf-diseases,train,1103,C:\Users\vyasn\OneDrive\Desktop\Disease_prediction\data\external\model2_supplementary\soybean_rust_anand\soybean_rust_anand_train_1103.jpg,25c28daefc2e962dcae85295a778c31d2de0f5e97755a4a23e3a39211f5fcc59,224,224,JPEG,UNIQUE_CLEAN,KEEP
miss_sr_0160,soybean_rust_anand_train_1104.jpg,soybean__rust,Soybean,Rust,anandvermagmailcom/soybean-leaf-diseases,train,1104,C:\Users\vyasn\OneDrive\Desktop\Disease_prediction\data\external\model2_supplementary\soybean_rust_anand\soybean_rust_anand_train_1104.jpg,201fa5cbc73a1fa8e608b3fa24db9f222c89909458602f7ab014850acfe056e7,224,224,JPEG,UNIQUE_CLEAN,KEEP
miss_sr_0161,soybean_rust_anand_train_1105.jpg,soybean__rust,Soybean,Rust,anandvermagmailcom/soybean-leaf-diseases,train,1105,C:\Users\vyasn\OneDrive\Desktop\Disease_prediction\data\external\model2_supplementary\soybean_rust_anand\soybean_rust_anand_train_1105.jpg,97c237c19814163a9cec4ed97607334edb9e84a8ff926c95a3a145e97c492b87,224,224,JPEG,UNIQUE_CLEAN,KEEP
miss_sr_0162,soybean_rust_anand_train_1106.jpg,soybean__rust,Soybean,Rust,anandvermagmailcom/soybean-leaf-diseases,train,1106,C:\Users\vyasn\OneDrive\Desktop\Disease_prediction\data\external\model2_supplementary\soybean_rust_anand\soybean_rust_anand_train_1106.jpg,f752fa05f406aa99f2f2b4d3eb8f05edc17ea48090623bacbe81aa73fe9f1e1f,224,224,JPEG,UNIQUE_CLEAN,KEEP
miss_sr_0163,soybean_rust_anand_train_1107.jpg,soybean__rust,Soybean,Rust,anandvermagmailcom/soybean-leaf-diseases,train,1107,C:\Users\vyasn\OneDrive\Desktop\Disease_prediction\data\external\model2_supplementary\soybean_rust_anand\soybean_rust_anand_train_1107.jpg,74160cf8b18107f15966f77d556ce31a559288f0c07845b32b6c2477a543547e,224,224,JPEG,UNIQUE_CLEAN,KEEP
miss_sr_0164,soybean_rust_anand_train_1108.jpg,soybean__rust,Soybean,Rust,anandvermagmailcom/soybean-leaf-diseases,train,1108,C:\Users\vyasn\OneDrive\Desktop\Disease_prediction\data\external\model2_supplementary\soybean_rust_anand\soybean_rust_anand_train_1108.jpg,344a115a3173c633f7c06d4c54b6f58aa0355bfe9ed1860efbd6329ebd94b285,224,224,JPEG,UNIQUE_CLEAN,KEEP
miss_sr_0165,soybean_rust_anand_train_1109.jpg,soybean__rust,Soybean,Rust,anandvermagmailcom/soybean-leaf-diseases,train,1109,C:\Users\vyasn\OneDrive\Desktop\Disease_prediction\data\external\model2_supplementary\soybean_rust_anand\soybean_rust_anand_train_1109.jpg,d47aa873d3028d45f9af3973d5e54961b67e92d4fffe82684c774f4bd9be9a56,224,224,JPEG,UNIQUE_CLEAN,KEEP
miss_sr_0166,soybean_rust_anand_train_1110.jpg,soybean__rust,Soybean,Rust,anandvermagmailcom/soybean-leaf-diseases,train,1110,C:\Users\vyasn\OneDrive\Desktop\Disease_prediction\data\external\model2_supplementary\soybean_rust_anand\soybean_rust_anand_train_1110.jpg,ff50dd99d5a9a090a03105f9ba2b5615d4f4ca9acd77ce2b1e7f17108e1cbbb0,224,224,JPEG,UNIQUE_CLEAN,KEEP
miss_sr_0167,soybean_rust_anand_train_1111.jpg,soybean__rust,Soybean,Rust,anandvermagmailcom/soybean-leaf-diseases,train,1111,C:\Users\vyasn\OneDrive\Desktop\Disease_prediction\data\external\model2_supplementary\soybean_rust_anand\soybean_rust_anand_train_1111.jpg,2c3300a1a3252341333b0344446f18afac88a9a64acfadc1f9284e1f453f5054,224,224,JPEG,UNIQUE_CLEAN,KEEP
miss_sr_0168,soybean_rust_anand_train_1112.jpg,soybean__rust,Soybean,Rust,anandvermagmailcom/soybean-leaf-diseases,train,1112,C:\Users\vyasn\OneDrive\Desktop\Disease_prediction\data\external\model2_supplementary\soybean_rust_anand\soybean_rust_anand_train_1112.jpg,3bfb2333417e1b5e6dc4329ac93850bdf0af6f405d25e65dd228baaebb59f128,224,224,JPEG,UNIQUE_CLEAN,KEEP
miss_sr_0169,soybean_rust_anand_train_1113.jpg,soybean__rust,Soybean,Rust,anandvermagmailcom/soybean-leaf-diseases,train,1113,C:\Users\vyasn\OneDrive\Desktop\Disease_prediction\data\external\model2_supplementary\soybean_rust_anand\soybean_rust_anand_train_1113.jpg,6dc4f6a0e35d7c30818069c30ed87f71039726ecd4a33cfbedb53f2c55d743af,224,224,JPEG,UNIQUE_CLEAN,KEEP
miss_sr_0170,soybean_rust_anand_train_1114.jpg,soybean__rust,Soybean,Rust,anandvermagmailcom/soybean-leaf-diseases,train,1114,C:\Users\vyasn\OneDrive\Desktop\Disease_prediction\data\external\model2_supplementary\soybean_rust_anand\soybean_rust_anand_train_1114.jpg,c0ead4844a532c2f04ea59ac10d58c7b7656dd808fd7406df8c9054374f2b61e,224,224,JPEG,UNIQUE_CLEAN,KEEP
miss_sr_0171,soybean_rust_anand_train_1115.jpg,soybean__rust,Soybean,Rust,anandvermagmailcom/soybean-leaf-diseases,train,1115,C:\Users\vyasn\OneDrive\Desktop\Disease_prediction\data\external\model2_supplementary\soybean_rust_anand\soybean_rust_anand_train_1115.jpg,a9f5289cf9d960d04fd24cf31aec5eaca06d22322d10d6197995bf16e0d2a268,224,224,JPEG,UNIQUE_CLEAN,KEEP
miss_sr_0172,soybean_rust_anand_train_1116.jpg,soybean__rust,Soybean,Rust,anandvermagmailcom/soybean-leaf-diseases,train,1116,C:\Users\vyasn\OneDrive\Desktop\Disease_prediction\data\external\model2_supplementary\soybean_rust_anand\soybean_rust_anand_train_1116.jpg,8fc6dd3c9025866f10e0d3647fd67ae765d15601c29fe629f39b18737255d53e,224,224,JPEG,UNIQUE_CLEAN,KEEP
miss_sr_0173,soybean_rust_anand_train_1117.jpg,soybean__rust,Soybean,Rust,anandvermagmailcom/soybean-leaf-diseases,train,1117,C:\Users\vyasn\OneDrive\Desktop\Disease_prediction\data\external\model2_supplementary\soybean_rust_anand\soybean_rust_anand_train_1117.jpg,1e17f96d08844f22feccc97468b4b9620c638c9b2efc67484a488b2dbbf574aa,224,224,JPEG,UNIQUE_CLEAN,KEEP
miss_sr_0174,soybean_rust_anand_train_1118.jpg,soybean__rust,Soybean,Rust,anandvermagmailcom/soybean-leaf-diseases,train,1118,C:\Users\vyasn\OneDrive\Desktop\Disease_prediction\data\external\model2_supplementary\soybean_rust_anand\soybean_rust_anand_train_1118.jpg,fb937e36b55d8965e4f81cd2fd32f71d44c42061952e3409cee773858d1b7bc0,224,224,JPEG,UNIQUE_CLEAN,KEEP
miss_sr_0175,soybean_rust_anand_train_1119.jpg,soybean__rust,Soybean,Rust,anandvermagmailcom/soybean-leaf-diseases,train,1119,C:\Users\vyasn\OneDrive\Desktop\Disease_prediction\data\external\model2_supplementary\soybean_rust_anand\soybean_rust_anand_train_1119.jpg,55f52a251479c174c25955c88d0e7a0169bf5a5395dd242464308537b02fdc4f,224,224,JPEG,UNIQUE_CLEAN,KEEP
miss_sr_0176,soybean_rust_anand_train_1120.jpg,soybean__rust,Soybean,Rust,anandvermagmailcom/soybean-leaf-diseases,train,1120,C:\Users\vyasn\OneDrive\Desktop\Disease_prediction\data\external\model2_supplementary\soybean_rust_anand\soybean_rust_anand_train_1120.jpg,e7bad3a3bb7271da7ba2b7b750a87d45c0a50e4e2f93392851a0c6eaaadab250,224,224,JPEG,UNIQUE_CLEAN,KEEP
miss_sr_0177,soybean_rust_anand_train_1121.jpg,soybean__rust,Soybean,Rust,anandvermagmailcom/soybean-leaf-diseases,train,1121,C:\Users\vyasn\OneDrive\Desktop\Disease_prediction\data\external\model2_supplementary\soybean_rust_anand\soybean_rust_anand_train_1121.jpg,c79ec77d6594eba07db85de460ae18fb2b3eaf9575dae0c961e7501d7fe5b21a,224,224,JPEG,UNIQUE_CLEAN,KEEP
miss_sr_0178,soybean_rust_anand_train_1122.jpg,soybean__rust,Soybean,Rust,anandvermagmailcom/soybean-leaf-diseases,train,1122,C:\Users\vyasn\OneDrive\Desktop\Disease_prediction\data\external\model2_supplementary\soybean_rust_anand\soybean_rust_anand_train_1122.jpg,cffb353ccae72c4f523062900c078d86b8d65e36ffd6672efcef044d350e7e4f,224,224,JPEG,UNIQUE_CLEAN,KEEP
miss_sr_0179,soybean_rust_anand_train_1123.jpg,soybean__rust,Soybean,Rust,anandvermagmailcom/soybean-leaf-diseases,train,1123,C:\Users\vyasn\OneDrive\Desktop\Disease_prediction\data\external\model2_supplementary\soybean_rust_anand\soybean_rust_anand_train_1123.jpg,1b7c63f793e8c6cde5e490161f39aed6811e6ef48cf80763e8f8f8d8638c7d54,224,224,JPEG,UNIQUE_CLEAN,KEEP
miss_sr_0180,soybean_rust_anand_train_1124.jpg,soybean__rust,Soybean,Rust,anandvermagmailcom/soybean-leaf-diseases,train,1124,C:\Users\vyasn\OneDrive\Desktop\Disease_prediction\data\external\model2_supplementary\soybean_rust_anand\soybean_rust_anand_train_1124.jpg,5f61a41a645999f8018979f2d85809711ab1d472726ad9ce5b62759c24e49bb6,224,224,JPEG,UNIQUE_CLEAN,KEEP
miss_sr_0181,soybean_rust_anand_train_1125.jpg,soybean__rust,Soybean,Rust,anandvermagmailcom/soybean-leaf-diseases,train,1125,C:\Users\vyasn\OneDrive\Desktop\Disease_prediction\data\external\model2_supplementary\soybean_rust_anand\soybean_rust_anand_train_1125.jpg,4e6c333c19b24c44f4c13520f4809ab98f5e9775a171b563685604afb67003cf,224,224,JPEG,UNIQUE_CLEAN,KEEP
miss_sr_0182,soybean_rust_anand_train_1126.jpg,soybean__rust,Soybean,Rust,anandvermagmailcom/soybean-leaf-diseases,train,1126,C:\Users\vyasn\OneDrive\Desktop\Disease_prediction\data\external\model2_supplementary\soybean_rust_anand\soybean_rust_anand_train_1126.jpg,a81c8e9d7d380f8a1ffba164ed3a7b01be30b6eeba6776b80cdd0fe5c8d107d5,224,224,JPEG,UNIQUE_CLEAN,KEEP
miss_sr_0183,soybean_rust_anand_train_1127.jpg,soybean__rust,Soybean,Rust,anandvermagmailcom/soybean-leaf-diseases,train,1127,C:\Users\vyasn\OneDrive\Desktop\Disease_prediction\data\external\model2_supplementary\soybean_rust_anand\soybean_rust_anand_train_1127.jpg,ebe78ca8147170ef6b436360eeb1f98a4af44970c7a8fdd53beca8bcdd497597,224,224,JPEG,UNIQUE_CLEAN,KEEP
miss_sr_0184,soybean_rust_anand_train_1128.jpg,soybean__rust,Soybean,Rust,anandvermagmailcom/soybean-leaf-diseases,train,1128,C:\Users\vyasn\OneDrive\Desktop\Disease_prediction\data\external\model2_supplementary\soybean_rust_anand\soybean_rust_anand_train_1128.jpg,b771171336b331082dde71e5b5128c5642942f3e6757b4b8b28dd6ffaae0c94e,224,224,JPEG,UNIQUE_CLEAN,KEEP
miss_sr_0185,soybean_rust_anand_train_1129.jpg,soybean__rust,Soybean,Rust,anandvermagmailcom/soybean-leaf-diseases,train,1129,C:\Users\vyasn\OneDrive\Desktop\Disease_prediction\data\external\model2_supplementary\soybean_rust_anand\soybean_rust_anand_train_1129.jpg,9da1359b5083e7bb0f82864624580f87d51908a9202bbecde880d3dedf9e1e70,224,224,JPEG,UNIQUE_CLEAN,KEEP
miss_sr_0186,soybean_rust_anand_train_1130.jpg,soybean__rust,Soybean,Rust,anandvermagmailcom/soybean-leaf-diseases,train,1130,C:\Users\vyasn\OneDrive\Desktop\Disease_prediction\data\external\model2_supplementary\soybean_rust_anand\soybean_rust_anand_train_1130.jpg,113507483710686cd55602150b83eccd7e15576bb897b00e0af2675e355b9e7e,224,224,JPEG,UNIQUE_CLEAN,KEEP
miss_sr_0187,soybean_rust_anand_train_1131.jpg,soybean__rust,Soybean,Rust,anandvermagmailcom/soybean-leaf-diseases,train,1131,C:\Users\vyasn\OneDrive\Desktop\Disease_prediction\data\external\model2_supplementary\soybean_rust_anand\soybean_rust_anand_train_1131.jpg,473e2d4015314c0c37935328cc2958e9a5eda19e8f8297ec79ed56a148bb308c,224,224,JPEG,UNIQUE_CLEAN,KEEP
miss_sr_0188,soybean_rust_anand_train_1132.jpg,soybean__rust,Soybean,Rust,anandvermagmailcom/soybean-leaf-diseases,train,1132,C:\Users\vyasn\OneDrive\Desktop\Disease_prediction\data\external\model2_supplementary\soybean_rust_anand\soybean_rust_anand_train_1132.jpg,a2b26c74a14c9d49aa8f149b2cde98ac84b2beaa78b2b0988d8101293ca4c6c3,224,224,JPEG,UNIQUE_CLEAN,KEEP
miss_sr_0189,soybean_rust_anand_train_1133.jpg,soybean__rust,Soybean,Rust,anandvermagmailcom/soybean-leaf-diseases,train,1133,C:\Users\vyasn\OneDrive\Desktop\Disease_prediction\data\external\model2_supplementary\soybean_rust_anand\soybean_rust_anand_train_1133.jpg,7afb8715aa0bd4c53c96278729155a31f18891179114c199abe7e383c6807c71,224,224,JPEG,UNIQUE_CLEAN,KEEP
miss_sr_0190,soybean_rust_anand_train_1134.jpg,soybean__rust,Soybean,Rust,anandvermagmailcom/soybean-leaf-diseases,train,1134,C:\Users\vyasn\OneDrive\Desktop\Disease_prediction\data\external\model2_supplementary\soybean_rust_anand\soybean_rust_anand_train_1134.jpg,29cc47446144b862ec5f37c010ce4fea15c4f969ca15c64c022bf4cfb0030397,224,224,JPEG,UNIQUE_CLEAN,KEEP
miss_sr_0191,soybean_rust_anand_train_1135.jpg,soybean__rust,Soybean,Rust,anandvermagmailcom/soybean-leaf-diseases,train,1135,C:\Users\vyasn\OneDrive\Desktop\Disease_prediction\data\external\model2_supplementary\soybean_rust_anand\soybean_rust_anand_train_1135.jpg,7fd9769a33279662aa063df7cf5575a5addaaf6dc2ca23fae9fcb00bac81be6c,224,224,JPEG,UNIQUE_CLEAN,KEEP
miss_sr_0192,soybean_rust_anand_train_1136.jpg,soybean__rust,Soybean,Rust,anandvermagmailcom/soybean-leaf-diseases,train,1136,C:\Users\vyasn\OneDrive\Desktop\Disease_prediction\data\external\model2_supplementary\soybean_rust_anand\soybean_rust_anand_train_1136.jpg,607b21fec55d452a13858b021859613431c7825a4c09e2be5401a54c5283e5ad,224,224,JPEG,UNIQUE_CLEAN,KEEP
miss_sr_0193,soybean_rust_anand_train_1137.jpg,soybean__rust,Soybean,Rust,anandvermagmailcom/soybean-leaf-diseases,train,1137,C:\Users\vyasn\OneDrive\Desktop\Disease_prediction\data\external\model2_supplementary\soybean_rust_anand\soybean_rust_anand_train_1137.jpg,6437beb8815a136f70e5ed3dabc6f0731162804a82c65af96cc8b6f533a721d8,224,224,JPEG,UNIQUE_CLEAN,KEEP
miss_sr_0194,soybean_rust_anand_train_1138.jpg,soybean__rust,Soybean,Rust,anandvermagmailcom/soybean-leaf-diseases,train,1138,C:\Users\vyasn\OneDrive\Desktop\Disease_prediction\data\external\model2_supplementary\soybean_rust_anand\soybean_rust_anand_train_1138.jpg,a16cc0f6f3000c0aa35c45886bf3efd24db1f67aba95db8b7351158362838b8c,224,224,JPEG,UNIQUE_CLEAN,KEEP
miss_sr_0195,soybean_rust_anand_train_1139.jpg,soybean__rust,Soybean,Rust,anandvermagmailcom/soybean-leaf-diseases,train,1139,C:\Users\vyasn\OneDrive\Desktop\Disease_prediction\data\external\model2_supplementary\soybean_rust_anand\soybean_rust_anand_train_1139.jpg,5bfc6b683637ac61d82f24b872d48d0cb53b640b1c0fa3a67463aba9f5af6ea5,224,224,JPEG,UNIQUE_CLEAN,KEEP
miss_sr_0196,soybean_rust_anand_train_1140.jpg,soybean__rust,Soybean,Rust,anandvermagmailcom/soybean-leaf-diseases,train,1140,C:\Users\vyasn\OneDrive\Desktop\Disease_prediction\data\external\model2_supplementary\soybean_rust_anand\soybean_rust_anand_train_1140.jpg,a062dc213eb365aba8dd93031839155fdeee45ea0b54f1aa8a2da916025fd7f5,224,224,JPEG,UNIQUE_CLEAN,KEEP
miss_sr_0197,soybean_rust_anand_train_1141.jpg,soybean__rust,Soybean,Rust,anandvermagmailcom/soybean-leaf-diseases,train,1141,C:\Users\vyasn\OneDrive\Desktop\Disease_prediction\data\external\model2_supplementary\soybean_rust_anand\soybean_rust_anand_train_1141.jpg,6c1efb34c14ef1c9ab5b9b0750cad980bd7c87547aefb81615b1d818285accfa,224,224,JPEG,UNIQUE_CLEAN,KEEP
miss_sr_0198,soybean_rust_anand_train_1142.jpg,soybean__rust,Soybean,Rust,anandvermagmailcom/soybean-leaf-diseases,train,1142,C:\Users\vyasn\OneDrive\Desktop\Disease_prediction\data\external\model2_supplementary\soybean_rust_anand\soybean_rust_anand_train_1142.jpg,33d54edc3900219897cb1bfe68bae669317ecaaeb25e6195f2e20df284b7f3fc,224,224,JPEG,UNIQUE_CLEAN,KEEP
miss_sr_0199,soybean_rust_anand_train_1143.jpg,soybean__rust,Soybean,Rust,anandvermagmailcom/soybean-leaf-diseases,train,1143,C:\Users\vyasn\OneDrive\Desktop\Disease_prediction\data\external\model2_supplementary\soybean_rust_anand\soybean_rust_anand_train_1143.jpg,806d915e8d831625bed1bd86a8e838c6d71a69a9f393419495c004cb3d10f8f8,224,224,JPEG,UNIQUE_CLEAN,KEEP
miss_sr_0200,soybean_rust_anand_train_1144.jpg,soybean__rust,Soybean,Rust,anandvermagmailcom/soybean-leaf-diseases,train,1144,C:\Users\vyasn\OneDrive\Desktop\Disease_prediction\data\external\model2_supplementary\soybean_rust_anand\soybean_rust_anand_train_1144.jpg,12c9c47681a4135a6c9e4cc444e9221c959fcb92e64b98b31305ff67f51fbb27,224,224,JPEG,UNIQUE_CLEAN,KEEP
miss_sr_0201,soybean_rust_anand_train_1145.jpg,soybean__rust,Soybean,Rust,anandvermagmailcom/soybean-leaf-diseases,train,1145,C:\Users\vyasn\OneDrive\Desktop\Disease_prediction\data\external\model2_supplementary\soybean_rust_anand\soybean_rust_anand_train_1145.jpg,a631d7373f4c3375a9b0d491d9fdb7c481463945e9b127a81224daf71d6cb8b7,224,224,JPEG,UNIQUE_CLEAN,KEEP
miss_sr_0202,soybean_rust_anand_train_1146.jpg,soybean__rust,Soybean,Rust,anandvermagmailcom/soybean-leaf-diseases,train,1146,C:\Users\vyasn\OneDrive\Desktop\Disease_prediction\data\external\model2_supplementary\soybean_rust_anand\soybean_rust_anand_train_1146.jpg,e5fbf09eadce9ebf41550053ed9e2702910ef6cf98c4421b6eec139b976b3934,224,224,JPEG,UNIQUE_CLEAN,KEEP
miss_sr_0203,soybean_rust_anand_train_1147.jpg,soybean__rust,Soybean,Rust,anandvermagmailcom/soybean-leaf-diseases,train,1147,C:\Users\vyasn\OneDrive\Desktop\Disease_prediction\data\external\model2_supplementary\soybean_rust_anand\soybean_rust_anand_train_1147.jpg,ba76a5050e15557589738146a5dd7375296ed79ccadf0e531eec402b0a523eb1,224,224,JPEG,UNIQUE_CLEAN,KEEP
miss_sr_0204,soybean_rust_anand_train_1148.jpg,soybean__rust,Soybean,Rust,anandvermagmailcom/soybean-leaf-diseases,train,1148,C:\Users\vyasn\OneDrive\Desktop\Disease_prediction\data\external\model2_supplementary\soybean_rust_anand\soybean_rust_anand_train_1148.jpg,ccdd4829e6c6f3f8ab772827342d76d8a46ecac7df95716473c667640e77f37b,224,224,JPEG,UNIQUE_CLEAN,KEEP
miss_sr_0205,soybean_rust_anand_train_1149.jpg,soybean__rust,Soybean,Rust,anandvermagmailcom/soybean-leaf-diseases,train,1149,C:\Users\vyasn\OneDrive\Desktop\Disease_prediction\data\external\model2_supplementary\soybean_rust_anand\soybean_rust_anand_train_1149.jpg,5e348bc63ca5bd7a723206756388e59765254980ab5d2d6b11aa8a6d4fd5accc,224,224,JPEG,UNIQUE_CLEAN,KEEP
miss_sr_0206,soybean_rust_anand_train_1150.jpg,soybean__rust,Soybean,Rust,anandvermagmailcom/soybean-leaf-diseases,train,1150,C:\Users\vyasn\OneDrive\Desktop\Disease_prediction\data\external\model2_supplementary\soybean_rust_anand\soybean_rust_anand_train_1150.jpg,46276e7c0e52e279b036c721587b61f153c7009e810b15987a99a33c57b7b1b3,224,224,JPEG,UNIQUE_CLEAN,KEEP
miss_sr_0207,soybean_rust_anand_train_1151.jpg,soybean__rust,Soybean,Rust,anandvermagmailcom/soybean-leaf-diseases,train,1151,C:\Users\vyasn\OneDrive\Desktop\Disease_prediction\data\external\model2_supplementary\soybean_rust_anand\soybean_rust_anand_train_1151.jpg,2856fead57a67d11470dc21b5a5108148829db9e4a2ba2ce9058321f2f3c1599,224,224,JPEG,UNIQUE_CLEAN,KEEP
miss_sr_0208,soybean_rust_anand_train_1152.jpg,soybean__rust,Soybean,Rust,anandvermagmailcom/soybean-leaf-diseases,train,1152,C:\Users\vyasn\OneDrive\Desktop\Disease_prediction\data\external\model2_supplementary\soybean_rust_anand\soybean_rust_anand_train_1152.jpg,943f24aef781cac5649dbfa3ad95c272f2402bb38a5584404be515cf129a527b,224,224,JPEG,UNIQUE_CLEAN,KEEP
miss_sr_0209,soybean_rust_anand_train_1153.jpg,soybean__rust,Soybean,Rust,anandvermagmailcom/soybean-leaf-diseases,train,1153,C:\Users\vyasn\OneDrive\Desktop\Disease_prediction\data\external\model2_supplementary\soybean_rust_anand\soybean_rust_anand_train_1153.jpg,cbd2377d6d59e0888af51680be5807506173e9bbf903c68ec45ec3080b1878fb,224,224,JPEG,UNIQUE_CLEAN,KEEP
miss_sr_0210,soybean_rust_anand_train_1154.jpg,soybean__rust,Soybean,Rust,anandvermagmailcom/soybean-leaf-diseases,train,1154,C:\Users\vyasn\OneDrive\Desktop\Disease_prediction\data\external\model2_supplementary\soybean_rust_anand\soybean_rust_anand_train_1154.jpg,d7889fbd0430f3e2b5b445ebc5329f6cf7846fdc7efdd354e5c101f735897f88,224,224,JPEG,UNIQUE_CLEAN,KEEP
miss_sr_0211,soybean_rust_anand_train_1155.jpg,soybean__rust,Soybean,Rust,anandvermagmailcom/soybean-leaf-diseases,train,1155,C:\Users\vyasn\OneDrive\Desktop\Disease_prediction\data\external\model2_supplementary\soybean_rust_anand\soybean_rust_anand_train_1155.jpg,9f089341ad350b99737b7641833d73d154c141265920d9ae08a3ff89fddde8ff,224,224,JPEG,UNIQUE_CLEAN,KEEP
miss_sr_0212,soybean_rust_anand_train_1156.jpg,soybean__rust,Soybean,Rust,anandvermagmailcom/soybean-leaf-diseases,train,1156,C:\Users\vyasn\OneDrive\Desktop\Disease_prediction\data\external\model2_supplementary\soybean_rust_anand\soybean_rust_anand_train_1156.jpg,3a7158dfaaab3f702d65bc70069383b5f617faea775495fa192775dc7ce7f38f,224,224,JPEG,UNIQUE_CLEAN,KEEP
miss_sr_0213,soybean_rust_anand_train_1157.jpg,soybean__rust,Soybean,Rust,anandvermagmailcom/soybean-leaf-diseases,train,1157,C:\Users\vyasn\OneDrive\Desktop\Disease_prediction\data\external\model2_supplementary\soybean_rust_anand\soybean_rust_anand_train_1157.jpg,66c1ea84f571b70ad12b49bb2ef5e20315ad16b6cf92b03046b5ec335d081a7e,224,224,JPEG,UNIQUE_CLEAN,KEEP
miss_sr_0214,soybean_rust_anand_train_1158.jpg,soybean__rust,Soybean,Rust,anandvermagmailcom/soybean-leaf-diseases,train,1158,C:\Users\vyasn\OneDrive\Desktop\Disease_prediction\data\external\model2_supplementary\soybean_rust_anand\soybean_rust_anand_train_1158.jpg,5e248594a9825885f38435fffc3268a7d520f51ef7bfc3f7e388a727de937bd5,224,224,JPEG,UNIQUE_CLEAN,KEEP
miss_sr_0215,soybean_rust_anand_train_1159.jpg,soybean__rust,Soybean,Rust,anandvermagmailcom/soybean-leaf-diseases,train,1159,C:\Users\vyasn\OneDrive\Desktop\Disease_prediction\data\external\model2_supplementary\soybean_rust_anand\soybean_rust_anand_train_1159.jpg,32a4910236d8d27b88ec704fae673a486f095b8138a84e0db2a6a891e1e8375e,224,224,JPEG,UNIQUE_CLEAN,KEEP
miss_sr_0216,soybean_rust_anand_train_1160.jpg,soybean__rust,Soybean,Rust,anandvermagmailcom/soybean-leaf-diseases,train,1160,C:\Users\vyasn\OneDrive\Desktop\Disease_prediction\data\external\model2_supplementary\soybean_rust_anand\soybean_rust_anand_train_1160.jpg,4c4f5f2e8f74841b522cbeb4c535075e5bce01de6758fb28820c9f9be15fc519,224,224,JPEG,UNIQUE_CLEAN,KEEP
miss_sr_0217,soybean_rust_anand_train_1161.jpg,soybean__rust,Soybean,Rust,anandvermagmailcom/soybean-leaf-diseases,train,1161,C:\Users\vyasn\OneDrive\Desktop\Disease_prediction\data\external\model2_supplementary\soybean_rust_anand\soybean_rust_anand_train_1161.jpg,acf061e6663f42abd15bf3b4c0fbd9b3c78165d73d9ccbfde1f2d0608e4e6224,224,224,JPEG,UNIQUE_CLEAN,KEEP
miss_sr_0218,soybean_rust_anand_train_1162.jpg,soybean__rust,Soybean,Rust,anandvermagmailcom/soybean-leaf-diseases,train,1162,C:\Users\vyasn\OneDrive\Desktop\Disease_prediction\data\external\model2_supplementary\soybean_rust_anand\soybean_rust_anand_train_1162.jpg,ec42db3b22ed33e629f72213c9f4b7b72d0f286399403325de7b16257c036a65,224,224,JPEG,UNIQUE_CLEAN,KEEP
miss_sr_0219,soybean_rust_anand_train_1163.jpg,soybean__rust,Soybean,Rust,anandvermagmailcom/soybean-leaf-diseases,train,1163,C:\Users\vyasn\OneDrive\Desktop\Disease_prediction\data\external\model2_supplementary\soybean_rust_anand\soybean_rust_anand_train_1163.jpg,953f906056031ffbfef4a20d2fa83fe4877e06362d4fa18942982bf11dfe4df6,224,224,JPEG,UNIQUE_CLEAN,KEEP
miss_sr_0220,soybean_rust_anand_train_1164.jpg,soybean__rust,Soybean,Rust,anandvermagmailcom/soybean-leaf-diseases,train,1164,C:\Users\vyasn\OneDrive\Desktop\Disease_prediction\data\external\model2_supplementary\soybean_rust_anand\soybean_rust_anand_train_1164.jpg,8e431f87a3633e20c69eed33edd5cba3849fdfc67eec283968dee218588a188b,224,224,JPEG,UNIQUE_CLEAN,KEEP
miss_sr_0221,soybean_rust_anand_train_1165.jpg,soybean__rust,Soybean,Rust,anandvermagmailcom/soybean-leaf-diseases,train,1165,C:\Users\vyasn\OneDrive\Desktop\Disease_prediction\data\external\model2_supplementary\soybean_rust_anand\soybean_rust_anand_train_1165.jpg,c0eccfd158f5e52dd7468447fb549110d4ddb14874a9ecc9d6fb90897a7da26c,224,224,JPEG,UNIQUE_CLEAN,KEEP
miss_sr_0222,soybean_rust_anand_train_1166.jpg,soybean__rust,Soybean,Rust,anandvermagmailcom/soybean-leaf-diseases,train,1166,C:\Users\vyasn\OneDrive\Desktop\Disease_prediction\data\external\model2_supplementary\soybean_rust_anand\soybean_rust_anand_train_1166.jpg,60df92620ca57744e288c6c30e21e33fc824c3952dbf6cca98a3c35c6e59c756,224,224,JPEG,UNIQUE_CLEAN,KEEP
miss_sr_0223,soybean_rust_anand_train_1167.jpg,soybean__rust,Soybean,Rust,anandvermagmailcom/soybean-leaf-diseases,train,1167,C:\Users\vyasn\OneDrive\Desktop\Disease_prediction\data\external\model2_supplementary\soybean_rust_anand\soybean_rust_anand_train_1167.jpg,4dbc1dc9b6fdbaacde6a4e958e00116908d101fdcd7cd935842e4ead9cef9427,224,224,JPEG,UNIQUE_CLEAN,KEEP
miss_sr_0224,soybean_rust_anand_train_1168.jpg,soybean__rust,Soybean,Rust,anandvermagmailcom/soybean-leaf-diseases,train,1168,C:\Users\vyasn\OneDrive\Desktop\Disease_prediction\data\external\model2_supplementary\soybean_rust_anand\soybean_rust_anand_train_1168.jpg,99e671ce7f1084424f8ced8a614814ab14b35c2f73387c49b415315c577d5bc8,224,224,JPEG,UNIQUE_CLEAN,KEEP
miss_sr_0225,soybean_rust_anand_train_1169.jpg,soybean__rust,Soybean,Rust,anandvermagmailcom/soybean-leaf-diseases,train,1169,C:\Users\vyasn\OneDrive\Desktop\Disease_prediction\data\external\model2_supplementary\soybean_rust_anand\soybean_rust_anand_train_1169.jpg,25742fcf1d01f5183eda6c6d5e96e1404fc9ef0e839f4028fa78456717ff9dc9,224,224,JPEG,UNIQUE_CLEAN,KEEP
miss_sr_0226,soybean_rust_anand_train_1170.jpg,soybean__rust,Soybean,Rust,anandvermagmailcom/soybean-leaf-diseases,train,1170,C:\Users\vyasn\OneDrive\Desktop\Disease_prediction\data\external\model2_supplementary\soybean_rust_anand\soybean_rust_anand_train_1170.jpg,0fc738285b4a23cf6c96384e2a2cd4cd649c93d18e95462e9ca0452197a769a0,224,224,JPEG,UNIQUE_CLEAN,KEEP
miss_sr_0227,soybean_rust_anand_train_1171.jpg,soybean__rust,Soybean,Rust,anandvermagmailcom/soybean-leaf-diseases,train,1171,C:\Users\vyasn\OneDrive\Desktop\Disease_prediction\data\external\model2_supplementary\soybean_rust_anand\soybean_rust_anand_train_1171.jpg,00592380679dadd0ee201dd061af79ebc56687f8c21592d8b0ca54ad0d227b96,224,224,JPEG,UNIQUE_CLEAN,KEEP
miss_sr_0228,soybean_rust_anand_train_1172.jpg,soybean__rust,Soybean,Rust,anandvermagmailcom/soybean-leaf-diseases,train,1172,C:\Users\vyasn\OneDrive\Desktop\Disease_prediction\data\external\model2_supplementary\soybean_rust_anand\soybean_rust_anand_train_1172.jpg,1e4642d229b3579243e959ea34f79d2df2255ce7d0c7a10cf4752548c5981b63,224,224,JPEG,UNIQUE_CLEAN,KEEP
miss_sr_0229,soybean_rust_anand_train_1173.jpg,soybean__rust,Soybean,Rust,anandvermagmailcom/soybean-leaf-diseases,train,1173,C:\Users\vyasn\OneDrive\Desktop\Disease_prediction\data\external\model2_supplementary\soybean_rust_anand\soybean_rust_anand_train_1173.jpg,cd2fa87b58882d380549efd0c46d1b1e18519b965d0a1977a07fdf3319e62e2e,224,224,JPEG,UNIQUE_CLEAN,KEEP
miss_sr_0230,soybean_rust_anand_train_1174.jpg,soybean__rust,Soybean,Rust,anandvermagmailcom/soybean-leaf-diseases,train,1174,C:\Users\vyasn\OneDrive\Desktop\Disease_prediction\data\external\model2_supplementary\soybean_rust_anand\soybean_rust_anand_train_1174.jpg,56bc574f04e12b34c73d776a2a2ebeb9a9252e4f488afc98c8b61f0296d5d34b,224,224,JPEG,UNIQUE_CLEAN,KEEP
miss_sr_0231,soybean_rust_anand_train_1175.jpg,soybean__rust,Soybean,Rust,anandvermagmailcom/soybean-leaf-diseases,train,1175,C:\Users\vyasn\OneDrive\Desktop\Disease_prediction\data\external\model2_supplementary\soybean_rust_anand\soybean_rust_anand_train_1175.jpg,535de77eda1c2d3ddb396b9de955dffe8dfb8e12c87aba41b33b9ad4cd298247,224,224,JPEG,UNIQUE_CLEAN,KEEP
miss_sr_0232,soybean_rust_anand_train_1176.jpg,soybean__rust,Soybean,Rust,anandvermagmailcom/soybean-leaf-diseases,train,1176,C:\Users\vyasn\OneDrive\Desktop\Disease_prediction\data\external\model2_supplementary\soybean_rust_anand\soybean_rust_anand_train_1176.jpg,cbfacb3388a6d05492dc3a680e7587990cae05fdf47850b3fd781d5851586924,224,224,JPEG,UNIQUE_CLEAN,KEEP
miss_sr_0233,soybean_rust_anand_train_1177.jpg,soybean__rust,Soybean,Rust,anandvermagmailcom/soybean-leaf-diseases,train,1177,C:\Users\vyasn\OneDrive\Desktop\Disease_prediction\data\external\model2_supplementary\soybean_rust_anand\soybean_rust_anand_train_1177.jpg,b17f94a1fdcdf2c4d71989e8aa6a0dee2698cbb5b0d7974b31131188a355175a,224,224,JPEG,UNIQUE_CLEAN,KEEP
miss_sr_0234,soybean_rust_anand_train_1178.jpg,soybean__rust,Soybean,Rust,anandvermagmailcom/soybean-leaf-diseases,train,1178,C:\Users\vyasn\OneDrive\Desktop\Disease_prediction\data\external\model2_supplementary\soybean_rust_anand\soybean_rust_anand_train_1178.jpg,7de61a9bdb9de4d9db196a7cf9fe68ed3d067fe2f427cb55a01c30b2408e4106,224,224,JPEG,UNIQUE_CLEAN,KEEP
miss_sr_0235,soybean_rust_anand_train_1179.jpg,soybean__rust,Soybean,Rust,anandvermagmailcom/soybean-leaf-diseases,train,1179,C:\Users\vyasn\OneDrive\Desktop\Disease_prediction\data\external\model2_supplementary\soybean_rust_anand\soybean_rust_anand_train_1179.jpg,45f98dae33864403f4b028f4aef9d67ea6c120cf4553494da43efa71ceb2b3fa,224,224,JPEG,UNIQUE_CLEAN,KEEP
miss_sr_0236,soybean_rust_anand_train_1180.jpg,soybean__rust,Soybean,Rust,anandvermagmailcom/soybean-leaf-diseases,train,1180,C:\Users\vyasn\OneDrive\Desktop\Disease_prediction\data\external\model2_supplementary\soybean_rust_anand\soybean_rust_anand_train_1180.jpg,b7953f2d42c9d304cf550f11d78611c0572a91b71b430103b49464e269ff1fc8,224,224,JPEG,UNIQUE_CLEAN,KEEP
miss_sr_0237,soybean_rust_anand_train_1181.jpg,soybean__rust,Soybean,Rust,anandvermagmailcom/soybean-leaf-diseases,train,1181,C:\Users\vyasn\OneDrive\Desktop\Disease_prediction\data\external\model2_supplementary\soybean_rust_anand\soybean_rust_anand_train_1181.jpg,f66b30dc240f6fc0160efc20caf1c98b8b3d2f90df4529ad1e5b069b6fed3b25,224,224,JPEG,UNIQUE_CLEAN,KEEP
miss_sr_0238,soybean_rust_anand_train_1182.jpg,soybean__rust,Soybean,Rust,anandvermagmailcom/soybean-leaf-diseases,train,1182,C:\Users\vyasn\OneDrive\Desktop\Disease_prediction\data\external\model2_supplementary\soybean_rust_anand\soybean_rust_anand_train_1182.jpg,30ba78d01f522c2b0e5393e04d7d7dd776147a8898e004c1b3e329298b2041d3,224,224,JPEG,UNIQUE_CLEAN,KEEP
miss_sr_0239,soybean_rust_anand_train_1183.jpg,soybean__rust,Soybean,Rust,anandvermagmailcom/soybean-leaf-diseases,train,1183,C:\Users\vyasn\OneDrive\Desktop\Disease_prediction\data\external\model2_supplementary\soybean_rust_anand\soybean_rust_anand_train_1183.jpg,392ad8704c11f8a3b8fdf7e83126526e795ce5b67f4c354504734a530139e982,224,224,JPEG,UNIQUE_CLEAN,KEEP
miss_sr_0240,soybean_rust_anand_train_1184.jpg,soybean__rust,Soybean,Rust,anandvermagmailcom/soybean-leaf-diseases,train,1184,C:\Users\vyasn\OneDrive\Desktop\Disease_prediction\data\external\model2_supplementary\soybean_rust_anand\soybean_rust_anand_train_1184.jpg,490c376968bdcad6ee4294d92bd5a78517ff3dc86f71f3fec5f091a787f78791,224,224,JPEG,UNIQUE_CLEAN,KEEP
miss_sr_0241,soybean_rust_anand_train_1185.jpg,soybean__rust,Soybean,Rust,anandvermagmailcom/soybean-leaf-diseases,train,1185,C:\Users\vyasn\OneDrive\Desktop\Disease_prediction\data\external\model2_supplementary\soybean_rust_anand\soybean_rust_anand_train_1185.jpg,f9fc30e4f292f23b82131a72403d2f4480fd3426c397891dcc8243f1df30f0ce,224,224,JPEG,UNIQUE_CLEAN,KEEP
miss_sr_0242,soybean_rust_anand_train_1186.jpg,soybean__rust,Soybean,Rust,anandvermagmailcom/soybean-leaf-diseases,train,1186,C:\Users\vyasn\OneDrive\Desktop\Disease_prediction\data\external\model2_supplementary\soybean_rust_anand\soybean_rust_anand_train_1186.jpg,fd2e4397d21242de8a12d5e240cefe58d05ce38b17c98bfbf95b29de56ad4e87,224,224,JPEG,UNIQUE_CLEAN,KEEP
miss_sr_0243,soybean_rust_anand_train_1187.jpg,soybean__rust,Soybean,Rust,anandvermagmailcom/soybean-leaf-diseases,train,1187,C:\Users\vyasn\OneDrive\Desktop\Disease_prediction\data\external\model2_supplementary\soybean_rust_anand\soybean_rust_anand_train_1187.jpg,d67ec6a2eae444ada7772d53fece43563bca393e570893d6700956a1e6304caa,224,224,JPEG,UNIQUE_CLEAN,KEEP
miss_sr_0244,soybean_rust_anand_train_1188.jpg,soybean__rust,Soybean,Rust,anandvermagmailcom/soybean-leaf-diseases,train,1188,C:\Users\vyasn\OneDrive\Desktop\Disease_prediction\data\external\model2_supplementary\soybean_rust_anand\soybean_rust_anand_train_1188.jpg,c5fbe5f6deaaa1611f42cc3ab3f4ced86d679449491063da6ef62ee369096680,224,224,JPEG,UNIQUE_CLEAN,KEEP
miss_sr_0245,soybean_rust_anand_train_1189.jpg,soybean__rust,Soybean,Rust,anandvermagmailcom/soybean-leaf-diseases,train,1189,C:\Users\vyasn\OneDrive\Desktop\Disease_prediction\data\external\model2_supplementary\soybean_rust_anand\soybean_rust_anand_train_1189.jpg,ea853e7fc40fa21c837da9fdca1e22fb5e8e028a439e286f986372235ae0bdef,224,224,JPEG,UNIQUE_CLEAN,KEEP
miss_sr_0246,soybean_rust_anand_train_1190.jpg,soybean__rust,Soybean,Rust,anandvermagmailcom/soybean-leaf-diseases,train,1190,C:\Users\vyasn\OneDrive\Desktop\Disease_prediction\data\external\model2_supplementary\soybean_rust_anand\soybean_rust_anand_train_1190.jpg,ee126f460e0aef63b1432deb297f80c906456f0025512c75bfdce30c79c5250c,224,224,JPEG,UNIQUE_CLEAN,KEEP
miss_sr_0247,soybean_rust_anand_train_1191.jpg,soybean__rust,Soybean,Rust,anandvermagmailcom/soybean-leaf-diseases,train,1191,C:\Users\vyasn\OneDrive\Desktop\Disease_prediction\data\external\model2_supplementary\soybean_rust_anand\soybean_rust_anand_train_1191.jpg,4f317137c2d7383af99cd2742a8e54606d18ba5c5201f576062e702384979f00,224,224,JPEG,UNIQUE_CLEAN,KEEP
miss_sr_0248,soybean_rust_anand_train_1192.jpg,soybean__rust,Soybean,Rust,anandvermagmailcom/soybean-leaf-diseases,train,1192,C:\Users\vyasn\OneDrive\Desktop\Disease_prediction\data\external\model2_supplementary\soybean_rust_anand\soybean_rust_anand_train_1192.jpg,2836ed8a7e9f887b2cc15628ff769b008186ba2a958c9dca7ef04c33d95fa4f0,224,224,JPEG,UNIQUE_CLEAN,KEEP
miss_sr_0249,soybean_rust_anand_train_1193.jpg,soybean__rust,Soybean,Rust,anandvermagmailcom/soybean-leaf-diseases,train,1193,C:\Users\vyasn\OneDrive\Desktop\Disease_prediction\data\external\model2_supplementary\soybean_rust_anand\soybean_rust_anand_train_1193.jpg,7859c7f05c834c948cb7d74c254c3d84d2d955d12fe02370a11a9a6fabb57e27,224,224,JPEG,UNIQUE_CLEAN,KEEP
miss_sr_0250,soybean_rust_anand_train_1194.jpg,soybean__rust,Soybean,Rust,anandvermagmailcom/soybean-leaf-diseases,train,1194,C:\Users\vyasn\OneDrive\Desktop\Disease_prediction\data\external\model2_supplementary\soybean_rust_anand\soybean_rust_anand_train_1194.jpg,ad7beb7cc734909016177b8697c4b1897f40cb450af51725d6fbd5943faacac0,224,224,JPEG,UNIQUE_CLEAN,KEEP
miss_sr_0251,soybean_rust_anand_train_1195.jpg,soybean__rust,Soybean,Rust,anandvermagmailcom/soybean-leaf-diseases,train,1195,C:\Users\vyasn\OneDrive\Desktop\Disease_prediction\data\external\model2_supplementary\soybean_rust_anand\soybean_rust_anand_train_1195.jpg,03d5d18c0453a8bf4e6a57034c86f2983859bb979e6c7e916323a012856d13e9,224,224,JPEG,UNIQUE_CLEAN,KEEP
miss_sr_0252,soybean_rust_anand_train_1196.jpg,soybean__rust,Soybean,Rust,anandvermagmailcom/soybean-leaf-diseases,train,1196,C:\Users\vyasn\OneDrive\Desktop\Disease_prediction\data\external\model2_supplementary\soybean_rust_anand\soybean_rust_anand_train_1196.jpg,7c6e7721373d3063d359d04e693a531734e4143e8f68f3c22348c8e515ae85d5,224,224,JPEG,UNIQUE_CLEAN,KEEP
miss_sr_0253,soybean_rust_anand_train_1197.jpg,soybean__rust,Soybean,Rust,anandvermagmailcom/soybean-leaf-diseases,train,1197,C:\Users\vyasn\OneDrive\Desktop\Disease_prediction\data\external\model2_supplementary\soybean_rust_anand\soybean_rust_anand_train_1197.jpg,bd1cfe72b2ea69b8cfbed3b9e99999c1c76c15161e5fb7037d8b1bfe846ecb89,224,224,JPEG,UNIQUE_CLEAN,KEEP
miss_sr_0254,soybean_rust_anand_train_1198.jpg,soybean__rust,Soybean,Rust,anandvermagmailcom/soybean-leaf-diseases,train,1198,C:\Users\vyasn\OneDrive\Desktop\Disease_prediction\data\external\model2_supplementary\soybean_rust_anand\soybean_rust_anand_train_1198.jpg,523a2bbfd67263243bc812a674e1107595453a2640b9cd8ccd7bcbf4f10759fe,224,224,JPEG,UNIQUE_CLEAN,KEEP
miss_sr_0255,soybean_rust_anand_train_1199.jpg,soybean__rust,Soybean,Rust,anandvermagmailcom/soybean-leaf-diseases,train,1199,C:\Users\vyasn\OneDrive\Desktop\Disease_prediction\data\external\model2_supplementary\soybean_rust_anand\soybean_rust_anand_train_1199.jpg,2d1793950feb104db12314fc5e0af0dfcf0588c5043a11fc9c6bf6853a9e4f90,224,224,JPEG,UNIQUE_CLEAN,KEEP
miss_sr_0256,soybean_rust_anand_train_1200.jpg,soybean__rust,Soybean,Rust,anandvermagmailcom/soybean-leaf-diseases,train,1200,C:\Users\vyasn\OneDrive\Desktop\Disease_prediction\data\external\model2_supplementary\soybean_rust_anand\soybean_rust_anand_train_1200.jpg,52a7b17fcf0f0f6f178e68a2d7b8040770ef965af3bbf467c5bc1af8f19d6361,224,224,JPEG,UNIQUE_CLEAN,KEEP
miss_sr_0257,soybean_rust_anand_train_1201.jpg,soybean__rust,Soybean,Rust,anandvermagmailcom/soybean-leaf-diseases,train,1201,C:\Users\vyasn\OneDrive\Desktop\Disease_prediction\data\external\model2_supplementary\soybean_rust_anand\soybean_rust_anand_train_1201.jpg,329be559d94cd350f3d64f4b24028981d73d987b2c6411adb41f10f3ef7f5b4f,224,224,JPEG,UNIQUE_CLEAN,KEEP
miss_sr_0258,soybean_rust_anand_train_1202.jpg,soybean__rust,Soybean,Rust,anandvermagmailcom/soybean-leaf-diseases,train,1202,C:\Users\vyasn\OneDrive\Desktop\Disease_prediction\data\external\model2_supplementary\soybean_rust_anand\soybean_rust_anand_train_1202.jpg,6c170a98ad8f8be28256c736a247acd5177c9c60009e4de626f7e08c48b7117b,224,224,JPEG,UNIQUE_CLEAN,KEEP
miss_sr_0259,soybean_rust_anand_train_1203.jpg,soybean__rust,Soybean,Rust,anandvermagmailcom/soybean-leaf-diseases,train,1203,C:\Users\vyasn\OneDrive\Desktop\Disease_prediction\data\external\model2_supplementary\soybean_rust_anand\soybean_rust_anand_train_1203.jpg,a87b35af829d7dad2a391b0752f9f4532aa43314d4468392d5301b99afbf71aa,224,224,JPEG,UNIQUE_CLEAN,KEEP
miss_sr_0260,soybean_rust_anand_train_1204.jpg,soybean__rust,Soybean,Rust,anandvermagmailcom/soybean-leaf-diseases,train,1204,C:\Users\vyasn\OneDrive\Desktop\Disease_prediction\data\external\model2_supplementary\soybean_rust_anand\soybean_rust_anand_train_1204.jpg,c0b7d9852f0f30f48de35c870249227efa2d6c452e530fa0475824d6885daf28,224,224,JPEG,UNIQUE_CLEAN,KEEP
miss_sr_0261,soybean_rust_anand_train_1205.jpg,soybean__rust,Soybean,Rust,anandvermagmailcom/soybean-leaf-diseases,train,1205,C:\Users\vyasn\OneDrive\Desktop\Disease_prediction\data\external\model2_supplementary\soybean_rust_anand\soybean_rust_anand_train_1205.jpg,c2de672c05c6cbc66da2f4e4a1aac0739863b48b6c360524415bdb0f1c074d9b,224,224,JPEG,UNIQUE_CLEAN,KEEP
miss_sr_0262,soybean_rust_anand_train_1206.jpg,soybean__rust,Soybean,Rust,anandvermagmailcom/soybean-leaf-diseases,train,1206,C:\Users\vyasn\OneDrive\Desktop\Disease_prediction\data\external\model2_supplementary\soybean_rust_anand\soybean_rust_anand_train_1206.jpg,8899fdab4a9e207a189f81c94698e9beaeb8fcb65cb471b7555caa67fe4d6ddb,224,224,JPEG,UNIQUE_CLEAN,KEEP
miss_sr_0263,soybean_rust_anand_train_1207.jpg,soybean__rust,Soybean,Rust,anandvermagmailcom/soybean-leaf-diseases,train,1207,C:\Users\vyasn\OneDrive\Desktop\Disease_prediction\data\external\model2_supplementary\soybean_rust_anand\soybean_rust_anand_train_1207.jpg,7c77256bf99370cdfe9c089c754f2cef29860fe9c2ed9d41bc3e7fc1d2f0970a,224,224,JPEG,UNIQUE_CLEAN,KEEP
miss_sr_0264,soybean_rust_anand_train_1208.jpg,soybean__rust,Soybean,Rust,anandvermagmailcom/soybean-leaf-diseases,train,1208,C:\Users\vyasn\OneDrive\Desktop\Disease_prediction\data\external\model2_supplementary\soybean_rust_anand\soybean_rust_anand_train_1208.jpg,f42d6e009344127c056e0e17fa807b76dd440696f154179e3b234681857719a2,224,224,JPEG,UNIQUE_CLEAN,KEEP
miss_sr_0265,soybean_rust_anand_train_1209.jpg,soybean__rust,Soybean,Rust,anandvermagmailcom/soybean-leaf-diseases,train,1209,C:\Users\vyasn\OneDrive\Desktop\Disease_prediction\data\external\model2_supplementary\soybean_rust_anand\soybean_rust_anand_train_1209.jpg,4770b2f47986ab72345399ab8b5abd95b178b848979bb2bc71d70ae245187570,224,224,JPEG,UNIQUE_CLEAN,KEEP
miss_sr_0266,soybean_rust_anand_train_1210.jpg,soybean__rust,Soybean,Rust,anandvermagmailcom/soybean-leaf-diseases,train,1210,C:\Users\vyasn\OneDrive\Desktop\Disease_prediction\data\external\model2_supplementary\soybean_rust_anand\soybean_rust_anand_train_1210.jpg,1553607be368443a46c3768b237e192cc2751a0b3b9c28294ff02b81a57287f7,224,224,JPEG,UNIQUE_CLEAN,KEEP
miss_sr_0267,soybean_rust_anand_train_1211.jpg,soybean__rust,Soybean,Rust,anandvermagmailcom/soybean-leaf-diseases,train,1211,C:\Users\vyasn\OneDrive\Desktop\Disease_prediction\data\external\model2_supplementary\soybean_rust_anand\soybean_rust_anand_train_1211.jpg,46262a61ae7e33d5bd821fde8cd1c15ab781f0152026ea891ba2204a55f8a0fc,224,224,JPEG,UNIQUE_CLEAN,KEEP
miss_sr_0268,soybean_rust_anand_train_1212.jpg,soybean__rust,Soybean,Rust,anandvermagmailcom/soybean-leaf-diseases,train,1212,C:\Users\vyasn\OneDrive\Desktop\Disease_prediction\data\external\model2_supplementary\soybean_rust_anand\soybean_rust_anand_train_1212.jpg,53e22dfd06b98f16251d238cc99344683e3340d0e183494133f5c669ebb1b40c,224,224,JPEG,UNIQUE_CLEAN,KEEP
miss_sr_0269,soybean_rust_anand_train_1213.jpg,soybean__rust,Soybean,Rust,anandvermagmailcom/soybean-leaf-diseases,train,1213,C:\Users\vyasn\OneDrive\Desktop\Disease_prediction\data\external\model2_supplementary\soybean_rust_anand\soybean_rust_anand_train_1213.jpg,c8bc2b2c65989b8244345b05d1eb199d1a555b3ea7c46f2b6258a7068520ce79,224,224,JPEG,UNIQUE_CLEAN,KEEP
miss_sr_0270,soybean_rust_anand_train_1214.jpg,soybean__rust,Soybean,Rust,anandvermagmailcom/soybean-leaf-diseases,train,1214,C:\Users\vyasn\OneDrive\Desktop\Disease_prediction\data\external\model2_supplementary\soybean_rust_anand\soybean_rust_anand_train_1214.jpg,a552051086b9630785319ea3a4edfb85b3df9456aab7af2dfa729c633c591144,224,224,JPEG,UNIQUE_CLEAN,KEEP
miss_sr_0271,soybean_rust_anand_train_1215.jpg,soybean__rust,Soybean,Rust,anandvermagmailcom/soybean-leaf-diseases,train,1215,C:\Users\vyasn\OneDrive\Desktop\Disease_prediction\data\external\model2_supplementary\soybean_rust_anand\soybean_rust_anand_train_1215.jpg,97dde4d4f8769ce95dd736a694fc845da64a484fa399d4aa2cdb45a3020cdbfd,224,224,JPEG,UNIQUE_CLEAN,KEEP
miss_sr_0272,soybean_rust_anand_train_1216.jpg,soybean__rust,Soybean,Rust,anandvermagmailcom/soybean-leaf-diseases,train,1216,C:\Users\vyasn\OneDrive\Desktop\Disease_prediction\data\external\model2_supplementary\soybean_rust_anand\soybean_rust_anand_train_1216.jpg,347b34e078bc5cf3587046d6f157005eb59e0ece3f925bbe610284cdfb802f58,224,224,JPEG,UNIQUE_CLEAN,KEEP
miss_sr_0273,soybean_rust_anand_train_1217.jpg,soybean__rust,Soybean,Rust,anandvermagmailcom/soybean-leaf-diseases,train,1217,C:\Users\vyasn\OneDrive\Desktop\Disease_prediction\data\external\model2_supplementary\soybean_rust_anand\soybean_rust_anand_train_1217.jpg,1073a433a17e60d71d95786d5393253a6a88323855ad7e78318ff6342acab24d,224,224,JPEG,UNIQUE_CLEAN,KEEP
miss_sr_0274,soybean_rust_anand_train_1218.jpg,soybean__rust,Soybean,Rust,anandvermagmailcom/soybean-leaf-diseases,train,1218,C:\Users\vyasn\OneDrive\Desktop\Disease_prediction\data\external\model2_supplementary\soybean_rust_anand\soybean_rust_anand_train_1218.jpg,1370e805fffcfd728733ad45517d9ec548eae66d98bac68ffc67d7a9bfdbf25c,224,224,JPEG,UNIQUE_CLEAN,KEEP
miss_sr_0275,soybean_rust_anand_train_1219.jpg,soybean__rust,Soybean,Rust,anandvermagmailcom/soybean-leaf-diseases,train,1219,C:\Users\vyasn\OneDrive\Desktop\Disease_prediction\data\external\model2_supplementary\soybean_rust_anand\soybean_rust_anand_train_1219.jpg,acfc70d55dec88dd7dd5ca42690d5d538f28cf4d518700a7b5588e14e4dfe485,224,224,JPEG,UNIQUE_CLEAN,KEEP
miss_sr_0276,soybean_rust_anand_train_1220.jpg,soybean__rust,Soybean,Rust,anandvermagmailcom/soybean-leaf-diseases,train,1220,C:\Users\vyasn\OneDrive\Desktop\Disease_prediction\data\external\model2_supplementary\soybean_rust_anand\soybean_rust_anand_train_1220.jpg,ce4a41eba84b596adb95de279b31d997401dede167171a60beca5171c0464268,224,224,JPEG,UNIQUE_CLEAN,KEEP
miss_sr_0277,soybean_rust_anand_train_1221.jpg,soybean__rust,Soybean,Rust,anandvermagmailcom/soybean-leaf-diseases,train,1221,C:\Users\vyasn\OneDrive\Desktop\Disease_prediction\data\external\model2_supplementary\soybean_rust_anand\soybean_rust_anand_train_1221.jpg,ab09fe98a15dd2ef994d496949f6f31fc9e97cf2d539a413e2b1fe16764fc29d,224,224,JPEG,UNIQUE_CLEAN,KEEP
miss_sr_0278,soybean_rust_anand_train_1222.jpg,soybean__rust,Soybean,Rust,anandvermagmailcom/soybean-leaf-diseases,train,1222,C:\Users\vyasn\OneDrive\Desktop\Disease_prediction\data\external\model2_supplementary\soybean_rust_anand\soybean_rust_anand_train_1222.jpg,724c60d59761607a96e5531338c8d860737d8e122d8de9f9815d977740bf94c0,224,224,JPEG,UNIQUE_CLEAN,KEEP
miss_sr_0279,soybean_rust_anand_train_1223.jpg,soybean__rust,Soybean,Rust,anandvermagmailcom/soybean-leaf-diseases,train,1223,C:\Users\vyasn\OneDrive\Desktop\Disease_prediction\data\external\model2_supplementary\soybean_rust_anand\soybean_rust_anand_train_1223.jpg,5636882537e1db9aeeebcb1e7e01aaacea4f3a2c4040199fdf4347c7ee28353e,224,224,JPEG,UNIQUE_CLEAN,KEEP
miss_sr_0280,soybean_rust_anand_train_1224.jpg,soybean__rust,Soybean,Rust,anandvermagmailcom/soybean-leaf-diseases,train,1224,C:\Users\vyasn\OneDrive\Desktop\Disease_prediction\data\external\model2_supplementary\soybean_rust_anand\soybean_rust_anand_train_1224.jpg,25e7f1ecf33988e5c5816e4eea6b52d8066780e098a2da8790878778188faf16,224,224,JPEG,UNIQUE_CLEAN,KEEP
miss_sr_0281,soybean_rust_anand_train_1225.jpg,soybean__rust,Soybean,Rust,anandvermagmailcom/soybean-leaf-diseases,train,1225,C:\Users\vyasn\OneDrive\Desktop\Disease_prediction\data\external\model2_supplementary\soybean_rust_anand\soybean_rust_anand_train_1225.jpg,d0369831ffb81357ce20cdf6cf9f3b27c24883b0112365e37149dfecb73be814,224,224,JPEG,UNIQUE_CLEAN,KEEP
miss_sr_0282,soybean_rust_anand_train_1226.jpg,soybean__rust,Soybean,Rust,anandvermagmailcom/soybean-leaf-diseases,train,1226,C:\Users\vyasn\OneDrive\Desktop\Disease_prediction\data\external\model2_supplementary\soybean_rust_anand\soybean_rust_anand_train_1226.jpg,1ddef26c29f476249b03a9990c39297089fdd5d8493e05d32b68c52c23fb67d8,224,224,JPEG,UNIQUE_CLEAN,KEEP
miss_sr_0283,soybean_rust_anand_train_1227.jpg,soybean__rust,Soybean,Rust,anandvermagmailcom/soybean-leaf-diseases,train,1227,C:\Users\vyasn\OneDrive\Desktop\Disease_prediction\data\external\model2_supplementary\soybean_rust_anand\soybean_rust_anand_train_1227.jpg,486d0a4a97937ab50dc60c3b96cc2bd0d4e8720a087c44c93324deb83706914f,224,224,JPEG,UNIQUE_CLEAN,KEEP
miss_sr_0284,soybean_rust_anand_train_1228.jpg,soybean__rust,Soybean,Rust,anandvermagmailcom/soybean-leaf-diseases,train,1228,C:\Users\vyasn\OneDrive\Desktop\Disease_prediction\data\external\model2_supplementary\soybean_rust_anand\soybean_rust_anand_train_1228.jpg,21e28edcb75939dc23a634c2c65c811435e256390340239baec1947db056c575,224,224,JPEG,UNIQUE_CLEAN,KEEP
miss_sr_0285,soybean_rust_anand_train_1229.jpg,soybean__rust,Soybean,Rust,anandvermagmailcom/soybean-leaf-diseases,train,1229,C:\Users\vyasn\OneDrive\Desktop\Disease_prediction\data\external\model2_supplementary\soybean_rust_anand\soybean_rust_anand_train_1229.jpg,85ea32ed09ff8ca4c5187011c0aaff3527fe65cddb86fb8b0488cad61e127031,224,224,JPEG,UNIQUE_CLEAN,KEEP
miss_sr_0286,soybean_rust_anand_train_1230.jpg,soybean__rust,Soybean,Rust,anandvermagmailcom/soybean-leaf-diseases,train,1230,C:\Users\vyasn\OneDrive\Desktop\Disease_prediction\data\external\model2_supplementary\soybean_rust_anand\soybean_rust_anand_train_1230.jpg,7b0f6eafe397f458c21fa45ca5e93fada752b549c3b4a89b994e725039ae52ec,224,224,JPEG,UNIQUE_CLEAN,KEEP
miss_sr_0287,soybean_rust_anand_train_1231.jpg,soybean__rust,Soybean,Rust,anandvermagmailcom/soybean-leaf-diseases,train,1231,C:\Users\vyasn\OneDrive\Desktop\Disease_prediction\data\external\model2_supplementary\soybean_rust_anand\soybean_rust_anand_train_1231.jpg,ae42ed558e7af337ddee63a1ba220a68c74d7bd3a124dd14d89a6c70f864583c,224,224,JPEG,UNIQUE_CLEAN,KEEP
miss_sr_0288,soybean_rust_anand_train_1232.jpg,soybean__rust,Soybean,Rust,anandvermagmailcom/soybean-leaf-diseases,train,1232,C:\Users\vyasn\OneDrive\Desktop\Disease_prediction\data\external\model2_supplementary\soybean_rust_anand\soybean_rust_anand_train_1232.jpg,d5b87d7bb262929b3e7ec4963e9bd8c8193e53afac3a6e27dbb45e68bf659409,224,224,JPEG,UNIQUE_CLEAN,KEEP
miss_sr_0289,soybean_rust_anand_train_1233.jpg,soybean__rust,Soybean,Rust,anandvermagmailcom/soybean-leaf-diseases,train,1233,C:\Users\vyasn\OneDrive\Desktop\Disease_prediction\data\external\model2_supplementary\soybean_rust_anand\soybean_rust_anand_train_1233.jpg,b81797317257e88214ed4144e547dde99c2196d6b7bc1689a2b9603a786e76a8,224,224,JPEG,UNIQUE_CLEAN,KEEP
miss_sr_0290,soybean_rust_anand_train_1234.jpg,soybean__rust,Soybean,Rust,anandvermagmailcom/soybean-leaf-diseases,train,1234,C:\Users\vyasn\OneDrive\Desktop\Disease_prediction\data\external\model2_supplementary\soybean_rust_anand\soybean_rust_anand_train_1234.jpg,3b8550705f9dbc277bd4e88c3f3954e09ca12f2e74ea70e853eb1e2c33560292,224,224,JPEG,UNIQUE_CLEAN,KEEP
miss_sr_0291,soybean_rust_anand_train_1235.jpg,soybean__rust,Soybean,Rust,anandvermagmailcom/soybean-leaf-diseases,train,1235,C:\Users\vyasn\OneDrive\Desktop\Disease_prediction\data\external\model2_supplementary\soybean_rust_anand\soybean_rust_anand_train_1235.jpg,8dab56666dc2413764c8583ee54b0dfc126674fed8da0664dac79a560b2507a3,224,224,JPEG,UNIQUE_CLEAN,KEEP
miss_sr_0292,soybean_rust_anand_train_1236.jpg,soybean__rust,Soybean,Rust,anandvermagmailcom/soybean-leaf-diseases,train,1236,C:\Users\vyasn\OneDrive\Desktop\Disease_prediction\data\external\model2_supplementary\soybean_rust_anand\soybean_rust_anand_train_1236.jpg,a2d0c7f0642f6f1da8cf8ba46263ac318fb278566901bba1e35f25ec8138c776,224,224,JPEG,UNIQUE_CLEAN,KEEP
miss_sr_0293,soybean_rust_anand_train_1237.jpg,soybean__rust,Soybean,Rust,anandvermagmailcom/soybean-leaf-diseases,train,1237,C:\Users\vyasn\OneDrive\Desktop\Disease_prediction\data\external\model2_supplementary\soybean_rust_anand\soybean_rust_anand_train_1237.jpg,c3c38c5b40689b111fbe34bb8c33f4657a937d99b9861e83327c9e78461a38aa,224,224,JPEG,UNIQUE_CLEAN,KEEP
miss_sr_0294,soybean_rust_anand_train_1238.jpg,soybean__rust,Soybean,Rust,anandvermagmailcom/soybean-leaf-diseases,train,1238,C:\Users\vyasn\OneDrive\Desktop\Disease_prediction\data\external\model2_supplementary\soybean_rust_anand\soybean_rust_anand_train_1238.jpg,207a7fb4a66306121ba1ff6a7d1e25356891328078b148993627cc615d241699,224,224,JPEG,UNIQUE_CLEAN,KEEP
miss_sr_0295,soybean_rust_anand_train_1239.jpg,soybean__rust,Soybean,Rust,anandvermagmailcom/soybean-leaf-diseases,train,1239,C:\Users\vyasn\OneDrive\Desktop\Disease_prediction\data\external\model2_supplementary\soybean_rust_anand\soybean_rust_anand_train_1239.jpg,bf8f4f644d96c876992c35be0ebee8144558a5ef9918aeaea6512300227d2020,224,224,JPEG,UNIQUE_CLEAN,KEEP
miss_sr_0296,soybean_rust_anand_train_1240.jpg,soybean__rust,Soybean,Rust,anandvermagmailcom/soybean-leaf-diseases,train,1240,C:\Users\vyasn\OneDrive\Desktop\Disease_prediction\data\external\model2_supplementary\soybean_rust_anand\soybean_rust_anand_train_1240.jpg,986a8b6ed0a24519051714dd4a2db0d507ce5d5f7146541d770670e262fce884,224,224,JPEG,UNIQUE_CLEAN,KEEP
miss_sr_0297,soybean_rust_anand_train_1241.jpg,soybean__rust,Soybean,Rust,anandvermagmailcom/soybean-leaf-diseases,train,1241,C:\Users\vyasn\OneDrive\Desktop\Disease_prediction\data\external\model2_supplementary\soybean_rust_anand\soybean_rust_anand_train_1241.jpg,310d4ef1af97b30a0710581227534298e4dfc0bf20503128bf29d7cda4a7dd63,224,224,JPEG,UNIQUE_CLEAN,KEEP
miss_sr_0298,soybean_rust_anand_train_1242.jpg,soybean__rust,Soybean,Rust,anandvermagmailcom/soybean-leaf-diseases,train,1242,C:\Users\vyasn\OneDrive\Desktop\Disease_prediction\data\external\model2_supplementary\soybean_rust_anand\soybean_rust_anand_train_1242.jpg,b27880766a2b445004b1bfdd264534a4bfe2ce244ce2bbe6cdbb07d8f3ce496b,224,224,JPEG,UNIQUE_CLEAN,KEEP
miss_sr_0299,soybean_rust_anand_train_1243.jpg,soybean__rust,Soybean,Rust,anandvermagmailcom/soybean-leaf-diseases,train,1243,C:\Users\vyasn\OneDrive\Desktop\Disease_prediction\data\external\model2_supplementary\soybean_rust_anand\soybean_rust_anand_train_1243.jpg,ad4c1049e1d09c56c3de6e8c2cc82739bc3e442dd509d92fb132a599506cd7da,224,224,JPEG,UNIQUE_CLEAN,KEEP
miss_sr_0300,soybean_rust_anand_train_1244.jpg,soybean__rust,Soybean,Rust,anandvermagmailcom/soybean-leaf-diseases,train,1244,C:\Users\vyasn\OneDrive\Desktop\Disease_prediction\data\external\model2_supplementary\soybean_rust_anand\soybean_rust_anand_train_1244.jpg,294cd519e44cf8ab615ab78257f8ff92b3701e4fd128f52c54b018b10ea960a6,224,224,JPEG,UNIQUE_CLEAN,KEEP
miss_sr_0301,soybean_rust_anand_train_1245.jpg,soybean__rust,Soybean,Rust,anandvermagmailcom/soybean-leaf-diseases,train,1245,C:\Users\vyasn\OneDrive\Desktop\Disease_prediction\data\external\model2_supplementary\soybean_rust_anand\soybean_rust_anand_train_1245.jpg,6553c4170e0f936c1f4d582b8f85c0a1d0e41659cc1e1d35a961c8b4bd192353,224,224,JPEG,UNIQUE_CLEAN,KEEP
miss_sr_0302,soybean_rust_anand_train_1246.jpg,soybean__rust,Soybean,Rust,anandvermagmailcom/soybean-leaf-diseases,train,1246,C:\Users\vyasn\OneDrive\Desktop\Disease_prediction\data\external\model2_supplementary\soybean_rust_anand\soybean_rust_anand_train_1246.jpg,c3535ecdf71cdff9c1732b48bb3661d8ba2172e40bc3ccdc05a8f4524f5fb043,224,224,JPEG,UNIQUE_CLEAN,KEEP
miss_sr_0303,soybean_rust_anand_train_1247.jpg,soybean__rust,Soybean,Rust,anandvermagmailcom/soybean-leaf-diseases,train,1247,C:\Users\vyasn\OneDrive\Desktop\Disease_prediction\data\external\model2_supplementary\soybean_rust_anand\soybean_rust_anand_train_1247.jpg,90f9b6f23fb81982b7ced9c1a3f353b4c80fa12d76a36a10df325b14cbbabca4,224,224,JPEG,UNIQUE_CLEAN,KEEP
miss_sr_0304,soybean_rust_anand_train_1248.jpg,soybean__rust,Soybean,Rust,anandvermagmailcom/soybean-leaf-diseases,train,1248,C:\Users\vyasn\OneDrive\Desktop\Disease_prediction\data\external\model2_supplementary\soybean_rust_anand\soybean_rust_anand_train_1248.jpg,301f97eb76884442218b80ee2caf4b313cf57806ab62b1c7560dc5a989722f8d,224,224,JPEG,UNIQUE_CLEAN,KEEP
miss_sr_0305,soybean_rust_anand_train_1249.jpg,soybean__rust,Soybean,Rust,anandvermagmailcom/soybean-leaf-diseases,train,1249,C:\Users\vyasn\OneDrive\Desktop\Disease_prediction\data\external\model2_supplementary\soybean_rust_anand\soybean_rust_anand_train_1249.jpg,a97dd3c7c38a408ab7a00e1cf83a1b42295ec5966846fd454ad5bdddb7c06574,224,224,JPEG,UNIQUE_CLEAN,KEEP
miss_sr_0306,soybean_rust_anand_train_1250.jpg,soybean__rust,Soybean,Rust,anandvermagmailcom/soybean-leaf-diseases,train,1250,C:\Users\vyasn\OneDrive\Desktop\Disease_prediction\data\external\model2_supplementary\soybean_rust_anand\soybean_rust_anand_train_1250.jpg,7d2be708bb0b217d65b2502b76de209d3def6b326e0cd5421b5c81ae0bf89f03,224,224,JPEG,UNIQUE_CLEAN,KEEP
miss_sr_0307,soybean_rust_anand_train_1251.jpg,soybean__rust,Soybean,Rust,anandvermagmailcom/soybean-leaf-diseases,train,1251,C:\Users\vyasn\OneDrive\Desktop\Disease_prediction\data\external\model2_supplementary\soybean_rust_anand\soybean_rust_anand_train_1251.jpg,54d7d5b29479ba24c13ccfff78e7f93c1eef0417661ef47995125a25ddc3b559,224,224,JPEG,UNIQUE_CLEAN,KEEP
miss_sr_0308,soybean_rust_anand_train_1252.jpg,soybean__rust,Soybean,Rust,anandvermagmailcom/soybean-leaf-diseases,train,1252,C:\Users\vyasn\OneDrive\Desktop\Disease_prediction\data\external\model2_supplementary\soybean_rust_anand\soybean_rust_anand_train_1252.jpg,6563f6ce319a25659e8c04baee1736c7e47264a2a079196dedb4c576fd1a881c,224,224,JPEG,UNIQUE_CLEAN,KEEP
miss_sr_0309,soybean_rust_anand_train_1253.jpg,soybean__rust,Soybean,Rust,anandvermagmailcom/soybean-leaf-diseases,train,1253,C:\Users\vyasn\OneDrive\Desktop\Disease_prediction\data\external\model2_supplementary\soybean_rust_anand\soybean_rust_anand_train_1253.jpg,543288a2d2d4d4f776c839d4fd09c836bad146c9320838107d13fc82b64bca96,224,224,JPEG,UNIQUE_CLEAN,KEEP
miss_sr_0310,soybean_rust_anand_train_1254.jpg,soybean__rust,Soybean,Rust,anandvermagmailcom/soybean-leaf-diseases,train,1254,C:\Users\vyasn\OneDrive\Desktop\Disease_prediction\data\external\model2_supplementary\soybean_rust_anand\soybean_rust_anand_train_1254.jpg,f4590bba28d3f7b0e900cd41e96f4c5756ec6c71dd2db3f064a172737ed1c652,224,224,JPEG,UNIQUE_CLEAN,KEEP
miss_sr_0311,soybean_rust_anand_train_1255.jpg,soybean__rust,Soybean,Rust,anandvermagmailcom/soybean-leaf-diseases,train,1255,C:\Users\vyasn\OneDrive\Desktop\Disease_prediction\data\external\model2_supplementary\soybean_rust_anand\soybean_rust_anand_train_1255.jpg,61536d903b325611e714665f97055fb3710e70520293bfd2f4f57ee13e6178dc,224,224,JPEG,UNIQUE_CLEAN,KEEP
miss_sr_0312,soybean_rust_anand_train_1256.jpg,soybean__rust,Soybean,Rust,anandvermagmailcom/soybean-leaf-diseases,train,1256,C:\Users\vyasn\OneDrive\Desktop\Disease_prediction\data\external\model2_supplementary\soybean_rust_anand\soybean_rust_anand_train_1256.jpg,688a7655550385d8f767def9cc07499c217f8824bc7646adb8ac222346dd4452,224,224,JPEG,UNIQUE_CLEAN,KEEP
miss_sr_0313,soybean_rust_anand_train_1257.jpg,soybean__rust,Soybean,Rust,anandvermagmailcom/soybean-leaf-diseases,train,1257,C:\Users\vyasn\OneDrive\Desktop\Disease_prediction\data\external\model2_supplementary\soybean_rust_anand\soybean_rust_anand_train_1257.jpg,23619db0e1206f3032197a280270f72f74599a4b1d3637ee9f44f2340829aaf7,224,224,JPEG,UNIQUE_CLEAN,KEEP
miss_sr_0314,soybean_rust_anand_train_1258.jpg,soybean__rust,Soybean,Rust,anandvermagmailcom/soybean-leaf-diseases,train,1258,C:\Users\vyasn\OneDrive\Desktop\Disease_prediction\data\external\model2_supplementary\soybean_rust_anand\soybean_rust_anand_train_1258.jpg,a4e504f61f0c3b4db75259b6eeaa5535412a1b68ebc464bda3a14994cf253eca,224,224,JPEG,UNIQUE_CLEAN,KEEP
miss_sr_0315,soybean_rust_anand_train_1259.jpg,soybean__rust,Soybean,Rust,anandvermagmailcom/soybean-leaf-diseases,train,1259,C:\Users\vyasn\OneDrive\Desktop\Disease_prediction\data\external\model2_supplementary\soybean_rust_anand\soybean_rust_anand_train_1259.jpg,7a92f3f647e2e7029bb7d0166f8f669ab7805a9dbe34a0829509a4eaff290c37,224,224,JPEG,UNIQUE_CLEAN,KEEP
miss_sr_0316,soybean_rust_anand_validation_0201.jpg,soybean__rust,Soybean,Rust,anandvermagmailcom/soybean-leaf-diseases,validation,201,C:\Users\vyasn\OneDrive\Desktop\Disease_prediction\data\external\model2_supplementary\soybean_rust_anand\soybean_rust_anand_validation_0201.jpg,2f8ea7ebd2d3a88bd886ebdc6114d5816d58c1b6ea62d512ec130fb92359af21,224,224,JPEG,UNIQUE_CLEAN,KEEP
miss_sr_0317,soybean_rust_anand_validation_0202.jpg,soybean__rust,Soybean,Rust,anandvermagmailcom/soybean-leaf-diseases,validation,202,C:\Users\vyasn\OneDrive\Desktop\Disease_prediction\data\external\model2_supplementary\soybean_rust_anand\soybean_rust_anand_validation_0202.jpg,9c377dbb1355feee152ddb40a7ddcb7276f68ab65d8370bacc4e4acb278957b6,224,224,JPEG,UNIQUE_CLEAN,KEEP
miss_sr_0318,soybean_rust_anand_validation_0203.jpg,soybean__rust,Soybean,Rust,anandvermagmailcom/soybean-leaf-diseases,validation,203,C:\Users\vyasn\OneDrive\Desktop\Disease_prediction\data\external\model2_supplementary\soybean_rust_anand\soybean_rust_anand_validation_0203.jpg,4fe68812448d9f3457f3f665a08b8a8c309a8a1e2de402d8bb6f08dc0fe9b92d,224,224,JPEG,UNIQUE_CLEAN,KEEP
miss_sr_0319,soybean_rust_anand_validation_0204.jpg,soybean__rust,Soybean,Rust,anandvermagmailcom/soybean-leaf-diseases,validation,204,C:\Users\vyasn\OneDrive\Desktop\Disease_prediction\data\external\model2_supplementary\soybean_rust_anand\soybean_rust_anand_validation_0204.jpg,b3eb4faa02fdbdaf1b48376d16a58b7e3501ab884b75b3c0c2dc6cd4c3ca7637,224,224,JPEG,UNIQUE_CLEAN,KEEP
miss_sr_0320,soybean_rust_anand_validation_0205.jpg,soybean__rust,Soybean,Rust,anandvermagmailcom/soybean-leaf-diseases,validation,205,C:\Users\vyasn\OneDrive\Desktop\Disease_prediction\data\external\model2_supplementary\soybean_rust_anand\soybean_rust_anand_validation_0205.jpg,6a7de55512acc99e16beedac0f4ae7ec852145b1189f8e583a3ddfc7c4bde3a3,224,224,JPEG,UNIQUE_CLEAN,KEEP
miss_sr_0321,soybean_rust_anand_validation_0206.jpg,soybean__rust,Soybean,Rust,anandvermagmailcom/soybean-leaf-diseases,validation,206,C:\Users\vyasn\OneDrive\Desktop\Disease_prediction\data\external\model2_supplementary\soybean_rust_anand\soybean_rust_anand_validation_0206.jpg,30ea7a1fc81337f268199967afa21dde2ee231a878f4b53f7e785950a57e6586,224,224,JPEG,UNIQUE_CLEAN,KEEP
miss_sr_0322,soybean_rust_anand_validation_0207.jpg,soybean__rust,Soybean,Rust,anandvermagmailcom/soybean-leaf-diseases,validation,207,C:\Users\vyasn\OneDrive\Desktop\Disease_prediction\data\external\model2_supplementary\soybean_rust_anand\soybean_rust_anand_validation_0207.jpg,29ab1bc55e89fed21ddcd596533489298c68fce28fba3f71d8da6f0ee52ec116,224,224,JPEG,UNIQUE_CLEAN,KEEP
miss_sr_0323,soybean_rust_anand_validation_0208.jpg,soybean__rust,Soybean,Rust,anandvermagmailcom/soybean-leaf-diseases,validation,208,C:\Users\vyasn\OneDrive\Desktop\Disease_prediction\data\external\model2_supplementary\soybean_rust_anand\soybean_rust_anand_validation_0208.jpg,ac8ede334f08b6c82483625b674c50a810a9333c36fcb66f63ba42bf64f7f2c9,224,224,JPEG,UNIQUE_CLEAN,KEEP
miss_sr_0324,soybean_rust_anand_validation_0209.jpg,soybean__rust,Soybean,Rust,anandvermagmailcom/soybean-leaf-diseases,validation,209,C:\Users\vyasn\OneDrive\Desktop\Disease_prediction\data\external\model2_supplementary\soybean_rust_anand\soybean_rust_anand_validation_0209.jpg,c5939e3657d4a3c90fe56cfdbd8c900489b8ce4af501b062eba01d874e204d9c,224,224,JPEG,UNIQUE_CLEAN,KEEP
miss_sr_0325,soybean_rust_anand_validation_0210.jpg,soybean__rust,Soybean,Rust,anandvermagmailcom/soybean-leaf-diseases,validation,210,C:\Users\vyasn\OneDrive\Desktop\Disease_prediction\data\external\model2_supplementary\soybean_rust_anand\soybean_rust_anand_validation_0210.jpg,9bfcdb793ec80228a2fcded4189cbe6d709194c72ac2d72d0c1a5a22450851fc,224,224,JPEG,UNIQUE_CLEAN,KEEP
miss_sr_0326,soybean_rust_anand_validation_0211.jpg,soybean__rust,Soybean,Rust,anandvermagmailcom/soybean-leaf-diseases,validation,211,C:\Users\vyasn\OneDrive\Desktop\Disease_prediction\data\external\model2_supplementary\soybean_rust_anand\soybean_rust_anand_validation_0211.jpg,95909d00c3776ee0e6ea443796643362f0f64248ece4abc498d788ebe3054e9b,224,224,JPEG,UNIQUE_CLEAN,KEEP
miss_sr_0327,soybean_rust_anand_validation_0212.jpg,soybean__rust,Soybean,Rust,anandvermagmailcom/soybean-leaf-diseases,validation,212,C:\Users\vyasn\OneDrive\Desktop\Disease_prediction\data\external\model2_supplementary\soybean_rust_anand\soybean_rust_anand_validation_0212.jpg,aa917d7dd551936aa7f38ec855081cb68a237efb4c24e548c7a820c70a33e19f,224,224,JPEG,UNIQUE_CLEAN,KEEP
miss_sr_0328,soybean_rust_anand_validation_0213.jpg,soybean__rust,Soybean,Rust,anandvermagmailcom/soybean-leaf-diseases,validation,213,C:\Users\vyasn\OneDrive\Desktop\Disease_prediction\data\external\model2_supplementary\soybean_rust_anand\soybean_rust_anand_validation_0213.jpg,c4961cb13bf4dd4eb33d22e260d12769a0a97bfd2da79b1b647dee5e4d9180d7,224,224,JPEG,UNIQUE_CLEAN,KEEP
miss_sr_0329,soybean_rust_anand_validation_0214.jpg,soybean__rust,Soybean,Rust,anandvermagmailcom/soybean-leaf-diseases,validation,214,C:\Users\vyasn\OneDrive\Desktop\Disease_prediction\data\external\model2_supplementary\soybean_rust_anand\soybean_rust_anand_validation_0214.jpg,558c8f03dedf8a128f9e420a38dda634007c9e39c33f1ca26e4d6a4467ce1152,224,224,JPEG,UNIQUE_CLEAN,KEEP
miss_sr_0330,soybean_rust_anand_validation_0215.jpg,soybean__rust,Soybean,Rust,anandvermagmailcom/soybean-leaf-diseases,validation,215,C:\Users\vyasn\OneDrive\Desktop\Disease_prediction\data\external\model2_supplementary\soybean_rust_anand\soybean_rust_anand_validation_0215.jpg,a2be26f3f30ab1d1fb5483f15d7ae5166fa9def507e04fc734ec3eb123cd3a85,224,224,JPEG,UNIQUE_CLEAN,KEEP
miss_sr_0331,soybean_rust_anand_validation_0216.jpg,soybean__rust,Soybean,Rust,anandvermagmailcom/soybean-leaf-diseases,validation,216,C:\Users\vyasn\OneDrive\Desktop\Disease_prediction\data\external\model2_supplementary\soybean_rust_anand\soybean_rust_anand_validation_0216.jpg,93f9f2b732ea6c15fd4dd6b36dfda4ebb15ff7e17c50282db43ce2383a43f2ea,224,224,JPEG,UNIQUE_CLEAN,KEEP
miss_sr_0332,soybean_rust_anand_validation_0217.jpg,soybean__rust,Soybean,Rust,anandvermagmailcom/soybean-leaf-diseases,validation,217,C:\Users\vyasn\OneDrive\Desktop\Disease_prediction\data\external\model2_supplementary\soybean_rust_anand\soybean_rust_anand_validation_0217.jpg,473255fb9e6a930ebc195d079275ba69ef5bfa22e5deba336c729f9c753916a9,224,224,JPEG,UNIQUE_CLEAN,KEEP
miss_sr_0333,soybean_rust_anand_validation_0218.jpg,soybean__rust,Soybean,Rust,anandvermagmailcom/soybean-leaf-diseases,validation,218,C:\Users\vyasn\OneDrive\Desktop\Disease_prediction\data\external\model2_supplementary\soybean_rust_anand\soybean_rust_anand_validation_0218.jpg,8644733a93109d105504503129bd073f48333152af85873ffc236520c6f1d7a1,224,224,JPEG,UNIQUE_CLEAN,KEEP
miss_sr_0334,soybean_rust_anand_validation_0219.jpg,soybean__rust,Soybean,Rust,anandvermagmailcom/soybean-leaf-diseases,validation,219,C:\Users\vyasn\OneDrive\Desktop\Disease_prediction\data\external\model2_supplementary\soybean_rust_anand\soybean_rust_anand_validation_0219.jpg,6c7317fe6905f8992b3011e9e77bc8cdbbcfa60fa2ba9210f4593bffa85f54f7,224,224,JPEG,UNIQUE_CLEAN,KEEP
miss_sr_0335,soybean_rust_anand_validation_0220.jpg,soybean__rust,Soybean,Rust,anandvermagmailcom/soybean-leaf-diseases,validation,220,C:\Users\vyasn\OneDrive\Desktop\Disease_prediction\data\external\model2_supplementary\soybean_rust_anand\soybean_rust_anand_validation_0220.jpg,4fe37d8e99c405f65192abeb8b97802141a37f8396ca9b7d0bb4798dd68309a9,224,224,JPEG,UNIQUE_CLEAN,KEEP
miss_sr_0336,soybean_rust_anand_validation_0221.jpg,soybean__rust,Soybean,Rust,anandvermagmailcom/soybean-leaf-diseases,validation,221,C:\Users\vyasn\OneDrive\Desktop\Disease_prediction\data\external\model2_supplementary\soybean_rust_anand\soybean_rust_anand_validation_0221.jpg,c1ce4196f6193af971d0b621087cd897b608eb63c8bd340fded39f2c063546d1,224,224,JPEG,UNIQUE_CLEAN,KEEP
miss_sr_0337,soybean_rust_anand_validation_0222.jpg,soybean__rust,Soybean,Rust,anandvermagmailcom/soybean-leaf-diseases,validation,222,C:\Users\vyasn\OneDrive\Desktop\Disease_prediction\data\external\model2_supplementary\soybean_rust_anand\soybean_rust_anand_validation_0222.jpg,516febfe36ad88af8b7cd4c33c03b36b7ffeb5ddb1110374ebf277ef7e77bea3,224,224,JPEG,UNIQUE_CLEAN,KEEP
miss_sr_0338,soybean_rust_anand_validation_0223.jpg,soybean__rust,Soybean,Rust,anandvermagmailcom/soybean-leaf-diseases,validation,223,C:\Users\vyasn\OneDrive\Desktop\Disease_prediction\data\external\model2_supplementary\soybean_rust_anand\soybean_rust_anand_validation_0223.jpg,c203e9e513099d54404dc3740c2656f3d755eaa14a09b7346bfb51f7be1ad34c,224,224,JPEG,UNIQUE_CLEAN,KEEP
miss_sr_0339,soybean_rust_anand_validation_0224.jpg,soybean__rust,Soybean,Rust,anandvermagmailcom/soybean-leaf-diseases,validation,224,C:\Users\vyasn\OneDrive\Desktop\Disease_prediction\data\external\model2_supplementary\soybean_rust_anand\soybean_rust_anand_validation_0224.jpg,7914bd4cea24f87b1589e25402b1db910cdc57ae3b83fa12a77b79ec50237cc7,224,224,JPEG,UNIQUE_CLEAN,KEEP
miss_sr_0340,soybean_rust_anand_validation_0225.jpg,soybean__rust,Soybean,Rust,anandvermagmailcom/soybean-leaf-diseases,validation,225,C:\Users\vyasn\OneDrive\Desktop\Disease_prediction\data\external\model2_supplementary\soybean_rust_anand\soybean_rust_anand_validation_0225.jpg,69c2ee5741075c2ce6e01360914f6cdbb26c472366a01b01e1746c3f95aa6799,224,224,JPEG,UNIQUE_CLEAN,KEEP
miss_sr_0341,soybean_rust_anand_validation_0226.jpg,soybean__rust,Soybean,Rust,anandvermagmailcom/soybean-leaf-diseases,validation,226,C:\Users\vyasn\OneDrive\Desktop\Disease_prediction\data\external\model2_supplementary\soybean_rust_anand\soybean_rust_anand_validation_0226.jpg,cf4e5f491ef54bd497567e43de108eebeb3529a8044e39bac6eecb6c09633662,224,224,JPEG,UNIQUE_CLEAN,KEEP
miss_sr_0342,soybean_rust_anand_validation_0227.jpg,soybean__rust,Soybean,Rust,anandvermagmailcom/soybean-leaf-diseases,validation,227,C:\Users\vyasn\OneDrive\Desktop\Disease_prediction\data\external\model2_supplementary\soybean_rust_anand\soybean_rust_anand_validation_0227.jpg,ff4189789067490d4eb6530ab1ce6fc4d2629210dd0b8fac99cbbb8ca49593fd,224,224,JPEG,UNIQUE_CLEAN,KEEP
miss_sr_0343,soybean_rust_anand_validation_0228.jpg,soybean__rust,Soybean,Rust,anandvermagmailcom/soybean-leaf-diseases,validation,228,C:\Users\vyasn\OneDrive\Desktop\Disease_prediction\data\external\model2_supplementary\soybean_rust_anand\soybean_rust_anand_validation_0228.jpg,19b0a3430e62e1d264b40cca45d5f454f9d5f99fd4b2020ab712e93f2da4d6b6,224,224,JPEG,UNIQUE_CLEAN,KEEP
miss_sr_0344,soybean_rust_anand_validation_0229.jpg,soybean__rust,Soybean,Rust,anandvermagmailcom/soybean-leaf-diseases,validation,229,C:\Users\vyasn\OneDrive\Desktop\Disease_prediction\data\external\model2_supplementary\soybean_rust_anand\soybean_rust_anand_validation_0229.jpg,c999eecf7b7ca906348fe425ddc0221bbf2a32defae77bef58b40bcde11d7ae6,224,224,JPEG,UNIQUE_CLEAN,KEEP
miss_sr_0345,soybean_rust_anand_validation_0230.jpg,soybean__rust,Soybean,Rust,anandvermagmailcom/soybean-leaf-diseases,validation,230,C:\Users\vyasn\OneDrive\Desktop\Disease_prediction\data\external\model2_supplementary\soybean_rust_anand\soybean_rust_anand_validation_0230.jpg,6e647ca5343c9b08b560e98f109a9e6a46feed01d78c8cb85dbc6b1f1b875190,224,224,JPEG,UNIQUE_CLEAN,KEEP
miss_sr_0346,soybean_rust_anand_validation_0231.jpg,soybean__rust,Soybean,Rust,anandvermagmailcom/soybean-leaf-diseases,validation,231,C:\Users\vyasn\OneDrive\Desktop\Disease_prediction\data\external\model2_supplementary\soybean_rust_anand\soybean_rust_anand_validation_0231.jpg,4511a56c913eb0e7939dd7e79d3fc7c6346513b8c4a01bf8d89af5e7dffc99eb,224,224,JPEG,UNIQUE_CLEAN,KEEP
miss_sr_0347,soybean_rust_anand_validation_0232.jpg,soybean__rust,Soybean,Rust,anandvermagmailcom/soybean-leaf-diseases,validation,232,C:\Users\vyasn\OneDrive\Desktop\Disease_prediction\data\external\model2_supplementary\soybean_rust_anand\soybean_rust_anand_validation_0232.jpg,8e74fef4600277787410bf2d02f88acfe41ce773162462a9594b74df59729581,224,224,JPEG,UNIQUE_CLEAN,KEEP
miss_sr_0348,soybean_rust_anand_validation_0233.jpg,soybean__rust,Soybean,Rust,anandvermagmailcom/soybean-leaf-diseases,validation,233,C:\Users\vyasn\OneDrive\Desktop\Disease_prediction\data\external\model2_supplementary\soybean_rust_anand\soybean_rust_anand_validation_0233.jpg,e3654d72e121e88a58f59d308d71fcf145034d594976f9cc80b2bf39a8c0dd48,224,224,JPEG,UNIQUE_CLEAN,KEEP
miss_sr_0349,soybean_rust_anand_validation_0234.jpg,soybean__rust,Soybean,Rust,anandvermagmailcom/soybean-leaf-diseases,validation,234,C:\Users\vyasn\OneDrive\Desktop\Disease_prediction\data\external\model2_supplementary\soybean_rust_anand\soybean_rust_anand_validation_0234.jpg,8c97f0ea066ca4fe47ffb5eea75eb7d8531249983cefe780e135a1e4e94dbd17,224,224,JPEG,UNIQUE_CLEAN,KEEP
miss_sr_0350,soybean_rust_anand_validation_0235.jpg,soybean__rust,Soybean,Rust,anandvermagmailcom/soybean-leaf-diseases,validation,235,C:\Users\vyasn\OneDrive\Desktop\Disease_prediction\data\external\model2_supplementary\soybean_rust_anand\soybean_rust_anand_validation_0235.jpg,4dd3b9d3077c7a99475790abb92adaa6c02e086e91f0ccbf5b64a4f6173fa1fd,224,224,JPEG,UNIQUE_CLEAN,KEEP
miss_sr_0351,soybean_rust_anand_validation_0236.jpg,soybean__rust,Soybean,Rust,anandvermagmailcom/soybean-leaf-diseases,validation,236,C:\Users\vyasn\OneDrive\Desktop\Disease_prediction\data\external\model2_supplementary\soybean_rust_anand\soybean_rust_anand_validation_0236.jpg,aa67f63f9fea31f58586b17324cc1fc84188049ede3afb9efd731638ef3e2843,224,224,JPEG,UNIQUE_CLEAN,KEEP
miss_sr_0352,soybean_rust_anand_validation_0237.jpg,soybean__rust,Soybean,Rust,anandvermagmailcom/soybean-leaf-diseases,validation,237,C:\Users\vyasn\OneDrive\Desktop\Disease_prediction\data\external\model2_supplementary\soybean_rust_anand\soybean_rust_anand_validation_0237.jpg,b4e445f7e4a43b9c5ae66213b06303c06a5363046e98b16c4fefbe42b024a281,224,224,JPEG,UNIQUE_CLEAN,KEEP
miss_sr_0353,soybean_rust_anand_validation_0238.jpg,soybean__rust,Soybean,Rust,anandvermagmailcom/soybean-leaf-diseases,validation,238,C:\Users\vyasn\OneDrive\Desktop\Disease_prediction\data\external\model2_supplementary\soybean_rust_anand\soybean_rust_anand_validation_0238.jpg,9b79247474ac9a29edeb3aaac6ac4b9a1d3b735ebaec0e521073adb93a0eea50,224,224,JPEG,UNIQUE_CLEAN,KEEP
miss_sr_0354,soybean_rust_anand_validation_0239.jpg,soybean__rust,Soybean,Rust,anandvermagmailcom/soybean-leaf-diseases,validation,239,C:\Users\vyasn\OneDrive\Desktop\Disease_prediction\data\external\model2_supplementary\soybean_rust_anand\soybean_rust_anand_validation_0239.jpg,edf17f94d9974f66cc6145495549c40491575882bf12d4aba7d355449e5090c2,224,224,JPEG,UNIQUE_CLEAN,KEEP
miss_sr_0355,soybean_rust_anand_validation_0240.jpg,soybean__rust,Soybean,Rust,anandvermagmailcom/soybean-leaf-diseases,validation,240,C:\Users\vyasn\OneDrive\Desktop\Disease_prediction\data\external\model2_supplementary\soybean_rust_anand\soybean_rust_anand_validation_0240.jpg,5ad653001187b56f93629472261d3c50a668f2cf7d10f2e5c007c455ed5ab48c,224,224,JPEG,UNIQUE_CLEAN,KEEP
miss_sr_0356,soybean_rust_anand_validation_0241.jpg,soybean__rust,Soybean,Rust,anandvermagmailcom/soybean-leaf-diseases,validation,241,C:\Users\vyasn\OneDrive\Desktop\Disease_prediction\data\external\model2_supplementary\soybean_rust_anand\soybean_rust_anand_validation_0241.jpg,43c493b402eafed70871f89651df8023d0bd7ca14d13de8906c8c2084f64364e,224,224,JPEG,UNIQUE_CLEAN,KEEP
miss_sr_0357,soybean_rust_anand_validation_0242.jpg,soybean__rust,Soybean,Rust,anandvermagmailcom/soybean-leaf-diseases,validation,242,C:\Users\vyasn\OneDrive\Desktop\Disease_prediction\data\external\model2_supplementary\soybean_rust_anand\soybean_rust_anand_validation_0242.jpg,d251707f0f1d7074b421021c74da5b2b27ed3d5adfd45c7cbee293d347f69e6d,224,224,JPEG,UNIQUE_CLEAN,KEEP
miss_sr_0358,soybean_rust_anand_validation_0243.jpg,soybean__rust,Soybean,Rust,anandvermagmailcom/soybean-leaf-diseases,validation,243,C:\Users\vyasn\OneDrive\Desktop\Disease_prediction\data\external\model2_supplementary\soybean_rust_anand\soybean_rust_anand_validation_0243.jpg,3ee2cd7f6984e6ffda1a0bafed9ade5129c9395a9385674b53c4dff143eede83,224,224,JPEG,UNIQUE_CLEAN,KEEP
miss_sr_0359,soybean_rust_anand_validation_0244.jpg,soybean__rust,Soybean,Rust,anandvermagmailcom/soybean-leaf-diseases,validation,244,C:\Users\vyasn\OneDrive\Desktop\Disease_prediction\data\external\model2_supplementary\soybean_rust_anand\soybean_rust_anand_validation_0244.jpg,4cd0ea655ed9bc7c6e374bf17961acb562608c13979371cf76a7c4bc12d0fcdc,224,224,JPEG,UNIQUE_CLEAN,KEEP
miss_sr_0360,soybean_rust_anand_validation_0245.jpg,soybean__rust,Soybean,Rust,anandvermagmailcom/soybean-leaf-diseases,validation,245,C:\Users\vyasn\OneDrive\Desktop\Disease_prediction\data\external\model2_supplementary\soybean_rust_anand\soybean_rust_anand_validation_0245.jpg,c39e23a726a8838c8b4a8c694ee048a6d587740a5a1193d35fc23a1cb444d35c,224,224,JPEG,UNIQUE_CLEAN,KEEP
miss_sr_0361,soybean_rust_anand_validation_0246.jpg,soybean__rust,Soybean,Rust,anandvermagmailcom/soybean-leaf-diseases,validation,246,C:\Users\vyasn\OneDrive\Desktop\Disease_prediction\data\external\model2_supplementary\soybean_rust_anand\soybean_rust_anand_validation_0246.jpg,af58758ecf6fa80d39877df51d4daed3256004aef44f8bbb2255ad19f422e392,224,224,JPEG,UNIQUE_CLEAN,KEEP
miss_sr_0362,soybean_rust_anand_validation_0247.jpg,soybean__rust,Soybean,Rust,anandvermagmailcom/soybean-leaf-diseases,validation,247,C:\Users\vyasn\OneDrive\Desktop\Disease_prediction\data\external\model2_supplementary\soybean_rust_anand\soybean_rust_anand_validation_0247.jpg,77c5d115d3362ba54f025c6f1f7064656cf6d19b74c1f6462fbd9047f67ad995,224,224,JPEG,UNIQUE_CLEAN,KEEP
miss_sr_0363,soybean_rust_anand_validation_0248.jpg,soybean__rust,Soybean,Rust,anandvermagmailcom/soybean-leaf-diseases,validation,248,C:\Users\vyasn\OneDrive\Desktop\Disease_prediction\data\external\model2_supplementary\soybean_rust_anand\soybean_rust_anand_validation_0248.jpg,ce5447ad24ba0a9efe0d58f7da33069780ce0b4b96d5e3c7d8c152f184fe7a16,224,224,JPEG,UNIQUE_CLEAN,KEEP
miss_sr_0364,soybean_rust_anand_validation_0249.jpg,soybean__rust,Soybean,Rust,anandvermagmailcom/soybean-leaf-diseases,validation,249,C:\Users\vyasn\OneDrive\Desktop\Disease_prediction\data\external\model2_supplementary\soybean_rust_anand\soybean_rust_anand_validation_0249.jpg,e38570a760d95801a21036c08d3d5a5c277db3397fd9779bbc36b66ce0ebfd17,224,224,JPEG,UNIQUE_CLEAN,KEEP
miss_sr_0365,soybean_rust_anand_validation_0250.jpg,soybean__rust,Soybean,Rust,anandvermagmailcom/soybean-leaf-diseases,validation,250,C:\Users\vyasn\OneDrive\Desktop\Disease_prediction\data\external\model2_supplementary\soybean_rust_anand\soybean_rust_anand_validation_0250.jpg,5466c40d8e1cb523123b5b7a418c4072800477beb02f4fe50398e7ee25b2c864,224,224,JPEG,UNIQUE_CLEAN,KEEP
miss_sr_0366,soybean_rust_anand_validation_0251.jpg,soybean__rust,Soybean,Rust,anandvermagmailcom/soybean-leaf-diseases,validation,251,C:\Users\vyasn\OneDrive\Desktop\Disease_prediction\data\external\model2_supplementary\soybean_rust_anand\soybean_rust_anand_validation_0251.jpg,d6271de5ab8b1b016b69333195c479651f01970b0af607569450cb1c250bbc58,224,224,JPEG,UNIQUE_CLEAN,KEEP
miss_sr_0367,soybean_rust_anand_validation_0252.jpg,soybean__rust,Soybean,Rust,anandvermagmailcom/soybean-leaf-diseases,validation,252,C:\Users\vyasn\OneDrive\Desktop\Disease_prediction\data\external\model2_supplementary\soybean_rust_anand\soybean_rust_anand_validation_0252.jpg,58ca3b0376cb7ba90d1cf8bf58902c7f0b98c0931cc35a9fd6d9e0f3c662a282,224,224,JPEG,UNIQUE_CLEAN,KEEP
miss_sr_0368,soybean_rust_anand_validation_0253.jpg,soybean__rust,Soybean,Rust,anandvermagmailcom/soybean-leaf-diseases,validation,253,C:\Users\vyasn\OneDrive\Desktop\Disease_prediction\data\external\model2_supplementary\soybean_rust_anand\soybean_rust_anand_validation_0253.jpg,7e0f3b557a4423e0a7b0d2b989744618d588ceb6c30db788ea6115f36d59730c,224,224,JPEG,UNIQUE_CLEAN,KEEP
miss_sr_0369,soybean_rust_anand_validation_0254.jpg,soybean__rust,Soybean,Rust,anandvermagmailcom/soybean-leaf-diseases,validation,254,C:\Users\vyasn\OneDrive\Desktop\Disease_prediction\data\external\model2_supplementary\soybean_rust_anand\soybean_rust_anand_validation_0254.jpg,90afce81cbe1a576a0059b7137f895a3255ebf201834d6fa6c016b295d2f96ac,224,224,JPEG,UNIQUE_CLEAN,KEEP
miss_sr_0370,soybean_rust_anand_validation_0255.jpg,soybean__rust,Soybean,Rust,anandvermagmailcom/soybean-leaf-diseases,validation,255,C:\Users\vyasn\OneDrive\Desktop\Disease_prediction\data\external\model2_supplementary\soybean_rust_anand\soybean_rust_anand_validation_0255.jpg,eb45a496ee2c2180dcd626b0dd73619cc391ffa3b458817d4336979fccf94ba9,224,224,JPEG,UNIQUE_CLEAN,KEEP
miss_sr_0371,soybean_rust_anand_validation_0256.jpg,soybean__rust,Soybean,Rust,anandvermagmailcom/soybean-leaf-diseases,validation,256,C:\Users\vyasn\OneDrive\Desktop\Disease_prediction\data\external\model2_supplementary\soybean_rust_anand\soybean_rust_anand_validation_0256.jpg,e8639d92e97a7ba6d837c217a10eed389ad635952da8f59738fc2e94d78d582c,224,224,JPEG,UNIQUE_CLEAN,KEEP
miss_sr_0372,soybean_rust_anand_validation_0257.jpg,soybean__rust,Soybean,Rust,anandvermagmailcom/soybean-leaf-diseases,validation,257,C:\Users\vyasn\OneDrive\Desktop\Disease_prediction\data\external\model2_supplementary\soybean_rust_anand\soybean_rust_anand_validation_0257.jpg,2844652241a65c06ddaf4e3d82836b3ca35f574743ea996220027222840c9ef5,224,224,JPEG,UNIQUE_CLEAN,KEEP
miss_sr_0373,soybean_rust_anand_validation_0258.jpg,soybean__rust,Soybean,Rust,anandvermagmailcom/soybean-leaf-diseases,validation,258,C:\Users\vyasn\OneDrive\Desktop\Disease_prediction\data\external\model2_supplementary\soybean_rust_anand\soybean_rust_anand_validation_0258.jpg,6b28d43a202406eb2e32dacaf91b53d6dad7c845d86f462d2bec2fc4e22cb1e5,224,224,JPEG,UNIQUE_CLEAN,KEEP
miss_sr_0374,soybean_rust_anand_validation_0259.jpg,soybean__rust,Soybean,Rust,anandvermagmailcom/soybean-leaf-diseases,validation,259,C:\Users\vyasn\OneDrive\Desktop\Disease_prediction\data\external\model2_supplementary\soybean_rust_anand\soybean_rust_anand_validation_0259.jpg,b3918eafe63f40bda1fd5cb985b25dbacc96d99dc64e4b26b9bc6f3ce0bc19a0,224,224,JPEG,UNIQUE_CLEAN,KEEP
miss_sr_0375,soybean_rust_anand_validation_0260.jpg,soybean__rust,Soybean,Rust,anandvermagmailcom/soybean-leaf-diseases,validation,260,C:\Users\vyasn\OneDrive\Desktop\Disease_prediction\data\external\model2_supplementary\soybean_rust_anand\soybean_rust_anand_validation_0260.jpg,c764018874bdd3798b1d4360e4f4c36df235e799d635abd24e66ff5a5ac664ef,224,224,JPEG,UNIQUE_CLEAN,KEEP
miss_sr_0376,soybean_rust_anand_validation_0261.jpg,soybean__rust,Soybean,Rust,anandvermagmailcom/soybean-leaf-diseases,validation,261,C:\Users\vyasn\OneDrive\Desktop\Disease_prediction\data\external\model2_supplementary\soybean_rust_anand\soybean_rust_anand_validation_0261.jpg,f31be34885f42e9d4bd665b4166a292cf90d0934986e101dfc6db581e7681190,224,224,JPEG,UNIQUE_CLEAN,KEEP
miss_sr_0377,soybean_rust_anand_validation_0262.jpg,soybean__rust,Soybean,Rust,anandvermagmailcom/soybean-leaf-diseases,validation,262,C:\Users\vyasn\OneDrive\Desktop\Disease_prediction\data\external\model2_supplementary\soybean_rust_anand\soybean_rust_anand_validation_0262.jpg,5714ffc1c79b32aa31a4f0e609ca8734cbd292cfc79485cf9bfa990acbe94090,224,224,JPEG,UNIQUE_CLEAN,KEEP
miss_sr_0378,soybean_rust_anand_validation_0263.jpg,soybean__rust,Soybean,Rust,anandvermagmailcom/soybean-leaf-diseases,validation,263,C:\Users\vyasn\OneDrive\Desktop\Disease_prediction\data\external\model2_supplementary\soybean_rust_anand\soybean_rust_anand_validation_0263.jpg,4eb7b1a4204aadfa1063580e154be9f93692c2cc3224049f0a3c96ed9482f650,224,224,JPEG,UNIQUE_CLEAN,KEEP
miss_sr_0379,soybean_rust_anand_validation_0264.jpg,soybean__rust,Soybean,Rust,anandvermagmailcom/soybean-leaf-diseases,validation,264,C:\Users\vyasn\OneDrive\Desktop\Disease_prediction\data\external\model2_supplementary\soybean_rust_anand\soybean_rust_anand_validation_0264.jpg,989cf11d93b2d264902ce43c8b41667ab51aacf6bbef46e0a2cdadcd8def60db,224,224,JPEG,UNIQUE_CLEAN,KEEP
miss_sr_0380,soybean_rust_anand_validation_0265.jpg,soybean__rust,Soybean,Rust,anandvermagmailcom/soybean-leaf-diseases,validation,265,C:\Users\vyasn\OneDrive\Desktop\Disease_prediction\data\external\model2_supplementary\soybean_rust_anand\soybean_rust_anand_validation_0265.jpg,013fd7ed5f75db423664e89c25d15f46565a6ed682dec90a2bb80575988d0182,224,224,JPEG,UNIQUE_CLEAN,KEEP
miss_sr_0381,soybean_rust_anand_validation_0266.jpg,soybean__rust,Soybean,Rust,anandvermagmailcom/soybean-leaf-diseases,validation,266,C:\Users\vyasn\OneDrive\Desktop\Disease_prediction\data\external\model2_supplementary\soybean_rust_anand\soybean_rust_anand_validation_0266.jpg,5d7ea239f49729c299be29403a4a949d43a3833c3985828c1c0b0a8fdc9603c5,224,224,JPEG,UNIQUE_CLEAN,KEEP
miss_sr_0382,soybean_rust_anand_validation_0267.jpg,soybean__rust,Soybean,Rust,anandvermagmailcom/soybean-leaf-diseases,validation,267,C:\Users\vyasn\OneDrive\Desktop\Disease_prediction\data\external\model2_supplementary\soybean_rust_anand\soybean_rust_anand_validation_0267.jpg,d5fe910bdda5f6750980efb1d777cf7fa6c44c3c9cd665c6ac70632795fa54d5,224,224,JPEG,UNIQUE_CLEAN,KEEP
miss_sr_0383,soybean_rust_anand_test_0204.jpg,soybean__rust,Soybean,Rust,anandvermagmailcom/soybean-leaf-diseases,test,204,C:\Users\vyasn\OneDrive\Desktop\Disease_prediction\data\external\model2_supplementary\soybean_rust_anand\soybean_rust_anand_test_0204.jpg,8debc6c8f5c4892dc53297a04f15e8d88f1daadea4eaf3d13f764dfd0fb507e9,224,224,JPEG,UNIQUE_CLEAN,KEEP
miss_sr_0384,soybean_rust_anand_test_0205.jpg,soybean__rust,Soybean,Rust,anandvermagmailcom/soybean-leaf-diseases,test,205,C:\Users\vyasn\OneDrive\Desktop\Disease_prediction\data\external\model2_supplementary\soybean_rust_anand\soybean_rust_anand_test_0205.jpg,3b6b68c1d5897a1822f864e992a678630f2fbd61f17b3c32c83566d8848257cb,224,224,JPEG,UNIQUE_CLEAN,KEEP
miss_sr_0385,soybean_rust_anand_test_0206.jpg,soybean__rust,Soybean,Rust,anandvermagmailcom/soybean-leaf-diseases,test,206,C:\Users\vyasn\OneDrive\Desktop\Disease_prediction\data\external\model2_supplementary\soybean_rust_anand\soybean_rust_anand_test_0206.jpg,7735e8c9308ccf8c50efcf1a5eb99a50858e6c4640c617a6b23167782e714bde,224,224,JPEG,UNIQUE_CLEAN,KEEP
miss_sr_0386,soybean_rust_anand_test_0207.jpg,soybean__rust,Soybean,Rust,anandvermagmailcom/soybean-leaf-diseases,test,207,C:\Users\vyasn\OneDrive\Desktop\Disease_prediction\data\external\model2_supplementary\soybean_rust_anand\soybean_rust_anand_test_0207.jpg,8d1b7cfe1a73f6d4dd5958e0b79863e66f2a561e52f5dbd3f10302c1e052c215,224,224,JPEG,UNIQUE_CLEAN,KEEP
miss_sr_0387,soybean_rust_anand_test_0208.jpg,soybean__rust,Soybean,Rust,anandvermagmailcom/soybean-leaf-diseases,test,208,C:\Users\vyasn\OneDrive\Desktop\Disease_prediction\data\external\model2_supplementary\soybean_rust_anand\soybean_rust_anand_test_0208.jpg,8c96e0980c52c3c0b46d50da4291051c86c143319d7df6fd927703fc3e6c3db4,224,224,JPEG,UNIQUE_CLEAN,KEEP
miss_sr_0388,soybean_rust_anand_test_0209.jpg,soybean__rust,Soybean,Rust,anandvermagmailcom/soybean-leaf-diseases,test,209,C:\Users\vyasn\OneDrive\Desktop\Disease_prediction\data\external\model2_supplementary\soybean_rust_anand\soybean_rust_anand_test_0209.jpg,1bd483b4f78bde2dfd9e999b1eec165a7be662c0de90045efef78a20b2e3dd22,224,224,JPEG,UNIQUE_CLEAN,KEEP
miss_sr_0389,soybean_rust_anand_test_0210.jpg,soybean__rust,Soybean,Rust,anandvermagmailcom/soybean-leaf-diseases,test,210,C:\Users\vyasn\OneDrive\Desktop\Disease_prediction\data\external\model2_supplementary\soybean_rust_anand\soybean_rust_anand_test_0210.jpg,283cdef8cd48406c96d30129105de5286d68faaf26c9e040db7f19462152fc26,224,224,JPEG,UNIQUE_CLEAN,KEEP
miss_sr_0390,soybean_rust_anand_test_0211.jpg,soybean__rust,Soybean,Rust,anandvermagmailcom/soybean-leaf-diseases,test,211,C:\Users\vyasn\OneDrive\Desktop\Disease_prediction\data\external\model2_supplementary\soybean_rust_anand\soybean_rust_anand_test_0211.jpg,33622cbedf9609a8e412d38e41eb7e874b297fe6266657fe9dfa4efef9d0c5f7,224,224,JPEG,UNIQUE_CLEAN,KEEP
miss_sr_0391,soybean_rust_anand_test_0212.jpg,soybean__rust,Soybean,Rust,anandvermagmailcom/soybean-leaf-diseases,test,212,C:\Users\vyasn\OneDrive\Desktop\Disease_prediction\data\external\model2_supplementary\soybean_rust_anand\soybean_rust_anand_test_0212.jpg,abe5e94b19d00a7e0a48a32c6c24f53bde32d49cab1315357f6fafbfffec01a7,224,224,JPEG,UNIQUE_CLEAN,KEEP
miss_sr_0392,soybean_rust_anand_test_0213.jpg,soybean__rust,Soybean,Rust,anandvermagmailcom/soybean-leaf-diseases,test,213,C:\Users\vyasn\OneDrive\Desktop\Disease_prediction\data\external\model2_supplementary\soybean_rust_anand\soybean_rust_anand_test_0213.jpg,01439f9efceb738d6cc3abb8ca6f0645278e770204ee5306d51bc3763a473e8e,224,224,JPEG,UNIQUE_CLEAN,KEEP
miss_sr_0393,soybean_rust_anand_test_0214.jpg,soybean__rust,Soybean,Rust,anandvermagmailcom/soybean-leaf-diseases,test,214,C:\Users\vyasn\OneDrive\Desktop\Disease_prediction\data\external\model2_supplementary\soybean_rust_anand\soybean_rust_anand_test_0214.jpg,a60007b5d3fa0767442b05a6dad0ccff7a1c7e5e795569fcf8f2c4a46d1e14fa,224,224,JPEG,UNIQUE_CLEAN,KEEP
miss_sr_0394,soybean_rust_anand_test_0215.jpg,soybean__rust,Soybean,Rust,anandvermagmailcom/soybean-leaf-diseases,test,215,C:\Users\vyasn\OneDrive\Desktop\Disease_prediction\data\external\model2_supplementary\soybean_rust_anand\soybean_rust_anand_test_0215.jpg,55f7f62120b871a03b3b10510e6b368d660c365fc2265f9607ad7f60e5fd9eb4,224,224,JPEG,UNIQUE_CLEAN,KEEP
miss_sr_0395,soybean_rust_anand_test_0216.jpg,soybean__rust,Soybean,Rust,anandvermagmailcom/soybean-leaf-diseases,test,216,C:\Users\vyasn\OneDrive\Desktop\Disease_prediction\data\external\model2_supplementary\soybean_rust_anand\soybean_rust_anand_test_0216.jpg,4f5a39a6b51c48e6be1f76f15bda648481323e4525e22ca0141aa79ffdcc2335,224,224,JPEG,UNIQUE_CLEAN,KEEP
miss_sr_0396,soybean_rust_anand_test_0217.jpg,soybean__rust,Soybean,Rust,anandvermagmailcom/soybean-leaf-diseases,test,217,C:\Users\vyasn\OneDrive\Desktop\Disease_prediction\data\external\model2_supplementary\soybean_rust_anand\soybean_rust_anand_test_0217.jpg,5f556fceb65a50007212b89103bc0b6085c6bd4b003af918bea36aa58f613ae3,224,224,JPEG,UNIQUE_CLEAN,KEEP
miss_sr_0397,soybean_rust_anand_test_0218.jpg,soybean__rust,Soybean,Rust,anandvermagmailcom/soybean-leaf-diseases,test,218,C:\Users\vyasn\OneDrive\Desktop\Disease_prediction\data\external\model2_supplementary\soybean_rust_anand\soybean_rust_anand_test_0218.jpg,be809ba19690f561370d1a3eefa2e2c6bdda8011548aa834e97325b6bb574462,224,224,JPEG,UNIQUE_CLEAN,KEEP
miss_sr_0398,soybean_rust_anand_test_0219.jpg,soybean__rust,Soybean,Rust,anandvermagmailcom/soybean-leaf-diseases,test,219,C:\Users\vyasn\OneDrive\Desktop\Disease_prediction\data\external\model2_supplementary\soybean_rust_anand\soybean_rust_anand_test_0219.jpg,9d58194d77ca645ec701ced84298586ed0dd2172792859e943d397387d2d920f,224,224,JPEG,UNIQUE_CLEAN,KEEP
miss_sr_0399,soybean_rust_anand_test_0220.jpg,soybean__rust,Soybean,Rust,anandvermagmailcom/soybean-leaf-diseases,test,220,C:\Users\vyasn\OneDrive\Desktop\Disease_prediction\data\external\model2_supplementary\soybean_rust_anand\soybean_rust_anand_test_0220.jpg,a8b1347d77a414c2f0820b62baf37a6452a326404bef7386f9a6e30bbf7b3958,224,224,JPEG,UNIQUE_CLEAN,KEEP
miss_sr_0400,soybean_rust_anand_test_0221.jpg,soybean__rust,Soybean,Rust,anandvermagmailcom/soybean-leaf-diseases,test,221,C:\Users\vyasn\OneDrive\Desktop\Disease_prediction\data\external\model2_supplementary\soybean_rust_anand\soybean_rust_anand_test_0221.jpg,1dfa67fe85cbae9cdfb8725e2636c31ab88c4a42c2b9a176a711c660c3dd10cd,224,224,JPEG,UNIQUE_CLEAN,KEEP
miss_sr_0401,soybean_rust_anand_test_0222.jpg,soybean__rust,Soybean,Rust,anandvermagmailcom/soybean-leaf-diseases,test,222,C:\Users\vyasn\OneDrive\Desktop\Disease_prediction\data\external\model2_supplementary\soybean_rust_anand\soybean_rust_anand_test_0222.jpg,a6be11edd7f0cacfe8733d457aa39f7eff9ba5b5414f32b4d2303cc42f9ebc72,224,224,JPEG,UNIQUE_CLEAN,KEEP
miss_sr_0402,soybean_rust_anand_test_0223.jpg,soybean__rust,Soybean,Rust,anandvermagmailcom/soybean-leaf-diseases,test,223,C:\Users\vyasn\OneDrive\Desktop\Disease_prediction\data\external\model2_supplementary\soybean_rust_anand\soybean_rust_anand_test_0223.jpg,fc7fe2f2dfdc193381904b02ada3f37125df496d0fb27b5d99ce9e7664393a8e,224,224,JPEG,UNIQUE_CLEAN,KEEP
miss_sr_0403,soybean_rust_anand_test_0224.jpg,soybean__rust,Soybean,Rust,anandvermagmailcom/soybean-leaf-diseases,test,224,C:\Users\vyasn\OneDrive\Desktop\Disease_prediction\data\external\model2_supplementary\soybean_rust_anand\soybean_rust_anand_test_0224.jpg,5e2a36caf4ab87e09d0ec179b181aad3924f03598b7bcde29106489c1853719d,224,224,JPEG,UNIQUE_CLEAN,KEEP
miss_sr_0404,soybean_rust_anand_test_0225.jpg,soybean__rust,Soybean,Rust,anandvermagmailcom/soybean-leaf-diseases,test,225,C:\Users\vyasn\OneDrive\Desktop\Disease_prediction\data\external\model2_supplementary\soybean_rust_anand\soybean_rust_anand_test_0225.jpg,8ba2d46883a4e9802f578e1bd943ff5ac5f9bc78d64b544d35efe9d40fc9dea0,224,224,JPEG,UNIQUE_CLEAN,KEEP
miss_sr_0405,soybean_rust_anand_test_0226.jpg,soybean__rust,Soybean,Rust,anandvermagmailcom/soybean-leaf-diseases,test,226,C:\Users\vyasn\OneDrive\Desktop\Disease_prediction\data\external\model2_supplementary\soybean_rust_anand\soybean_rust_anand_test_0226.jpg,9f2cbeef0e80d1f8e7549a5beded74e1b07db773068671cf8d571f1c23bb4d74,224,224,JPEG,UNIQUE_CLEAN,KEEP
miss_sr_0406,soybean_rust_anand_test_0227.jpg,soybean__rust,Soybean,Rust,anandvermagmailcom/soybean-leaf-diseases,test,227,C:\Users\vyasn\OneDrive\Desktop\Disease_prediction\data\external\model2_supplementary\soybean_rust_anand\soybean_rust_anand_test_0227.jpg,3b75602097fa7152787da043ea5d27552988ff49933152a5d26da63c8958d4d6,224,224,JPEG,UNIQUE_CLEAN,KEEP
miss_sr_0407,soybean_rust_anand_test_0228.jpg,soybean__rust,Soybean,Rust,anandvermagmailcom/soybean-leaf-diseases,test,228,C:\Users\vyasn\OneDrive\Desktop\Disease_prediction\data\external\model2_supplementary\soybean_rust_anand\soybean_rust_anand_test_0228.jpg,6b746f78724416965b3a43d237702982398bfd829f8317dde7cfaf039601ccbe,224,224,JPEG,UNIQUE_CLEAN,KEEP
miss_sr_0408,soybean_rust_anand_test_0229.jpg,soybean__rust,Soybean,Rust,anandvermagmailcom/soybean-leaf-diseases,test,229,C:\Users\vyasn\OneDrive\Desktop\Disease_prediction\data\external\model2_supplementary\soybean_rust_anand\soybean_rust_anand_test_0229.jpg,dff46d08257b9f0639923d2680eec46cb285214edfbc4ac3cfa2d7b5e0616b19,224,224,JPEG,UNIQUE_CLEAN,KEEP
miss_sr_0409,soybean_rust_anand_test_0230.jpg,soybean__rust,Soybean,Rust,anandvermagmailcom/soybean-leaf-diseases,test,230,C:\Users\vyasn\OneDrive\Desktop\Disease_prediction\data\external\model2_supplementary\soybean_rust_anand\soybean_rust_anand_test_0230.jpg,255250ef2a9dbab602ddca607c3c15f13798bd637a5efec72825e89d2d794209,224,224,JPEG,UNIQUE_CLEAN,KEEP
miss_sr_0410,soybean_rust_anand_test_0231.jpg,soybean__rust,Soybean,Rust,anandvermagmailcom/soybean-leaf-diseases,test,231,C:\Users\vyasn\OneDrive\Desktop\Disease_prediction\data\external\model2_supplementary\soybean_rust_anand\soybean_rust_anand_test_0231.jpg,49c85baab08c828cd792a39c0d402edd0f660e67a6e64b1cd72ef495ade41225,224,224,JPEG,UNIQUE_CLEAN,KEEP
miss_sr_0411,soybean_rust_anand_test_0232.jpg,soybean__rust,Soybean,Rust,anandvermagmailcom/soybean-leaf-diseases,test,232,C:\Users\vyasn\OneDrive\Desktop\Disease_prediction\data\external\model2_supplementary\soybean_rust_anand\soybean_rust_anand_test_0232.jpg,2c1515e298ed212d5652824fd40ea58f058df0bac85b6b0402ac9f2900283315,224,224,JPEG,UNIQUE_CLEAN,KEEP
miss_sr_0412,soybean_rust_anand_test_0233.jpg,soybean__rust,Soybean,Rust,anandvermagmailcom/soybean-leaf-diseases,test,233,C:\Users\vyasn\OneDrive\Desktop\Disease_prediction\data\external\model2_supplementary\soybean_rust_anand\soybean_rust_anand_test_0233.jpg,83202d3035e6378cd39743098423211e76c9ba0eb4cfad9cd696b9e758fec140,224,224,JPEG,UNIQUE_CLEAN,KEEP
miss_sr_0413,soybean_rust_anand_test_0234.jpg,soybean__rust,Soybean,Rust,anandvermagmailcom/soybean-leaf-diseases,test,234,C:\Users\vyasn\OneDrive\Desktop\Disease_prediction\data\external\model2_supplementary\soybean_rust_anand\soybean_rust_anand_test_0234.jpg,6065e77f93dbb438e11aa56ebd16a4afa12735f0e69ead17e58536c89be5c934,224,224,JPEG,UNIQUE_CLEAN,KEEP
miss_sr_0414,soybean_rust_anand_test_0235.jpg,soybean__rust,Soybean,Rust,anandvermagmailcom/soybean-leaf-diseases,test,235,C:\Users\vyasn\OneDrive\Desktop\Disease_prediction\data\external\model2_supplementary\soybean_rust_anand\soybean_rust_anand_test_0235.jpg,d9c031bb78dfeb7d2b6b8cf73d9be0003871f7b648929539d31cca5ee0d915b2,224,224,JPEG,UNIQUE_CLEAN,KEEP
miss_sr_0415,soybean_rust_anand_test_0236.jpg,soybean__rust,Soybean,Rust,anandvermagmailcom/soybean-leaf-diseases,test,236,C:\Users\vyasn\OneDrive\Desktop\Disease_prediction\data\external\model2_supplementary\soybean_rust_anand\soybean_rust_anand_test_0236.jpg,c2463e1ea85305bfac92daa8bd760a8b3a51d09e9385268cfc48df45b33f2bd7,224,224,JPEG,UNIQUE_CLEAN,KEEP
miss_sr_0416,soybean_rust_anand_test_0237.jpg,soybean__rust,Soybean,Rust,anandvermagmailcom/soybean-leaf-diseases,test,237,C:\Users\vyasn\OneDrive\Desktop\Disease_prediction\data\external\model2_supplementary\soybean_rust_anand\soybean_rust_anand_test_0237.jpg,a34d591bbec99a38ea5b20522886f8f77b8675ad91c6858c0d86930ff475bdb2,224,224,JPEG,UNIQUE_CLEAN,KEEP
miss_sr_0417,soybean_rust_anand_test_0238.jpg,soybean__rust,Soybean,Rust,anandvermagmailcom/soybean-leaf-diseases,test,238,C:\Users\vyasn\OneDrive\Desktop\Disease_prediction\data\external\model2_supplementary\soybean_rust_anand\soybean_rust_anand_test_0238.jpg,ce023d33178175bd46c912e619ec70504e0c7150a5249bb07c151107f14b8086,224,224,JPEG,UNIQUE_CLEAN,KEEP
miss_sr_0418,soybean_rust_anand_test_0239.jpg,soybean__rust,Soybean,Rust,anandvermagmailcom/soybean-leaf-diseases,test,239,C:\Users\vyasn\OneDrive\Desktop\Disease_prediction\data\external\model2_supplementary\soybean_rust_anand\soybean_rust_anand_test_0239.jpg,fd29f3df6a540a4704644ae7f8d4ce229735ae7bd66e1f7db6fcfee930961cc8,224,224,JPEG,UNIQUE_CLEAN,KEEP
miss_sr_0419,soybean_rust_anand_test_0240.jpg,soybean__rust,Soybean,Rust,anandvermagmailcom/soybean-leaf-diseases,test,240,C:\Users\vyasn\OneDrive\Desktop\Disease_prediction\data\external\model2_supplementary\soybean_rust_anand\soybean_rust_anand_test_0240.jpg,5bc7d76cd64d9b24c6385b306cd82c9cbb51ad4966f9281be81dd9a460a1dc19,224,224,JPEG,UNIQUE_CLEAN,KEEP
miss_sr_0420,soybean_rust_anand_test_0241.jpg,soybean__rust,Soybean,Rust,anandvermagmailcom/soybean-leaf-diseases,test,241,C:\Users\vyasn\OneDrive\Desktop\Disease_prediction\data\external\model2_supplementary\soybean_rust_anand\soybean_rust_anand_test_0241.jpg,c487d3cd28a18a468a9bb3b615d9c58e2a88f30ab497309bc67e006cea46ccd1,224,224,JPEG,UNIQUE_CLEAN,KEEP
miss_sr_0421,soybean_rust_anand_test_0242.jpg,soybean__rust,Soybean,Rust,anandvermagmailcom/soybean-leaf-diseases,test,242,C:\Users\vyasn\OneDrive\Desktop\Disease_prediction\data\external\model2_supplementary\soybean_rust_anand\soybean_rust_anand_test_0242.jpg,31809d8b057115c994bdcd8ab63cff2322f8dbe5a15a6e4dca60fbd9f291e53e,224,224,JPEG,UNIQUE_CLEAN,KEEP
miss_sr_0422,soybean_rust_anand_test_0243.jpg,soybean__rust,Soybean,Rust,anandvermagmailcom/soybean-leaf-diseases,test,243,C:\Users\vyasn\OneDrive\Desktop\Disease_prediction\data\external\model2_supplementary\soybean_rust_anand\soybean_rust_anand_test_0243.jpg,496ff849779fce91e05ac2d196e7e1e2f2277c5bba31559a61700ce9c510efdf,224,224,JPEG,UNIQUE_CLEAN,KEEP
miss_sr_0423,soybean_rust_anand_test_0244.jpg,soybean__rust,Soybean,Rust,anandvermagmailcom/soybean-leaf-diseases,test,244,C:\Users\vyasn\OneDrive\Desktop\Disease_prediction\data\external\model2_supplementary\soybean_rust_anand\soybean_rust_anand_test_0244.jpg,45e691297eb1e3d1f318075f39f3f3de43fbab40e9aadc0657d9ed65855ec8b8,224,224,JPEG,UNIQUE_CLEAN,KEEP
miss_sr_0424,soybean_rust_anand_test_0245.jpg,soybean__rust,Soybean,Rust,anandvermagmailcom/soybean-leaf-diseases,test,245,C:\Users\vyasn\OneDrive\Desktop\Disease_prediction\data\external\model2_supplementary\soybean_rust_anand\soybean_rust_anand_test_0245.jpg,6e4ab2767592e3750409c5180e1efd486a822cff5e129d82f1f4f78befa7abb4,224,224,JPEG,UNIQUE_CLEAN,KEEP
miss_sr_0425,soybean_rust_anand_test_0246.jpg,soybean__rust,Soybean,Rust,anandvermagmailcom/soybean-leaf-diseases,test,246,C:\Users\vyasn\OneDrive\Desktop\Disease_prediction\data\external\model2_supplementary\soybean_rust_anand\soybean_rust_anand_test_0246.jpg,3e03a7bcd2da0da476133f36ef5dc0fd1acc5bea8dfc0a08f9fba3b376b6637f,224,224,JPEG,UNIQUE_CLEAN,KEEP
miss_sr_0426,soybean_rust_anand_test_0247.jpg,soybean__rust,Soybean,Rust,anandvermagmailcom/soybean-leaf-diseases,test,247,C:\Users\vyasn\OneDrive\Desktop\Disease_prediction\data\external\model2_supplementary\soybean_rust_anand\soybean_rust_anand_test_0247.jpg,1ab4ee52b7743332f9ee06963723eacd4e435b39e3129ee2d3d9d55669cc8715,224,224,JPEG,UNIQUE_CLEAN,KEEP
miss_sr_0427,soybean_rust_anand_test_0248.jpg,soybean__rust,Soybean,Rust,anandvermagmailcom/soybean-leaf-diseases,test,248,C:\Users\vyasn\OneDrive\Desktop\Disease_prediction\data\external\model2_supplementary\soybean_rust_anand\soybean_rust_anand_test_0248.jpg,78e490226d05ff465ae62c613b001ed930548ef793753fa8ef215810baf0fc32,224,224,JPEG,UNIQUE_CLEAN,KEEP
miss_sr_0428,soybean_rust_anand_test_0249.jpg,soybean__rust,Soybean,Rust,anandvermagmailcom/soybean-leaf-diseases,test,249,C:\Users\vyasn\OneDrive\Desktop\Disease_prediction\data\external\model2_supplementary\soybean_rust_anand\soybean_rust_anand_test_0249.jpg,a1a593893caf91eb2dc0640786e919a07ecb1b62e7c22cf8a84230c8ffc5848c,224,224,JPEG,UNIQUE_CLEAN,KEEP
miss_sr_0429,soybean_rust_anand_test_0250.jpg,soybean__rust,Soybean,Rust,anandvermagmailcom/soybean-leaf-diseases,test,250,C:\Users\vyasn\OneDrive\Desktop\Disease_prediction\data\external\model2_supplementary\soybean_rust_anand\soybean_rust_anand_test_0250.jpg,35d05f3c84dcb4f2faa506f132049f8eaab7829c00db1d0579b02ef7cfb34bf3,224,224,JPEG,UNIQUE_CLEAN,KEEP
miss_sr_0430,soybean_rust_anand_test_0251.jpg,soybean__rust,Soybean,Rust,anandvermagmailcom/soybean-leaf-diseases,test,251,C:\Users\vyasn\OneDrive\Desktop\Disease_prediction\data\external\model2_supplementary\soybean_rust_anand\soybean_rust_anand_test_0251.jpg,74683c1ea8e67e44015dd4fc83f6609a75169ebf3a25397d58ff27491718e1ed,224,224,JPEG,UNIQUE_CLEAN,KEEP
miss_sr_0431,soybean_rust_anand_test_0252.jpg,soybean__rust,Soybean,Rust,anandvermagmailcom/soybean-leaf-diseases,test,252,C:\Users\vyasn\OneDrive\Desktop\Disease_prediction\data\external\model2_supplementary\soybean_rust_anand\soybean_rust_anand_test_0252.jpg,d55bd44ecbe6885f2423021804dc42c982b6b56d0e4e8aa7a224e65cf03c33e6,224,224,JPEG,UNIQUE_CLEAN,KEEP
miss_sr_0432,soybean_rust_anand_test_0253.jpg,soybean__rust,Soybean,Rust,anandvermagmailcom/soybean-leaf-diseases,test,253,C:\Users\vyasn\OneDrive\Desktop\Disease_prediction\data\external\model2_supplementary\soybean_rust_anand\soybean_rust_anand_test_0253.jpg,a9cfde8f19ffade3205027e7195aa73fc074a2b89177e55ada75175d3e1f1ab9,224,224,JPEG,UNIQUE_CLEAN,KEEP
miss_sr_0433,soybean_rust_anand_test_0254.jpg,soybean__rust,Soybean,Rust,anandvermagmailcom/soybean-leaf-diseases,test,254,C:\Users\vyasn\OneDrive\Desktop\Disease_prediction\data\external\model2_supplementary\soybean_rust_anand\soybean_rust_anand_test_0254.jpg,28f153607d4a3fbb926de76293a4a865eb05bd8260c011e197103d0f54cdb8a4,224,224,JPEG,UNIQUE_CLEAN,KEEP
miss_sr_0434,soybean_rust_anand_test_0255.jpg,soybean__rust,Soybean,Rust,anandvermagmailcom/soybean-leaf-diseases,test,255,C:\Users\vyasn\OneDrive\Desktop\Disease_prediction\data\external\model2_supplementary\soybean_rust_anand\soybean_rust_anand_test_0255.jpg,021c2512221c364c4361f612dcdacb6dbbde9f44bdb5543b682e885eabeffa58,224,224,JPEG,UNIQUE_CLEAN,KEEP
miss_sr_0435,soybean_rust_anand_test_0256.jpg,soybean__rust,Soybean,Rust,anandvermagmailcom/soybean-leaf-diseases,test,256,C:\Users\vyasn\OneDrive\Desktop\Disease_prediction\data\external\model2_supplementary\soybean_rust_anand\soybean_rust_anand_test_0256.jpg,2f1a96c23e8f871baba0c0074bf3e154676c1f78c83d0c72476d171dcf5588a9,224,224,JPEG,UNIQUE_CLEAN,KEEP
miss_sr_0436,soybean_rust_anand_test_0257.jpg,soybean__rust,Soybean,Rust,anandvermagmailcom/soybean-leaf-diseases,test,257,C:\Users\vyasn\OneDrive\Desktop\Disease_prediction\data\external\model2_supplementary\soybean_rust_anand\soybean_rust_anand_test_0257.jpg,0e9c47969d1fedf759c8453f666337729a4101b9202ca46c5fbf0dea066680da,224,224,JPEG,UNIQUE_CLEAN,KEEP
miss_sr_0437,soybean_rust_anand_test_0258.jpg,soybean__rust,Soybean,Rust,anandvermagmailcom/soybean-leaf-diseases,test,258,C:\Users\vyasn\OneDrive\Desktop\Disease_prediction\data\external\model2_supplementary\soybean_rust_anand\soybean_rust_anand_test_0258.jpg,a5113bd38a35f01c64e0c1f04001192c8f80a59e8698d62a1cb6cd11b7c18ebc,224,224,JPEG,UNIQUE_CLEAN,KEEP
miss_sr_0438,soybean_rust_anand_test_0259.jpg,soybean__rust,Soybean,Rust,anandvermagmailcom/soybean-leaf-diseases,test,259,C:\Users\vyasn\OneDrive\Desktop\Disease_prediction\data\external\model2_supplementary\soybean_rust_anand\soybean_rust_anand_test_0259.jpg,78e5d154b5c472580e71313b589c6942966183ec8d1894dcb0f7a647259caf08,224,224,JPEG,UNIQUE_CLEAN,KEEP
miss_sr_0439,soybean_rust_anand_test_0260.jpg,soybean__rust,Soybean,Rust,anandvermagmailcom/soybean-leaf-diseases,test,260,C:\Users\vyasn\OneDrive\Desktop\Disease_prediction\data\external\model2_supplementary\soybean_rust_anand\soybean_rust_anand_test_0260.jpg,322549acc2c59b0c795f69b539b1e1df7b446c808e06394ec19448f1fd46ee16,224,224,JPEG,UNIQUE_CLEAN,KEEP
miss_sr_0440,soybean_rust_anand_test_0261.jpg,soybean__rust,Soybean,Rust,anandvermagmailcom/soybean-leaf-diseases,test,261,C:\Users\vyasn\OneDrive\Desktop\Disease_prediction\data\external\model2_supplementary\soybean_rust_anand\soybean_rust_anand_test_0261.jpg,9699e077e6697d5fb5dd1616835e019cc9900b2e0156525626cb096a01275949,224,224,JPEG,UNIQUE_CLEAN,KEEP
miss_sr_0441,soybean_rust_anand_test_0262.jpg,soybean__rust,Soybean,Rust,anandvermagmailcom/soybean-leaf-diseases,test,262,C:\Users\vyasn\OneDrive\Desktop\Disease_prediction\data\external\model2_supplementary\soybean_rust_anand\soybean_rust_anand_test_0262.jpg,27ddd8c516b32228d153cc83ce6aa5a9b7a76cdb850964cbc731a19f87d588f3,224,224,JPEG,UNIQUE_CLEAN,KEEP
miss_sr_0442,soybean_rust_anand_test_0263.jpg,soybean__rust,Soybean,Rust,anandvermagmailcom/soybean-leaf-diseases,test,263,C:\Users\vyasn\OneDrive\Desktop\Disease_prediction\data\external\model2_supplementary\soybean_rust_anand\soybean_rust_anand_test_0263.jpg,7a89a87bda9acc4b47d851c96f814f077e3801432bf1504e4ce969a70046058d,224,224,JPEG,UNIQUE_CLEAN,KEEP
miss_sr_0443,soybean_rust_anand_test_0264.jpg,soybean__rust,Soybean,Rust,anandvermagmailcom/soybean-leaf-diseases,test,264,C:\Users\vyasn\OneDrive\Desktop\Disease_prediction\data\external\model2_supplementary\soybean_rust_anand\soybean_rust_anand_test_0264.jpg,1dfcf57b9c8f92c2f20f91f447a8d9cd886af4e1e991244ff9be6c06c095d007,224,224,JPEG,UNIQUE_CLEAN,KEEP
miss_sr_0444,soybean_rust_anand_test_0265.jpg,soybean__rust,Soybean,Rust,anandvermagmailcom/soybean-leaf-diseases,test,265,C:\Users\vyasn\OneDrive\Desktop\Disease_prediction\data\external\model2_supplementary\soybean_rust_anand\soybean_rust_anand_test_0265.jpg,0a459c66fff6eb2da30ff3c1e0e2bd675309c864de966fbd37123aea4ba61633,224,224,JPEG,UNIQUE_CLEAN,KEEP
miss_sr_0445,soybean_rust_anand_test_0266.jpg,soybean__rust,Soybean,Rust,anandvermagmailcom/soybean-leaf-diseases,test,266,C:\Users\vyasn\OneDrive\Desktop\Disease_prediction\data\external\model2_supplementary\soybean_rust_anand\soybean_rust_anand_test_0266.jpg,3ddc6b8e6a5fb51e8eb20d01de99722d6245f07cdc4d2e6b98dabcef19782fa1,224,224,JPEG,UNIQUE_CLEAN,KEEP
miss_sr_0446,soybean_rust_anand_test_0267.jpg,soybean__rust,Soybean,Rust,anandvermagmailcom/soybean-leaf-diseases,test,267,C:\Users\vyasn\OneDrive\Desktop\Disease_prediction\data\external\model2_supplementary\soybean_rust_anand\soybean_rust_anand_test_0267.jpg,ebb4852bc4674518f4d7ad127571aa8263268532bc1cf9f236108d6c04c33f1e,224,224,JPEG,UNIQUE_CLEAN,KEEP
miss_sr_0447,soybean_rust_anand_test_0268.jpg,soybean__rust,Soybean,Rust,anandvermagmailcom/soybean-leaf-diseases,test,268,C:\Users\vyasn\OneDrive\Desktop\Disease_prediction\data\external\model2_supplementary\soybean_rust_anand\soybean_rust_anand_test_0268.jpg,a07638d393d7b63d42537b1733afb27248d412d2e1546a020065c2fe9fdbb17b,224,224,JPEG,UNIQUE_CLEAN,KEEP
miss_sr_0448,soybean_rust_anand_test_0269.jpg,soybean__rust,Soybean,Rust,anandvermagmailcom/soybean-leaf-diseases,test,269,C:\Users\vyasn\OneDrive\Desktop\Disease_prediction\data\external\model2_supplementary\soybean_rust_anand\soybean_rust_anand_test_0269.jpg,cf2d6d589f8f9af0e402345790bff64a903e59ec0524e806e530d083328ab0ea,224,224,JPEG,UNIQUE_CLEAN,KEEP
miss_sr_0449,soybean_rust_anand_test_0270.jpg,soybean__rust,Soybean,Rust,anandvermagmailcom/soybean-leaf-diseases,test,270,C:\Users\vyasn\OneDrive\Desktop\Disease_prediction\data\external\model2_supplementary\soybean_rust_anand\soybean_rust_anand_test_0270.jpg,a47df23f2c59a3bac7d94a314eacf4599ffa364c5e6bedf5292676a2c2addbd2,224,224,JPEG,UNIQUE_CLEAN,KEEP
miss_sr_0450,soybean_rust_anand_test_0271.jpg,soybean__rust,Soybean,Rust,anandvermagmailcom/soybean-leaf-diseases,test,271,C:\Users\vyasn\OneDrive\Desktop\Disease_prediction\data\external\model2_supplementary\soybean_rust_anand\soybean_rust_anand_test_0271.jpg,3cb94d8761b37d59530cedf9bf1e30b99a0b00e6469ca45651077ab0307fc2f6,224,224,JPEG,UNIQUE_CLEAN,KEEP
