sha256,group_size,is_canonical,model2_class,filename,image_path,plantseg_split
482bbdc8dfefa75d96efd56ac9c48eba6553bed5d59769382487794e27129ab4,2,True,apple__black_rot,apple_black_rot_80.jpg,C:\Users\vyasn\OneDrive\Desktop\Disease_prediction\data\external\model2_supplementary\plantseg_selected\apple_black_rot\apple_black_rot_80.jpg,Training
482bbdc8dfefa75d96efd56ac9c48eba6553bed5d59769382487794e27129ab4,2,False,grape__black_rot,grape_black_rot_42.jpg,C:\Users\vyasn\OneDrive\Desktop\Disease_prediction\data\external\model2_supplementary\plantseg_selected\grape_black_rot\grape_black_rot_42.jpg,Training
4ac3d5b8364c8b618b4ba77ddfdbdce826605d191bb634e15dca742c528147bf,2,True,apple__rust,apple_rust_162.jpg,C:\Users\vyasn\OneDrive\Desktop\Disease_prediction\data\external\model2_supplementary\plantseg_selected\apple_rust\apple_rust_162.jpg,Training
4ac3d5b8364c8b618b4ba77ddfdbdce826605d191bb634e15dca742c528147bf,2,False,apple__scab,apple_scab_76.jpg,C:\Users\vyasn\OneDrive\Desktop\Disease_prediction\data\external\model2_supplementary\plantseg_selected\apple_scab\apple_scab_76.jpg,Training
fd8d2fe8a8d2238d2fcc7f93faa4442d63825d0e27acd8546557e5aeedd16503,2,True,apple__rust,apple_rust_64.jpg,C:\Users\vyasn\OneDrive\Desktop\Disease_prediction\data\external\model2_supplementary\plantseg_selected\apple_rust\apple_rust_64.jpg,Training
fd8d2fe8a8d2238d2fcc7f93faa4442d63825d0e27acd8546557e5aeedd16503,2,False,apple__scab,apple_scab_62.jpg,C:\Users\vyasn\OneDrive\Desktop\Disease_prediction\data\external\model2_supplementary\plantseg_selected\apple_scab\apple_scab_62.jpg,Training
1212a5376a2412bd53bb969cc1b4476b0a93663cc0fae4791133681e10acab70,2,True,apple__rust,apple_rust_78.jpg,C:\Users\vyasn\OneDrive\Desktop\Disease_prediction\data\external\model2_supplementary\plantseg_selected\apple_rust\apple_rust_78.jpg,Training
1212a5376a2412bd53bb969cc1b4476b0a93663cc0fae4791133681e10acab70,2,False,apple__scab,apple_scab_65.jpg,C:\Users\vyasn\OneDrive\Desktop\Disease_prediction\data\external\model2_supplementary\plantseg_selected\apple_scab\apple_scab_65.jpg,Training
7d62cf4dc932813ae6cc950b42541e2b0a5ed239fa95c3819f6837bf78b708d3,2,True,banana__anthracnose,banana_anthracnose_Bing_0023.jpg,C:\Users\vyasn\OneDrive\Desktop\Disease_prediction\data\external\model2_supplementary\plantseg_selected\banana_anthracnose\banana_anthracnose_Bing_0023.jpg,Training
7d62cf4dc932813ae6cc950b42541e2b0a5ed239fa95c3819f6837bf78b708d3,2,False,banana__anthracnose,banana_anthracnose_Bing_0075.jpg,C:\Users\vyasn\OneDrive\Desktop\Disease_prediction\data\external\model2_supplementary\plantseg_selected\banana_anthracnose\banana_anthracnose_Bing_0075.jpg,Training
6024dec6ce5795b100457faa790f19c27b0ba1d35b69ac0f28cfd24a752ccc3f,2,True,banana__anthracnose,banana_anthracnose_Bing_0065.jpg,C:\Users\vyasn\OneDrive\Desktop\Disease_prediction\data\external\model2_supplementary\plantseg_selected\banana_anthracnose\banana_anthracnose_Bing_0065.jpg,Training
6024dec6ce5795b100457faa790f19c27b0ba1d35b69ac0f28cfd24a752ccc3f,2,False,banana__anthracnose,banana_anthracnose_Bing_0300.jpg,C:\Users\vyasn\OneDrive\Desktop\Disease_prediction\data\external\model2_supplementary\plantseg_selected\banana_anthracnose\banana_anthracnose_Bing_0300.jpg,Training
a69b5f5277e576e7720ce9d5fa55a268a45d7f8e13f9a1e8d0386cebeb61acf9,2,True,banana__black_leaf_streak,banana_black_leaf_streak_Baidu_0080.jpg,C:\Users\vyasn\OneDrive\Desktop\Disease_prediction\data\external\model2_supplementary\plantseg_selected\banana_black_leaf_streak\banana_black_leaf_streak_Baidu_0080.jpg,Training
a69b5f5277e576e7720ce9d5fa55a268a45d7f8e13f9a1e8d0386cebeb61acf9,2,False,banana__cordana_leaf_spot,banana_cordana_leaf_spot_Baidu_0064.jpg,C:\Users\vyasn\OneDrive\Desktop\Disease_prediction\data\external\model2_supplementary\plantseg_selected\banana_cordana_leaf_spot\banana_cordana_leaf_spot_Baidu_0064.jpg,Test
0524ce389fce3d51e039c9c70b5e9a42b964e775aada4f42a981dff5d853ba15,2,True,banana__black_leaf_streak,banana_black_leaf_streak_banana black sigatoka (101).jpg,C:\Users\vyasn\OneDrive\Desktop\Disease_prediction\data\external\model2_supplementary\plantseg_selected\banana_black_leaf_streak\banana_black_leaf_streak_banana black sigatoka (101).jpg,Training
0524ce389fce3d51e039c9c70b5e9a42b964e775aada4f42a981dff5d853ba15,2,False,banana__black_leaf_streak,banana_black_leaf_streak_banana black sigatoka (51).jpg,C:\Users\vyasn\OneDrive\Desktop\Disease_prediction\data\external\model2_supplementary\plantseg_selected\banana_black_leaf_streak\banana_black_leaf_streak_banana black sigatoka (51).jpg,Validation
675256ba1c19fa8e17d23f324a061cc5fc5797075f49799e7a4116c38c201361,2,True,banana__black_leaf_streak,banana_black_leaf_streak_banana black sigatoka (28).jpg,C:\Users\vyasn\OneDrive\Desktop\Disease_prediction\data\external\model2_supplementary\plantseg_selected\banana_black_leaf_streak\banana_black_leaf_streak_banana black sigatoka (28).jpg,Test
675256ba1c19fa8e17d23f324a061cc5fc5797075f49799e7a4116c38c201361,2,False,banana__black_leaf_streak,banana_black_leaf_streak_Bing_0015.jpg,C:\Users\vyasn\OneDrive\Desktop\Disease_prediction\data\external\model2_supplementary\plantseg_selected\banana_black_leaf_streak\banana_black_leaf_streak_Bing_0015.jpg,Test
81af2d459d31fc83b6a4ad749c44423d6effe98e73d5e09f0b4e0ad82b646070,2,True,banana__black_leaf_streak,banana_black_leaf_streak_banana black sigatoka (30).jpg,C:\Users\vyasn\OneDrive\Desktop\Disease_prediction\data\external\model2_supplementary\plantseg_selected\banana_black_leaf_streak\banana_black_leaf_streak_banana black sigatoka (30).jpg,Training
81af2d459d31fc83b6a4ad749c44423d6effe98e73d5e09f0b4e0ad82b646070,2,False,banana__black_leaf_streak,banana_black_leaf_streak_Bing_0005.jpg,C:\Users\vyasn\OneDrive\Desktop\Disease_prediction\data\external\model2_supplementary\plantseg_selected\banana_black_leaf_streak\banana_black_leaf_streak_Bing_0005.jpg,Training
5ff282b6d6b22e4ad043ffc303a3485556ce90eb6eeb5e8355ef134380139ed9,2,True,banana__black_leaf_streak,banana_black_leaf_streak_banana black sigatoka (45).jpg,C:\Users\vyasn\OneDrive\Desktop\Disease_prediction\data\external\model2_supplementary\plantseg_selected\banana_black_leaf_streak\banana_black_leaf_streak_banana black sigatoka (45).jpg,Training
5ff282b6d6b22e4ad043ffc303a3485556ce90eb6eeb5e8355ef134380139ed9,2,False,banana__cordana_leaf_spot,banana_cordana_leaf_spot_Bing_0087.jpg,C:\Users\vyasn\OneDrive\Desktop\Disease_prediction\data\external\model2_supplementary\plantseg_selected\banana_cordana_leaf_spot\banana_cordana_leaf_spot_Bing_0087.jpg,Training
9f744664e14d44e886e15aa0d4f109262cf2b97063d5c42a2e576ec0a279a882,2,True,banana__black_leaf_streak,banana_black_leaf_streak_banana black sigatoka (52).jpg,C:\Users\vyasn\OneDrive\Desktop\Disease_prediction\data\external\model2_supplementary\plantseg_selected\banana_black_leaf_streak\banana_black_leaf_streak_banana black sigatoka (52).jpg,Training
9f744664e14d44e886e15aa0d4f109262cf2b97063d5c42a2e576ec0a279a882,2,False,banana__black_leaf_streak,banana_black_leaf_streak_Bing_0026.jpg,C:\Users\vyasn\OneDrive\Desktop\Disease_prediction\data\external\model2_supplementary\plantseg_selected\banana_black_leaf_streak\banana_black_leaf_streak_Bing_0026.jpg,Training
6e8310a4ec7d7adf18e872b023cd2144d3af9d6443f9be15f8efdfb22c06ef61,2,True,banana__black_leaf_streak,banana_black_leaf_streak_banana black sigatoka (54).jpg,C:\Users\vyasn\OneDrive\Desktop\Disease_prediction\data\external\model2_supplementary\plantseg_selected\banana_black_leaf_streak\banana_black_leaf_streak_banana black sigatoka (54).jpg,Training
6e8310a4ec7d7adf18e872b023cd2144d3af9d6443f9be15f8efdfb22c06ef61,2,False,banana__black_leaf_streak,banana_black_leaf_streak_Bing_0013.jpg,C:\Users\vyasn\OneDrive\Desktop\Disease_prediction\data\external\model2_supplementary\plantseg_selected\banana_black_leaf_streak\banana_black_leaf_streak_Bing_0013.jpg,Test
ecb15f7fafbed7213e30cbfa1a39554c2186f69edc195bfc56d30328e9e5aa04,2,True,banana__black_leaf_streak,banana_black_leaf_streak_banana black sigatoka (7).jpg,C:\Users\vyasn\OneDrive\Desktop\Disease_prediction\data\external\model2_supplementary\plantseg_selected\banana_black_leaf_streak\banana_black_leaf_streak_banana black sigatoka (7).jpg,Validation
ecb15f7fafbed7213e30cbfa1a39554c2186f69edc195bfc56d30328e9e5aa04,2,False,banana__black_leaf_streak,banana_black_leaf_streak_Bing_0046.jpg,C:\Users\vyasn\OneDrive\Desktop\Disease_prediction\data\external\model2_supplementary\plantseg_selected\banana_black_leaf_streak\banana_black_leaf_streak_Bing_0046.jpg,Training
d24499e36f9b4ae26ce2ef8de4282702959083e8713b51c952c1516abe15c30f,2,True,banana__black_leaf_streak,banana_black_leaf_streak_banana black sigatoka (9).jpg,C:\Users\vyasn\OneDrive\Desktop\Disease_prediction\data\external\model2_supplementary\plantseg_selected\banana_black_leaf_streak\banana_black_leaf_streak_banana black sigatoka (9).jpg,Training
d24499e36f9b4ae26ce2ef8de4282702959083e8713b51c952c1516abe15c30f,2,False,banana__black_leaf_streak,banana_black_leaf_streak_Bing_0056.jpg,C:\Users\vyasn\OneDrive\Desktop\Disease_prediction\data\external\model2_supplementary\plantseg_selected\banana_black_leaf_streak\banana_black_leaf_streak_Bing_0056.jpg,Training
b32fbb83449c17e832f3dc2bae7eb14cd1e4f2a137491ef5db60541431afcc59,2,True,banana__black_leaf_streak,banana_black_leaf_streak_Bing_0018.jpg,C:\Users\vyasn\OneDrive\Desktop\Disease_prediction\data\external\model2_supplementary\plantseg_selected\banana_black_leaf_streak\banana_black_leaf_streak_Bing_0018.jpg,Training
b32fbb83449c17e832f3dc2bae7eb14cd1e4f2a137491ef5db60541431afcc59,2,False,banana__black_leaf_streak,banana_black_leaf_streak_Bing_0081.jpg,C:\Users\vyasn\OneDrive\Desktop\Disease_prediction\data\external\model2_supplementary\plantseg_selected\banana_black_leaf_streak\banana_black_leaf_streak_Bing_0081.jpg,Training
cbc21f7f7a5dfd89e09b8aa515c08302576df82a5dcd6ca4fae52ca0b0052ace,2,True,banana__black_leaf_streak,banana_black_leaf_streak_Bing_0165.jpg,C:\Users\vyasn\OneDrive\Desktop\Disease_prediction\data\external\model2_supplementary\plantseg_selected\banana_black_leaf_streak\banana_black_leaf_streak_Bing_0165.jpg,Validation
cbc21f7f7a5dfd89e09b8aa515c08302576df82a5dcd6ca4fae52ca0b0052ace,2,False,banana__cordana_leaf_spot,banana_cordana_leaf_spot_Bing_0097.jpg,C:\Users\vyasn\OneDrive\Desktop\Disease_prediction\data\external\model2_supplementary\plantseg_selected\banana_cordana_leaf_spot\banana_cordana_leaf_spot_Bing_0097.jpg,Validation
961ed7b7eaaa9cb46c6e2c7bb0b96557312366f414bcaf54464e9068423d2dea,2,True,banana__bunchy_top,banana_bunchy_top_Bing_0006.jpg,C:\Users\vyasn\OneDrive\Desktop\Disease_prediction\data\external\model2_supplementary\plantseg_selected\banana_bunchy_top\banana_bunchy_top_Bing_0006.jpg,Training
961ed7b7eaaa9cb46c6e2c7bb0b96557312366f414bcaf54464e9068423d2dea,2,False,banana__bunchy_top,banana_bunchy_top_Bing_0298.jpg,C:\Users\vyasn\OneDrive\Desktop\Disease_prediction\data\external\model2_supplementary\plantseg_selected\banana_bunchy_top\banana_bunchy_top_Bing_0298.jpg,Training
06607a91d7c81f94422c9caac7ceceebb4fb9dabe7b9e0804737ace909fc04b5,3,True,banana__bunchy_top,banana_bunchy_top_Bing_0020.jpg,C:\Users\vyasn\OneDrive\Desktop\Disease_prediction\data\external\model2_supplementary\plantseg_selected\banana_bunchy_top\banana_bunchy_top_Bing_0020.jpg,Test
06607a91d7c81f94422c9caac7ceceebb4fb9dabe7b9e0804737ace909fc04b5,3,False,banana__bunchy_top,banana_bunchy_top_Bing_0062.jpg,C:\Users\vyasn\OneDrive\Desktop\Disease_prediction\data\external\model2_supplementary\plantseg_selected\banana_bunchy_top\banana_bunchy_top_Bing_0062.jpg,Training
06607a91d7c81f94422c9caac7ceceebb4fb9dabe7b9e0804737ace909fc04b5,3,False,banana__bunchy_top,banana_bunchy_top_Bing_0165.jpg,C:\Users\vyasn\OneDrive\Desktop\Disease_prediction\data\external\model2_supplementary\plantseg_selected\banana_bunchy_top\banana_bunchy_top_Bing_0165.jpg,Test
bc7243e2f445950b9b9cfb7dccdbd53bb8378c166ed9fe95386ca0cff24afaab,2,True,banana__bunchy_top,banana_bunchy_top_Bing_0026.jpg,C:\Users\vyasn\OneDrive\Desktop\Disease_prediction\data\external\model2_supplementary\plantseg_selected\banana_bunchy_top\banana_bunchy_top_Bing_0026.jpg,Training
bc7243e2f445950b9b9cfb7dccdbd53bb8378c166ed9fe95386ca0cff24afaab,2,False,banana__bunchy_top,banana_bunchy_top_Bing_0247.jpg,C:\Users\vyasn\OneDrive\Desktop\Disease_prediction\data\external\model2_supplementary\plantseg_selected\banana_bunchy_top\banana_bunchy_top_Bing_0247.jpg,Training
22704d3a14f515788aaf35c6a077f4afb9f29aa2a581cddb55ec57d60ebeae09,2,True,banana__bunchy_top,banana_bunchy_top_Bing_0037.jpg,C:\Users\vyasn\OneDrive\Desktop\Disease_prediction\data\external\model2_supplementary\plantseg_selected\banana_bunchy_top\banana_bunchy_top_Bing_0037.jpg,Training
22704d3a14f515788aaf35c6a077f4afb9f29aa2a581cddb55ec57d60ebeae09,2,False,banana__bunchy_top,banana_bunchy_top_Bing_0276.jpg,C:\Users\vyasn\OneDrive\Desktop\Disease_prediction\data\external\model2_supplementary\plantseg_selected\banana_bunchy_top\banana_bunchy_top_Bing_0276.jpg,Training
03dd0c5dbbc151249e19ace5d6bd0cf8913192f526aecaf07b1fad020d9972ed,2,True,banana__bunchy_top,banana_bunchy_top_Bing_0045.jpg,C:\Users\vyasn\OneDrive\Desktop\Disease_prediction\data\external\model2_supplementary\plantseg_selected\banana_bunchy_top\banana_bunchy_top_Bing_0045.jpg,Training
03dd0c5dbbc151249e19ace5d6bd0cf8913192f526aecaf07b1fad020d9972ed,2,False,banana__bunchy_top,banana_bunchy_top_Google_0031.jpg,C:\Users\vyasn\OneDrive\Desktop\Disease_prediction\data\external\model2_supplementary\plantseg_selected\banana_bunchy_top\banana_bunchy_top_Google_0031.jpg,Training
e35fbc7e873cf5bb7bda2c174f2f64279bf9030d84fa065bdda779455d5f6ddc,2,True,banana__bunchy_top,banana_bunchy_top_Bing_0052.jpg,C:\Users\vyasn\OneDrive\Desktop\Disease_prediction\data\external\model2_supplementary\plantseg_selected\banana_bunchy_top\banana_bunchy_top_Bing_0052.jpg,Validation
e35fbc7e873cf5bb7bda2c174f2f64279bf9030d84fa065bdda779455d5f6ddc,2,False,banana__bunchy_top,banana_bunchy_top_Bing_0335.jpg,C:\Users\vyasn\OneDrive\Desktop\Disease_prediction\data\external\model2_supplementary\plantseg_selected\banana_bunchy_top\banana_bunchy_top_Bing_0335.jpg,Training
407e39fa70162ffd515b3633ca3df8fbab164019987174e484ca7fad4979a60a,2,True,banana__bunchy_top,banana_bunchy_top_Bing_0083.jpg,C:\Users\vyasn\OneDrive\Desktop\Disease_prediction\data\external\model2_supplementary\plantseg_selected\banana_bunchy_top\banana_bunchy_top_Bing_0083.jpg,Training
407e39fa70162ffd515b3633ca3df8fbab164019987174e484ca7fad4979a60a,2,False,banana__bunchy_top,banana_bunchy_top_Bing_0334.jpg,C:\Users\vyasn\OneDrive\Desktop\Disease_prediction\data\external\model2_supplementary\plantseg_selected\banana_bunchy_top\banana_bunchy_top_Bing_0334.jpg,Test
119a1ae691e9d37a6d1752f593a257641801f043ba88dd3b0306cd21158a1b79,2,True,banana__bunchy_top,banana_bunchy_top_Bing_0100.jpg,C:\Users\vyasn\OneDrive\Desktop\Disease_prediction\data\external\model2_supplementary\plantseg_selected\banana_bunchy_top\banana_bunchy_top_Bing_0100.jpg,Test
119a1ae691e9d37a6d1752f593a257641801f043ba88dd3b0306cd21158a1b79,2,False,banana__bunchy_top,banana_bunchy_top_Bing_0168.jpg,C:\Users\vyasn\OneDrive\Desktop\Disease_prediction\data\external\model2_supplementary\plantseg_selected\banana_bunchy_top\banana_bunchy_top_Bing_0168.jpg,Training
dd946c3d0f3e2e94c7000ade2893d3c34877a2ecc22483b0df2e7efac8faf9e6,2,True,banana__bunchy_top,banana_bunchy_top_Bing_0122.jpg,C:\Users\vyasn\OneDrive\Desktop\Disease_prediction\data\external\model2_supplementary\plantseg_selected\banana_bunchy_top\banana_bunchy_top_Bing_0122.jpg,Validation
dd946c3d0f3e2e94c7000ade2893d3c34877a2ecc22483b0df2e7efac8faf9e6,2,False,banana__bunchy_top,banana_bunchy_top_Bing_0245.jpg,C:\Users\vyasn\OneDrive\Desktop\Disease_prediction\data\external\model2_supplementary\plantseg_selected\banana_bunchy_top\banana_bunchy_top_Bing_0245.jpg,Training
186495fb393c7c4f180eb9a7d45ae084132c3f7131f2e6814c853647c364485e,2,True,banana__bunchy_top,banana_bunchy_top_Bing_0137.jpg,C:\Users\vyasn\OneDrive\Desktop\Disease_prediction\data\external\model2_supplementary\plantseg_selected\banana_bunchy_top\banana_bunchy_top_Bing_0137.jpg,Training
186495fb393c7c4f180eb9a7d45ae084132c3f7131f2e6814c853647c364485e,2,False,banana__bunchy_top,banana_bunchy_top_Bing_0343.jpg,C:\Users\vyasn\OneDrive\Desktop\Disease_prediction\data\external\model2_supplementary\plantseg_selected\banana_bunchy_top\banana_bunchy_top_Bing_0343.jpg,Training
f00c4865b7b4d8ddaed21f2a626980d449e5431cb011148249567f30122ec0bf,2,True,banana__bunchy_top,banana_bunchy_top_Bing_0140.jpg,C:\Users\vyasn\OneDrive\Desktop\Disease_prediction\data\external\model2_supplementary\plantseg_selected\banana_bunchy_top\banana_bunchy_top_Bing_0140.jpg,Test
f00c4865b7b4d8ddaed21f2a626980d449e5431cb011148249567f30122ec0bf,2,False,banana__bunchy_top,banana_bunchy_top_Bing_0338.jpg,C:\Users\vyasn\OneDrive\Desktop\Disease_prediction\data\external\model2_supplementary\plantseg_selected\banana_bunchy_top\banana_bunchy_top_Bing_0338.jpg,Training
6799cd9660ab9882063a8044e02cc5209151f162eb35e2164d2f19b19d52347f,2,True,banana__bunchy_top,banana_bunchy_top_Bing_0141.jpg,C:\Users\vyasn\OneDrive\Desktop\Disease_prediction\data\external\model2_supplementary\plantseg_selected\banana_bunchy_top\banana_bunchy_top_Bing_0141.jpg,Training
6799cd9660ab9882063a8044e02cc5209151f162eb35e2164d2f19b19d52347f,2,False,banana__bunchy_top,banana_bunchy_top_Bing_0347.jpg,C:\Users\vyasn\OneDrive\Desktop\Disease_prediction\data\external\model2_supplementary\plantseg_selected\banana_bunchy_top\banana_bunchy_top_Bing_0347.jpg,Training
e1c4e64914371948f40ecde9582d051cc4018d7b026397516e38bbd9f5a51d23,2,True,banana__bunchy_top,banana_bunchy_top_Bing_0152.jpg,C:\Users\vyasn\OneDrive\Desktop\Disease_prediction\data\external\model2_supplementary\plantseg_selected\banana_bunchy_top\banana_bunchy_top_Bing_0152.jpg,Test
e1c4e64914371948f40ecde9582d051cc4018d7b026397516e38bbd9f5a51d23,2,False,banana__bunchy_top,banana_bunchy_top_Bing_0189.jpg,C:\Users\vyasn\OneDrive\Desktop\Disease_prediction\data\external\model2_supplementary\plantseg_selected\banana_bunchy_top\banana_bunchy_top_Bing_0189.jpg,Training
a94583c63ddd711003639e3f000a945bd2b4fb39c1e5a15e6414371a0acd3d34,2,True,banana__bunchy_top,banana_bunchy_top_Bing_0242.jpg,C:\Users\vyasn\OneDrive\Desktop\Disease_prediction\data\external\model2_supplementary\plantseg_selected\banana_bunchy_top\banana_bunchy_top_Bing_0242.jpg,Validation
a94583c63ddd711003639e3f000a945bd2b4fb39c1e5a15e6414371a0acd3d34,2,False,banana__bunchy_top,banana_bunchy_top_Bing_0345.jpg,C:\Users\vyasn\OneDrive\Desktop\Disease_prediction\data\external\model2_supplementary\plantseg_selected\banana_bunchy_top\banana_bunchy_top_Bing_0345.jpg,Validation
ebf5e213faaa25299990dd2a243abbda9416e7143aa6bf31c8f0384c070f6915,2,True,banana__cigar_end_rot,banana_cigar_end_rot_Bing_0002.jpg,C:\Users\vyasn\OneDrive\Desktop\Disease_prediction\data\external\model2_supplementary\plantseg_selected\banana_cigar_end_rot\banana_cigar_end_rot_Bing_0002.jpg,Test
ebf5e213faaa25299990dd2a243abbda9416e7143aa6bf31c8f0384c070f6915,2,False,banana__cigar_end_rot,banana_cigar_end_rot_Google_0010.jpg,C:\Users\vyasn\OneDrive\Desktop\Disease_prediction\data\external\model2_supplementary\plantseg_selected\banana_cigar_end_rot\banana_cigar_end_rot_Google_0010.jpg,Training
be56e2890ed4a64d95d2390b37960996333821941e099401352c3a6836dd90c5,2,True,banana__cigar_end_rot,banana_cigar_end_rot_Bing_0004.jpg,C:\Users\vyasn\OneDrive\Desktop\Disease_prediction\data\external\model2_supplementary\plantseg_selected\banana_cigar_end_rot\banana_cigar_end_rot_Bing_0004.jpg,Training
be56e2890ed4a64d95d2390b37960996333821941e099401352c3a6836dd90c5,2,False,banana__cigar_end_rot,banana_cigar_end_rot_Google_0018.jpg,C:\Users\vyasn\OneDrive\Desktop\Disease_prediction\data\external\model2_supplementary\plantseg_selected\banana_cigar_end_rot\banana_cigar_end_rot_Google_0018.jpg,Training
5124643baf78a5974e4f16389a8501eb58e6ac30ae2db456d53d89bee979f022,2,True,banana__cigar_end_rot,banana_cigar_end_rot_Bing_0011.jpg,C:\Users\vyasn\OneDrive\Desktop\Disease_prediction\data\external\model2_supplementary\plantseg_selected\banana_cigar_end_rot\banana_cigar_end_rot_Bing_0011.jpg,Training
5124643baf78a5974e4f16389a8501eb58e6ac30ae2db456d53d89bee979f022,2,False,banana__cigar_end_rot,banana_cigar_end_rot_Google_0035.jpg,C:\Users\vyasn\OneDrive\Desktop\Disease_prediction\data\external\model2_supplementary\plantseg_selected\banana_cigar_end_rot\banana_cigar_end_rot_Google_0035.jpg,Training
17742b314aec28f29d37273c256ed5777c71015c9b34ccd4c6c39e2a781ff249,2,True,banana__cordana_leaf_spot,banana_cordana_leaf_spot_Bing_0005.jpg,C:\Users\vyasn\OneDrive\Desktop\Disease_prediction\data\external\model2_supplementary\plantseg_selected\banana_cordana_leaf_spot\banana_cordana_leaf_spot_Bing_0005.jpg,Training
17742b314aec28f29d37273c256ed5777c71015c9b34ccd4c6c39e2a781ff249,2,False,banana__cordana_leaf_spot,banana_cordana_leaf_spot_Google_0014.jpg,C:\Users\vyasn\OneDrive\Desktop\Disease_prediction\data\external\model2_supplementary\plantseg_selected\banana_cordana_leaf_spot\banana_cordana_leaf_spot_Google_0014.jpg,Training
965b2804d52b1ec57e2e67ec0adedf7761cb956ada47350158edb132411fb6e2,3,True,bean__halo_blight,bean_halo_blight_google_0032.jpg,C:\Users\vyasn\OneDrive\Desktop\Disease_prediction\data\external\model2_supplementary\plantseg_selected\bean_halo_blight\bean_halo_blight_google_0032.jpg,Training
965b2804d52b1ec57e2e67ec0adedf7761cb956ada47350158edb132411fb6e2,3,False,grape__leaf_spot,grape_leaf_spot_google_0060.jpg,C:\Users\vyasn\OneDrive\Desktop\Disease_prediction\data\external\model2_supplementary\plantseg_selected\grape_leaf_spot\grape_leaf_spot_google_0060.jpg,Training
965b2804d52b1ec57e2e67ec0adedf7761cb956ada47350158edb132411fb6e2,3,False,potato__early_blight,potato_early_blight_google_0071.jpg,C:\Users\vyasn\OneDrive\Desktop\Disease_prediction\data\external\model2_supplementary\plantseg_selected\potato_early_blight\potato_early_blight_google_0071.jpg,Training
12e232de8763b57a788c6c418f67d7149c678267c04b44f393a450d0ace463f9,2,True,bean__mosaic_virus,bean_mosaic_virus_30.jpg,C:\Users\vyasn\OneDrive\Desktop\Disease_prediction\data\external\model2_supplementary\plantseg_selected\bean_mosaic_virus\bean_mosaic_virus_30.jpg,Test
12e232de8763b57a788c6c418f67d7149c678267c04b44f393a450d0ace463f9,2,False,tomato__mosaic_virus,tomato_mosaic_virus_184.jpg,C:\Users\vyasn\OneDrive\Desktop\Disease_prediction\data\external\model2_supplementary\plantseg_selected\tomato_mosaic_virus\tomato_mosaic_virus_184.jpg,Training
a9fc7f6e0824643a30d6801246a17b38f32c9d3b9e1760d8908d6f705b6d536a,2,True,bean__rust,bean_rust_google_0030.jpg,C:\Users\vyasn\OneDrive\Desktop\Disease_prediction\data\external\model2_supplementary\plantseg_selected\bean_rust\bean_rust_google_0030.jpg,Training
a9fc7f6e0824643a30d6801246a17b38f32c9d3b9e1760d8908d6f705b6d536a,2,False,bean__rust,bean_rust_google_0130.jpg,C:\Users\vyasn\OneDrive\Desktop\Disease_prediction\data\external\model2_supplementary\plantseg_selected\bean_rust\bean_rust_google_0130.jpg,Test
bbba9e6f3b76e3c43e6732c81f46df5d8cbd5b9b51bac64e421ae0b690efe28e,2,True,bean__rust,soybean_rust_Bing_0098.jpg,C:\Users\vyasn\OneDrive\Desktop\Disease_prediction\data\external\model2_supplementary\plantseg_selected\bean_rust\soybean_rust_Bing_0098.jpg,Training
bbba9e6f3b76e3c43e6732c81f46df5d8cbd5b9b51bac64e421ae0b690efe28e,2,False,bean__rust,soybean_rust_Google_0010.jpg,C:\Users\vyasn\OneDrive\Desktop\Disease_prediction\data\external\model2_supplementary\plantseg_selected\bean_rust\soybean_rust_Google_0010.jpg,Training
5457c3b0666c34bba22a300a070d4e3f98e56078c9a74e4b96409094412c8892,2,True,bell_pepper__bacterial_spot,bell_pepper_bacterial_spot_Bing_0000.jpg,C:\Users\vyasn\OneDrive\Desktop\Disease_prediction\data\external\model2_supplementary\plantseg_selected\bell_pepper_bacterial_spot\bell_pepper_bacterial_spot_Bing_0000.jpg,Training
5457c3b0666c34bba22a300a070d4e3f98e56078c9a74e4b96409094412c8892,2,False,bell_pepper__bacterial_spot,bell_pepper_bacterial_spot_Google_0000.jpg,C:\Users\vyasn\OneDrive\Desktop\Disease_prediction\data\external\model2_supplementary\plantseg_selected\bell_pepper_bacterial_spot\bell_pepper_bacterial_spot_Google_0000.jpg,Training
b83c38c01346c53af820488c50163de53ab9f2c6e1615c37b1521253c66605d7,2,True,bell_pepper__bacterial_spot,bell_pepper_bacterial_spot_Bing_0002.jpg,C:\Users\vyasn\OneDrive\Desktop\Disease_prediction\data\external\model2_supplementary\plantseg_selected\bell_pepper_bacterial_spot\bell_pepper_bacterial_spot_Bing_0002.jpg,Test
b83c38c01346c53af820488c50163de53ab9f2c6e1615c37b1521253c66605d7,2,False,bell_pepper__frogeye_leaf_spot,bell_pepper_frogeye_leaf_spot_Bing_0011.jpg,C:\Users\vyasn\OneDrive\Desktop\Disease_prediction\data\external\model2_supplementary\plantseg_selected\bell_pepper_frogeye_leaf_spot\bell_pepper_frogeye_leaf_spot_Bing_0011.jpg,Training
d83782be7b8f7d01071a263929fbd1693f94afc6f2447553a8e63ab74d682dac,2,True,bell_pepper__bacterial_spot,bell_pepper_bacterial_spot_Bing_0009.jpg,C:\Users\vyasn\OneDrive\Desktop\Disease_prediction\data\external\model2_supplementary\plantseg_selected\bell_pepper_bacterial_spot\bell_pepper_bacterial_spot_Bing_0009.jpg,Training
d83782be7b8f7d01071a263929fbd1693f94afc6f2447553a8e63ab74d682dac,2,False,bell_pepper__bacterial_spot,bell_pepper_bacterial_spot_Google_0024.jpg,C:\Users\vyasn\OneDrive\Desktop\Disease_prediction\data\external\model2_supplementary\plantseg_selected\bell_pepper_bacterial_spot\bell_pepper_bacterial_spot_Google_0024.jpg,Training
561e96f43289397fed7d5115d2ba9c645bb5f7ba1511e404383b3f4aa692e412,2,True,bell_pepper__bacterial_spot,bell_pepper_bacterial_spot_Bing_0013.jpg,C:\Users\vyasn\OneDrive\Desktop\Disease_prediction\data\external\model2_supplementary\plantseg_selected\bell_pepper_bacterial_spot\bell_pepper_bacterial_spot_Bing_0013.jpg,Validation
561e96f43289397fed7d5115d2ba9c645bb5f7ba1511e404383b3f4aa692e412,2,False,bell_pepper__bacterial_spot,bell_pepper_bacterial_spot_Google_0004.jpg,C:\Users\vyasn\OneDrive\Desktop\Disease_prediction\data\external\model2_supplementary\plantseg_selected\bell_pepper_bacterial_spot\bell_pepper_bacterial_spot_Google_0004.jpg,Training
e1ebc7a76af5a306295927c6d0a91f52b09a8bf3b983a4c010609e0f22a8a71a,2,True,bell_pepper__bacterial_spot,bell_pepper_bacterial_spot_Bing_0046.jpg,C:\Users\vyasn\OneDrive\Desktop\Disease_prediction\data\external\model2_supplementary\plantseg_selected\bell_pepper_bacterial_spot\bell_pepper_bacterial_spot_Bing_0046.jpg,Training
e1ebc7a76af5a306295927c6d0a91f52b09a8bf3b983a4c010609e0f22a8a71a,2,False,bell_pepper__frogeye_leaf_spot,bell_pepper_frogeye_leaf_spot_Bing_0108.jpg,C:\Users\vyasn\OneDrive\Desktop\Disease_prediction\data\external\model2_supplementary\plantseg_selected\bell_pepper_frogeye_leaf_spot\bell_pepper_frogeye_leaf_spot_Bing_0108.jpg,Validation
6f61d060d71a11bbe3df788a53f6a720e99079d289c5c6f2059fc087e48e7df7,2,True,bell_pepper__bacterial_spot,bell_pepper_bacterial_spot_Bing_0069.jpg,C:\Users\vyasn\OneDrive\Desktop\Disease_prediction\data\external\model2_supplementary\plantseg_selected\bell_pepper_bacterial_spot\bell_pepper_bacterial_spot_Bing_0069.jpg,Training
6f61d060d71a11bbe3df788a53f6a720e99079d289c5c6f2059fc087e48e7df7,2,False,bell_pepper__bacterial_spot,bell_pepper_bacterial_spot_Google_0160.jpg,C:\Users\vyasn\OneDrive\Desktop\Disease_prediction\data\external\model2_supplementary\plantseg_selected\bell_pepper_bacterial_spot\bell_pepper_bacterial_spot_Google_0160.jpg,Training
e40b71a1fb3cc7982498e3f56dfedda719d540cf1512b1ced1198272cb8de97a,2,True,bell_pepper__bacterial_spot,bell_pepper_bacterial_spot_Bing_0108.jpg,C:\Users\vyasn\OneDrive\Desktop\Disease_prediction\data\external\model2_supplementary\plantseg_selected\bell_pepper_bacterial_spot\bell_pepper_bacterial_spot_Bing_0108.jpg,Training
e40b71a1fb3cc7982498e3f56dfedda719d540cf1512b1ced1198272cb8de97a,2,False,bell_pepper__bacterial_spot,bell_pepper_bacterial_spot_Google_0008.jpg,C:\Users\vyasn\OneDrive\Desktop\Disease_prediction\data\external\model2_supplementary\plantseg_selected\bell_pepper_bacterial_spot\bell_pepper_bacterial_spot_Google_0008.jpg,Training
b96993d3eb430f4cf451e5148db0acd648f58dc6f71078da8ddef5f875087e42,2,True,bell_pepper__blossom_end_rot,bell_pepper_blossom_end_rot_Bing_0003.jpg,C:\Users\vyasn\OneDrive\Desktop\Disease_prediction\data\external\model2_supplementary\plantseg_selected\bell_pepper_blossom_end_rot\bell_pepper_blossom_end_rot_Bing_0003.jpg,Training
b96993d3eb430f4cf451e5148db0acd648f58dc6f71078da8ddef5f875087e42,2,False,bell_pepper__blossom_end_rot,bell_pepper_blossom_end_rot_Google_0006.jpg,C:\Users\vyasn\OneDrive\Desktop\Disease_prediction\data\external\model2_supplementary\plantseg_selected\bell_pepper_blossom_end_rot\bell_pepper_blossom_end_rot_Google_0006.jpg,Training
a78e7a95f9647ab507ffd8f55611d7e48ad0f7e145f585d92e1b114cd2f66196,2,True,bell_pepper__blossom_end_rot,bell_pepper_blossom_end_rot_Bing_0008.jpg,C:\Users\vyasn\OneDrive\Desktop\Disease_prediction\data\external\model2_supplementary\plantseg_selected\bell_pepper_blossom_end_rot\bell_pepper_blossom_end_rot_Bing_0008.jpg,Test
a78e7a95f9647ab507ffd8f55611d7e48ad0f7e145f585d92e1b114cd2f66196,2,False,bell_pepper__blossom_end_rot,bell_pepper_blossom_end_rot_Google_0038.jpg,C:\Users\vyasn\OneDrive\Desktop\Disease_prediction\data\external\model2_supplementary\plantseg_selected\bell_pepper_blossom_end_rot\bell_pepper_blossom_end_rot_Google_0038.jpg,Training
6530dc6dd127b2e1b454e3d5cfdd629f7c1d4cff78026c00b01601f3093c347f,2,True,bell_pepper__blossom_end_rot,bell_pepper_blossom_end_rot_Bing_0143.jpg,C:\Users\vyasn\OneDrive\Desktop\Disease_prediction\data\external\model2_supplementary\plantseg_selected\bell_pepper_blossom_end_rot\bell_pepper_blossom_end_rot_Bing_0143.jpg,Validation
6530dc6dd127b2e1b454e3d5cfdd629f7c1d4cff78026c00b01601f3093c347f,2,False,bell_pepper__blossom_end_rot,bell_pepper_blossom_end_rot_Google_0294.jpg,C:\Users\vyasn\OneDrive\Desktop\Disease_prediction\data\external\model2_supplementary\plantseg_selected\bell_pepper_blossom_end_rot\bell_pepper_blossom_end_rot_Google_0294.jpg,Validation
f5d88f2e7ceb8d1416d1e541b4546a2d759ffc6c1bcd263493ff0974b31143f5,2,True,bell_pepper__frogeye_leaf_spot,bell_pepper_frogeye_leaf_spot_Bing_0000.jpg,C:\Users\vyasn\OneDrive\Desktop\Disease_prediction\data\external\model2_supplementary\plantseg_selected\bell_pepper_frogeye_leaf_spot\bell_pepper_frogeye_leaf_spot_Bing_0000.jpg,Training
f5d88f2e7ceb8d1416d1e541b4546a2d759ffc6c1bcd263493ff0974b31143f5,2,False,bell_pepper__frogeye_leaf_spot,bell_pepper_frogeye_leaf_spot_Google_0000.jpg,C:\Users\vyasn\OneDrive\Desktop\Disease_prediction\data\external\model2_supplementary\plantseg_selected\bell_pepper_frogeye_leaf_spot\bell_pepper_frogeye_leaf_spot_Google_0000.jpg,Training
b98cdb03a1c572d252a17877f39a9cb58ddc5eb54b64ae70d8f5337c74c07871,3,True,bell_pepper__frogeye_leaf_spot,bell_pepper_frogeye_leaf_spot_Bing_0007.jpg,C:\Users\vyasn\OneDrive\Desktop\Disease_prediction\data\external\model2_supplementary\plantseg_selected\bell_pepper_frogeye_leaf_spot\bell_pepper_frogeye_leaf_spot_Bing_0007.jpg,Validation
b98cdb03a1c572d252a17877f39a9cb58ddc5eb54b64ae70d8f5337c74c07871,3,False,soybean__frog_eye_leaf_spot,soybean_frog_eye_leaf_spot_Bing_0217.jpg,C:\Users\vyasn\OneDrive\Desktop\Disease_prediction\data\external\model2_supplementary\plantseg_selected\soybean_frog_eye_leaf_spot\soybean_frog_eye_leaf_spot_Bing_0217.jpg,Training
b98cdb03a1c572d252a17877f39a9cb58ddc5eb54b64ae70d8f5337c74c07871,3,False,tobacco__frogeye_leaf_spot,tobacco_frogeye_leaf_spot_Bing_0002.jpg,C:\Users\vyasn\OneDrive\Desktop\Disease_prediction\data\external\model2_supplementary\plantseg_selected\tobacco_frogeye_leaf_spot\tobacco_frogeye_leaf_spot_Bing_0002.jpg,Test
2eaec9d0864ff186039a1b2829fcbc80606c1af747e8805180d3d191a4b65654,2,True,bell_pepper__frogeye_leaf_spot,bell_pepper_frogeye_leaf_spot_Bing_0008.jpg,C:\Users\vyasn\OneDrive\Desktop\Disease_prediction\data\external\model2_supplementary\plantseg_selected\bell_pepper_frogeye_leaf_spot\bell_pepper_frogeye_leaf_spot_Bing_0008.jpg,Test
2eaec9d0864ff186039a1b2829fcbc80606c1af747e8805180d3d191a4b65654,2,False,soybean__frog_eye_leaf_spot,soybean_frog_eye_leaf_spot_Bing_0003.jpg,C:\Users\vyasn\OneDrive\Desktop\Disease_prediction\data\external\model2_supplementary\plantseg_selected\soybean_frog_eye_leaf_spot\soybean_frog_eye_leaf_spot_Bing_0003.jpg,Test
2efd0f3fbc30df35de7d95b24d69f915870817f523b292b04cbaaff1586d8402,2,True,bell_pepper__frogeye_leaf_spot,bell_pepper_frogeye_leaf_spot_Bing_0010.jpg,C:\Users\vyasn\OneDrive\Desktop\Disease_prediction\data\external\model2_supplementary\plantseg_selected\bell_pepper_frogeye_leaf_spot\bell_pepper_frogeye_leaf_spot_Bing_0010.jpg,Training
2efd0f3fbc30df35de7d95b24d69f915870817f523b292b04cbaaff1586d8402,2,False,tobacco__frogeye_leaf_spot,tobacco_frogeye_leaf_spot_Bing_0005.jpg,C:\Users\vyasn\OneDrive\Desktop\Disease_prediction\data\external\model2_supplementary\plantseg_selected\tobacco_frogeye_leaf_spot\tobacco_frogeye_leaf_spot_Bing_0005.jpg,Training
be62aa4cb951f9e9f2a85fc867fe2522a046db2bd7f7cf83c06fed43d51bf91f,2,True,bell_pepper__frogeye_leaf_spot,bell_pepper_frogeye_leaf_spot_Bing_0016.jpg,C:\Users\vyasn\OneDrive\Desktop\Disease_prediction\data\external\model2_supplementary\plantseg_selected\bell_pepper_frogeye_leaf_spot\bell_pepper_frogeye_leaf_spot_Bing_0016.jpg,Training
be62aa4cb951f9e9f2a85fc867fe2522a046db2bd7f7cf83c06fed43d51bf91f,2,False,soybean__frog_eye_leaf_spot,soybean_frog_eye_leaf_spot_Bing_0009.jpg,C:\Users\vyasn\OneDrive\Desktop\Disease_prediction\data\external\model2_supplementary\plantseg_selected\soybean_frog_eye_leaf_spot\soybean_frog_eye_leaf_spot_Bing_0009.jpg,Training
23f1cf5a829ad15e648a1641fc1c42c817eebae6e975ab4f3d2ccbad9bdab5be,2,True,bell_pepper__frogeye_leaf_spot,bell_pepper_frogeye_leaf_spot_Bing_0036.jpg,C:\Users\vyasn\OneDrive\Desktop\Disease_prediction\data\external\model2_supplementary\plantseg_selected\bell_pepper_frogeye_leaf_spot\bell_pepper_frogeye_leaf_spot_Bing_0036.jpg,Training
23f1cf5a829ad15e648a1641fc1c42c817eebae6e975ab4f3d2ccbad9bdab5be,2,False,soybean__frog_eye_leaf_spot,soybean_frog_eye_leaf_spot_Bing_0154.jpg,C:\Users\vyasn\OneDrive\Desktop\Disease_prediction\data\external\model2_supplementary\plantseg_selected\soybean_frog_eye_leaf_spot\soybean_frog_eye_leaf_spot_Bing_0154.jpg,Training
91b0799abe5d69e3ae092a25afab54b98934029cd836670a2c51e053c7b425d6,2,True,bell_pepper__frogeye_leaf_spot,bell_pepper_frogeye_leaf_spot_Bing_0161.jpg,C:\Users\vyasn\OneDrive\Desktop\Disease_prediction\data\external\model2_supplementary\plantseg_selected\bell_pepper_frogeye_leaf_spot\bell_pepper_frogeye_leaf_spot_Bing_0161.jpg,Training
91b0799abe5d69e3ae092a25afab54b98934029cd836670a2c51e053c7b425d6,2,False,soybean__frog_eye_leaf_spot,soybean_frog_eye_leaf_spot_Bing_0224.jpg,C:\Users\vyasn\OneDrive\Desktop\Disease_prediction\data\external\model2_supplementary\plantseg_selected\soybean_frog_eye_leaf_spot\soybean_frog_eye_leaf_spot_Bing_0224.jpg,Test
f79aba6683f722e2e4bfe4fa77a9473ded41055db68a98381c628411286955d2,2,True,bell_pepper__frogeye_leaf_spot,bell_pepper_frogeye_leaf_spot_Bing_0216.jpg,C:\Users\vyasn\OneDrive\Desktop\Disease_prediction\data\external\model2_supplementary\plantseg_selected\bell_pepper_frogeye_leaf_spot\bell_pepper_frogeye_leaf_spot_Bing_0216.jpg,Training
f79aba6683f722e2e4bfe4fa77a9473ded41055db68a98381c628411286955d2,2,False,soybean__frog_eye_leaf_spot,soybean_frog_eye_leaf_spot_Bing_0124.jpg,C:\Users\vyasn\OneDrive\Desktop\Disease_prediction\data\external\model2_supplementary\plantseg_selected\soybean_frog_eye_leaf_spot\soybean_frog_eye_leaf_spot_Bing_0124.jpg,Training
6daa9c21978fa4e2200d45bd2fd869a63942664e4263badf92d5ec5d6e9f3383,2,True,bell_pepper__powdery_mildew,bell_pepper_powdery_mildew_Bing_0062.jpg,C:\Users\vyasn\OneDrive\Desktop\Disease_prediction\data\external\model2_supplementary\plantseg_selected\bell_pepper_powdery_mildew\bell_pepper_powdery_mildew_Bing_0062.jpg,Validation
6daa9c21978fa4e2200d45bd2fd869a63942664e4263badf92d5ec5d6e9f3383,2,False,bell_pepper__powdery_mildew,bell_pepper_powdery_mildew_Google_0012.jpg,C:\Users\vyasn\OneDrive\Desktop\Disease_prediction\data\external\model2_supplementary\plantseg_selected\bell_pepper_powdery_mildew\bell_pepper_powdery_mildew_Google_0012.jpg,Test
7bb80f8acb4bd6701b71700bc7bc4363fc5ca15d14bb2f5849d821566de3f82b,2,True,blueberry__anthracnose,blueberry_anthracnose_Bing_0000.jpg,C:\Users\vyasn\OneDrive\Desktop\Disease_prediction\data\external\model2_supplementary\plantseg_selected\blueberry_anthracnose\blueberry_anthracnose_Bing_0000.jpg,Training
7bb80f8acb4bd6701b71700bc7bc4363fc5ca15d14bb2f5849d821566de3f82b,2,False,blueberry__anthracnose,blueberry_anthracnose_Google_0003.jpg,C:\Users\vyasn\OneDrive\Desktop\Disease_prediction\data\external\model2_supplementary\plantseg_selected\blueberry_anthracnose\blueberry_anthracnose_Google_0003.jpg,Training
3cfe9b0db6b7840bfb7810397e2c826e507a738de2a70e595de399a356ae80d3,2,True,blueberry__anthracnose,blueberry_anthracnose_Bing_0055.jpg,C:\Users\vyasn\OneDrive\Desktop\Disease_prediction\data\external\model2_supplementary\plantseg_selected\blueberry_anthracnose\blueberry_anthracnose_Bing_0055.jpg,Training
3cfe9b0db6b7840bfb7810397e2c826e507a738de2a70e595de399a356ae80d3,2,False,blueberry__anthracnose,blueberry_anthracnose_Google_0011.jpg,C:\Users\vyasn\OneDrive\Desktop\Disease_prediction\data\external\model2_supplementary\plantseg_selected\blueberry_anthracnose\blueberry_anthracnose_Google_0011.jpg,Training
2ba70209887307247daf358458531c262af9038c733b70bf8e2cc80759e8b6b4,2,True,blueberry__mummy_berry,blueberry_mummy_berry_Bing_0001.jpg,C:\Users\vyasn\OneDrive\Desktop\Disease_prediction\data\external\model2_supplementary\plantseg_selected\blueberry_mummy_berry\blueberry_mummy_berry_Bing_0001.jpg,Training
2ba70209887307247daf358458531c262af9038c733b70bf8e2cc80759e8b6b4,2,False,blueberry__mummy_berry,blueberry_mummy_berry_Bing_0058.jpg,C:\Users\vyasn\OneDrive\Desktop\Disease_prediction\data\external\model2_supplementary\plantseg_selected\blueberry_mummy_berry\blueberry_mummy_berry_Bing_0058.jpg,Training
0450f9a79064689b697bb92cc2062acc2afebee63f14a01832e56826d6bbfd72,2,True,blueberry__scorch,blueberry_scorch_Bing_0011.jpg,C:\Users\vyasn\OneDrive\Desktop\Disease_prediction\data\external\model2_supplementary\plantseg_selected\blueberry_scorch\blueberry_scorch_Bing_0011.jpg,Test
0450f9a79064689b697bb92cc2062acc2afebee63f14a01832e56826d6bbfd72,2,False,blueberry__scorch,blueberry_scorch_Google_0081.jpg,C:\Users\vyasn\OneDrive\Desktop\Disease_prediction\data\external\model2_supplementary\plantseg_selected\blueberry_scorch\blueberry_scorch_Google_0081.jpg,Training
8ec79d0269fbe5fa400484fb9baed8ebd0f0b39fb23d5e69416afbd1b33bbe94,2,True,broccoli__alternaria_leaf_spot,broccoli_alternaria_leaf_spot_Bing_0000.jpg,C:\Users\vyasn\OneDrive\Desktop\Disease_prediction\data\external\model2_supplementary\plantseg_selected\broccoli_alternaria_leaf_spot\broccoli_alternaria_leaf_spot_Bing_0000.jpg,Test
8ec79d0269fbe5fa400484fb9baed8ebd0f0b39fb23d5e69416afbd1b33bbe94,2,False,broccoli__ring_spot,broccoli_ring_spot_Bing_0002.jpg,C:\Users\vyasn\OneDrive\Desktop\Disease_prediction\data\external\model2_supplementary\plantseg_selected\broccoli_ring_spot\broccoli_ring_spot_Bing_0002.jpg,Test
9e76111c1935b6c89a9081d6c46ff7801de419184b296aa9c3d543fae5c92afa,3,True,broccoli__alternaria_leaf_spot,broccoli_alternaria_leaf_spot_Bing_0005.jpg,C:\Users\vyasn\OneDrive\Desktop\Disease_prediction\data\external\model2_supplementary\plantseg_selected\broccoli_alternaria_leaf_spot\broccoli_alternaria_leaf_spot_Bing_0005.jpg,Training
9e76111c1935b6c89a9081d6c46ff7801de419184b296aa9c3d543fae5c92afa,3,False,broccoli__alternaria_leaf_spot,broccoli_alternaria_leaf_spot_Google_0007.jpg,C:\Users\vyasn\OneDrive\Desktop\Disease_prediction\data\external\model2_supplementary\plantseg_selected\broccoli_alternaria_leaf_spot\broccoli_alternaria_leaf_spot_Google_0007.jpg,Training
9e76111c1935b6c89a9081d6c46ff7801de419184b296aa9c3d543fae5c92afa,3,False,broccoli__ring_spot,broccoli_ring_spot_Bing_0008.jpg,C:\Users\vyasn\OneDrive\Desktop\Disease_prediction\data\external\model2_supplementary\plantseg_selected\broccoli_ring_spot\broccoli_ring_spot_Bing_0008.jpg,Validation
f65c539e6c72585f566cad09b1f85c8609524b8cf860bb7de70bd333c87339dd,3,True,broccoli__alternaria_leaf_spot,broccoli_alternaria_leaf_spot_Bing_0012.jpg,C:\Users\vyasn\OneDrive\Desktop\Disease_prediction\data\external\model2_supplementary\plantseg_selected\broccoli_alternaria_leaf_spot\broccoli_alternaria_leaf_spot_Bing_0012.jpg,Training
f65c539e6c72585f566cad09b1f85c8609524b8cf860bb7de70bd333c87339dd,3,False,broccoli__alternaria_leaf_spot,broccoli_alternaria_leaf_spot_Google_0005.jpg,C:\Users\vyasn\OneDrive\Desktop\Disease_prediction\data\external\model2_supplementary\plantseg_selected\broccoli_alternaria_leaf_spot\broccoli_alternaria_leaf_spot_Google_0005.jpg,Test
f65c539e6c72585f566cad09b1f85c8609524b8cf860bb7de70bd333c87339dd,3,False,broccoli__ring_spot,broccoli_ring_spot_Bing_0054.jpg,C:\Users\vyasn\OneDrive\Desktop\Disease_prediction\data\external\model2_supplementary\plantseg_selected\broccoli_ring_spot\broccoli_ring_spot_Bing_0054.jpg,Training
19572f8e2790e27f0538724e2b885e48e5067b0a20dd6a3da5c0d4e6bcc60ca2,2,True,broccoli__alternaria_leaf_spot,broccoli_alternaria_leaf_spot_Bing_0017.jpg,C:\Users\vyasn\OneDrive\Desktop\Disease_prediction\data\external\model2_supplementary\plantseg_selected\broccoli_alternaria_leaf_spot\broccoli_alternaria_leaf_spot_Bing_0017.jpg,Training
19572f8e2790e27f0538724e2b885e48e5067b0a20dd6a3da5c0d4e6bcc60ca2,2,False,tobacco__brown_spot,tobacco_brown_spot_Bing_0003.jpg,C:\Users\vyasn\OneDrive\Desktop\Disease_prediction\data\external\model2_supplementary\plantseg_selected\tobacco_brown_spot\tobacco_brown_spot_Bing_0003.jpg,Test
9a3243f4fd6671009b5112e8f24c3635ddc7c05cb2a1b2218a8a4155d75a64c0,2,True,broccoli__alternaria_leaf_spot,broccoli_alternaria_leaf_spot_Bing_0021.jpg,C:\Users\vyasn\OneDrive\Desktop\Disease_prediction\data\external\model2_supplementary\plantseg_selected\broccoli_alternaria_leaf_spot\broccoli_alternaria_leaf_spot_Bing_0021.jpg,Test
9a3243f4fd6671009b5112e8f24c3635ddc7c05cb2a1b2218a8a4155d75a64c0,2,False,broccoli__alternaria_leaf_spot,broccoli_alternaria_leaf_spot_Google_0278.jpg,C:\Users\vyasn\OneDrive\Desktop\Disease_prediction\data\external\model2_supplementary\plantseg_selected\broccoli_alternaria_leaf_spot\broccoli_alternaria_leaf_spot_Google_0278.jpg,Validation
86b0c7e7a08b66856f56408015e2fb602f7d36326b8e70cc01df225bbac96653,2,True,broccoli__alternaria_leaf_spot,broccoli_alternaria_leaf_spot_Bing_0037.jpg,C:\Users\vyasn\OneDrive\Desktop\Disease_prediction\data\external\model2_supplementary\plantseg_selected\broccoli_alternaria_leaf_spot\broccoli_alternaria_leaf_spot_Bing_0037.jpg,Validation
86b0c7e7a08b66856f56408015e2fb602f7d36326b8e70cc01df225bbac96653,2,False,broccoli__ring_spot,broccoli_ring_spot_Bing_0010.jpg,C:\Users\vyasn\OneDrive\Desktop\Disease_prediction\data\external\model2_supplementary\plantseg_selected\broccoli_ring_spot\broccoli_ring_spot_Bing_0010.jpg,Training
50827362886eef90098b75f3b9d07b7a40d3603fe86e576da47b0de7053317e2,2,True,broccoli__alternaria_leaf_spot,broccoli_alternaria_leaf_spot_Bing_0039.jpg,C:\Users\vyasn\OneDrive\Desktop\Disease_prediction\data\external\model2_supplementary\plantseg_selected\broccoli_alternaria_leaf_spot\broccoli_alternaria_leaf_spot_Bing_0039.jpg,Training
50827362886eef90098b75f3b9d07b7a40d3603fe86e576da47b0de7053317e2,2,False,tobacco__brown_spot,tobacco_brown_spot_Bing_0044.jpg,C:\Users\vyasn\OneDrive\Desktop\Disease_prediction\data\external\model2_supplementary\plantseg_selected\tobacco_brown_spot\tobacco_brown_spot_Bing_0044.jpg,Test
84f6d911fb76fbaf1f6134250cea59ffec10e292a4888c1632230f2118180c16,2,True,broccoli__alternaria_leaf_spot,broccoli_alternaria_leaf_spot_Bing_0048.jpg,C:\Users\vyasn\OneDrive\Desktop\Disease_prediction\data\external\model2_supplementary\plantseg_selected\broccoli_alternaria_leaf_spot\broccoli_alternaria_leaf_spot_Bing_0048.jpg,Test
84f6d911fb76fbaf1f6134250cea59ffec10e292a4888c1632230f2118180c16,2,False,broccoli__ring_spot,broccoli_ring_spot_Bing_0047.jpg,C:\Users\vyasn\OneDrive\Desktop\Disease_prediction\data\external\model2_supplementary\plantseg_selected\broccoli_ring_spot\broccoli_ring_spot_Bing_0047.jpg,Test
35bc5f59a5458c278c39bf5388221d3903ab981849d666c652280836fc53d03c,2,True,broccoli__alternaria_leaf_spot,broccoli_alternaria_leaf_spot_Bing_0165.jpg,C:\Users\vyasn\OneDrive\Desktop\Disease_prediction\data\external\model2_supplementary\plantseg_selected\broccoli_alternaria_leaf_spot\broccoli_alternaria_leaf_spot_Bing_0165.jpg,Training
35bc5f59a5458c278c39bf5388221d3903ab981849d666c652280836fc53d03c,2,False,broccoli__ring_spot,broccoli_ring_spot_Bing_0020.jpg,C:\Users\vyasn\OneDrive\Desktop\Disease_prediction\data\external\model2_supplementary\plantseg_selected\broccoli_ring_spot\broccoli_ring_spot_Bing_0020.jpg,Training
520bfdfaced7fdf8d6a65323c8e4166335e4f77975b057ee073875f6422fd8c9,2,True,broccoli__alternaria_leaf_spot,broccoli_alternaria_leaf_spot_Google_0042.jpg,C:\Users\vyasn\OneDrive\Desktop\Disease_prediction\data\external\model2_supplementary\plantseg_selected\broccoli_alternaria_leaf_spot\broccoli_alternaria_leaf_spot_Google_0042.jpg,Validation
520bfdfaced7fdf8d6a65323c8e4166335e4f77975b057ee073875f6422fd8c9,2,False,cauliflower__bacterial_soft_rot,cauliflower_bacterial_soft_rot_Google_0186.jpg,C:\Users\vyasn\OneDrive\Desktop\Disease_prediction\data\external\model2_supplementary\plantseg_selected\cauliflower_bacterial_soft_rot\cauliflower_bacterial_soft_rot_Google_0186.jpg,Training
04de390329a57bcf5f6552b8163d8447e93ce6d0926b7a0edda284c308dbc823,2,True,broccoli__downy_mildew,broccoli_downy_mildew_google_0056.jpg,C:\Users\vyasn\OneDrive\Desktop\Disease_prediction\data\external\model2_supplementary\plantseg_selected\broccoli_downy_mildew\broccoli_downy_mildew_google_0056.jpg,Training
04de390329a57bcf5f6552b8163d8447e93ce6d0926b7a0edda284c308dbc823,2,False,lettuce__downy_mildew,lettuce_downy_mildew_google_0002.jpg,C:\Users\vyasn\OneDrive\Desktop\Disease_prediction\data\external\model2_supplementary\plantseg_selected\lettuce_downy_mildew\lettuce_downy_mildew_google_0002.jpg,Training
4c6d0d554578bf5f50af52a4538b62b6259b2df8d52b2b3cee8be0a3e02c1059,2,True,broccoli__downy_mildew,broccoli_downy_mildew_google_0251.jpg,C:\Users\vyasn\OneDrive\Desktop\Disease_prediction\data\external\model2_supplementary\plantseg_selected\broccoli_downy_mildew\broccoli_downy_mildew_google_0251.jpg,Training
4c6d0d554578bf5f50af52a4538b62b6259b2df8d52b2b3cee8be0a3e02c1059,2,False,lettuce__downy_mildew,lettuce_downy_mildew_google_0049.jpg,C:\Users\vyasn\OneDrive\Desktop\Disease_prediction\data\external\model2_supplementary\plantseg_selected\lettuce_downy_mildew\lettuce_downy_mildew_google_0049.jpg,Training
a558f3f3cb112ed9373b0bb30b8733926235c14aea8d2e3e36406e38a6c330cb,2,True,cabbage__alternaria_leaf_spot,cabbage_alternaria_leaf_spot_34.jpg,C:\Users\vyasn\OneDrive\Desktop\Disease_prediction\data\external\model2_supplementary\plantseg_selected\cabbage_alternaria_leaf_spot\cabbage_alternaria_leaf_spot_34.jpg,Validation
a558f3f3cb112ed9373b0bb30b8733926235c14aea8d2e3e36406e38a6c330cb,2,False,cauliflower__alternaria_leaf_spot,cauliflower_alternaria_leaf_spot_4.jpg,C:\Users\vyasn\OneDrive\Desktop\Disease_prediction\data\external\model2_supplementary\plantseg_selected\cauliflower_alternaria_leaf_spot\cauliflower_alternaria_leaf_spot_4.jpg,Validation
56ab1f44ca3f95bd358d349d14eba8ffa8b05aad1d3132e1f29ba41d3aea6857,2,True,cabbage__alternaria_leaf_spot,cabbage_alternaria_leaf_spot_google_0000.jpg,C:\Users\vyasn\OneDrive\Desktop\Disease_prediction\data\external\model2_supplementary\plantseg_selected\cabbage_alternaria_leaf_spot\cabbage_alternaria_leaf_spot_google_0000.jpg,Validation
56ab1f44ca3f95bd358d349d14eba8ffa8b05aad1d3132e1f29ba41d3aea6857,2,False,cauliflower__alternaria_leaf_spot,cauliflower_alternaria_leaf_spot_google_0001.jpg,C:\Users\vyasn\OneDrive\Desktop\Disease_prediction\data\external\model2_supplementary\plantseg_selected\cauliflower_alternaria_leaf_spot\cauliflower_alternaria_leaf_spot_google_0001.jpg,Training
083d699478235f56b86baee0933eb8f8e9e3f5a89b9f7ba9d0cf37122b511409,2,True,cabbage__alternaria_leaf_spot,cabbage_alternaria_leaf_spot_google_0001.jpg,C:\Users\vyasn\OneDrive\Desktop\Disease_prediction\data\external\model2_supplementary\plantseg_selected\cabbage_alternaria_leaf_spot\cabbage_alternaria_leaf_spot_google_0001.jpg,Training
083d699478235f56b86baee0933eb8f8e9e3f5a89b9f7ba9d0cf37122b511409,2,False,cauliflower__alternaria_leaf_spot,cauliflower_alternaria_leaf_spot_google_0000.jpg,C:\Users\vyasn\OneDrive\Desktop\Disease_prediction\data\external\model2_supplementary\plantseg_selected\cauliflower_alternaria_leaf_spot\cauliflower_alternaria_leaf_spot_google_0000.jpg,Training
add4ac0670d36b2ec8ebe02e2c8db3a62537dcbf10cf9987317514a3ae5a5c00,2,True,cabbage__alternaria_leaf_spot,cabbage_alternaria_leaf_spot_google_0002.jpg,C:\Users\vyasn\OneDrive\Desktop\Disease_prediction\data\external\model2_supplementary\plantseg_selected\cabbage_alternaria_leaf_spot\cabbage_alternaria_leaf_spot_google_0002.jpg,Training
add4ac0670d36b2ec8ebe02e2c8db3a62537dcbf10cf9987317514a3ae5a5c00,2,False,cauliflower__alternaria_leaf_spot,cauliflower_alternaria_leaf_spot_google_0011.jpg,C:\Users\vyasn\OneDrive\Desktop\Disease_prediction\data\external\model2_supplementary\plantseg_selected\cauliflower_alternaria_leaf_spot\cauliflower_alternaria_leaf_spot_google_0011.jpg,Training
5506fddf0772153f39289672298379deb44628e1598c4f4f513da14dc7375acb,2,True,cabbage__alternaria_leaf_spot,cabbage_alternaria_leaf_spot_google_0013.jpg,C:\Users\vyasn\OneDrive\Desktop\Disease_prediction\data\external\model2_supplementary\plantseg_selected\cabbage_alternaria_leaf_spot\cabbage_alternaria_leaf_spot_google_0013.jpg,Training
5506fddf0772153f39289672298379deb44628e1598c4f4f513da14dc7375acb,2,False,cauliflower__alternaria_leaf_spot,cauliflower_alternaria_leaf_spot_google_0028.jpg,C:\Users\vyasn\OneDrive\Desktop\Disease_prediction\data\external\model2_supplementary\plantseg_selected\cauliflower_alternaria_leaf_spot\cauliflower_alternaria_leaf_spot_google_0028.jpg,Test
bcfed76e05c666f4ab2b591ce698aef791b05d193f2243c48f1792fd15617d71,2,True,cabbage__alternaria_leaf_spot,cabbage_alternaria_leaf_spot_google_0026.jpg,C:\Users\vyasn\OneDrive\Desktop\Disease_prediction\data\external\model2_supplementary\plantseg_selected\cabbage_alternaria_leaf_spot\cabbage_alternaria_leaf_spot_google_0026.jpg,Test
bcfed76e05c666f4ab2b591ce698aef791b05d193f2243c48f1792fd15617d71,2,False,cauliflower__alternaria_leaf_spot,cauliflower_alternaria_leaf_spot_google_0021.jpg,C:\Users\vyasn\OneDrive\Desktop\Disease_prediction\data\external\model2_supplementary\plantseg_selected\cauliflower_alternaria_leaf_spot\cauliflower_alternaria_leaf_spot_google_0021.jpg,Training
fe30ac95e41d3f71fad31e16d3fd29c299e2e19834471d4da1820bd1700cd582,2,True,cabbage__alternaria_leaf_spot,cabbage_alternaria_leaf_spot_google_0047.jpg,C:\Users\vyasn\OneDrive\Desktop\Disease_prediction\data\external\model2_supplementary\plantseg_selected\cabbage_alternaria_leaf_spot\cabbage_alternaria_leaf_spot_google_0047.jpg,Training
fe30ac95e41d3f71fad31e16d3fd29c299e2e19834471d4da1820bd1700cd582,2,False,cauliflower__alternaria_leaf_spot,cauliflower_alternaria_leaf_spot_google_0046.jpg,C:\Users\vyasn\OneDrive\Desktop\Disease_prediction\data\external\model2_supplementary\plantseg_selected\cauliflower_alternaria_leaf_spot\cauliflower_alternaria_leaf_spot_google_0046.jpg,Training
a25d90501be95a4c561e6a62b9795c9422b031b6a52ec6c3452b83b980aba209,2,True,cabbage__alternaria_leaf_spot,cabbage_alternaria_leaf_spot_google_0057.jpg,C:\Users\vyasn\OneDrive\Desktop\Disease_prediction\data\external\model2_supplementary\plantseg_selected\cabbage_alternaria_leaf_spot\cabbage_alternaria_leaf_spot_google_0057.jpg,Test
a25d90501be95a4c561e6a62b9795c9422b031b6a52ec6c3452b83b980aba209,2,False,cauliflower__alternaria_leaf_spot,cauliflower_alternaria_leaf_spot_google_0261.jpg,C:\Users\vyasn\OneDrive\Desktop\Disease_prediction\data\external\model2_supplementary\plantseg_selected\cauliflower_alternaria_leaf_spot\cauliflower_alternaria_leaf_spot_google_0261.jpg,Validation
d49727de94e5e2ace98cf9c1cafb1d3dab598b14ae60775d2da276059639b47f,2,True,cabbage__alternaria_leaf_spot,cabbage_alternaria_leaf_spot_google_0072.jpg,C:\Users\vyasn\OneDrive\Desktop\Disease_prediction\data\external\model2_supplementary\plantseg_selected\cabbage_alternaria_leaf_spot\cabbage_alternaria_leaf_spot_google_0072.jpg,Training
d49727de94e5e2ace98cf9c1cafb1d3dab598b14ae60775d2da276059639b47f,2,False,cauliflower__alternaria_leaf_spot,cauliflower_alternaria_leaf_spot_google_0051.jpg,C:\Users\vyasn\OneDrive\Desktop\Disease_prediction\data\external\model2_supplementary\plantseg_selected\cauliflower_alternaria_leaf_spot\cauliflower_alternaria_leaf_spot_google_0051.jpg,Training
f80b62e3fb886dec97711dae43a80ba60fe3a8860779fce6279cf5845dd2ab47,2,True,cabbage__alternaria_leaf_spot,cabbage_alternaria_leaf_spot_google_0075.jpg,C:\Users\vyasn\OneDrive\Desktop\Disease_prediction\data\external\model2_supplementary\plantseg_selected\cabbage_alternaria_leaf_spot\cabbage_alternaria_leaf_spot_google_0075.jpg,Training
f80b62e3fb886dec97711dae43a80ba60fe3a8860779fce6279cf5845dd2ab47,2,False,cauliflower__alternaria_leaf_spot,cauliflower_alternaria_leaf_spot_google_0061.jpg,C:\Users\vyasn\OneDrive\Desktop\Disease_prediction\data\external\model2_supplementary\plantseg_selected\cauliflower_alternaria_leaf_spot\cauliflower_alternaria_leaf_spot_google_0061.jpg,Test
023fcc82ccb177ae5baf29863df22562f9b621107e91f45f57711a7b7400fb4b,2,True,cabbage__alternaria_leaf_spot,cabbage_alternaria_leaf_spot_google_0128.jpg,C:\Users\vyasn\OneDrive\Desktop\Disease_prediction\data\external\model2_supplementary\plantseg_selected\cabbage_alternaria_leaf_spot\cabbage_alternaria_leaf_spot_google_0128.jpg,Test
023fcc82ccb177ae5baf29863df22562f9b621107e91f45f57711a7b7400fb4b,2,False,cauliflower__alternaria_leaf_spot,cauliflower_alternaria_leaf_spot_google_0222.jpg,C:\Users\vyasn\OneDrive\Desktop\Disease_prediction\data\external\model2_supplementary\plantseg_selected\cauliflower_alternaria_leaf_spot\cauliflower_alternaria_leaf_spot_google_0222.jpg,Training
f4c4b831f4e0e59a2d950505e82e6e34a83957cfeef655a654ae613f7aa76409,2,True,cabbage__alternaria_leaf_spot,cabbage_alternaria_leaf_spot_google_0148.jpg,C:\Users\vyasn\OneDrive\Desktop\Disease_prediction\data\external\model2_supplementary\plantseg_selected\cabbage_alternaria_leaf_spot\cabbage_alternaria_leaf_spot_google_0148.jpg,Test
f4c4b831f4e0e59a2d950505e82e6e34a83957cfeef655a654ae613f7aa76409,2,False,cauliflower__alternaria_leaf_spot,cauliflower_alternaria_leaf_spot_google_0230.jpg,C:\Users\vyasn\OneDrive\Desktop\Disease_prediction\data\external\model2_supplementary\plantseg_selected\cauliflower_alternaria_leaf_spot\cauliflower_alternaria_leaf_spot_google_0230.jpg,Training
8e6497665b7ff667327e5da5745171050467cd0f3be8afb1fe6560a1d3f6738e,2,True,cabbage__alternaria_leaf_spot,cabbage_alternaria_leaf_spot_google_0206.jpg,C:\Users\vyasn\OneDrive\Desktop\Disease_prediction\data\external\model2_supplementary\plantseg_selected\cabbage_alternaria_leaf_spot\cabbage_alternaria_leaf_spot_google_0206.jpg,Test
8e6497665b7ff667327e5da5745171050467cd0f3be8afb1fe6560a1d3f6738e,2,False,cauliflower__alternaria_leaf_spot,cauliflower_alternaria_leaf_spot_google_0234.jpg,C:\Users\vyasn\OneDrive\Desktop\Disease_prediction\data\external\model2_supplementary\plantseg_selected\cauliflower_alternaria_leaf_spot\cauliflower_alternaria_leaf_spot_google_0234.jpg,Training
f0ed2a1742def762cf2d97c5f8390a6b5e1bcb8620074f751d9af9b549a5c31a,2,True,cabbage__black_rot,cabbage_black_rot_Bing_0012.jpg,C:\Users\vyasn\OneDrive\Desktop\Disease_prediction\data\external\model2_supplementary\plantseg_selected\cabbage_black_rot\cabbage_black_rot_Bing_0012.jpg,Training
f0ed2a1742def762cf2d97c5f8390a6b5e1bcb8620074f751d9af9b549a5c31a,2,False,cabbage__black_rot,cabbage_black_rot_Google_0049.jpg,C:\Users\vyasn\OneDrive\Desktop\Disease_prediction\data\external\model2_supplementary\plantseg_selected\cabbage_black_rot\cabbage_black_rot_Google_0049.jpg,Training
95089ffa12dba9d6bbba5d991f25cf88632564ff862385569de619410b478699,2,True,cabbage__black_rot,cabbage_black_rot_Bing_0013.jpg,C:\Users\vyasn\OneDrive\Desktop\Disease_prediction\data\external\model2_supplementary\plantseg_selected\cabbage_black_rot\cabbage_black_rot_Bing_0013.jpg,Training
95089ffa12dba9d6bbba5d991f25cf88632564ff862385569de619410b478699,2,False,cabbage__black_rot,cabbage_black_rot_Google_0110.jpg,C:\Users\vyasn\OneDrive\Desktop\Disease_prediction\data\external\model2_supplementary\plantseg_selected\cabbage_black_rot\cabbage_black_rot_Google_0110.jpg,Test
5fe0430076ef020795f5ebeeaed1f54ef5885770979b0bcb9ff814302c768744,2,True,cabbage__black_rot,cabbage_black_rot_Bing_0015.jpg,C:\Users\vyasn\OneDrive\Desktop\Disease_prediction\data\external\model2_supplementary\plantseg_selected\cabbage_black_rot\cabbage_black_rot_Bing_0015.jpg,Test
5fe0430076ef020795f5ebeeaed1f54ef5885770979b0bcb9ff814302c768744,2,False,cabbage__black_rot,cabbage_black_rot_Google_0232.jpg,C:\Users\vyasn\OneDrive\Desktop\Disease_prediction\data\external\model2_supplementary\plantseg_selected\cabbage_black_rot\cabbage_black_rot_Google_0232.jpg,Training
2622b21bbbaf19f13dd536d9889059ea77124c4f144d3998f9607ced888f9165,2,True,cabbage__black_rot,cabbage_black_rot_Bing_0042.jpg,C:\Users\vyasn\OneDrive\Desktop\Disease_prediction\data\external\model2_supplementary\plantseg_selected\cabbage_black_rot\cabbage_black_rot_Bing_0042.jpg,Training
2622b21bbbaf19f13dd536d9889059ea77124c4f144d3998f9607ced888f9165,2,False,cabbage__black_rot,cabbage_black_rot_Google_0341.jpg,C:\Users\vyasn\OneDrive\Desktop\Disease_prediction\data\external\model2_supplementary\plantseg_selected\cabbage_black_rot\cabbage_black_rot_Google_0341.jpg,Training
429d93a47f9f80f061c264dbde60dc26df33342cd15a2542483fd159b9ba74e0,2,True,cabbage__black_rot,cabbage_black_rot_Bing_0062.jpg,C:\Users\vyasn\OneDrive\Desktop\Disease_prediction\data\external\model2_supplementary\plantseg_selected\cabbage_black_rot\cabbage_black_rot_Bing_0062.jpg,Training
429d93a47f9f80f061c264dbde60dc26df33342cd15a2542483fd159b9ba74e0,2,False,cabbage__black_rot,cabbage_black_rot_Google_0205.jpg,C:\Users\vyasn\OneDrive\Desktop\Disease_prediction\data\external\model2_supplementary\plantseg_selected\cabbage_black_rot\cabbage_black_rot_Google_0205.jpg,Training
378a54972792a471a9d9cc09878249410abf9778651dc3a0943def711a34a95c,2,True,cabbage__black_rot,cabbage_black_rot_Bing_0149.jpg,C:\Users\vyasn\OneDrive\Desktop\Disease_prediction\data\external\model2_supplementary\plantseg_selected\cabbage_black_rot\cabbage_black_rot_Bing_0149.jpg,Training
378a54972792a471a9d9cc09878249410abf9778651dc3a0943def711a34a95c,2,False,cabbage__black_rot,cabbage_black_rot_Google_0208.jpg,C:\Users\vyasn\OneDrive\Desktop\Disease_prediction\data\external\model2_supplementary\plantseg_selected\cabbage_black_rot\cabbage_black_rot_Google_0208.jpg,Test
9dca1e4a36b8df6febdc1a1ad75ac68e09680f0c2d78556c8e91d237a7fd2bc8,2,True,cabbage__black_rot,cabbage_black_rot_Bing_0178.jpg,C:\Users\vyasn\OneDrive\Desktop\Disease_prediction\data\external\model2_supplementary\plantseg_selected\cabbage_black_rot\cabbage_black_rot_Bing_0178.jpg,Training
9dca1e4a36b8df6febdc1a1ad75ac68e09680f0c2d78556c8e91d237a7fd2bc8,2,False,cabbage__black_rot,cabbage_black_rot_Google_0247.jpg,C:\Users\vyasn\OneDrive\Desktop\Disease_prediction\data\external\model2_supplementary\plantseg_selected\cabbage_black_rot\cabbage_black_rot_Google_0247.jpg,Training
1f13d43c8e62b145704653a7064585495dee83e4acbbf590c69deab83327794e,2,True,cabbage__black_rot,cabbage_black_rot_Bing_0211.jpg,C:\Users\vyasn\OneDrive\Desktop\Disease_prediction\data\external\model2_supplementary\plantseg_selected\cabbage_black_rot\cabbage_black_rot_Bing_0211.jpg,Training
1f13d43c8e62b145704653a7064585495dee83e4acbbf590c69deab83327794e,2,False,cabbage__black_rot,cabbage_black_rot_Google_0030.jpg,C:\Users\vyasn\OneDrive\Desktop\Disease_prediction\data\external\model2_supplementary\plantseg_selected\cabbage_black_rot\cabbage_black_rot_Google_0030.jpg,Training
7fc9f3a2242ae489f6f3c3d5f7c4d7e9662101a5aa63824a8c2beb0da5a6fc0b,2,True,cabbage__downy_mildew,cabbage_downy_mildew_Bing_0177.jpg,C:\Users\vyasn\OneDrive\Desktop\Disease_prediction\data\external\model2_supplementary\plantseg_selected\cabbage_downy_mildew\cabbage_downy_mildew_Bing_0177.jpg,Training
7fc9f3a2242ae489f6f3c3d5f7c4d7e9662101a5aa63824a8c2beb0da5a6fc0b,2,False,zucchini__downy_mildew,zucchini_downy_mildew_Bing_0114.jpg,C:\Users\vyasn\OneDrive\Desktop\Disease_prediction\data\external\model2_supplementary\plantseg_selected\zucchini_downy_mildew\zucchini_downy_mildew_Bing_0114.jpg,Training
5308c1f1fbf3fb9724e7f37669c0bb7995d2d4fc600cfa37a8172a84fde840c9,2,True,carrot__alternaria_leaf_blight,carrot_alternaria_leaf_blight_Bing_0158.jpg,C:\Users\vyasn\OneDrive\Desktop\Disease_prediction\data\external\model2_supplementary\plantseg_selected\carrot_alternaria_leaf_blight\carrot_alternaria_leaf_blight_Bing_0158.jpg,Validation
5308c1f1fbf3fb9724e7f37669c0bb7995d2d4fc600cfa37a8172a84fde840c9,2,False,carrot__cercospora_leaf_blight,carrot_cercospora_leaf_blight_Bing_0016.jpg,C:\Users\vyasn\OneDrive\Desktop\Disease_prediction\data\external\model2_supplementary\plantseg_selected\carrot_cercospora_leaf_blight\carrot_cercospora_leaf_blight_Bing_0016.jpg,Training
03230fcb202ed9f2b9da2b075368eee878fe741a1d9ac1a2c73a15edb4459c55,2,True,carrot__alternaria_leaf_blight,carrot_alternaria_leaf_blight_Bing_0178.jpg,C:\Users\vyasn\OneDrive\Desktop\Disease_prediction\data\external\model2_supplementary\plantseg_selected\carrot_alternaria_leaf_blight\carrot_alternaria_leaf_blight_Bing_0178.jpg,Training
03230fcb202ed9f2b9da2b075368eee878fe741a1d9ac1a2c73a15edb4459c55,2,False,carrot__cercospora_leaf_blight,carrot_cercospora_leaf_blight_Bing_0011.jpg,C:\Users\vyasn\OneDrive\Desktop\Disease_prediction\data\external\model2_supplementary\plantseg_selected\carrot_cercospora_leaf_blight\carrot_cercospora_leaf_blight_Bing_0011.jpg,Training
63cb52dde792607328ae089d171fc6b252a3112b6bc4948b0df63c493da847d1,2,True,cauliflower__alternaria_leaf_spot,cauliflower_alternaria_leaf_spot_170.jpg,C:\Users\vyasn\OneDrive\Desktop\Disease_prediction\data\external\model2_supplementary\plantseg_selected\cauliflower_alternaria_leaf_spot\cauliflower_alternaria_leaf_spot_170.jpg,Validation
63cb52dde792607328ae089d171fc6b252a3112b6bc4948b0df63c493da847d1,2,False,cauliflower__alternaria_leaf_spot,cauliflower_alternaria_leaf_spot_9.jpg,C:\Users\vyasn\OneDrive\Desktop\Disease_prediction\data\external\model2_supplementary\plantseg_selected\cauliflower_alternaria_leaf_spot\cauliflower_alternaria_leaf_spot_9.jpg,Training
b8bf5cd567d3cae067f2fb0e4d7c6278e8acf50d89e39718c3db8ec848a71eb5,4,True,cauliflower__alternaria_leaf_spot,cauliflower_alternaria_leaf_spot_google_0056.jpg,C:\Users\vyasn\OneDrive\Desktop\Disease_prediction\data\external\model2_supplementary\plantseg_selected\cauliflower_alternaria_leaf_spot\cauliflower_alternaria_leaf_spot_google_0056.jpg,Training
b8bf5cd567d3cae067f2fb0e4d7c6278e8acf50d89e39718c3db8ec848a71eb5,4,False,eggplant__cercospora_leaf_spot,eggplant_cercospora_leaf_spot_google_0030.jpg,C:\Users\vyasn\OneDrive\Desktop\Disease_prediction\data\external\model2_supplementary\plantseg_selected\eggplant_cercospora_leaf_spot\eggplant_cercospora_leaf_spot_google_0030.jpg,Test
b8bf5cd567d3cae067f2fb0e4d7c6278e8acf50d89e39718c3db8ec848a71eb5,4,False,grape__leaf_spot,grape_leaf_spot_google_0036.jpg,C:\Users\vyasn\OneDrive\Desktop\Disease_prediction\data\external\model2_supplementary\plantseg_selected\grape_leaf_spot\grape_leaf_spot_google_0036.jpg,Validation
b8bf5cd567d3cae067f2fb0e4d7c6278e8acf50d89e39718c3db8ec848a71eb5,4,False,tomato__bacterial_leaf_spot,tomato_bacterial_leaf_spot_google_0087.jpg,C:\Users\vyasn\OneDrive\Desktop\Disease_prediction\data\external\model2_supplementary\plantseg_selected\tomato_bacterial_leaf_spot\tomato_bacterial_leaf_spot_google_0087.jpg,Test
e192634293b1692fa9a092532af2e95094308efdb09e021620a76f6f44397fe9,2,True,cauliflower__bacterial_soft_rot,cauliflower_bacterial_soft_rot_Bing_0016.jpg,C:\Users\vyasn\OneDrive\Desktop\Disease_prediction\data\external\model2_supplementary\plantseg_selected\cauliflower_bacterial_soft_rot\cauliflower_bacterial_soft_rot_Bing_0016.jpg,Training
e192634293b1692fa9a092532af2e95094308efdb09e021620a76f6f44397fe9,2,False,cauliflower__bacterial_soft_rot,cauliflower_bacterial_soft_rot_Google_0016.jpg,C:\Users\vyasn\OneDrive\Desktop\Disease_prediction\data\external\model2_supplementary\plantseg_selected\cauliflower_bacterial_soft_rot\cauliflower_bacterial_soft_rot_Google_0016.jpg,Training
5fdb4d7efe18022e346e16cfa052abbe6ab666afd8c8b30846fb5320ceaa9a58,2,True,cauliflower__bacterial_soft_rot,cauliflower_bacterial_soft_rot_Bing_0082.jpg,C:\Users\vyasn\OneDrive\Desktop\Disease_prediction\data\external\model2_supplementary\plantseg_selected\cauliflower_bacterial_soft_rot\cauliflower_bacterial_soft_rot_Bing_0082.jpg,Training
5fdb4d7efe18022e346e16cfa052abbe6ab666afd8c8b30846fb5320ceaa9a58,2,False,cauliflower__bacterial_soft_rot,cauliflower_bacterial_soft_rot_Google_0013.jpg,C:\Users\vyasn\OneDrive\Desktop\Disease_prediction\data\external\model2_supplementary\plantseg_selected\cauliflower_bacterial_soft_rot\cauliflower_bacterial_soft_rot_Google_0013.jpg,Training
359599ac2a314723fd5f013f834b781847c8e43f517fe07f95e9613f346907c8,2,True,celery__early_blight,celery_early_blight_google_0109.jpg,C:\Users\vyasn\OneDrive\Desktop\Disease_prediction\data\external\model2_supplementary\plantseg_selected\celery_early_blight\celery_early_blight_google_0109.jpg,Training
359599ac2a314723fd5f013f834b781847c8e43f517fe07f95e9613f346907c8,2,False,tomato__septoria_leaf_spot,tomato_septoria_leaf_spot_google_0039.jpg,C:\Users\vyasn\OneDrive\Desktop\Disease_prediction\data\external\model2_supplementary\plantseg_selected\tomato_septoria_leaf_spot\tomato_septoria_leaf_spot_google_0039.jpg,Training
8ae9e7791fad6d57c8dbd3c38af286d0566723e5b50683cb524579c59bb10563,2,True,cherry__powdery_mildew,cherry_powdery_mildew_google_0018.jpg,C:\Users\vyasn\OneDrive\Desktop\Disease_prediction\data\external\model2_supplementary\plantseg_selected\cherry_powdery_mildew\cherry_powdery_mildew_google_0018.jpg,Training
8ae9e7791fad6d57c8dbd3c38af286d0566723e5b50683cb524579c59bb10563,2,False,squash__powdery_mildew,squash_powdery_mildew_google_0106.jpg,C:\Users\vyasn\OneDrive\Desktop\Disease_prediction\data\external\model2_supplementary\plantseg_selected\squash_powdery_mildew\squash_powdery_mildew_google_0106.jpg,Training
4d6953efee6a27c9ecb070e6ca583eb97bd5b1c4c0082a6dfcea7b632321caf0,2,True,citrus__canker,citrus_canker_276.jpg,C:\Users\vyasn\OneDrive\Desktop\Disease_prediction\data\external\model2_supplementary\plantseg_selected\citrus_canker\citrus_canker_276.jpg,Test
4d6953efee6a27c9ecb070e6ca583eb97bd5b1c4c0082a6dfcea7b632321caf0,2,False,citrus__canker,citrus_canker_279.jpg,C:\Users\vyasn\OneDrive\Desktop\Disease_prediction\data\external\model2_supplementary\plantseg_selected\citrus_canker\citrus_canker_279.jpg,Training
7f269a3b6ec36e1e1f027eb4ca1313d680849a45efb9759fc3b3ac67be733578,2,True,citrus__canker,citrus_canker_306.jpg,C:\Users\vyasn\OneDrive\Desktop\Disease_prediction\data\external\model2_supplementary\plantseg_selected\citrus_canker\citrus_canker_306.jpg,Training
7f269a3b6ec36e1e1f027eb4ca1313d680849a45efb9759fc3b3ac67be733578,2,False,citrus__canker,citrus_canker_308.jpg,C:\Users\vyasn\OneDrive\Desktop\Disease_prediction\data\external\model2_supplementary\plantseg_selected\citrus_canker\citrus_canker_308.jpg,Training
95dbe9adedfd8fbee2dff05492279bab85af12eeb466f9d8cd83e456223cd125,2,True,coffee__berry_blotch,coffee_berry_blotch_Bing_0000.jpg,C:\Users\vyasn\OneDrive\Desktop\Disease_prediction\data\external\model2_supplementary\plantseg_selected\coffee_berry_blotch\coffee_berry_blotch_Bing_0000.jpg,Training
95dbe9adedfd8fbee2dff05492279bab85af12eeb466f9d8cd83e456223cd125,2,False,coffee__berry_blotch,coffee_berry_blotch_Google_0016.jpg,C:\Users\vyasn\OneDrive\Desktop\Disease_prediction\data\external\model2_supplementary\plantseg_selected\coffee_berry_blotch\coffee_berry_blotch_Google_0016.jpg,Training
4ba1f54533f20ad9afed60f54bc4f831a8a804014ec55244b8a41d536c63db9a,2,True,coffee__berry_blotch,coffee_berry_blotch_Bing_0003.jpg,C:\Users\vyasn\OneDrive\Desktop\Disease_prediction\data\external\model2_supplementary\plantseg_selected\coffee_berry_blotch\coffee_berry_blotch_Bing_0003.jpg,Validation
4ba1f54533f20ad9afed60f54bc4f831a8a804014ec55244b8a41d536c63db9a,2,False,coffee__berry_blotch,coffee_berry_blotch_Google_0044.jpg,C:\Users\vyasn\OneDrive\Desktop\Disease_prediction\data\external\model2_supplementary\plantseg_selected\coffee_berry_blotch\coffee_berry_blotch_Google_0044.jpg,Training
ebeab71bd12f347879bfa38791dfb98aca5ecbbeafb74e7fb4594b4bb6c83d68,2,True,coffee__berry_blotch,coffee_berry_blotch_Bing_0006.jpg,C:\Users\vyasn\OneDrive\Desktop\Disease_prediction\data\external\model2_supplementary\plantseg_selected\coffee_berry_blotch\coffee_berry_blotch_Bing_0006.jpg,Test
ebeab71bd12f347879bfa38791dfb98aca5ecbbeafb74e7fb4594b4bb6c83d68,2,False,coffee__brown_eye_spot,coffee_brown_eye_spot_Bing_0036.jpg,C:\Users\vyasn\OneDrive\Desktop\Disease_prediction\data\external\model2_supplementary\plantseg_selected\coffee_brown_eye_spot\coffee_brown_eye_spot_Bing_0036.jpg,Test
8a2671d38e5de4155121128607b216a31482a9b8e04c325a15ec7be8dd48d7d6,2,True,coffee__berry_blotch,coffee_berry_blotch_Bing_0025.jpg,C:\Users\vyasn\OneDrive\Desktop\Disease_prediction\data\external\model2_supplementary\plantseg_selected\coffee_berry_blotch\coffee_berry_blotch_Bing_0025.jpg,Training
8a2671d38e5de4155121128607b216a31482a9b8e04c325a15ec7be8dd48d7d6,2,False,coffee__brown_eye_spot,coffee_brown_eye_spot_Bing_0008.jpg,C:\Users\vyasn\OneDrive\Desktop\Disease_prediction\data\external\model2_supplementary\plantseg_selected\coffee_brown_eye_spot\coffee_brown_eye_spot_Bing_0008.jpg,Validation
83546f1456df3b55817dcea85c079ecb4065a69cf517eb006b677d2485dd95c9,2,True,coffee__berry_blotch,coffee_berry_blotch_Bing_0036.jpg,C:\Users\vyasn\OneDrive\Desktop\Disease_prediction\data\external\model2_supplementary\plantseg_selected\coffee_berry_blotch\coffee_berry_blotch_Bing_0036.jpg,Training
83546f1456df3b55817dcea85c079ecb4065a69cf517eb006b677d2485dd95c9,2,False,coffee__berry_blotch,coffee_berry_blotch_Google_0010.jpg,C:\Users\vyasn\OneDrive\Desktop\Disease_prediction\data\external\model2_supplementary\plantseg_selected\coffee_berry_blotch\coffee_berry_blotch_Google_0010.jpg,Training
5a884b78f598dd2b325a6d34842112ef48b724b100f5e216cb852e8cb2a7d02e,2,True,coffee__berry_blotch,coffee_berry_blotch_Bing_0047.jpg,C:\Users\vyasn\OneDrive\Desktop\Disease_prediction\data\external\model2_supplementary\plantseg_selected\coffee_berry_blotch\coffee_berry_blotch_Bing_0047.jpg,Training
5a884b78f598dd2b325a6d34842112ef48b724b100f5e216cb852e8cb2a7d02e,2,False,coffee__brown_eye_spot,coffee_brown_eye_spot_Bing_0002.jpg,C:\Users\vyasn\OneDrive\Desktop\Disease_prediction\data\external\model2_supplementary\plantseg_selected\coffee_brown_eye_spot\coffee_brown_eye_spot_Bing_0002.jpg,Training
e6f2799f11ddb148ce6f7800e820e7210769ed071624b01b0814dd574389e273,2,True,coffee__berry_blotch,coffee_berry_blotch_Bing_0049.jpg,C:\Users\vyasn\OneDrive\Desktop\Disease_prediction\data\external\model2_supplementary\plantseg_selected\coffee_berry_blotch\coffee_berry_blotch_Bing_0049.jpg,Test
e6f2799f11ddb148ce6f7800e820e7210769ed071624b01b0814dd574389e273,2,False,coffee__berry_blotch,coffee_berry_blotch_Google_0021.jpg,C:\Users\vyasn\OneDrive\Desktop\Disease_prediction\data\external\model2_supplementary\plantseg_selected\coffee_berry_blotch\coffee_berry_blotch_Google_0021.jpg,Training
c6caf33df261422d0419fd594185b7ec3104125c21964cd91e2651a0616fe2ce,2,True,coffee__berry_blotch,coffee_berry_blotch_Bing_0052.jpg,C:\Users\vyasn\OneDrive\Desktop\Disease_prediction\data\external\model2_supplementary\plantseg_selected\coffee_berry_blotch\coffee_berry_blotch_Bing_0052.jpg,Training
c6caf33df261422d0419fd594185b7ec3104125c21964cd91e2651a0616fe2ce,2,False,coffee__brown_eye_spot,coffee_brown_eye_spot_Bing_0000.jpg,C:\Users\vyasn\OneDrive\Desktop\Disease_prediction\data\external\model2_supplementary\plantseg_selected\coffee_brown_eye_spot\coffee_brown_eye_spot_Bing_0000.jpg,Training
cbb3983446046209bde1ed4071e8bb436a6a29988a2de2024a5b13e180c71106,2,True,coffee__berry_blotch,coffee_berry_blotch_Bing_0069.jpg,C:\Users\vyasn\OneDrive\Desktop\Disease_prediction\data\external\model2_supplementary\plantseg_selected\coffee_berry_blotch\coffee_berry_blotch_Bing_0069.jpg,Training
cbb3983446046209bde1ed4071e8bb436a6a29988a2de2024a5b13e180c71106,2,False,coffee__black_rot,coffee_black_rot_Bing_0001.jpg,C:\Users\vyasn\OneDrive\Desktop\Disease_prediction\data\external\model2_supplementary\plantseg_selected\coffee_black_rot\coffee_black_rot_Bing_0001.jpg,Test
070ecba9c8406efc1344d37b90cbbb38a794471ecbf24835dc8229e2f603d819,2,True,coffee__berry_blotch,coffee_berry_blotch_Bing_0117.jpg,C:\Users\vyasn\OneDrive\Desktop\Disease_prediction\data\external\model2_supplementary\plantseg_selected\coffee_berry_blotch\coffee_berry_blotch_Bing_0117.jpg,Test
070ecba9c8406efc1344d37b90cbbb38a794471ecbf24835dc8229e2f603d819,2,False,coffee__brown_eye_spot,coffee_brown_eye_spot_Bing_0009.jpg,C:\Users\vyasn\OneDrive\Desktop\Disease_prediction\data\external\model2_supplementary\plantseg_selected\coffee_brown_eye_spot\coffee_brown_eye_spot_Bing_0009.jpg,Training
514567eefd8e778507896946fc3e53a4b4b6fe6e4785a3c4385b69b9803461d7,2,True,coffee__berry_blotch,coffee_berry_blotch_Bing_0150.jpg,C:\Users\vyasn\OneDrive\Desktop\Disease_prediction\data\external\model2_supplementary\plantseg_selected\coffee_berry_blotch\coffee_berry_blotch_Bing_0150.jpg,Training
514567eefd8e778507896946fc3e53a4b4b6fe6e4785a3c4385b69b9803461d7,2,False,coffee__berry_blotch,coffee_berry_blotch_Google_0034.jpg,C:\Users\vyasn\OneDrive\Desktop\Disease_prediction\data\external\model2_supplementary\plantseg_selected\coffee_berry_blotch\coffee_berry_blotch_Google_0034.jpg,Training
70d510ae95e7e7e74739c145791b425337636944ebe1e2996a5dc56e5cad033d,2,True,coffee__berry_blotch,coffee_berry_blotch_Google_0026.jpg,C:\Users\vyasn\OneDrive\Desktop\Disease_prediction\data\external\model2_supplementary\plantseg_selected\coffee_berry_blotch\coffee_berry_blotch_Google_0026.jpg,Training
70d510ae95e7e7e74739c145791b425337636944ebe1e2996a5dc56e5cad033d,2,False,coffee__brown_eye_spot,coffee_brown_eye_spot_Google_0003.jpg,C:\Users\vyasn\OneDrive\Desktop\Disease_prediction\data\external\model2_supplementary\plantseg_selected\coffee_brown_eye_spot\coffee_brown_eye_spot_Google_0003.jpg,Test
56f7ba0b322b1331e6ccdec9118b3e621de5adab5e224cbcbc8d801713543683,2,True,coffee__brown_eye_spot,coffee_brown_eye_spot_Bing_0006.jpg,C:\Users\vyasn\OneDrive\Desktop\Disease_prediction\data\external\model2_supplementary\plantseg_selected\coffee_brown_eye_spot\coffee_brown_eye_spot_Bing_0006.jpg,Test
56f7ba0b322b1331e6ccdec9118b3e621de5adab5e224cbcbc8d801713543683,2,False,coffee__brown_eye_spot,coffee_brown_eye_spot_Google_0034.jpg,C:\Users\vyasn\OneDrive\Desktop\Disease_prediction\data\external\model2_supplementary\plantseg_selected\coffee_brown_eye_spot\coffee_brown_eye_spot_Google_0034.jpg,Training
a93654f5a7e465dc4efe74334b2d8042441d7ebad1dd4cfbfcd37dff8c242f05,2,True,cucumber__powdery_mildew,cucumber_powdery_mildew_google_0001.jpg,C:\Users\vyasn\OneDrive\Desktop\Disease_prediction\data\external\model2_supplementary\plantseg_selected\cucumber_powdery_mildew\cucumber_powdery_mildew_google_0001.jpg,Test
a93654f5a7e465dc4efe74334b2d8042441d7ebad1dd4cfbfcd37dff8c242f05,2,False,squash__powdery_mildew,squash_powdery_mildew_google_0286.jpg,C:\Users\vyasn\OneDrive\Desktop\Disease_prediction\data\external\model2_supplementary\plantseg_selected\squash_powdery_mildew\squash_powdery_mildew_google_0286.jpg,Validation
f07c0b5b54092616a9d56de9dabacccd9abc9333253ce86711e84bd989741167,2,True,cucumber__powdery_mildew,cucumber_powdery_mildew_google_0002.jpg,C:\Users\vyasn\OneDrive\Desktop\Disease_prediction\data\external\model2_supplementary\plantseg_selected\cucumber_powdery_mildew\cucumber_powdery_mildew_google_0002.jpg,Training
f07c0b5b54092616a9d56de9dabacccd9abc9333253ce86711e84bd989741167,2,False,squash__powdery_mildew,squash_powdery_mildew_google_0007.jpg,C:\Users\vyasn\OneDrive\Desktop\Disease_prediction\data\external\model2_supplementary\plantseg_selected\squash_powdery_mildew\squash_powdery_mildew_google_0007.jpg,Training
14586d58edace950ce88377f7881d62a0feae4edce1055d0fb70baebc48515f7,2,True,cucumber__powdery_mildew,cucumber_powdery_mildew_google_0022.jpg,C:\Users\vyasn\OneDrive\Desktop\Disease_prediction\data\external\model2_supplementary\plantseg_selected\cucumber_powdery_mildew\cucumber_powdery_mildew_google_0022.jpg,Training
14586d58edace950ce88377f7881d62a0feae4edce1055d0fb70baebc48515f7,2,False,squash__powdery_mildew,squash_powdery_mildew_google_0329.jpg,C:\Users\vyasn\OneDrive\Desktop\Disease_prediction\data\external\model2_supplementary\plantseg_selected\squash_powdery_mildew\squash_powdery_mildew_google_0329.jpg,Training
29e95630d83cb2cf0059cc45a96f94757f21696bc81f4598cdcacbb4bf906e22,2,True,cucumber__powdery_mildew,cucumber_powdery_mildew_google_0026.jpg,C:\Users\vyasn\OneDrive\Desktop\Disease_prediction\data\external\model2_supplementary\plantseg_selected\cucumber_powdery_mildew\cucumber_powdery_mildew_google_0026.jpg,Test
29e95630d83cb2cf0059cc45a96f94757f21696bc81f4598cdcacbb4bf906e22,2,False,squash__powdery_mildew,squash_powdery_mildew_google_0192.jpg,C:\Users\vyasn\OneDrive\Desktop\Disease_prediction\data\external\model2_supplementary\plantseg_selected\squash_powdery_mildew\squash_powdery_mildew_google_0192.jpg,Training
930b7aa4c995a4e360d136e640fb70f0976975e8b6940e318c69e30289be79c3,2,True,cucumber__powdery_mildew,cucumber_powdery_mildew_google_0036.jpg,C:\Users\vyasn\OneDrive\Desktop\Disease_prediction\data\external\model2_supplementary\plantseg_selected\cucumber_powdery_mildew\cucumber_powdery_mildew_google_0036.jpg,Training
930b7aa4c995a4e360d136e640fb70f0976975e8b6940e318c69e30289be79c3,2,False,squash__powdery_mildew,squash_powdery_mildew_google_0191.jpg,C:\Users\vyasn\OneDrive\Desktop\Disease_prediction\data\external\model2_supplementary\plantseg_selected\squash_powdery_mildew\squash_powdery_mildew_google_0191.jpg,Test
100f25baa808e62e036bd3644111434646ac544cd44790aff19329e224ad25cf,2,True,cucumber__powdery_mildew,cucumber_powdery_mildew_google_0046.jpg,C:\Users\vyasn\OneDrive\Desktop\Disease_prediction\data\external\model2_supplementary\plantseg_selected\cucumber_powdery_mildew\cucumber_powdery_mildew_google_0046.jpg,Validation
100f25baa808e62e036bd3644111434646ac544cd44790aff19329e224ad25cf,2,False,squash__powdery_mildew,squash_powdery_mildew_google_0009.jpg,C:\Users\vyasn\OneDrive\Desktop\Disease_prediction\data\external\model2_supplementary\plantseg_selected\squash_powdery_mildew\squash_powdery_mildew_google_0009.jpg,Training
3bbf7bd7fe3073fcb9e10f644c53134756f05b662c730c9938654102b3ba56be,2,True,cucumber__powdery_mildew,cucumber_powdery_mildew_google_0088.jpg,C:\Users\vyasn\OneDrive\Desktop\Disease_prediction\data\external\model2_supplementary\plantseg_selected\cucumber_powdery_mildew\cucumber_powdery_mildew_google_0088.jpg,Validation
3bbf7bd7fe3073fcb9e10f644c53134756f05b662c730c9938654102b3ba56be,2,False,squash__powdery_mildew,squash_powdery_mildew_google_0312.jpg,C:\Users\vyasn\OneDrive\Desktop\Disease_prediction\data\external\model2_supplementary\plantseg_selected\squash_powdery_mildew\squash_powdery_mildew_google_0312.jpg,Training
756c9bfd9ac7b82a5e48e40c5644cb627edebd88dba0d8b31836747613c40123,2,True,cucumber__powdery_mildew,cucumber_powdery_mildew_google_0164.jpg,C:\Users\vyasn\OneDrive\Desktop\Disease_prediction\data\external\model2_supplementary\plantseg_selected\cucumber_powdery_mildew\cucumber_powdery_mildew_google_0164.jpg,Training
756c9bfd9ac7b82a5e48e40c5644cb627edebd88dba0d8b31836747613c40123,2,False,squash__powdery_mildew,squash_powdery_mildew_google_0094.jpg,C:\Users\vyasn\OneDrive\Desktop\Disease_prediction\data\external\model2_supplementary\plantseg_selected\squash_powdery_mildew\squash_powdery_mildew_google_0094.jpg,Training
abeb9d58f44c982d16c7e7b713195d3ae84c436bbb6d754f650abe5882669080,2,True,cucumber__powdery_mildew,cucumber_powdery_mildew_google_0181.jpg,C:\Users\vyasn\OneDrive\Desktop\Disease_prediction\data\external\model2_supplementary\plantseg_selected\cucumber_powdery_mildew\cucumber_powdery_mildew_google_0181.jpg,Training
abeb9d58f44c982d16c7e7b713195d3ae84c436bbb6d754f650abe5882669080,2,False,squash__powdery_mildew,squash_powdery_mildew_google_0176.jpg,C:\Users\vyasn\OneDrive\Desktop\Disease_prediction\data\external\model2_supplementary\plantseg_selected\squash_powdery_mildew\squash_powdery_mildew_google_0176.jpg,Training
84dca953d734c184b66f944c267185dc7e2d1cbb134ff279baeaf01f6ecec10a,2,True,eggplant__cercospora_leaf_spot,eggplant_cercospora_leaf_spot_96.jpg,C:\Users\vyasn\OneDrive\Desktop\Disease_prediction\data\external\model2_supplementary\plantseg_selected\eggplant_cercospora_leaf_spot\eggplant_cercospora_leaf_spot_96.jpg,Test
84dca953d734c184b66f944c267185dc7e2d1cbb134ff279baeaf01f6ecec10a,2,False,tomato__septoria_leaf_spot,tomato_septoria_leaf_spot_1.jpg,C:\Users\vyasn\OneDrive\Desktop\Disease_prediction\data\external\model2_supplementary\plantseg_selected\tomato_septoria_leaf_spot\tomato_septoria_leaf_spot_1.jpg,Validation
ef45d8877b6759ff5733874a59cd9216ab1fcf2253315a9ea35eb1683b42a7f7,2,True,eggplant__cercospora_leaf_spot,eggplant_cercospora_leaf_spot_google_0053.jpg,C:\Users\vyasn\OneDrive\Desktop\Disease_prediction\data\external\model2_supplementary\plantseg_selected\eggplant_cercospora_leaf_spot\eggplant_cercospora_leaf_spot_google_0053.jpg,Training
ef45d8877b6759ff5733874a59cd9216ab1fcf2253315a9ea35eb1683b42a7f7,2,False,tomato__septoria_leaf_spot,tomato_septoria_leaf_spot_google_0007.jpg,C:\Users\vyasn\OneDrive\Desktop\Disease_prediction\data\external\model2_supplementary\plantseg_selected\tomato_septoria_leaf_spot\tomato_septoria_leaf_spot_google_0007.jpg,Training
6157fe8b9a90258a823969d9819e04b9fb7303e67c9351643895068b68bd1cac,2,True,ginger__sheath_blight,ginger_sheath_blight_170.jpg,C:\Users\vyasn\OneDrive\Desktop\Disease_prediction\data\external\model2_supplementary\plantseg_selected\ginger_sheath_blight\ginger_sheath_blight_170.jpg,Training
6157fe8b9a90258a823969d9819e04b9fb7303e67c9351643895068b68bd1cac,2,False,rice__sheath_blight,rice_sheath_blight_138.jpg,C:\Users\vyasn\OneDrive\Desktop\Disease_prediction\data\external\model2_supplementary\plantseg_selected\rice_sheath_blight\rice_sheath_blight_138.jpg,Training
488823d7e8c6337c5413bb36f1c33eeeab8372eae9709b9f81f8ff4d0af76ede,2,True,ginger__sheath_blight,ginger_sheath_blight_20.jpg,C:\Users\vyasn\OneDrive\Desktop\Disease_prediction\data\external\model2_supplementary\plantseg_selected\ginger_sheath_blight\ginger_sheath_blight_20.jpg,Training
488823d7e8c6337c5413bb36f1c33eeeab8372eae9709b9f81f8ff4d0af76ede,2,False,rice__sheath_blight,rice_sheath_blight_17.jpg,C:\Users\vyasn\OneDrive\Desktop\Disease_prediction\data\external\model2_supplementary\plantseg_selected\rice_sheath_blight\rice_sheath_blight_17.jpg,Training
d1d943d8f43ca8bbb9c3e73bdfdcbd74af1326643a851fbdf60e2f85b4d1200e,2,True,ginger__sheath_blight,ginger_sheath_blight_26.jpg,C:\Users\vyasn\OneDrive\Desktop\Disease_prediction\data\external\model2_supplementary\plantseg_selected\ginger_sheath_blight\ginger_sheath_blight_26.jpg,Training
d1d943d8f43ca8bbb9c3e73bdfdcbd74af1326643a851fbdf60e2f85b4d1200e,2,False,rice__sheath_blight,rice_sheath_blight_52.jpg,C:\Users\vyasn\OneDrive\Desktop\Disease_prediction\data\external\model2_supplementary\plantseg_selected\rice_sheath_blight\rice_sheath_blight_52.jpg,Test
fa8f59ae9f87b71f93abb8716c83131faf5ec40eb26ef82b07e3cc83370e4be3,2,True,ginger__sheath_blight,ginger_sheath_blight_30.jpg,C:\Users\vyasn\OneDrive\Desktop\Disease_prediction\data\external\model2_supplementary\plantseg_selected\ginger_sheath_blight\ginger_sheath_blight_30.jpg,Test
fa8f59ae9f87b71f93abb8716c83131faf5ec40eb26ef82b07e3cc83370e4be3,2,False,rice__sheath_blight,rice_sheath_blight_20.jpg,C:\Users\vyasn\OneDrive\Desktop\Disease_prediction\data\external\model2_supplementary\plantseg_selected\rice_sheath_blight\rice_sheath_blight_20.jpg,Training
af9b4710ec2371fc6e51e84fa8293ab8738a8fd89551e842821ec55f190fe179,2,True,ginger__sheath_blight,ginger_sheath_blight_39.jpg,C:\Users\vyasn\OneDrive\Desktop\Disease_prediction\data\external\model2_supplementary\plantseg_selected\ginger_sheath_blight\ginger_sheath_blight_39.jpg,Training
af9b4710ec2371fc6e51e84fa8293ab8738a8fd89551e842821ec55f190fe179,2,False,rice__sheath_blight,rice_sheath_blight_48.jpg,C:\Users\vyasn\OneDrive\Desktop\Disease_prediction\data\external\model2_supplementary\plantseg_selected\rice_sheath_blight\rice_sheath_blight_48.jpg,Training
3fd657c62d17a92e1f4a7a40bd6344a59a8810f12df28e0014f38bf04b928284,2,True,ginger__sheath_blight,ginger_sheath_blight_google_0007.jpg,C:\Users\vyasn\OneDrive\Desktop\Disease_prediction\data\external\model2_supplementary\plantseg_selected\ginger_sheath_blight\ginger_sheath_blight_google_0007.jpg,Test
3fd657c62d17a92e1f4a7a40bd6344a59a8810f12df28e0014f38bf04b928284,2,False,rice__sheath_blight,rice_sheath_blight_google_0028.jpg,C:\Users\vyasn\OneDrive\Desktop\Disease_prediction\data\external\model2_supplementary\plantseg_selected\rice_sheath_blight\rice_sheath_blight_google_0028.jpg,Training
8bebefbf5af250d1584054916d89ef34f70b7ea11640acfbe4f3a9165d24dbaa,2,True,grape__downy_mildew,grape_downy_mildew_102.jpg,C:\Users\vyasn\OneDrive\Desktop\Disease_prediction\data\external\model2_supplementary\plantseg_selected\grape_downy_mildew\grape_downy_mildew_102.jpg,Training
8bebefbf5af250d1584054916d89ef34f70b7ea11640acfbe4f3a9165d24dbaa,2,False,grape__downy_mildew,grape_downy_mildew_216.jpg,C:\Users\vyasn\OneDrive\Desktop\Disease_prediction\data\external\model2_supplementary\plantseg_selected\grape_downy_mildew\grape_downy_mildew_216.jpg,Training
a1dd65509a5675c546257e05a868b8ae28bb13f3d8dfa33bb186f2971ecf26e7,2,True,grape__downy_mildew,grape_downy_mildew_122.jpg,C:\Users\vyasn\OneDrive\Desktop\Disease_prediction\data\external\model2_supplementary\plantseg_selected\grape_downy_mildew\grape_downy_mildew_122.jpg,Training
a1dd65509a5675c546257e05a868b8ae28bb13f3d8dfa33bb186f2971ecf26e7,2,False,grape__downy_mildew,grape_downy_mildew_241.jpg,C:\Users\vyasn\OneDrive\Desktop\Disease_prediction\data\external\model2_supplementary\plantseg_selected\grape_downy_mildew\grape_downy_mildew_241.jpg,Test
7a8bccf4b2285dafbec11adb37e4a1688e7241e1c23f67d71befab26a2b50deb,2,True,grape__downy_mildew,grape_downy_mildew_79.jpg,C:\Users\vyasn\OneDrive\Desktop\Disease_prediction\data\external\model2_supplementary\plantseg_selected\grape_downy_mildew\grape_downy_mildew_79.jpg,Training
7a8bccf4b2285dafbec11adb37e4a1688e7241e1c23f67d71befab26a2b50deb,2,False,grape__leaf_spot,grape_leaf_spot_1.jpg,C:\Users\vyasn\OneDrive\Desktop\Disease_prediction\data\external\model2_supplementary\plantseg_selected\grape_leaf_spot\grape_leaf_spot_1.jpg,Training
a3a8154506fd41d31416b81fce8b9b80e0bad722353b6484789ca898c295843d,2,True,grape__leaf_spot,grape_leaf_spot_google_0030.jpg,C:\Users\vyasn\OneDrive\Desktop\Disease_prediction\data\external\model2_supplementary\plantseg_selected\grape_leaf_spot\grape_leaf_spot_google_0030.jpg,Validation
a3a8154506fd41d31416b81fce8b9b80e0bad722353b6484789ca898c295843d,2,False,tomato__early_blight,tomato_early_blight_google_0223.jpg,C:\Users\vyasn\OneDrive\Desktop\Disease_prediction\data\external\model2_supplementary\plantseg_selected\tomato_early_blight\tomato_early_blight_google_0223.jpg,Training
51a917e86f04d24f0a29eb85944a929a3eeaccf9b15334165c8b1b53f401602b,2,True,grape__leaf_spot,grape_leaf_spot_google_0046.jpg,C:\Users\vyasn\OneDrive\Desktop\Disease_prediction\data\external\model2_supplementary\plantseg_selected\grape_leaf_spot\grape_leaf_spot_google_0046.jpg,Test
51a917e86f04d24f0a29eb85944a929a3eeaccf9b15334165c8b1b53f401602b,2,False,tomato__early_blight,tomato_early_blight_google_0163.jpg,C:\Users\vyasn\OneDrive\Desktop\Disease_prediction\data\external\model2_supplementary\plantseg_selected\tomato_early_blight\tomato_early_blight_google_0163.jpg,Test
86bbc637000510fb05836c3b0ecd43783ce002e4eb08f473aa8de7eae65b0e0d,2,True,grape__leaf_spot,grape_leaf_spot_google_0070.jpg,C:\Users\vyasn\OneDrive\Desktop\Disease_prediction\data\external\model2_supplementary\plantseg_selected\grape_leaf_spot\grape_leaf_spot_google_0070.jpg,Training
86bbc637000510fb05836c3b0ecd43783ce002e4eb08f473aa8de7eae65b0e0d,2,False,maple__tar_spot,maple_tar_spot_google_0067.jpg,C:\Users\vyasn\OneDrive\Desktop\Disease_prediction\data\external\model2_supplementary\plantseg_selected\maple_tar_spot\maple_tar_spot_google_0067.jpg,Training
059966346805f04dc895d62f9d5c7e0cc9eaf3f1466730d2215605113bf28c26,2,True,peach__brown_rot,peach_brown_rot_Bing_0029.jpg,C:\Users\vyasn\OneDrive\Desktop\Disease_prediction\data\external\model2_supplementary\plantseg_selected\peach_brown_rot\peach_brown_rot_Bing_0029.jpg,Training
059966346805f04dc895d62f9d5c7e0cc9eaf3f1466730d2215605113bf28c26,2,False,peach__brown_rot,peach_brown_rot_Google_0128.jpg,C:\Users\vyasn\OneDrive\Desktop\Disease_prediction\data\external\model2_supplementary\plantseg_selected\peach_brown_rot\peach_brown_rot_Google_0128.jpg,Training
02b5841337ecf9d0ec7b6f79837b532b1096f4f1809bca63083f49850fb4a54d,2,True,peach__brown_rot,peach_brown_rot_Bing_0070.jpg,C:\Users\vyasn\OneDrive\Desktop\Disease_prediction\data\external\model2_supplementary\plantseg_selected\peach_brown_rot\peach_brown_rot_Bing_0070.jpg,Training
02b5841337ecf9d0ec7b6f79837b532b1096f4f1809bca63083f49850fb4a54d,2,False,peach__brown_rot,peach_brown_rot_Google_0110.jpg,C:\Users\vyasn\OneDrive\Desktop\Disease_prediction\data\external\model2_supplementary\plantseg_selected\peach_brown_rot\peach_brown_rot_Google_0110.jpg,Training
5a5e28e5dbe70f659d9ddca937b4ff77d10a3266e416f4eb1e2d81f3e28cf34a,2,True,peach__brown_rot,peach_brown_rot_Bing_0093.jpg,C:\Users\vyasn\OneDrive\Desktop\Disease_prediction\data\external\model2_supplementary\plantseg_selected\peach_brown_rot\peach_brown_rot_Bing_0093.jpg,Training
5a5e28e5dbe70f659d9ddca937b4ff77d10a3266e416f4eb1e2d81f3e28cf34a,2,False,plum__brown_rot,plum_brown_rot_Bing_0060.jpg,C:\Users\vyasn\OneDrive\Desktop\Disease_prediction\data\external\model2_supplementary\plantseg_selected\plum_brown_rot\plum_brown_rot_Bing_0060.jpg,Training
1cdb7056b4582c630ceb3d2bb590eb83e806e1ad9d24bad45ffe02fd20aaf4d7,2,True,peach__brown_rot,peach_brown_rot_Bing_0161.jpg,C:\Users\vyasn\OneDrive\Desktop\Disease_prediction\data\external\model2_supplementary\plantseg_selected\peach_brown_rot\peach_brown_rot_Bing_0161.jpg,Training
1cdb7056b4582c630ceb3d2bb590eb83e806e1ad9d24bad45ffe02fd20aaf4d7,2,False,plum__brown_rot,plum_brown_rot_Bing_0067.jpg,C:\Users\vyasn\OneDrive\Desktop\Disease_prediction\data\external\model2_supplementary\plantseg_selected\plum_brown_rot\plum_brown_rot_Bing_0067.jpg,Validation
c7b1843cde13b9fa035082fdc902fd266cdc55244c0cdc7df209e887edf4c190,2,True,peach__brown_rot,peach_brown_rot_Bing_0232.jpg,C:\Users\vyasn\OneDrive\Desktop\Disease_prediction\data\external\model2_supplementary\plantseg_selected\peach_brown_rot\peach_brown_rot_Bing_0232.jpg,Training
c7b1843cde13b9fa035082fdc902fd266cdc55244c0cdc7df209e887edf4c190,2,False,peach__brown_rot,peach_brown_rot_Google_0392.jpg,C:\Users\vyasn\OneDrive\Desktop\Disease_prediction\data\external\model2_supplementary\plantseg_selected\peach_brown_rot\peach_brown_rot_Google_0392.jpg,Training
40932929a1b5e5b5b6bd16bed6466108261c315016139d98cba6c7aff38d0079,2,True,peach__brown_rot,peach_brown_rot_Google_0198.jpg,C:\Users\vyasn\OneDrive\Desktop\Disease_prediction\data\external\model2_supplementary\plantseg_selected\peach_brown_rot\peach_brown_rot_Google_0198.jpg,Validation
40932929a1b5e5b5b6bd16bed6466108261c315016139d98cba6c7aff38d0079,2,False,plum__brown_rot,plum_brown_rot_Google_0108.jpg,C:\Users\vyasn\OneDrive\Desktop\Disease_prediction\data\external\model2_supplementary\plantseg_selected\plum_brown_rot\plum_brown_rot_Google_0108.jpg,Training
b07f21cd9eed5fb9aa95ea11e15a3f89935f5518bc4acde7da6d26ea9407abe6,2,True,peach__brown_rot,peach_brown_rot_Google_0260.jpg,C:\Users\vyasn\OneDrive\Desktop\Disease_prediction\data\external\model2_supplementary\plantseg_selected\peach_brown_rot\peach_brown_rot_Google_0260.jpg,Training
b07f21cd9eed5fb9aa95ea11e15a3f89935f5518bc4acde7da6d26ea9407abe6,2,False,plum__brown_rot,plum_brown_rot_Bing_0079.jpg,C:\Users\vyasn\OneDrive\Desktop\Disease_prediction\data\external\model2_supplementary\plantseg_selected\plum_brown_rot\plum_brown_rot_Bing_0079.jpg,Test
c4f8a8e9ef078afacf7ec0c75e86cec05b76d2340a2a127b94723fb5354684d8,2,True,peach__scab,peach_scab_Bing_0003.jpg,C:\Users\vyasn\OneDrive\Desktop\Disease_prediction\data\external\model2_supplementary\plantseg_selected\peach_scab\peach_scab_Bing_0003.jpg,Training
c4f8a8e9ef078afacf7ec0c75e86cec05b76d2340a2a127b94723fb5354684d8,2,False,peach__scab,peach_scab_Google_0004.jpg,C:\Users\vyasn\OneDrive\Desktop\Disease_prediction\data\external\model2_supplementary\plantseg_selected\peach_scab\peach_scab_Google_0004.jpg,Training
26784bba99b6207bf7d2a44e5a26dddd55a3bef4356ac9a6e53cd004d36b2c35,2,True,peach__scab,peach_scab_Bing_0192.jpg,C:\Users\vyasn\OneDrive\Desktop\Disease_prediction\data\external\model2_supplementary\plantseg_selected\peach_scab\peach_scab_Bing_0192.jpg,Test
26784bba99b6207bf7d2a44e5a26dddd55a3bef4356ac9a6e53cd004d36b2c35,2,False,peach__scab,peach_scab_Google_0239.jpg,C:\Users\vyasn\OneDrive\Desktop\Disease_prediction\data\external\model2_supplementary\plantseg_selected\peach_scab\peach_scab_Google_0239.jpg,Training
8b2370038ce7e097f32268c426f99b5f3d0d27f496d71775fe4e35320ad60329,2,True,peach__scab,peach_scab_Bing_0223.jpg,C:\Users\vyasn\OneDrive\Desktop\Disease_prediction\data\external\model2_supplementary\plantseg_selected\peach_scab\peach_scab_Bing_0223.jpg,Test
8b2370038ce7e097f32268c426f99b5f3d0d27f496d71775fe4e35320ad60329,2,False,peach__scab,peach_scab_Bing_0253.jpg,C:\Users\vyasn\OneDrive\Desktop\Disease_prediction\data\external\model2_supplementary\plantseg_selected\peach_scab\peach_scab_Bing_0253.jpg,Training
30636479d481e9f4ca187c99b13b92b4c441284e32649db3436ae46c8597623e,2,True,plum__brown_rot,plum_brown_rot_Bing_0016.jpg,C:\Users\vyasn\OneDrive\Desktop\Disease_prediction\data\external\model2_supplementary\plantseg_selected\plum_brown_rot\plum_brown_rot_Bing_0016.jpg,Training
30636479d481e9f4ca187c99b13b92b4c441284e32649db3436ae46c8597623e,2,False,plum__brown_rot,plum_brown_rot_Google_0050.jpg,C:\Users\vyasn\OneDrive\Desktop\Disease_prediction\data\external\model2_supplementary\plantseg_selected\plum_brown_rot\plum_brown_rot_Google_0050.jpg,Training
63cbb1c62373c962d7ef647690011241966c8742371b87025530e048aac06448,2,True,plum__pox_virus,plum_pox_virus_Bing_0074.jpg,C:\Users\vyasn\OneDrive\Desktop\Disease_prediction\data\external\model2_supplementary\plantseg_selected\plum_pox_virus\plum_pox_virus_Bing_0074.jpg,Training
63cbb1c62373c962d7ef647690011241966c8742371b87025530e048aac06448,2,False,plum__pox_virus,plum_pox_virus_Google_0040.jpg,C:\Users\vyasn\OneDrive\Desktop\Disease_prediction\data\external\model2_supplementary\plantseg_selected\plum_pox_virus\plum_pox_virus_Google_0040.jpg,Test
bd539d3ed39a47b0d3c04df31fd09126f5bac944344ae1d60dee286e99248ef1,2,True,potato__early_blight,potato_early_blight_100.jpg,C:\Users\vyasn\OneDrive\Desktop\Disease_prediction\data\external\model2_supplementary\plantseg_selected\potato_early_blight\potato_early_blight_100.jpg,Training
bd539d3ed39a47b0d3c04df31fd09126f5bac944344ae1d60dee286e99248ef1,2,False,potato__early_blight,potato_early_blight_31.jpg,C:\Users\vyasn\OneDrive\Desktop\Disease_prediction\data\external\model2_supplementary\plantseg_selected\potato_early_blight\potato_early_blight_31.jpg,Training
241fc95a73e16f55e079a763ca86e6605b94d265bc0f37e2cd591ba63e43fbe8,2,True,potato__early_blight,potato_early_blight_41.jpg,C:\Users\vyasn\OneDrive\Desktop\Disease_prediction\data\external\model2_supplementary\plantseg_selected\potato_early_blight\potato_early_blight_41.jpg,Validation
241fc95a73e16f55e079a763ca86e6605b94d265bc0f37e2cd591ba63e43fbe8,2,False,tomato__early_blight,tomato_early_blight_246.jpg,C:\Users\vyasn\OneDrive\Desktop\Disease_prediction\data\external\model2_supplementary\plantseg_selected\tomato_early_blight\tomato_early_blight_246.jpg,Training
cf6f3e5c70308ca46fb6ea1c7931e172efd5a064dce702bb5b0b8ce32d3414f0,2,True,potato__early_blight,potato_early_blight_55.jpg,C:\Users\vyasn\OneDrive\Desktop\Disease_prediction\data\external\model2_supplementary\plantseg_selected\potato_early_blight\potato_early_blight_55.jpg,Training
cf6f3e5c70308ca46fb6ea1c7931e172efd5a064dce702bb5b0b8ce32d3414f0,2,False,potato__late_blight,potato_late_blight_10.jpg,C:\Users\vyasn\OneDrive\Desktop\Disease_prediction\data\external\model2_supplementary\plantseg_selected\potato_late_blight\potato_late_blight_10.jpg,Training
8825163e6ed481ad9f1c6b6f9b01836a37965b543ce6064ce3011a887c49ff9a,2,True,potato__early_blight,potato_early_blight_google_0005.jpg,C:\Users\vyasn\OneDrive\Desktop\Disease_prediction\data\external\model2_supplementary\plantseg_selected\potato_early_blight\potato_early_blight_google_0005.jpg,Training
8825163e6ed481ad9f1c6b6f9b01836a37965b543ce6064ce3011a887c49ff9a,2,False,tomato__early_blight,tomato_early_blight_google_0044.jpg,C:\Users\vyasn\OneDrive\Desktop\Disease_prediction\data\external\model2_supplementary\plantseg_selected\tomato_early_blight\tomato_early_blight_google_0044.jpg,Training
4f1a8dec3cf61808c258c33437e394949db2a7eb7e5c556fa789c5132231bf01,2,True,potato__early_blight,potato_early_blight_google_0053.jpg,C:\Users\vyasn\OneDrive\Desktop\Disease_prediction\data\external\model2_supplementary\plantseg_selected\potato_early_blight\potato_early_blight_google_0053.jpg,Training
4f1a8dec3cf61808c258c33437e394949db2a7eb7e5c556fa789c5132231bf01,2,False,tomato__early_blight,tomato_early_blight_google_0152.jpg,C:\Users\vyasn\OneDrive\Desktop\Disease_prediction\data\external\model2_supplementary\plantseg_selected\tomato_early_blight\tomato_early_blight_google_0152.jpg,Test
61155c1c1618426413a4aeed3153f5ec72f5d608a99eb6a14c0087e1b702b5a3,2,True,potato__early_blight,potato_early_blight_google_0055.jpg,C:\Users\vyasn\OneDrive\Desktop\Disease_prediction\data\external\model2_supplementary\plantseg_selected\potato_early_blight\potato_early_blight_google_0055.jpg,Training
61155c1c1618426413a4aeed3153f5ec72f5d608a99eb6a14c0087e1b702b5a3,2,False,tomato__early_blight,tomato_early_blight_google_0120.jpg,C:\Users\vyasn\OneDrive\Desktop\Disease_prediction\data\external\model2_supplementary\plantseg_selected\tomato_early_blight\tomato_early_blight_google_0120.jpg,Training
dadaf8136f1d031289d1df21ea5b685db22cfc99823b13d3886626936c0e327f,2,True,potato__early_blight,potato_early_blight_google_0084.jpg,C:\Users\vyasn\OneDrive\Desktop\Disease_prediction\data\external\model2_supplementary\plantseg_selected\potato_early_blight\potato_early_blight_google_0084.jpg,Validation
dadaf8136f1d031289d1df21ea5b685db22cfc99823b13d3886626936c0e327f,2,False,tomato__early_blight,tomato_early_blight_google_0133.jpg,C:\Users\vyasn\OneDrive\Desktop\Disease_prediction\data\external\model2_supplementary\plantseg_selected\tomato_early_blight\tomato_early_blight_google_0133.jpg,Training
a2dfc65c915313158b41c3e7ef2efdf649f38ec4b422e3bc320405040d9f1850,2,True,potato__early_blight,potato_early_blight_google_0100.jpg,C:\Users\vyasn\OneDrive\Desktop\Disease_prediction\data\external\model2_supplementary\plantseg_selected\potato_early_blight\potato_early_blight_google_0100.jpg,Validation
a2dfc65c915313158b41c3e7ef2efdf649f38ec4b422e3bc320405040d9f1850,2,False,tomato__early_blight,tomato_early_blight_google_0041.jpg,C:\Users\vyasn\OneDrive\Desktop\Disease_prediction\data\external\model2_supplementary\plantseg_selected\tomato_early_blight\tomato_early_blight_google_0041.jpg,Test
b7028097fd9d0f880ba0c3cae23448c670a9d0bfe3cc90ab2a6ba99a302865c0,2,True,potato__early_blight,potato_early_blight_google_0200.jpg,C:\Users\vyasn\OneDrive\Desktop\Disease_prediction\data\external\model2_supplementary\plantseg_selected\potato_early_blight\potato_early_blight_google_0200.jpg,Training
b7028097fd9d0f880ba0c3cae23448c670a9d0bfe3cc90ab2a6ba99a302865c0,2,False,tomato__early_blight,tomato_early_blight_google_0343.jpg,C:\Users\vyasn\OneDrive\Desktop\Disease_prediction\data\external\model2_supplementary\plantseg_selected\tomato_early_blight\tomato_early_blight_google_0343.jpg,Training
82c339146e8298c4c8bf20cfc2f037c476ae8c0587a18a55253fff3ebf8ddd7e,2,True,potato__early_blight,potato_early_blight_google_0284.jpg,C:\Users\vyasn\OneDrive\Desktop\Disease_prediction\data\external\model2_supplementary\plantseg_selected\potato_early_blight\potato_early_blight_google_0284.jpg,Training
82c339146e8298c4c8bf20cfc2f037c476ae8c0587a18a55253fff3ebf8ddd7e,2,False,potato__late_blight,potato_late_blight_google_0035.jpg,C:\Users\vyasn\OneDrive\Desktop\Disease_prediction\data\external\model2_supplementary\plantseg_selected\potato_late_blight\potato_late_blight_google_0035.jpg,Training
5eaac70066bfa944e76740b858c1496e2e9664f9fd2bf32451eb0230e7aa0551,2,True,raspberry__fire_blight,raspberry_fire_blight_Bing_0001.jpg,C:\Users\vyasn\OneDrive\Desktop\Disease_prediction\data\external\model2_supplementary\plantseg_selected\raspberry_fire_blight\raspberry_fire_blight_Bing_0001.jpg,Training
5eaac70066bfa944e76740b858c1496e2e9664f9fd2bf32451eb0230e7aa0551,2,False,raspberry__fire_blight,raspberry_fire_blight_Google_0003.jpg,C:\Users\vyasn\OneDrive\Desktop\Disease_prediction\data\external\model2_supplementary\plantseg_selected\raspberry_fire_blight\raspberry_fire_blight_Google_0003.jpg,Training
ee3a8a5d15c311b1a7bf4134a5165bf40b3940a19ec5ff71962b6a5c6e07942e,2,True,raspberry__fire_blight,raspberry_fire_blight_Bing_0004.jpg,C:\Users\vyasn\OneDrive\Desktop\Disease_prediction\data\external\model2_supplementary\plantseg_selected\raspberry_fire_blight\raspberry_fire_blight_Bing_0004.jpg,Training
ee3a8a5d15c311b1a7bf4134a5165bf40b3940a19ec5ff71962b6a5c6e07942e,2,False,raspberry__fire_blight,raspberry_fire_blight_Google_0004.jpg,C:\Users\vyasn\OneDrive\Desktop\Disease_prediction\data\external\model2_supplementary\plantseg_selected\raspberry_fire_blight\raspberry_fire_blight_Google_0004.jpg,Validation
fd9d735508e49a17e558aba4c90164eb60810f9552a5eb5e93fe54f608fbfbbf,2,True,raspberry__fire_blight,raspberry_fire_blight_Bing_0063.jpg,C:\Users\vyasn\OneDrive\Desktop\Disease_prediction\data\external\model2_supplementary\plantseg_selected\raspberry_fire_blight\raspberry_fire_blight_Bing_0063.jpg,Validation
fd9d735508e49a17e558aba4c90164eb60810f9552a5eb5e93fe54f608fbfbbf,2,False,raspberry__fire_blight,raspberry_fire_blight_Google_0005.jpg,C:\Users\vyasn\OneDrive\Desktop\Disease_prediction\data\external\model2_supplementary\plantseg_selected\raspberry_fire_blight\raspberry_fire_blight_Google_0005.jpg,Test
cadd2f2b49ecb94cc21b2090fb55822d8b67dccb512d847c0fc0c36be1b73265,2,True,raspberry__gray_mold,raspberry_gray_mold_Bing_0020.jpg,C:\Users\vyasn\OneDrive\Desktop\Disease_prediction\data\external\model2_supplementary\plantseg_selected\raspberry_gray_mold\raspberry_gray_mold_Bing_0020.jpg,Test
cadd2f2b49ecb94cc21b2090fb55822d8b67dccb512d847c0fc0c36be1b73265,2,False,raspberry__gray_mold,raspberry_gray_mold_Google_0011.jpg,C:\Users\vyasn\OneDrive\Desktop\Disease_prediction\data\external\model2_supplementary\plantseg_selected\raspberry_gray_mold\raspberry_gray_mold_Google_0011.jpg,Validation
19fefc858b666d1c7c275d850d9e619ef9ac5a6e927cd149bbe23a2e9ecfe23c,2,True,raspberry__gray_mold,raspberry_gray_mold_Bing_0040.jpg,C:\Users\vyasn\OneDrive\Desktop\Disease_prediction\data\external\model2_supplementary\plantseg_selected\raspberry_gray_mold\raspberry_gray_mold_Bing_0040.jpg,Training
19fefc858b666d1c7c275d850d9e619ef9ac5a6e927cd149bbe23a2e9ecfe23c,2,False,raspberry__gray_mold,raspberry_gray_mold_Google_0000.jpg,C:\Users\vyasn\OneDrive\Desktop\Disease_prediction\data\external\model2_supplementary\plantseg_selected\raspberry_gray_mold\raspberry_gray_mold_Google_0000.jpg,Training
6c9bcf9b0752c4b606810a1e87018e9b94a616d19ec07eb9e03dcd3f9fe8dec9,2,True,raspberry__yellow_rust,raspberry_yellow_rust_Bing_0010.jpg,C:\Users\vyasn\OneDrive\Desktop\Disease_prediction\data\external\model2_supplementary\plantseg_selected\raspberry_yellow_rust\raspberry_yellow_rust_Bing_0010.jpg,Test
6c9bcf9b0752c4b606810a1e87018e9b94a616d19ec07eb9e03dcd3f9fe8dec9,2,False,raspberry__yellow_rust,raspberry_yellow_rust_Google_0013.jpg,C:\Users\vyasn\OneDrive\Desktop\Disease_prediction\data\external\model2_supplementary\plantseg_selected\raspberry_yellow_rust\raspberry_yellow_rust_Google_0013.jpg,Training
7a3586fdbd9d51e4fb88c4900f8daa5b474ad0ed075a148e9dc2ebf97502d03d,2,True,soybean__bacterial_blight,soybean_bacterial_blight_Baidu_0000.jpg,C:\Users\vyasn\OneDrive\Desktop\Disease_prediction\data\external\model2_supplementary\plantseg_selected\soybean_bacterial_blight\soybean_bacterial_blight_Baidu_0000.jpg,Training
7a3586fdbd9d51e4fb88c4900f8daa5b474ad0ed075a148e9dc2ebf97502d03d,2,False,soybean__brown_spot,soybean_brown_spot_Baidu_0009.jpg,C:\Users\vyasn\OneDrive\Desktop\Disease_prediction\data\external\model2_supplementary\plantseg_selected\soybean_brown_spot\soybean_brown_spot_Baidu_0009.jpg,Test
b0a99717978fd0f3c8f2b014a4a46efc840cd642a9aa117377ed734c0b1c1508,2,True,soybean__bacterial_blight,soybean_bacterial_blight_Bing_0000.jpg,C:\Users\vyasn\OneDrive\Desktop\Disease_prediction\data\external\model2_supplementary\plantseg_selected\soybean_bacterial_blight\soybean_bacterial_blight_Bing_0000.jpg,Training
b0a99717978fd0f3c8f2b014a4a46efc840cd642a9aa117377ed734c0b1c1508,2,False,soybean__brown_spot,soybean_brown_spot_Bing_0051.jpg,C:\Users\vyasn\OneDrive\Desktop\Disease_prediction\data\external\model2_supplementary\plantseg_selected\soybean_brown_spot\soybean_brown_spot_Bing_0051.jpg,Training
14592fa8c0f6feab9a6020c8750a4206ddb5b0ac141ab9a3d2c919e0cd784930,2,True,soybean__bacterial_blight,soybean_bacterial_blight_Bing_0028.jpg,C:\Users\vyasn\OneDrive\Desktop\Disease_prediction\data\external\model2_supplementary\plantseg_selected\soybean_bacterial_blight\soybean_bacterial_blight_Bing_0028.jpg,Training
14592fa8c0f6feab9a6020c8750a4206ddb5b0ac141ab9a3d2c919e0cd784930,2,False,soybean__bacterial_blight,soybean_bacterial_blight_Google_0021.jpg,C:\Users\vyasn\OneDrive\Desktop\Disease_prediction\data\external\model2_supplementary\plantseg_selected\soybean_bacterial_blight\soybean_bacterial_blight_Google_0021.jpg,Training
1eb8a8ec30ff8e55a65b446d098f86a72e31c7fb9c3d2d21dd504cd8d19b094c,2,True,soybean__bacterial_blight,soybean_bacterial_blight_Bing_0103.jpg,C:\Users\vyasn\OneDrive\Desktop\Disease_prediction\data\external\model2_supplementary\plantseg_selected\soybean_bacterial_blight\soybean_bacterial_blight_Bing_0103.jpg,Training
1eb8a8ec30ff8e55a65b446d098f86a72e31c7fb9c3d2d21dd504cd8d19b094c,2,False,soybean__brown_spot,soybean_brown_spot_Bing_0049.jpg,C:\Users\vyasn\OneDrive\Desktop\Disease_prediction\data\external\model2_supplementary\plantseg_selected\soybean_brown_spot\soybean_brown_spot_Bing_0049.jpg,Training
5da6773c8642665d5c09f128e525d2cddfa7ee318c55110655bfb148398376b6,3,True,soybean__bacterial_blight,soybean_bacterial_blight_Bing_0105.jpg,C:\Users\vyasn\OneDrive\Desktop\Disease_prediction\data\external\model2_supplementary\plantseg_selected\soybean_bacterial_blight\soybean_bacterial_blight_Bing_0105.jpg,Test
5da6773c8642665d5c09f128e525d2cddfa7ee318c55110655bfb148398376b6,3,False,soybean__brown_spot,soybean_brown_spot_Bing_0046.jpg,C:\Users\vyasn\OneDrive\Desktop\Disease_prediction\data\external\model2_supplementary\plantseg_selected\soybean_brown_spot\soybean_brown_spot_Bing_0046.jpg,Training
5da6773c8642665d5c09f128e525d2cddfa7ee318c55110655bfb148398376b6,3,False,soybean__brown_spot,soybean_brown_spot_Bing_0070.jpg,C:\Users\vyasn\OneDrive\Desktop\Disease_prediction\data\external\model2_supplementary\plantseg_selected\soybean_brown_spot\soybean_brown_spot_Bing_0070.jpg,Training
860412c68fdf96156f03afa420054d76cd7b37fd6ee998647f5973237bb8ee64,2,True,soybean__bacterial_blight,soybean_bacterial_blight_Bing_0119.jpg,C:\Users\vyasn\OneDrive\Desktop\Disease_prediction\data\external\model2_supplementary\plantseg_selected\soybean_bacterial_blight\soybean_bacterial_blight_Bing_0119.jpg,Validation
860412c68fdf96156f03afa420054d76cd7b37fd6ee998647f5973237bb8ee64,2,False,soybean__brown_spot,soybean_brown_spot_Bing_0041.jpg,C:\Users\vyasn\OneDrive\Desktop\Disease_prediction\data\external\model2_supplementary\plantseg_selected\soybean_brown_spot\soybean_brown_spot_Bing_0041.jpg,Training
6fcef7f1a88a538799504342e5b244c6274d8d0388fb651d038db07802b3e94e,2,True,soybean__brown_spot,soybean_brown_spot_Baidu_0031.jpg,C:\Users\vyasn\OneDrive\Desktop\Disease_prediction\data\external\model2_supplementary\plantseg_selected\soybean_brown_spot\soybean_brown_spot_Baidu_0031.jpg,Training
6fcef7f1a88a538799504342e5b244c6274d8d0388fb651d038db07802b3e94e,2,False,soybean__frog_eye_leaf_spot,soybean_frog_eye_leaf_spot_Baidu_0012.jpg,C:\Users\vyasn\OneDrive\Desktop\Disease_prediction\data\external\model2_supplementary\plantseg_selected\soybean_frog_eye_leaf_spot\soybean_frog_eye_leaf_spot_Baidu_0012.jpg,Test
d9f35990f160cd74bdfdae27c51691e43b0c7120dcc83d18735d5e938dec54d3,2,True,soybean__brown_spot,soybean_brown_spot_Bing_0025.jpg,C:\Users\vyasn\OneDrive\Desktop\Disease_prediction\data\external\model2_supplementary\plantseg_selected\soybean_brown_spot\soybean_brown_spot_Bing_0025.jpg,Test
d9f35990f160cd74bdfdae27c51691e43b0c7120dcc83d18735d5e938dec54d3,2,False,soybean__brown_spot,soybean_brown_spot_Bing_0042.jpg,C:\Users\vyasn\OneDrive\Desktop\Disease_prediction\data\external\model2_supplementary\plantseg_selected\soybean_brown_spot\soybean_brown_spot_Bing_0042.jpg,Validation
02eeaf335edff2fbafcf59adede4416c33d3bcecf7a27a7634b976f6997e29cf,2,True,soybean__brown_spot,soybean_brown_spot_Bing_0129.jpg,C:\Users\vyasn\OneDrive\Desktop\Disease_prediction\data\external\model2_supplementary\plantseg_selected\soybean_brown_spot\soybean_brown_spot_Bing_0129.jpg,Training
02eeaf335edff2fbafcf59adede4416c33d3bcecf7a27a7634b976f6997e29cf,2,False,soybean__brown_spot,soybean_brown_spot_Bing_0161.jpg,C:\Users\vyasn\OneDrive\Desktop\Disease_prediction\data\external\model2_supplementary\plantseg_selected\soybean_brown_spot\soybean_brown_spot_Bing_0161.jpg,Training
66a5c047206c900596a1b9e68c78e978fdff4301c5c932cb615373a121e540ab,2,True,soybean__brown_spot,soybean_brown_spot_Bing_0132.jpg,C:\Users\vyasn\OneDrive\Desktop\Disease_prediction\data\external\model2_supplementary\plantseg_selected\soybean_brown_spot\soybean_brown_spot_Bing_0132.jpg,Training
66a5c047206c900596a1b9e68c78e978fdff4301c5c932cb615373a121e540ab,2,False,soybean__brown_spot,soybean_brown_spot_Bing_0160.jpg,C:\Users\vyasn\OneDrive\Desktop\Disease_prediction\data\external\model2_supplementary\plantseg_selected\soybean_brown_spot\soybean_brown_spot_Bing_0160.jpg,Training
9dd8c7dfe357cda3a9a9df43bd5bfed57ab0a04a967cc223f6f0f03a936f54f2,2,True,soybean__brown_spot,soybean_brown_spot_Bing_0229.jpg,C:\Users\vyasn\OneDrive\Desktop\Disease_prediction\data\external\model2_supplementary\plantseg_selected\soybean_brown_spot\soybean_brown_spot_Bing_0229.jpg,Test
9dd8c7dfe357cda3a9a9df43bd5bfed57ab0a04a967cc223f6f0f03a936f54f2,2,False,soybean__brown_spot,soybean_brown_spot_Bing_0255.jpg,C:\Users\vyasn\OneDrive\Desktop\Disease_prediction\data\external\model2_supplementary\plantseg_selected\soybean_brown_spot\soybean_brown_spot_Bing_0255.jpg,Training
12430fb30dea8d8db8c11fb795b798e28d6f563155a9439889601453d2fa4d35,2,True,soybean__brown_spot,soybean_brown_spot_Bing_0241.jpg,C:\Users\vyasn\OneDrive\Desktop\Disease_prediction\data\external\model2_supplementary\plantseg_selected\soybean_brown_spot\soybean_brown_spot_Bing_0241.jpg,Training
12430fb30dea8d8db8c11fb795b798e28d6f563155a9439889601453d2fa4d35,2,False,soybean__brown_spot,soybean_brown_spot_Bing_0261.jpg,C:\Users\vyasn\OneDrive\Desktop\Disease_prediction\data\external\model2_supplementary\plantseg_selected\soybean_brown_spot\soybean_brown_spot_Bing_0261.jpg,Training
d3717d1c33a0012db44169d9290ad6fb855194f701638912b611cb0d6f0a1d40,2,True,soybean__downy_mildew,soybean_downy_mildew_Bing_0017.jpg,C:\Users\vyasn\OneDrive\Desktop\Disease_prediction\data\external\model2_supplementary\plantseg_selected\soybean_downy_mildew\soybean_downy_mildew_Bing_0017.jpg,Training
d3717d1c33a0012db44169d9290ad6fb855194f701638912b611cb0d6f0a1d40,2,False,soybean__downy_mildew,soybean_downy_mildew_Google_0015.jpg,C:\Users\vyasn\OneDrive\Desktop\Disease_prediction\data\external\model2_supplementary\plantseg_selected\soybean_downy_mildew\soybean_downy_mildew_Google_0015.jpg,Training
69855fcf20fcfeb901baaef696f3737ddc8ab55387ecc054e61dcf8efb08b721,2,True,soybean__downy_mildew,soybean_downy_mildew_Bing_0020.jpg,C:\Users\vyasn\OneDrive\Desktop\Disease_prediction\data\external\model2_supplementary\plantseg_selected\soybean_downy_mildew\soybean_downy_mildew_Bing_0020.jpg,Training
69855fcf20fcfeb901baaef696f3737ddc8ab55387ecc054e61dcf8efb08b721,2,False,soybean__downy_mildew,soybean_downy_mildew_Google_0023.jpg,C:\Users\vyasn\OneDrive\Desktop\Disease_prediction\data\external\model2_supplementary\plantseg_selected\soybean_downy_mildew\soybean_downy_mildew_Google_0023.jpg,Training
6a666b977e7761403395ffc6360437e524e10be4b42fa3810c606cd283d14523,3,True,soybean__downy_mildew,soybean_downy_mildew_Bing_0027.jpg,C:\Users\vyasn\OneDrive\Desktop\Disease_prediction\data\external\model2_supplementary\plantseg_selected\soybean_downy_mildew\soybean_downy_mildew_Bing_0027.jpg,Training
6a666b977e7761403395ffc6360437e524e10be4b42fa3810c606cd283d14523,3,False,soybean__downy_mildew,soybean_downy_mildew_Bing_0145.jpg,C:\Users\vyasn\OneDrive\Desktop\Disease_prediction\data\external\model2_supplementary\plantseg_selected\soybean_downy_mildew\soybean_downy_mildew_Bing_0145.jpg,Training
6a666b977e7761403395ffc6360437e524e10be4b42fa3810c606cd283d14523,3,False,soybean__downy_mildew,soybean_downy_mildew_Google_0302.jpg,C:\Users\vyasn\OneDrive\Desktop\Disease_prediction\data\external\model2_supplementary\plantseg_selected\soybean_downy_mildew\soybean_downy_mildew_Google_0302.jpg,Test
c4f4246c396d4c5bdfc3e8f50b38c19478e9d48211ae9cfc154cc025554d5b7e,2,True,soybean__downy_mildew,soybean_downy_mildew_Bing_0031.jpg,C:\Users\vyasn\OneDrive\Desktop\Disease_prediction\data\external\model2_supplementary\plantseg_selected\soybean_downy_mildew\soybean_downy_mildew_Bing_0031.jpg,Test
c4f4246c396d4c5bdfc3e8f50b38c19478e9d48211ae9cfc154cc025554d5b7e,2,False,soybean__downy_mildew,soybean_downy_mildew_Google_0102.jpg,C:\Users\vyasn\OneDrive\Desktop\Disease_prediction\data\external\model2_supplementary\plantseg_selected\soybean_downy_mildew\soybean_downy_mildew_Google_0102.jpg,Test
3184640a0734bd21b2fc3bc0931d043e3e7bf0f853109226df52ec6b203cb6ea,3,True,soybean__downy_mildew,soybean_downy_mildew_Bing_0071.jpg,C:\Users\vyasn\OneDrive\Desktop\Disease_prediction\data\external\model2_supplementary\plantseg_selected\soybean_downy_mildew\soybean_downy_mildew_Bing_0071.jpg,Training
3184640a0734bd21b2fc3bc0931d043e3e7bf0f853109226df52ec6b203cb6ea,3,False,soybean__downy_mildew,soybean_downy_mildew_Google_0090.jpg,C:\Users\vyasn\OneDrive\Desktop\Disease_prediction\data\external\model2_supplementary\plantseg_selected\soybean_downy_mildew\soybean_downy_mildew_Google_0090.jpg,Training
3184640a0734bd21b2fc3bc0931d043e3e7bf0f853109226df52ec6b203cb6ea,3,False,soybean__downy_mildew,soybean_downy_mildew_Google_0127.jpg,C:\Users\vyasn\OneDrive\Desktop\Disease_prediction\data\external\model2_supplementary\plantseg_selected\soybean_downy_mildew\soybean_downy_mildew_Google_0127.jpg,Validation
448e8d3f2959f4760415d52ac7382d1852e7df22ed0785a1970fbb3f8e944e91,2,True,soybean__downy_mildew,soybean_downy_mildew_Bing_0076.jpg,C:\Users\vyasn\OneDrive\Desktop\Disease_prediction\data\external\model2_supplementary\plantseg_selected\soybean_downy_mildew\soybean_downy_mildew_Bing_0076.jpg,Training
448e8d3f2959f4760415d52ac7382d1852e7df22ed0785a1970fbb3f8e944e91,2,False,soybean__downy_mildew,soybean_downy_mildew_Google_0061.jpg,C:\Users\vyasn\OneDrive\Desktop\Disease_prediction\data\external\model2_supplementary\plantseg_selected\soybean_downy_mildew\soybean_downy_mildew_Google_0061.jpg,Test
1f1a1cc83f356333e2b520c92cb8d93de4b6e9049831f79145241b868b9fabc7,2,True,soybean__downy_mildew,soybean_downy_mildew_Bing_0101.jpg,C:\Users\vyasn\OneDrive\Desktop\Disease_prediction\data\external\model2_supplementary\plantseg_selected\soybean_downy_mildew\soybean_downy_mildew_Bing_0101.jpg,Test
1f1a1cc83f356333e2b520c92cb8d93de4b6e9049831f79145241b868b9fabc7,2,False,soybean__downy_mildew,soybean_downy_mildew_Google_0046.jpg,C:\Users\vyasn\OneDrive\Desktop\Disease_prediction\data\external\model2_supplementary\plantseg_selected\soybean_downy_mildew\soybean_downy_mildew_Google_0046.jpg,Training
b6be085db833ecdc099610f3a3c03a5a244f8ceae863e796e7ce53ebba753e10,2,True,soybean__downy_mildew,soybean_downy_mildew_Bing_0107.jpg,C:\Users\vyasn\OneDrive\Desktop\Disease_prediction\data\external\model2_supplementary\plantseg_selected\soybean_downy_mildew\soybean_downy_mildew_Bing_0107.jpg,Test
b6be085db833ecdc099610f3a3c03a5a244f8ceae863e796e7ce53ebba753e10,2,False,soybean__downy_mildew,soybean_downy_mildew_Google_0233.jpg,C:\Users\vyasn\OneDrive\Desktop\Disease_prediction\data\external\model2_supplementary\plantseg_selected\soybean_downy_mildew\soybean_downy_mildew_Google_0233.jpg,Training
80cc4033f40aef4f66cb90154f33b676d4e9d80ff1e2912b170451e8e2e2cc13,2,True,soybean__downy_mildew,soybean_downy_mildew_Bing_0142.jpg,C:\Users\vyasn\OneDrive\Desktop\Disease_prediction\data\external\model2_supplementary\plantseg_selected\soybean_downy_mildew\soybean_downy_mildew_Bing_0142.jpg,Test
80cc4033f40aef4f66cb90154f33b676d4e9d80ff1e2912b170451e8e2e2cc13,2,False,soybean__downy_mildew,soybean_downy_mildew_Google_0323.jpg,C:\Users\vyasn\OneDrive\Desktop\Disease_prediction\data\external\model2_supplementary\plantseg_selected\soybean_downy_mildew\soybean_downy_mildew_Google_0323.jpg,Training
e1abdaad86ca16af3b33dc88f9e00a42a8770d28650bef66c1bee277ba2ec977,2,True,soybean__downy_mildew,soybean_downy_mildew_Bing_0158.jpg,C:\Users\vyasn\OneDrive\Desktop\Disease_prediction\data\external\model2_supplementary\plantseg_selected\soybean_downy_mildew\soybean_downy_mildew_Bing_0158.jpg,Training
e1abdaad86ca16af3b33dc88f9e00a42a8770d28650bef66c1bee277ba2ec977,2,False,soybean__downy_mildew,soybean_downy_mildew_Google_0193.jpg,C:\Users\vyasn\OneDrive\Desktop\Disease_prediction\data\external\model2_supplementary\plantseg_selected\soybean_downy_mildew\soybean_downy_mildew_Google_0193.jpg,Validation
1a368aa8867b44c8718ec479dc779c680bbfdaf8c8aa965f91fa08d36449bb09,2,True,soybean__frog_eye_leaf_spot,soybean_frog_eye_leaf_spot_Bing_0004.jpg,C:\Users\vyasn\OneDrive\Desktop\Disease_prediction\data\external\model2_supplementary\plantseg_selected\soybean_frog_eye_leaf_spot\soybean_frog_eye_leaf_spot_Bing_0004.jpg,Test
1a368aa8867b44c8718ec479dc779c680bbfdaf8c8aa965f91fa08d36449bb09,2,False,soybean__frog_eye_leaf_spot,soybean_frog_eye_leaf_spot_Bing_0039.jpg,C:\Users\vyasn\OneDrive\Desktop\Disease_prediction\data\external\model2_supplementary\plantseg_selected\soybean_frog_eye_leaf_spot\soybean_frog_eye_leaf_spot_Bing_0039.jpg,Training
3b55f29071d0799502a06366f0a15827e3439a8efb564ed8fa5fc76cd61b2e0c,2,True,soybean__frog_eye_leaf_spot,soybean_frog_eye_leaf_spot_Bing_0018.jpg,C:\Users\vyasn\OneDrive\Desktop\Disease_prediction\data\external\model2_supplementary\plantseg_selected\soybean_frog_eye_leaf_spot\soybean_frog_eye_leaf_spot_Bing_0018.jpg,Training
3b55f29071d0799502a06366f0a15827e3439a8efb564ed8fa5fc76cd61b2e0c,2,False,soybean__frog_eye_leaf_spot,soybean_frog_eye_leaf_spot_Google_0004.jpg,C:\Users\vyasn\OneDrive\Desktop\Disease_prediction\data\external\model2_supplementary\plantseg_selected\soybean_frog_eye_leaf_spot\soybean_frog_eye_leaf_spot_Google_0004.jpg,Validation
30cee5d01978b96151e1944893ec8eebdd70506d628286d1f46f434fe1bf226b,2,True,soybean__frog_eye_leaf_spot,soybean_frog_eye_leaf_spot_Bing_0046.jpg,C:\Users\vyasn\OneDrive\Desktop\Disease_prediction\data\external\model2_supplementary\plantseg_selected\soybean_frog_eye_leaf_spot\soybean_frog_eye_leaf_spot_Bing_0046.jpg,Training
30cee5d01978b96151e1944893ec8eebdd70506d628286d1f46f434fe1bf226b,2,False,soybean__frog_eye_leaf_spot,soybean_frog_eye_leaf_spot_Google_0018.jpg,C:\Users\vyasn\OneDrive\Desktop\Disease_prediction\data\external\model2_supplementary\plantseg_selected\soybean_frog_eye_leaf_spot\soybean_frog_eye_leaf_spot_Google_0018.jpg,Training
e20248ea929c030a55a79d55d26706bf8e720c49b9662df4d47eb36697e5d0e5,2,True,soybean__frog_eye_leaf_spot,soybean_frog_eye_leaf_spot_Bing_0050.jpg,C:\Users\vyasn\OneDrive\Desktop\Disease_prediction\data\external\model2_supplementary\plantseg_selected\soybean_frog_eye_leaf_spot\soybean_frog_eye_leaf_spot_Bing_0050.jpg,Training
e20248ea929c030a55a79d55d26706bf8e720c49b9662df4d47eb36697e5d0e5,2,False,soybean__frog_eye_leaf_spot,soybean_frog_eye_leaf_spot_Google_0187.jpg,C:\Users\vyasn\OneDrive\Desktop\Disease_prediction\data\external\model2_supplementary\plantseg_selected\soybean_frog_eye_leaf_spot\soybean_frog_eye_leaf_spot_Google_0187.jpg,Validation
feaa60722af8fbeea1fab9d98b622b4c0394767a72837186b3d3a84cf57ef944,2,True,soybean__frog_eye_leaf_spot,soybean_frog_eye_leaf_spot_Bing_0055.jpg,C:\Users\vyasn\OneDrive\Desktop\Disease_prediction\data\external\model2_supplementary\plantseg_selected\soybean_frog_eye_leaf_spot\soybean_frog_eye_leaf_spot_Bing_0055.jpg,Validation
feaa60722af8fbeea1fab9d98b622b4c0394767a72837186b3d3a84cf57ef944,2,False,soybean__frog_eye_leaf_spot,soybean_frog_eye_leaf_spot_Google_0026.jpg,C:\Users\vyasn\OneDrive\Desktop\Disease_prediction\data\external\model2_supplementary\plantseg_selected\soybean_frog_eye_leaf_spot\soybean_frog_eye_leaf_spot_Google_0026.jpg,Training
f1359d978f84617ad71469e66d5cc3e6e71dddfd7994cfb56f64e7aadfc02159,2,True,soybean__frog_eye_leaf_spot,soybean_frog_eye_leaf_spot_Bing_0059.jpg,C:\Users\vyasn\OneDrive\Desktop\Disease_prediction\data\external\model2_supplementary\plantseg_selected\soybean_frog_eye_leaf_spot\soybean_frog_eye_leaf_spot_Bing_0059.jpg,Validation
f1359d978f84617ad71469e66d5cc3e6e71dddfd7994cfb56f64e7aadfc02159,2,False,soybean__frog_eye_leaf_spot,soybean_frog_eye_leaf_spot_Google_0114.jpg,C:\Users\vyasn\OneDrive\Desktop\Disease_prediction\data\external\model2_supplementary\plantseg_selected\soybean_frog_eye_leaf_spot\soybean_frog_eye_leaf_spot_Google_0114.jpg,Training
b664b77a81dd5b928b6342ff0f7ed0ef6a99bba6c3b166f976a4f16240ab5532,2,True,soybean__frog_eye_leaf_spot,soybean_frog_eye_leaf_spot_Bing_0080.jpg,C:\Users\vyasn\OneDrive\Desktop\Disease_prediction\data\external\model2_supplementary\plantseg_selected\soybean_frog_eye_leaf_spot\soybean_frog_eye_leaf_spot_Bing_0080.jpg,Training
b664b77a81dd5b928b6342ff0f7ed0ef6a99bba6c3b166f976a4f16240ab5532,2,False,soybean__frog_eye_leaf_spot,soybean_frog_eye_leaf_spot_Google_0272.jpg,C:\Users\vyasn\OneDrive\Desktop\Disease_prediction\data\external\model2_supplementary\plantseg_selected\soybean_frog_eye_leaf_spot\soybean_frog_eye_leaf_spot_Google_0272.jpg,Validation
15367983859760fbc6d577c298bd4fe5ea12dac21f131f3c388bdab6d1a1de9d,2,True,soybean__frog_eye_leaf_spot,soybean_frog_eye_leaf_spot_Bing_0089.jpg,C:\Users\vyasn\OneDrive\Desktop\Disease_prediction\data\external\model2_supplementary\plantseg_selected\soybean_frog_eye_leaf_spot\soybean_frog_eye_leaf_spot_Bing_0089.jpg,Test
15367983859760fbc6d577c298bd4fe5ea12dac21f131f3c388bdab6d1a1de9d,2,False,soybean__frog_eye_leaf_spot,soybean_frog_eye_leaf_spot_Google_0218.jpg,C:\Users\vyasn\OneDrive\Desktop\Disease_prediction\data\external\model2_supplementary\plantseg_selected\soybean_frog_eye_leaf_spot\soybean_frog_eye_leaf_spot_Google_0218.jpg,Training
d3385a471028605077d56ffcb22fd28733bef3a77c50cedbc962a105aff94536,2,True,soybean__frog_eye_leaf_spot,soybean_frog_eye_leaf_spot_Bing_0091.jpg,C:\Users\vyasn\OneDrive\Desktop\Disease_prediction\data\external\model2_supplementary\plantseg_selected\soybean_frog_eye_leaf_spot\soybean_frog_eye_leaf_spot_Bing_0091.jpg,Training
d3385a471028605077d56ffcb22fd28733bef3a77c50cedbc962a105aff94536,2,False,soybean__frog_eye_leaf_spot,soybean_frog_eye_leaf_spot_Google_0149.jpg,C:\Users\vyasn\OneDrive\Desktop\Disease_prediction\data\external\model2_supplementary\plantseg_selected\soybean_frog_eye_leaf_spot\soybean_frog_eye_leaf_spot_Google_0149.jpg,Training
4c62457c1e78d9824c01ddbef098b7969123552e0de6084792d4aae279fa7655,2,True,soybean__frog_eye_leaf_spot,soybean_frog_eye_leaf_spot_Bing_0093.jpg,C:\Users\vyasn\OneDrive\Desktop\Disease_prediction\data\external\model2_supplementary\plantseg_selected\soybean_frog_eye_leaf_spot\soybean_frog_eye_leaf_spot_Bing_0093.jpg,Training
4c62457c1e78d9824c01ddbef098b7969123552e0de6084792d4aae279fa7655,2,False,soybean__frog_eye_leaf_spot,soybean_frog_eye_leaf_spot_Google_0284.jpg,C:\Users\vyasn\OneDrive\Desktop\Disease_prediction\data\external\model2_supplementary\plantseg_selected\soybean_frog_eye_leaf_spot\soybean_frog_eye_leaf_spot_Google_0284.jpg,Training
640aa14dca7d1d4c9bc68e474d2ee1b8aaf876bcd06fede5d4983e25c19268e0,2,True,soybean__frog_eye_leaf_spot,soybean_frog_eye_leaf_spot_Bing_0104.jpg,C:\Users\vyasn\OneDrive\Desktop\Disease_prediction\data\external\model2_supplementary\plantseg_selected\soybean_frog_eye_leaf_spot\soybean_frog_eye_leaf_spot_Bing_0104.jpg,Training
640aa14dca7d1d4c9bc68e474d2ee1b8aaf876bcd06fede5d4983e25c19268e0,2,False,soybean__frog_eye_leaf_spot,soybean_frog_eye_leaf_spot_Google_0074.jpg,C:\Users\vyasn\OneDrive\Desktop\Disease_prediction\data\external\model2_supplementary\plantseg_selected\soybean_frog_eye_leaf_spot\soybean_frog_eye_leaf_spot_Google_0074.jpg,Training
2de57a7ef295d0ec1ad30211a4e23e9aa85b3860a1a2213da2e770880919b62b,2,True,soybean__frog_eye_leaf_spot,soybean_frog_eye_leaf_spot_Bing_0108.jpg,C:\Users\vyasn\OneDrive\Desktop\Disease_prediction\data\external\model2_supplementary\plantseg_selected\soybean_frog_eye_leaf_spot\soybean_frog_eye_leaf_spot_Bing_0108.jpg,Training
2de57a7ef295d0ec1ad30211a4e23e9aa85b3860a1a2213da2e770880919b62b,2,False,soybean__frog_eye_leaf_spot,soybean_frog_eye_leaf_spot_Google_0331.jpg,C:\Users\vyasn\OneDrive\Desktop\Disease_prediction\data\external\model2_supplementary\plantseg_selected\soybean_frog_eye_leaf_spot\soybean_frog_eye_leaf_spot_Google_0331.jpg,Validation
c0cbc45ef0d112f5595d89467295a3b5efaea137d3668b1625027c1bec396517,2,True,soybean__frog_eye_leaf_spot,soybean_frog_eye_leaf_spot_Bing_0116.jpg,C:\Users\vyasn\OneDrive\Desktop\Disease_prediction\data\external\model2_supplementary\plantseg_selected\soybean_frog_eye_leaf_spot\soybean_frog_eye_leaf_spot_Bing_0116.jpg,Training
c0cbc45ef0d112f5595d89467295a3b5efaea137d3668b1625027c1bec396517,2,False,tobacco__frogeye_leaf_spot,tobacco_frogeye_leaf_spot_Bing_0040.jpg,C:\Users\vyasn\OneDrive\Desktop\Disease_prediction\data\external\model2_supplementary\plantseg_selected\tobacco_frogeye_leaf_spot\tobacco_frogeye_leaf_spot_Bing_0040.jpg,Validation
71e513268b1c23c95274a1ab9b3305d051149701b65baf56d820f3bbdc664132,2,True,soybean__frog_eye_leaf_spot,soybean_frog_eye_leaf_spot_Bing_0172.jpg,C:\Users\vyasn\OneDrive\Desktop\Disease_prediction\data\external\model2_supplementary\plantseg_selected\soybean_frog_eye_leaf_spot\soybean_frog_eye_leaf_spot_Bing_0172.jpg,Training
71e513268b1c23c95274a1ab9b3305d051149701b65baf56d820f3bbdc664132,2,False,soybean__frog_eye_leaf_spot,soybean_frog_eye_leaf_spot_Google_0327.jpg,C:\Users\vyasn\OneDrive\Desktop\Disease_prediction\data\external\model2_supplementary\plantseg_selected\soybean_frog_eye_leaf_spot\soybean_frog_eye_leaf_spot_Google_0327.jpg,Training
db13af7205a25d07b3e93682800503cf4d120e68cceb2514a611b9758b28a6d2,2,True,soybean__frog_eye_leaf_spot,soybean_frog_eye_leaf_spot_Bing_0178.jpg,C:\Users\vyasn\OneDrive\Desktop\Disease_prediction\data\external\model2_supplementary\plantseg_selected\soybean_frog_eye_leaf_spot\soybean_frog_eye_leaf_spot_Bing_0178.jpg,Training
db13af7205a25d07b3e93682800503cf4d120e68cceb2514a611b9758b28a6d2,2,False,soybean__frog_eye_leaf_spot,soybean_frog_eye_leaf_spot_Google_0015.jpg,C:\Users\vyasn\OneDrive\Desktop\Disease_prediction\data\external\model2_supplementary\plantseg_selected\soybean_frog_eye_leaf_spot\soybean_frog_eye_leaf_spot_Google_0015.jpg,Training
b1f37d2bb9f655af07536e24ed17d27adff1781d7ada097727a8dc08f4b98703,2,True,soybean__frog_eye_leaf_spot,soybean_frog_eye_leaf_spot_Bing_0180.jpg,C:\Users\vyasn\OneDrive\Desktop\Disease_prediction\data\external\model2_supplementary\plantseg_selected\soybean_frog_eye_leaf_spot\soybean_frog_eye_leaf_spot_Bing_0180.jpg,Validation
b1f37d2bb9f655af07536e24ed17d27adff1781d7ada097727a8dc08f4b98703,2,False,soybean__frog_eye_leaf_spot,soybean_frog_eye_leaf_spot_Google_0109.jpg,C:\Users\vyasn\OneDrive\Desktop\Disease_prediction\data\external\model2_supplementary\plantseg_selected\soybean_frog_eye_leaf_spot\soybean_frog_eye_leaf_spot_Google_0109.jpg,Test
e37bd5df5f6237f67e3c828ca7e7655f18881a2608ec5c7ac48d77b86d602b5e,2,True,soybean__frog_eye_leaf_spot,soybean_frog_eye_leaf_spot_Bing_0181.jpg,C:\Users\vyasn\OneDrive\Desktop\Disease_prediction\data\external\model2_supplementary\plantseg_selected\soybean_frog_eye_leaf_spot\soybean_frog_eye_leaf_spot_Bing_0181.jpg,Training
e37bd5df5f6237f67e3c828ca7e7655f18881a2608ec5c7ac48d77b86d602b5e,2,False,tobacco__frogeye_leaf_spot,tobacco_frogeye_leaf_spot_Bing_0000.jpg,C:\Users\vyasn\OneDrive\Desktop\Disease_prediction\data\external\model2_supplementary\plantseg_selected\tobacco_frogeye_leaf_spot\tobacco_frogeye_leaf_spot_Bing_0000.jpg,Test
096f122839c1de56887321808f63f751529ecb8cc0dea911f10500ec31eed251,2,True,soybean__frog_eye_leaf_spot,soybean_frog_eye_leaf_spot_Bing_0184.jpg,C:\Users\vyasn\OneDrive\Desktop\Disease_prediction\data\external\model2_supplementary\plantseg_selected\soybean_frog_eye_leaf_spot\soybean_frog_eye_leaf_spot_Bing_0184.jpg,Training
096f122839c1de56887321808f63f751529ecb8cc0dea911f10500ec31eed251,2,False,soybean__frog_eye_leaf_spot,soybean_frog_eye_leaf_spot_Google_0213.jpg,C:\Users\vyasn\OneDrive\Desktop\Disease_prediction\data\external\model2_supplementary\plantseg_selected\soybean_frog_eye_leaf_spot\soybean_frog_eye_leaf_spot_Google_0213.jpg,Training
3564a9b9ee56e53935abe67e714a389eafb6193b18b9b39a7a363af2e85893d1,2,True,soybean__frog_eye_leaf_spot,soybean_frog_eye_leaf_spot_Bing_0185.jpg,C:\Users\vyasn\OneDrive\Desktop\Disease_prediction\data\external\model2_supplementary\plantseg_selected\soybean_frog_eye_leaf_spot\soybean_frog_eye_leaf_spot_Bing_0185.jpg,Training
3564a9b9ee56e53935abe67e714a389eafb6193b18b9b39a7a363af2e85893d1,2,False,soybean__frog_eye_leaf_spot,soybean_frog_eye_leaf_spot_Google_0126.jpg,C:\Users\vyasn\OneDrive\Desktop\Disease_prediction\data\external\model2_supplementary\plantseg_selected\soybean_frog_eye_leaf_spot\soybean_frog_eye_leaf_spot_Google_0126.jpg,Training
67884736264f9aec36986bbf1edc4c9cebe51df770a81390d0c66f87c9688feb,2,True,soybean__frog_eye_leaf_spot,soybean_frog_eye_leaf_spot_Bing_0248.jpg,C:\Users\vyasn\OneDrive\Desktop\Disease_prediction\data\external\model2_supplementary\plantseg_selected\soybean_frog_eye_leaf_spot\soybean_frog_eye_leaf_spot_Bing_0248.jpg,Training
67884736264f9aec36986bbf1edc4c9cebe51df770a81390d0c66f87c9688feb,2,False,soybean__frog_eye_leaf_spot,soybean_frog_eye_leaf_spot_Google_0382.jpg,C:\Users\vyasn\OneDrive\Desktop\Disease_prediction\data\external\model2_supplementary\plantseg_selected\soybean_frog_eye_leaf_spot\soybean_frog_eye_leaf_spot_Google_0382.jpg,Training
6bb73ec5cb0a57aa3f0d39c74b6d189a2b394c82d682081e98e9e9c3c505f0ae,2,True,soybean__frog_eye_leaf_spot,soybean_frog_eye_leaf_spot_Bing_0251.jpg,C:\Users\vyasn\OneDrive\Desktop\Disease_prediction\data\external\model2_supplementary\plantseg_selected\soybean_frog_eye_leaf_spot\soybean_frog_eye_leaf_spot_Bing_0251.jpg,Test
6bb73ec5cb0a57aa3f0d39c74b6d189a2b394c82d682081e98e9e9c3c505f0ae,2,False,soybean__frog_eye_leaf_spot,soybean_frog_eye_leaf_spot_Google_0206.jpg,C:\Users\vyasn\OneDrive\Desktop\Disease_prediction\data\external\model2_supplementary\plantseg_selected\soybean_frog_eye_leaf_spot\soybean_frog_eye_leaf_spot_Google_0206.jpg,Training
d98f601180a5a9f9c2b1a78a9bf94d11f22a3f4b8cf97a86009d3973b58cad08,2,True,soybean__mosaic,soybean_mosaic_Baidu_0093.jpg,C:\Users\vyasn\OneDrive\Desktop\Disease_prediction\data\external\model2_supplementary\plantseg_selected\soybean_mosaic\soybean_mosaic_Baidu_0093.jpg,Training
d98f601180a5a9f9c2b1a78a9bf94d11f22a3f4b8cf97a86009d3973b58cad08,2,False,soybean__mosaic,soybean_mosaic_Baidu_0094.jpg,C:\Users\vyasn\OneDrive\Desktop\Disease_prediction\data\external\model2_supplementary\plantseg_selected\soybean_mosaic\soybean_mosaic_Baidu_0094.jpg,Test
8d7a9c993790906174c2e0cdee60360196d510c29bec6498890208791d6ac361,2,True,soybean__mosaic,soybean_mosaic_Bing_0070.jpg,C:\Users\vyasn\OneDrive\Desktop\Disease_prediction\data\external\model2_supplementary\plantseg_selected\soybean_mosaic\soybean_mosaic_Bing_0070.jpg,Validation
8d7a9c993790906174c2e0cdee60360196d510c29bec6498890208791d6ac361,2,False,soybean__mosaic,soybean_mosaic_Google_0090.jpg,C:\Users\vyasn\OneDrive\Desktop\Disease_prediction\data\external\model2_supplementary\plantseg_selected\soybean_mosaic\soybean_mosaic_Google_0090.jpg,Training
6773b21e86bc8a545379b81505be2513b9cbfdb27c443e2a534c5ca0212002d7,3,True,tobacco__blue_mold,tobacco_blue_mold_Bing_0107.jpg,C:\Users\vyasn\OneDrive\Desktop\Disease_prediction\data\external\model2_supplementary\plantseg_selected\tobacco_blue_mold\tobacco_blue_mold_Bing_0107.jpg,Test
6773b21e86bc8a545379b81505be2513b9cbfdb27c443e2a534c5ca0212002d7,3,False,tobacco__blue_mold,tobacco_blue_mold_Google_0046.jpg,C:\Users\vyasn\OneDrive\Desktop\Disease_prediction\data\external\model2_supplementary\plantseg_selected\tobacco_blue_mold\tobacco_blue_mold_Google_0046.jpg,Training
6773b21e86bc8a545379b81505be2513b9cbfdb27c443e2a534c5ca0212002d7,3,False,tobacco__brown_spot,tobacco_brown_spot_Bing_0159.jpg,C:\Users\vyasn\OneDrive\Desktop\Disease_prediction\data\external\model2_supplementary\plantseg_selected\tobacco_brown_spot\tobacco_brown_spot_Bing_0159.jpg,Test
bb5adaf91d2c02a7624871f1f04c0f25537935f8b73da9713064b9bef8f89c2f,2,True,tobacco__blue_mold,tobacco_blue_mold_Bing_0119.jpg,C:\Users\vyasn\OneDrive\Desktop\Disease_prediction\data\external\model2_supplementary\plantseg_selected\tobacco_blue_mold\tobacco_blue_mold_Bing_0119.jpg,Training
bb5adaf91d2c02a7624871f1f04c0f25537935f8b73da9713064b9bef8f89c2f,2,False,tobacco__blue_mold,tobacco_blue_mold_Google_0103.jpg,C:\Users\vyasn\OneDrive\Desktop\Disease_prediction\data\external\model2_supplementary\plantseg_selected\tobacco_blue_mold\tobacco_blue_mold_Google_0103.jpg,Training
1610036d0985d3b332f531862aa0c4fd890f52d0efcb2aaeb39c7a2686add842,2,True,tobacco__brown_spot,tobacco_brown_spot_Bing_0000.jpg,C:\Users\vyasn\OneDrive\Desktop\Disease_prediction\data\external\model2_supplementary\plantseg_selected\tobacco_brown_spot\tobacco_brown_spot_Bing_0000.jpg,Validation
1610036d0985d3b332f531862aa0c4fd890f52d0efcb2aaeb39c7a2686add842,2,False,tobacco__frogeye_leaf_spot,tobacco_frogeye_leaf_spot_Bing_0024.jpg,C:\Users\vyasn\OneDrive\Desktop\Disease_prediction\data\external\model2_supplementary\plantseg_selected\tobacco_frogeye_leaf_spot\tobacco_frogeye_leaf_spot_Bing_0024.jpg,Training
f9acb034964b2114c84a2022b3f7134e55940bde93f817328a7f4167675a02f9,3,True,tobacco__brown_spot,tobacco_brown_spot_Bing_0004.jpg,C:\Users\vyasn\OneDrive\Desktop\Disease_prediction\data\external\model2_supplementary\plantseg_selected\tobacco_brown_spot\tobacco_brown_spot_Bing_0004.jpg,Test
f9acb034964b2114c84a2022b3f7134e55940bde93f817328a7f4167675a02f9,3,False,tobacco__frogeye_leaf_spot,tobacco_frogeye_leaf_spot_Bing_0034.jpg,C:\Users\vyasn\OneDrive\Desktop\Disease_prediction\data\external\model2_supplementary\plantseg_selected\tobacco_frogeye_leaf_spot\tobacco_frogeye_leaf_spot_Bing_0034.jpg,Training
f9acb034964b2114c84a2022b3f7134e55940bde93f817328a7f4167675a02f9,3,False,tobacco__frogeye_leaf_spot,tobacco_frogeye_leaf_spot_Bing_0072.jpg,C:\Users\vyasn\OneDrive\Desktop\Disease_prediction\data\external\model2_supplementary\plantseg_selected\tobacco_frogeye_leaf_spot\tobacco_frogeye_leaf_spot_Bing_0072.jpg,Training
e65ac0c43acfd957a05c264dcf513b2df2560c8b7292a245cdd9a313996feec4,2,True,tobacco__brown_spot,tobacco_brown_spot_Bing_0012.jpg,C:\Users\vyasn\OneDrive\Desktop\Disease_prediction\data\external\model2_supplementary\plantseg_selected\tobacco_brown_spot\tobacco_brown_spot_Bing_0012.jpg,Training
e65ac0c43acfd957a05c264dcf513b2df2560c8b7292a245cdd9a313996feec4,2,False,tobacco__frogeye_leaf_spot,tobacco_frogeye_leaf_spot_Bing_0006.jpg,C:\Users\vyasn\OneDrive\Desktop\Disease_prediction\data\external\model2_supplementary\plantseg_selected\tobacco_frogeye_leaf_spot\tobacco_frogeye_leaf_spot_Bing_0006.jpg,Training
dde3e0b8c4ff857de078fee0a73d1aefeca243ebadf78589f7edae4b63d96a53,2,True,tobacco__brown_spot,tobacco_brown_spot_Google_0029.jpg,C:\Users\vyasn\OneDrive\Desktop\Disease_prediction\data\external\model2_supplementary\plantseg_selected\tobacco_brown_spot\tobacco_brown_spot_Google_0029.jpg,Test
dde3e0b8c4ff857de078fee0a73d1aefeca243ebadf78589f7edae4b63d96a53,2,False,tobacco__frogeye_leaf_spot,tobacco_frogeye_leaf_spot_Google_0032.jpg,C:\Users\vyasn\OneDrive\Desktop\Disease_prediction\data\external\model2_supplementary\plantseg_selected\tobacco_frogeye_leaf_spot\tobacco_frogeye_leaf_spot_Google_0032.jpg,Training
6aa91250faa45729379bb54dd5ae093d5f0fd8dc52d8c28897b13f0b29810428,2,True,tomato__bacterial_leaf_spot,tomato_bacterial_leaf_spot_28.jpg,C:\Users\vyasn\OneDrive\Desktop\Disease_prediction\data\external\model2_supplementary\plantseg_selected\tomato_bacterial_leaf_spot\tomato_bacterial_leaf_spot_28.jpg,Validation
6aa91250faa45729379bb54dd5ae093d5f0fd8dc52d8c28897b13f0b29810428,2,False,tomato__septoria_leaf_spot,tomato_septoria_leaf_spot_6.jpg,C:\Users\vyasn\OneDrive\Desktop\Disease_prediction\data\external\model2_supplementary\plantseg_selected\tomato_septoria_leaf_spot\tomato_septoria_leaf_spot_6.jpg,Training
72e528891dbc9570460b77b5e38fb66ecdbecf7f410297910d27e96ad914d8b3,2,True,tomato__bacterial_leaf_spot,tomato_bacterial_leaf_spot_google_0017.jpg,C:\Users\vyasn\OneDrive\Desktop\Disease_prediction\data\external\model2_supplementary\plantseg_selected\tomato_bacterial_leaf_spot\tomato_bacterial_leaf_spot_google_0017.jpg,Training
72e528891dbc9570460b77b5e38fb66ecdbecf7f410297910d27e96ad914d8b3,2,False,tomato__septoria_leaf_spot,tomato_septoria_leaf_spot_google_0113.jpg,C:\Users\vyasn\OneDrive\Desktop\Disease_prediction\data\external\model2_supplementary\plantseg_selected\tomato_septoria_leaf_spot\tomato_septoria_leaf_spot_google_0113.jpg,Training
b2970f4fdf5ee1328c860970fbbaee8275340e4e0b40a4c79605bc053f3f66e7,2,True,tomato__bacterial_leaf_spot,tomato_bacterial_leaf_spot_google_0091.jpg,C:\Users\vyasn\OneDrive\Desktop\Disease_prediction\data\external\model2_supplementary\plantseg_selected\tomato_bacterial_leaf_spot\tomato_bacterial_leaf_spot_google_0091.jpg,Training
b2970f4fdf5ee1328c860970fbbaee8275340e4e0b40a4c79605bc053f3f66e7,2,False,tomato__septoria_leaf_spot,tomato_septoria_leaf_spot_google_0204.jpg,C:\Users\vyasn\OneDrive\Desktop\Disease_prediction\data\external\model2_supplementary\plantseg_selected\tomato_septoria_leaf_spot\tomato_septoria_leaf_spot_google_0204.jpg,Training
d0d65a48c4abd35fc5054e3159c7da1a9831edf9d99a5e14d0f5d0a34cc7987c,2,True,tomato__bacterial_leaf_spot,tomato_bacterial_leaf_spot_google_0163.jpg,C:\Users\vyasn\OneDrive\Desktop\Disease_prediction\data\external\model2_supplementary\plantseg_selected\tomato_bacterial_leaf_spot\tomato_bacterial_leaf_spot_google_0163.jpg,Test
d0d65a48c4abd35fc5054e3159c7da1a9831edf9d99a5e14d0f5d0a34cc7987c,2,False,tomato__septoria_leaf_spot,tomato_septoria_leaf_spot_google_0052.jpg,C:\Users\vyasn\OneDrive\Desktop\Disease_prediction\data\external\model2_supplementary\plantseg_selected\tomato_septoria_leaf_spot\tomato_septoria_leaf_spot_google_0052.jpg,Training
5b9917e50cefe261c95354135ce440ca4dfa8a872285bed27d14f47f368b32a3,2,True,tomato__early_blight,tomato_early_blight_google_0177.jpg,C:\Users\vyasn\OneDrive\Desktop\Disease_prediction\data\external\model2_supplementary\plantseg_selected\tomato_early_blight\tomato_early_blight_google_0177.jpg,Test
5b9917e50cefe261c95354135ce440ca4dfa8a872285bed27d14f47f368b32a3,2,False,tomato__septoria_leaf_spot,tomato_septoria_leaf_spot_google_0081.jpg,C:\Users\vyasn\OneDrive\Desktop\Disease_prediction\data\external\model2_supplementary\plantseg_selected\tomato_septoria_leaf_spot\tomato_septoria_leaf_spot_google_0081.jpg,Test
5923775a4cb8ff783a133a5790d64c1c84a3852dfac7dd0a0435133897d2ed2d,2,True,tomato__early_blight,tomato_early_blight_google_0260.jpg,C:\Users\vyasn\OneDrive\Desktop\Disease_prediction\data\external\model2_supplementary\plantseg_selected\tomato_early_blight\tomato_early_blight_google_0260.jpg,Training
5923775a4cb8ff783a133a5790d64c1c84a3852dfac7dd0a0435133897d2ed2d,2,False,tomato__septoria_leaf_spot,tomato_septoria_leaf_spot_google_0205.jpg,C:\Users\vyasn\OneDrive\Desktop\Disease_prediction\data\external\model2_supplementary\plantseg_selected\tomato_septoria_leaf_spot\tomato_septoria_leaf_spot_google_0205.jpg,Test
b28a9de7d36f62abe24ac3fa019aacb9bd55f0c2fd4c720841a531d0910f63bf,2,True,tomato__mosaic_virus,tomato_mosaic_virus_1.jpg,C:\Users\vyasn\OneDrive\Desktop\Disease_prediction\data\external\model2_supplementary\plantseg_selected\tomato_mosaic_virus\tomato_mosaic_virus_1.jpg,Validation
b28a9de7d36f62abe24ac3fa019aacb9bd55f0c2fd4c720841a531d0910f63bf,2,False,tomato__yellow_leaf_curl_virus,tomato_yellow_leaf_curl_virus_11.jpg,C:\Users\vyasn\OneDrive\Desktop\Disease_prediction\data\external\model2_supplementary\plantseg_selected\tomato_yellow_leaf_curl_virus\tomato_yellow_leaf_curl_virus_11.jpg,Training
8942626a554683459e739fa0fd8e10b86dd088713e9ca209d4f7e5d3a2034782,2,True,tomato__mosaic_virus,tomato_mosaic_virus_13.jpg,C:\Users\vyasn\OneDrive\Desktop\Disease_prediction\data\external\model2_supplementary\plantseg_selected\tomato_mosaic_virus\tomato_mosaic_virus_13.jpg,Training
8942626a554683459e739fa0fd8e10b86dd088713e9ca209d4f7e5d3a2034782,2,False,tomato__yellow_leaf_curl_virus,tomato_yellow_leaf_curl_virus_4.jpg,C:\Users\vyasn\OneDrive\Desktop\Disease_prediction\data\external\model2_supplementary\plantseg_selected\tomato_yellow_leaf_curl_virus\tomato_yellow_leaf_curl_virus_4.jpg,Test
2f1450d764e4d23f1ed986a5ca0fa76f6ec04435d0875ea43bbf5e107b3ce3e3,2,True,tomato__mosaic_virus,tomato_mosaic_virus_143.jpg,C:\Users\vyasn\OneDrive\Desktop\Disease_prediction\data\external\model2_supplementary\plantseg_selected\tomato_mosaic_virus\tomato_mosaic_virus_143.jpg,Test
2f1450d764e4d23f1ed986a5ca0fa76f6ec04435d0875ea43bbf5e107b3ce3e3,2,False,tomato__yellow_leaf_curl_virus,tomato_yellow_leaf_curl_virus_40.jpg,C:\Users\vyasn\OneDrive\Desktop\Disease_prediction\data\external\model2_supplementary\plantseg_selected\tomato_yellow_leaf_curl_virus\tomato_yellow_leaf_curl_virus_40.jpg,Test
2dbca3fcbc0404a40be1a4ca71ecf8dbe1fbd0b8c9fe52b12bfd179cc9dad867,2,True,tomato__mosaic_virus,tomato_mosaic_virus_2.jpg,C:\Users\vyasn\OneDrive\Desktop\Disease_prediction\data\external\model2_supplementary\plantseg_selected\tomato_mosaic_virus\tomato_mosaic_virus_2.jpg,Training
2dbca3fcbc0404a40be1a4ca71ecf8dbe1fbd0b8c9fe52b12bfd179cc9dad867,2,False,tomato__yellow_leaf_curl_virus,tomato_yellow_leaf_curl_virus_1.jpg,C:\Users\vyasn\OneDrive\Desktop\Disease_prediction\data\external\model2_supplementary\plantseg_selected\tomato_yellow_leaf_curl_virus\tomato_yellow_leaf_curl_virus_1.jpg,Training
ed4cfb527f413d5652e8c04319764f5e1320fb5b2687ed13de0a1607a4280bf4,2,True,wheat__bacterial_leaf_streak_(black_chaff),wheat_bacterial_leaf_streak_(black_chaff)_Bing_0002.jpg,C:\Users\vyasn\OneDrive\Desktop\Disease_prediction\data\external\model2_supplementary\plantseg_selected\wheat_bacterial_leaf_streak_(black_chaff)\wheat_bacterial_leaf_streak_(black_chaff)_Bing_0002.jpg,Validation
ed4cfb527f413d5652e8c04319764f5e1320fb5b2687ed13de0a1607a4280bf4,2,False,wheat__septoria_blotch,wheat_septoria_blotch_blotch (23).jpg,C:\Users\vyasn\OneDrive\Desktop\Disease_prediction\data\external\model2_supplementary\plantseg_selected\wheat_septoria_blotch\wheat_septoria_blotch_blotch (23).jpg,Training
ff0bed5fb6df1c4400df342f879b896d422f72cb91113e1352d55e693fa2edd1,2,True,wheat__bacterial_leaf_streak_(black_chaff),wheat_bacterial_leaf_streak_(black_chaff)_Bing_0005.jpg,C:\Users\vyasn\OneDrive\Desktop\Disease_prediction\data\external\model2_supplementary\plantseg_selected\wheat_bacterial_leaf_streak_(black_chaff)\wheat_bacterial_leaf_streak_(black_chaff)_Bing_0005.jpg,Training
ff0bed5fb6df1c4400df342f879b896d422f72cb91113e1352d55e693fa2edd1,2,False,wheat__septoria_blotch,wheat_septoria_blotch_blotch (58).jpg,C:\Users\vyasn\OneDrive\Desktop\Disease_prediction\data\external\model2_supplementary\plantseg_selected\wheat_septoria_blotch\wheat_septoria_blotch_blotch (58).jpg,Validation
9396b9eb07036ff0aa24dc63b0e5c28889b98d0b2e8685f8c0b0b988b0cb43fc,3,True,wheat__bacterial_leaf_streak_(black_chaff),wheat_bacterial_leaf_streak_(black_chaff)_Bing_0006.jpg,C:\Users\vyasn\OneDrive\Desktop\Disease_prediction\data\external\model2_supplementary\plantseg_selected\wheat_bacterial_leaf_streak_(black_chaff)\wheat_bacterial_leaf_streak_(black_chaff)_Bing_0006.jpg,Training
9396b9eb07036ff0aa24dc63b0e5c28889b98d0b2e8685f8c0b0b988b0cb43fc,3,False,wheat__septoria_blotch,wheat_septoria_blotch_blotch (100).jpg,C:\Users\vyasn\OneDrive\Desktop\Disease_prediction\data\external\model2_supplementary\plantseg_selected\wheat_septoria_blotch\wheat_septoria_blotch_blotch (100).jpg,Training
9396b9eb07036ff0aa24dc63b0e5c28889b98d0b2e8685f8c0b0b988b0cb43fc,3,False,wheat__septoria_blotch,wheat_septoria_blotch_blotch (22).jpg,C:\Users\vyasn\OneDrive\Desktop\Disease_prediction\data\external\model2_supplementary\plantseg_selected\wheat_septoria_blotch\wheat_septoria_blotch_blotch (22).jpg,Test
8f5df50fdbb26ba95c635126f0b2afb4c755ffb6554a1e0c2b17dff99b47af83,2,True,wheat__bacterial_leaf_streak_(black_chaff),wheat_bacterial_leaf_streak_(black_chaff)_Bing_0023.jpg,C:\Users\vyasn\OneDrive\Desktop\Disease_prediction\data\external\model2_supplementary\plantseg_selected\wheat_bacterial_leaf_streak_(black_chaff)\wheat_bacterial_leaf_streak_(black_chaff)_Bing_0023.jpg,Training
8f5df50fdbb26ba95c635126f0b2afb4c755ffb6554a1e0c2b17dff99b47af83,2,False,wheat__septoria_blotch,wheat_septoria_blotch_blotch (71).jpg,C:\Users\vyasn\OneDrive\Desktop\Disease_prediction\data\external\model2_supplementary\plantseg_selected\wheat_septoria_blotch\wheat_septoria_blotch_blotch (71).jpg,Training
4f29947d3a6c9bb0154a01f62ba5391b38f1bac0151e1f049f28d108f4b741be,2,True,wheat__bacterial_leaf_streak_(black_chaff),wheat_bacterial_leaf_streak_(black_chaff)_black_chaff (24).jpg,C:\Users\vyasn\OneDrive\Desktop\Disease_prediction\data\external\model2_supplementary\plantseg_selected\wheat_bacterial_leaf_streak_(black_chaff)\wheat_bacterial_leaf_streak_(black_chaff)_black_chaff (24).jpg,Training
4f29947d3a6c9bb0154a01f62ba5391b38f1bac0151e1f049f28d108f4b741be,2,False,wheat__bacterial_leaf_streak_(black_chaff),wheat_bacterial_leaf_streak_(black_chaff)_google_black_chaff (1).jpg,C:\Users\vyasn\OneDrive\Desktop\Disease_prediction\data\external\model2_supplementary\plantseg_selected\wheat_bacterial_leaf_streak_(black_chaff)\wheat_bacterial_leaf_streak_(black_chaff)_google_black_chaff (1).jpg,Training
9c443f451a6a100d7153bd818e8e401ee3417bb142474b29ecfdb17ac68b7160,2,True,wheat__bacterial_leaf_streak_(black_chaff),wheat_bacterial_leaf_streak_(black_chaff)_Google_0141.jpg,C:\Users\vyasn\OneDrive\Desktop\Disease_prediction\data\external\model2_supplementary\plantseg_selected\wheat_bacterial_leaf_streak_(black_chaff)\wheat_bacterial_leaf_streak_(black_chaff)_Google_0141.jpg,Test
9c443f451a6a100d7153bd818e8e401ee3417bb142474b29ecfdb17ac68b7160,2,False,wheat__septoria_blotch,wheat_septoria_blotch_Google_0212.jpg,C:\Users\vyasn\OneDrive\Desktop\Disease_prediction\data\external\model2_supplementary\plantseg_selected\wheat_septoria_blotch\wheat_septoria_blotch_Google_0212.jpg,Validation
94db8e4fd30a151d7a800ce3f6e1e3188711e2ab931b087fcf453131587f0010,2,True,wheat__bacterial_leaf_streak_(black_chaff),wheat_bacterial_leaf_streak_(black_chaff)_Google_0363.jpg,C:\Users\vyasn\OneDrive\Desktop\Disease_prediction\data\external\model2_supplementary\plantseg_selected\wheat_bacterial_leaf_streak_(black_chaff)\wheat_bacterial_leaf_streak_(black_chaff)_Google_0363.jpg,Training
94db8e4fd30a151d7a800ce3f6e1e3188711e2ab931b087fcf453131587f0010,2,False,wheat__septoria_blotch,wheat_septoria_blotch_Google_0174.jpg,C:\Users\vyasn\OneDrive\Desktop\Disease_prediction\data\external\model2_supplementary\plantseg_selected\wheat_septoria_blotch\wheat_septoria_blotch_Google_0174.jpg,Test
5b2c69e59ebe95d7de19ba471d6ee47fc8997a792127cc5a9abbc80dbc6240dd,2,True,wheat__head_scab,wheat_head_scab_Baidu_0065.jpg,C:\Users\vyasn\OneDrive\Desktop\Disease_prediction\data\external\model2_supplementary\plantseg_selected\wheat_head_scab\wheat_head_scab_Baidu_0065.jpg,Test
5b2c69e59ebe95d7de19ba471d6ee47fc8997a792127cc5a9abbc80dbc6240dd,2,False,wheat__head_scab,wheat_head_scab_Baidu_0291.jpg,C:\Users\vyasn\OneDrive\Desktop\Disease_prediction\data\external\model2_supplementary\plantseg_selected\wheat_head_scab\wheat_head_scab_Baidu_0291.jpg,Training
e442438cf8a34066cccc99deee859584a4fb6d4a75450eabdd6349ee0950ab1d,2,True,wheat__head_scab,wheat_head_scab_Baidu_0085.jpg,C:\Users\vyasn\OneDrive\Desktop\Disease_prediction\data\external\model2_supplementary\plantseg_selected\wheat_head_scab\wheat_head_scab_Baidu_0085.jpg,Training
e442438cf8a34066cccc99deee859584a4fb6d4a75450eabdd6349ee0950ab1d,2,False,wheat__head_scab,wheat_head_scab_Baidu_0298.jpg,C:\Users\vyasn\OneDrive\Desktop\Disease_prediction\data\external\model2_supplementary\plantseg_selected\wheat_head_scab\wheat_head_scab_Baidu_0298.jpg,Validation
529075c316c1fdd13c2b402e1fae74d8370782d75d37d1957e1037dc962df6aa,2,True,wheat__head_scab,wheat_head_scab_Baidu_0091.jpg,C:\Users\vyasn\OneDrive\Desktop\Disease_prediction\data\external\model2_supplementary\plantseg_selected\wheat_head_scab\wheat_head_scab_Baidu_0091.jpg,Training
529075c316c1fdd13c2b402e1fae74d8370782d75d37d1957e1037dc962df6aa,2,False,wheat__head_scab,wheat_head_scab_Baidu_0094.jpg,C:\Users\vyasn\OneDrive\Desktop\Disease_prediction\data\external\model2_supplementary\plantseg_selected\wheat_head_scab\wheat_head_scab_Baidu_0094.jpg,Training
9fe3ea8f4588f9840cd7efe0563a2ed6a948cdaacec1ecfb3b37f5e21e880935,2,True,wheat__head_scab,wheat_head_scab_Baidu_0092.jpg,C:\Users\vyasn\OneDrive\Desktop\Disease_prediction\data\external\model2_supplementary\plantseg_selected\wheat_head_scab\wheat_head_scab_Baidu_0092.jpg,Training
9fe3ea8f4588f9840cd7efe0563a2ed6a948cdaacec1ecfb3b37f5e21e880935,2,False,wheat__head_scab,wheat_head_scab_Baidu_0095.jpg,C:\Users\vyasn\OneDrive\Desktop\Disease_prediction\data\external\model2_supplementary\plantseg_selected\wheat_head_scab\wheat_head_scab_Baidu_0095.jpg,Training
571daad7dc5a57e8a7f8fcc92af51d37d3c2bba4524990dd2d31a828a8418845,2,True,wheat__head_scab,wheat_head_scab_Baidu_0131.jpg,C:\Users\vyasn\OneDrive\Desktop\Disease_prediction\data\external\model2_supplementary\plantseg_selected\wheat_head_scab\wheat_head_scab_Baidu_0131.jpg,Training
571daad7dc5a57e8a7f8fcc92af51d37d3c2bba4524990dd2d31a828a8418845,2,False,wheat__head_scab,wheat_head_scab_Baidu_0364.jpg,C:\Users\vyasn\OneDrive\Desktop\Disease_prediction\data\external\model2_supplementary\plantseg_selected\wheat_head_scab\wheat_head_scab_Baidu_0364.jpg,Training
f5ba222630daf7ac06d696e8f30cbdb9b509d3ea03eb3f82929299f78d2346c3,2,True,wheat__head_scab,wheat_head_scab_Baidu_0137.jpg,C:\Users\vyasn\OneDrive\Desktop\Disease_prediction\data\external\model2_supplementary\plantseg_selected\wheat_head_scab\wheat_head_scab_Baidu_0137.jpg,Test
f5ba222630daf7ac06d696e8f30cbdb9b509d3ea03eb3f82929299f78d2346c3,2,False,wheat__head_scab,wheat_head_scab_Baidu_0297.jpg,C:\Users\vyasn\OneDrive\Desktop\Disease_prediction\data\external\model2_supplementary\plantseg_selected\wheat_head_scab\wheat_head_scab_Baidu_0297.jpg,Test
59665ec56a977fd034419962b50432114c5c64cb91e1df7abb431718d968b96b,2,True,wheat__head_scab,wheat_head_scab_Baidu_0192.jpg,C:\Users\vyasn\OneDrive\Desktop\Disease_prediction\data\external\model2_supplementary\plantseg_selected\wheat_head_scab\wheat_head_scab_Baidu_0192.jpg,Training
59665ec56a977fd034419962b50432114c5c64cb91e1df7abb431718d968b96b,2,False,wheat__head_scab,wheat_head_scab_Baidu_0289.jpg,C:\Users\vyasn\OneDrive\Desktop\Disease_prediction\data\external\model2_supplementary\plantseg_selected\wheat_head_scab\wheat_head_scab_Baidu_0289.jpg,Training
5bdf10f718b3494ec8393f65dc03c07388907de202c73e092271e93058a9e702,2,True,wheat__head_scab,wheat_head_scab_Baidu_0194.jpg,C:\Users\vyasn\OneDrive\Desktop\Disease_prediction\data\external\model2_supplementary\plantseg_selected\wheat_head_scab\wheat_head_scab_Baidu_0194.jpg,Training
5bdf10f718b3494ec8393f65dc03c07388907de202c73e092271e93058a9e702,2,False,wheat__head_scab,wheat_head_scab_Baidu_0296.jpg,C:\Users\vyasn\OneDrive\Desktop\Disease_prediction\data\external\model2_supplementary\plantseg_selected\wheat_head_scab\wheat_head_scab_Baidu_0296.jpg,Training
0db2293af54add560652ddcfb4edd5a3653de393818b4ca698e8ba823cce5615,2,True,wheat__head_scab,wheat_head_scab_Baidu_0197.jpg,C:\Users\vyasn\OneDrive\Desktop\Disease_prediction\data\external\model2_supplementary\plantseg_selected\wheat_head_scab\wheat_head_scab_Baidu_0197.jpg,Training
0db2293af54add560652ddcfb4edd5a3653de393818b4ca698e8ba823cce5615,2,False,wheat__head_scab,wheat_head_scab_Baidu_0303.jpg,C:\Users\vyasn\OneDrive\Desktop\Disease_prediction\data\external\model2_supplementary\plantseg_selected\wheat_head_scab\wheat_head_scab_Baidu_0303.jpg,Training
d29e0d15b76672bd6e3d9b38cfc7179f6c50ac428a15edf12e26cdb564c96a21,2,True,wheat__head_scab,wheat_head_scab_Baidu_0202.jpg,C:\Users\vyasn\OneDrive\Desktop\Disease_prediction\data\external\model2_supplementary\plantseg_selected\wheat_head_scab\wheat_head_scab_Baidu_0202.jpg,Training
d29e0d15b76672bd6e3d9b38cfc7179f6c50ac428a15edf12e26cdb564c96a21,2,False,wheat__head_scab,wheat_head_scab_Baidu_0310.jpg,C:\Users\vyasn\OneDrive\Desktop\Disease_prediction\data\external\model2_supplementary\plantseg_selected\wheat_head_scab\wheat_head_scab_Baidu_0310.jpg,Test
e1fe7c4345d635f739eb983b9c29940022d1f7ea07ea4d2f5241d829453369a3,2,True,wheat__head_scab,wheat_head_scab_Baidu_0215.jpg,C:\Users\vyasn\OneDrive\Desktop\Disease_prediction\data\external\model2_supplementary\plantseg_selected\wheat_head_scab\wheat_head_scab_Baidu_0215.jpg,Training
e1fe7c4345d635f739eb983b9c29940022d1f7ea07ea4d2f5241d829453369a3,2,False,wheat__head_scab,wheat_head_scab_Baidu_0322.jpg,C:\Users\vyasn\OneDrive\Desktop\Disease_prediction\data\external\model2_supplementary\plantseg_selected\wheat_head_scab\wheat_head_scab_Baidu_0322.jpg,Training
9ca548b3456c9e2d436b82db0f32436decd5c8d6fc7a0aec6fc10e531b8e6d65,2,True,wheat__head_scab,wheat_head_scab_Baidu_0231.jpg,C:\Users\vyasn\OneDrive\Desktop\Disease_prediction\data\external\model2_supplementary\plantseg_selected\wheat_head_scab\wheat_head_scab_Baidu_0231.jpg,Validation
9ca548b3456c9e2d436b82db0f32436decd5c8d6fc7a0aec6fc10e531b8e6d65,2,False,wheat__head_scab,wheat_head_scab_Baidu_0344.jpg,C:\Users\vyasn\OneDrive\Desktop\Disease_prediction\data\external\model2_supplementary\plantseg_selected\wheat_head_scab\wheat_head_scab_Baidu_0344.jpg,Training
68680257f91fadd2b080956269eb57ac12108efcb17fc39621a00a9e0c7fafff,2,True,wheat__head_scab,wheat_head_scab_Baidu_0247.jpg,C:\Users\vyasn\OneDrive\Desktop\Disease_prediction\data\external\model2_supplementary\plantseg_selected\wheat_head_scab\wheat_head_scab_Baidu_0247.jpg,Training
68680257f91fadd2b080956269eb57ac12108efcb17fc39621a00a9e0c7fafff,2,False,wheat__head_scab,wheat_head_scab_Baidu_0368.jpg,C:\Users\vyasn\OneDrive\Desktop\Disease_prediction\data\external\model2_supplementary\plantseg_selected\wheat_head_scab\wheat_head_scab_Baidu_0368.jpg,Test
40efce617ff39f9f1988e2d104b6d294d69660226012236a8a6226ca4b523cf4,2,True,wheat__head_scab,wheat_head_scab_Baidu_0254.jpg,C:\Users\vyasn\OneDrive\Desktop\Disease_prediction\data\external\model2_supplementary\plantseg_selected\wheat_head_scab\wheat_head_scab_Baidu_0254.jpg,Training
40efce617ff39f9f1988e2d104b6d294d69660226012236a8a6226ca4b523cf4,2,False,wheat__head_scab,wheat_head_scab_Baidu_0380.jpg,C:\Users\vyasn\OneDrive\Desktop\Disease_prediction\data\external\model2_supplementary\plantseg_selected\wheat_head_scab\wheat_head_scab_Baidu_0380.jpg,Training
64224c61dface794c4f5979f49cec1ab202d8c4f276d99ae977e427cfef80d63,2,True,wheat__head_scab,wheat_head_scab_Baidu_0257.jpg,C:\Users\vyasn\OneDrive\Desktop\Disease_prediction\data\external\model2_supplementary\plantseg_selected\wheat_head_scab\wheat_head_scab_Baidu_0257.jpg,Training
64224c61dface794c4f5979f49cec1ab202d8c4f276d99ae977e427cfef80d63,2,False,wheat__head_scab,wheat_head_scab_Baidu_0383.jpg,C:\Users\vyasn\OneDrive\Desktop\Disease_prediction\data\external\model2_supplementary\plantseg_selected\wheat_head_scab\wheat_head_scab_Baidu_0383.jpg,Training
43c6e137f5b575443d0163f2d7c9fc20629dfb130bb02cf3843c2ec8a1c9aec2,2,True,wheat__head_scab,wheat_head_scab_Baidu_0271.jpg,C:\Users\vyasn\OneDrive\Desktop\Disease_prediction\data\external\model2_supplementary\plantseg_selected\wheat_head_scab\wheat_head_scab_Baidu_0271.jpg,Training
43c6e137f5b575443d0163f2d7c9fc20629dfb130bb02cf3843c2ec8a1c9aec2,2,False,wheat__head_scab,wheat_head_scab_Baidu_0394.jpg,C:\Users\vyasn\OneDrive\Desktop\Disease_prediction\data\external\model2_supplementary\plantseg_selected\wheat_head_scab\wheat_head_scab_Baidu_0394.jpg,Validation
87ce99897f7450671ca6ddc32d8171444e4adbae3903532f14099854bfc46eb5,2,True,wheat__head_scab,wheat_head_scab_Baidu_0276.jpg,C:\Users\vyasn\OneDrive\Desktop\Disease_prediction\data\external\model2_supplementary\plantseg_selected\wheat_head_scab\wheat_head_scab_Baidu_0276.jpg,Training
87ce99897f7450671ca6ddc32d8171444e4adbae3903532f14099854bfc46eb5,2,False,wheat__head_scab,wheat_head_scab_Baidu_0399.jpg,C:\Users\vyasn\OneDrive\Desktop\Disease_prediction\data\external\model2_supplementary\plantseg_selected\wheat_head_scab\wheat_head_scab_Baidu_0399.jpg,Training
40de3ac854a0c409e0ab3a00bf887d9a7f578e6af165fb6a0570a6f54bd0325e,2,True,wheat__head_scab,wheat_head_scab_Baidu_0281.jpg,C:\Users\vyasn\OneDrive\Desktop\Disease_prediction\data\external\model2_supplementary\plantseg_selected\wheat_head_scab\wheat_head_scab_Baidu_0281.jpg,Test
40de3ac854a0c409e0ab3a00bf887d9a7f578e6af165fb6a0570a6f54bd0325e,2,False,wheat__head_scab,wheat_head_scab_Baidu_0403.jpg,C:\Users\vyasn\OneDrive\Desktop\Disease_prediction\data\external\model2_supplementary\plantseg_selected\wheat_head_scab\wheat_head_scab_Baidu_0403.jpg,Training
612944e8ccb16492bc97c41e1d88fb4e995045938abfc24b5423e5697e72767b,2,True,wheat__head_scab,wheat_head_scab_Baidu_0282.jpg,C:\Users\vyasn\OneDrive\Desktop\Disease_prediction\data\external\model2_supplementary\plantseg_selected\wheat_head_scab\wheat_head_scab_Baidu_0282.jpg,Validation
612944e8ccb16492bc97c41e1d88fb4e995045938abfc24b5423e5697e72767b,2,False,wheat__head_scab,wheat_head_scab_Baidu_0404.jpg,C:\Users\vyasn\OneDrive\Desktop\Disease_prediction\data\external\model2_supplementary\plantseg_selected\wheat_head_scab\wheat_head_scab_Baidu_0404.jpg,Test
ac485dccd32277f7246543791b45054252b7151f81dd1ad749d737ed1fa4c97f,3,True,wheat__head_scab,wheat_head_scab_Bing_0008.jpg,C:\Users\vyasn\OneDrive\Desktop\Disease_prediction\data\external\model2_supplementary\plantseg_selected\wheat_head_scab\wheat_head_scab_Bing_0008.jpg,Training
ac485dccd32277f7246543791b45054252b7151f81dd1ad749d737ed1fa4c97f,3,False,wheat__head_scab,wheat_head_scab_Bing_0202.jpg,C:\Users\vyasn\OneDrive\Desktop\Disease_prediction\data\external\model2_supplementary\plantseg_selected\wheat_head_scab\wheat_head_scab_Bing_0202.jpg,Training
ac485dccd32277f7246543791b45054252b7151f81dd1ad749d737ed1fa4c97f,3,False,wheat__head_scab,wheat_head_scab_Google_0259.jpg,C:\Users\vyasn\OneDrive\Desktop\Disease_prediction\data\external\model2_supplementary\plantseg_selected\wheat_head_scab\wheat_head_scab_Google_0259.jpg,Validation
ff98fe7df3028aec8eb9b1b0b3187a2fca640edba849f76513d0db8df9b4dcc6,2,True,wheat__head_scab,wheat_head_scab_Bing_0013.jpg,C:\Users\vyasn\OneDrive\Desktop\Disease_prediction\data\external\model2_supplementary\plantseg_selected\wheat_head_scab\wheat_head_scab_Bing_0013.jpg,Training
ff98fe7df3028aec8eb9b1b0b3187a2fca640edba849f76513d0db8df9b4dcc6,2,False,wheat__head_scab,wheat_head_scab_Google_0027.jpg,C:\Users\vyasn\OneDrive\Desktop\Disease_prediction\data\external\model2_supplementary\plantseg_selected\wheat_head_scab\wheat_head_scab_Google_0027.jpg,Training
1eedeb978ce4fcbad8b6d0fabeb15f33b9d8cd2359929cebcf102e50dc1faa25,2,True,wheat__head_scab,wheat_head_scab_Bing_0014.jpg,C:\Users\vyasn\OneDrive\Desktop\Disease_prediction\data\external\model2_supplementary\plantseg_selected\wheat_head_scab\wheat_head_scab_Bing_0014.jpg,Training
1eedeb978ce4fcbad8b6d0fabeb15f33b9d8cd2359929cebcf102e50dc1faa25,2,False,wheat__head_scab,wheat_head_scab_Bing_0206.jpg,C:\Users\vyasn\OneDrive\Desktop\Disease_prediction\data\external\model2_supplementary\plantseg_selected\wheat_head_scab\wheat_head_scab_Bing_0206.jpg,Test
0eaf358d7bb13708a7749b78337ba209efd5375d5678bb60bc05fa3951fce76f,2,True,wheat__head_scab,wheat_head_scab_Bing_0023.jpg,C:\Users\vyasn\OneDrive\Desktop\Disease_prediction\data\external\model2_supplementary\plantseg_selected\wheat_head_scab\wheat_head_scab_Bing_0023.jpg,Test
0eaf358d7bb13708a7749b78337ba209efd5375d5678bb60bc05fa3951fce76f,2,False,wheat__head_scab,wheat_head_scab_Bing_0156.jpg,C:\Users\vyasn\OneDrive\Desktop\Disease_prediction\data\external\model2_supplementary\plantseg_selected\wheat_head_scab\wheat_head_scab_Bing_0156.jpg,Training
c8122235e62f64037a3c92386353afc68a20aa8fbc1fb467602f9232457656ae,3,True,wheat__head_scab,wheat_head_scab_Bing_0025.jpg,C:\Users\vyasn\OneDrive\Desktop\Disease_prediction\data\external\model2_supplementary\plantseg_selected\wheat_head_scab\wheat_head_scab_Bing_0025.jpg,Training
c8122235e62f64037a3c92386353afc68a20aa8fbc1fb467602f9232457656ae,3,False,wheat__head_scab,wheat_head_scab_Bing_0097.jpg,C:\Users\vyasn\OneDrive\Desktop\Disease_prediction\data\external\model2_supplementary\plantseg_selected\wheat_head_scab\wheat_head_scab_Bing_0097.jpg,Training
c8122235e62f64037a3c92386353afc68a20aa8fbc1fb467602f9232457656ae,3,False,wheat__head_scab,wheat_head_scab_Google_0057.jpg,C:\Users\vyasn\OneDrive\Desktop\Disease_prediction\data\external\model2_supplementary\plantseg_selected\wheat_head_scab\wheat_head_scab_Google_0057.jpg,Test
444084a7a78db548f3f5793a59b78ea9f04a1b77885eddc8419f81f5bbd474fc,2,True,wheat__head_scab,wheat_head_scab_Bing_0036.jpg,C:\Users\vyasn\OneDrive\Desktop\Disease_prediction\data\external\model2_supplementary\plantseg_selected\wheat_head_scab\wheat_head_scab_Bing_0036.jpg,Training
444084a7a78db548f3f5793a59b78ea9f04a1b77885eddc8419f81f5bbd474fc,2,False,wheat__head_scab,wheat_head_scab_Bing_0144.jpg,C:\Users\vyasn\OneDrive\Desktop\Disease_prediction\data\external\model2_supplementary\plantseg_selected\wheat_head_scab\wheat_head_scab_Bing_0144.jpg,Training
a9a7a1d105a34fe30f89288dc9b19b6a3e743402bd97dc8d006ea665a759295d,2,True,wheat__head_scab,wheat_head_scab_Bing_0039.jpg,C:\Users\vyasn\OneDrive\Desktop\Disease_prediction\data\external\model2_supplementary\plantseg_selected\wheat_head_scab\wheat_head_scab_Bing_0039.jpg,Training
a9a7a1d105a34fe30f89288dc9b19b6a3e743402bd97dc8d006ea665a759295d,2,False,wheat__head_scab,wheat_head_scab_Bing_0232.jpg,C:\Users\vyasn\OneDrive\Desktop\Disease_prediction\data\external\model2_supplementary\plantseg_selected\wheat_head_scab\wheat_head_scab_Bing_0232.jpg,Training
f144ffdff2c690492f0e21244aebf6270fe54a7d03c1f715fbfb8ffcdab4ed2c,2,True,wheat__head_scab,wheat_head_scab_Bing_0040.jpg,C:\Users\vyasn\OneDrive\Desktop\Disease_prediction\data\external\model2_supplementary\plantseg_selected\wheat_head_scab\wheat_head_scab_Bing_0040.jpg,Test
f144ffdff2c690492f0e21244aebf6270fe54a7d03c1f715fbfb8ffcdab4ed2c,2,False,wheat__head_scab,wheat_head_scab_Bing_0229.jpg,C:\Users\vyasn\OneDrive\Desktop\Disease_prediction\data\external\model2_supplementary\plantseg_selected\wheat_head_scab\wheat_head_scab_Bing_0229.jpg,Training
18e3ea9d29778bf9d0363fd35051ac1d28fc6647f38afff498a310ccdd87ef68,2,True,wheat__head_scab,wheat_head_scab_Bing_0043.jpg,C:\Users\vyasn\OneDrive\Desktop\Disease_prediction\data\external\model2_supplementary\plantseg_selected\wheat_head_scab\wheat_head_scab_Bing_0043.jpg,Test
18e3ea9d29778bf9d0363fd35051ac1d28fc6647f38afff498a310ccdd87ef68,2,False,wheat__head_scab,wheat_head_scab_Bing_0109.jpg,C:\Users\vyasn\OneDrive\Desktop\Disease_prediction\data\external\model2_supplementary\plantseg_selected\wheat_head_scab\wheat_head_scab_Bing_0109.jpg,Training
5bd879999c67dcacd45dec46e005f519b5dc334ee52938a28973fd95d38ec193,2,True,wheat__head_scab,wheat_head_scab_Bing_0051.jpg,C:\Users\vyasn\OneDrive\Desktop\Disease_prediction\data\external\model2_supplementary\plantseg_selected\wheat_head_scab\wheat_head_scab_Bing_0051.jpg,Training
5bd879999c67dcacd45dec46e005f519b5dc334ee52938a28973fd95d38ec193,2,False,wheat__head_scab,wheat_head_scab_Bing_0102.jpg,C:\Users\vyasn\OneDrive\Desktop\Disease_prediction\data\external\model2_supplementary\plantseg_selected\wheat_head_scab\wheat_head_scab_Bing_0102.jpg,Training
de7ffb847dbaf396d086b6523ce926d576df6fe2b134cfd0e89e758163690e8c,2,True,wheat__head_scab,wheat_head_scab_Bing_0052.jpg,C:\Users\vyasn\OneDrive\Desktop\Disease_prediction\data\external\model2_supplementary\plantseg_selected\wheat_head_scab\wheat_head_scab_Bing_0052.jpg,Training
de7ffb847dbaf396d086b6523ce926d576df6fe2b134cfd0e89e758163690e8c,2,False,wheat__head_scab,wheat_head_scab_Google_0034.jpg,C:\Users\vyasn\OneDrive\Desktop\Disease_prediction\data\external\model2_supplementary\plantseg_selected\wheat_head_scab\wheat_head_scab_Google_0034.jpg,Test
4d32c1aab3c97334d717bcb157709117303c184ac26ab83a537be72f3c3eb9b4,2,True,wheat__head_scab,wheat_head_scab_Bing_0056.jpg,C:\Users\vyasn\OneDrive\Desktop\Disease_prediction\data\external\model2_supplementary\plantseg_selected\wheat_head_scab\wheat_head_scab_Bing_0056.jpg,Training
4d32c1aab3c97334d717bcb157709117303c184ac26ab83a537be72f3c3eb9b4,2,False,wheat__head_scab,wheat_head_scab_Bing_0211.jpg,C:\Users\vyasn\OneDrive\Desktop\Disease_prediction\data\external\model2_supplementary\plantseg_selected\wheat_head_scab\wheat_head_scab_Bing_0211.jpg,Training
52198bd0224654d18148c05077e8a785af57e4ea4482a15f43b12aa8731aaf05,2,True,wheat__head_scab,wheat_head_scab_Bing_0067.jpg,C:\Users\vyasn\OneDrive\Desktop\Disease_prediction\data\external\model2_supplementary\plantseg_selected\wheat_head_scab\wheat_head_scab_Bing_0067.jpg,Training
52198bd0224654d18148c05077e8a785af57e4ea4482a15f43b12aa8731aaf05,2,False,wheat__head_scab,wheat_head_scab_Bing_0132.jpg,C:\Users\vyasn\OneDrive\Desktop\Disease_prediction\data\external\model2_supplementary\plantseg_selected\wheat_head_scab\wheat_head_scab_Bing_0132.jpg,Training
d465878d5b596677dbcfbddc08ac7b269e3cd5b5c570201e3761247f11f1b293,2,True,wheat__head_scab,wheat_head_scab_Bing_0069.jpg,C:\Users\vyasn\OneDrive\Desktop\Disease_prediction\data\external\model2_supplementary\plantseg_selected\wheat_head_scab\wheat_head_scab_Bing_0069.jpg,Training
d465878d5b596677dbcfbddc08ac7b269e3cd5b5c570201e3761247f11f1b293,2,False,wheat__head_scab,wheat_head_scab_Bing_0118.jpg,C:\Users\vyasn\OneDrive\Desktop\Disease_prediction\data\external\model2_supplementary\plantseg_selected\wheat_head_scab\wheat_head_scab_Bing_0118.jpg,Training
d0301e8451e790cde54357af0e5d132e82c8c7de0c8023fad536924170a48995,2,True,wheat__head_scab,wheat_head_scab_Bing_0100.jpg,C:\Users\vyasn\OneDrive\Desktop\Disease_prediction\data\external\model2_supplementary\plantseg_selected\wheat_head_scab\wheat_head_scab_Bing_0100.jpg,Training
d0301e8451e790cde54357af0e5d132e82c8c7de0c8023fad536924170a48995,2,False,wheat__head_scab,wheat_head_scab_Google_0105.jpg,C:\Users\vyasn\OneDrive\Desktop\Disease_prediction\data\external\model2_supplementary\plantseg_selected\wheat_head_scab\wheat_head_scab_Google_0105.jpg,Training
2b7369b3cbd11f964ce36c6a01184f90a6c63c5c511097d0767e078572de8abe,2,True,wheat__head_scab,wheat_head_scab_Bing_0129.jpg,C:\Users\vyasn\OneDrive\Desktop\Disease_prediction\data\external\model2_supplementary\plantseg_selected\wheat_head_scab\wheat_head_scab_Bing_0129.jpg,Training
2b7369b3cbd11f964ce36c6a01184f90a6c63c5c511097d0767e078572de8abe,2,False,wheat__head_scab,wheat_head_scab_Google_0088.jpg,C:\Users\vyasn\OneDrive\Desktop\Disease_prediction\data\external\model2_supplementary\plantseg_selected\wheat_head_scab\wheat_head_scab_Google_0088.jpg,Training
a818d58d3fdedd2872c8cd7f189843c27dabcf1ac4b21e00aab4772b981dc1fa,2,True,wheat__head_scab,wheat_head_scab_Bing_0145.jpg,C:\Users\vyasn\OneDrive\Desktop\Disease_prediction\data\external\model2_supplementary\plantseg_selected\wheat_head_scab\wheat_head_scab_Bing_0145.jpg,Validation
a818d58d3fdedd2872c8cd7f189843c27dabcf1ac4b21e00aab4772b981dc1fa,2,False,wheat__head_scab,wheat_head_scab_Google_0083.jpg,C:\Users\vyasn\OneDrive\Desktop\Disease_prediction\data\external\model2_supplementary\plantseg_selected\wheat_head_scab\wheat_head_scab_Google_0083.jpg,Test
fc6e1bc31178d302b7c96fd512589a2ee53a9e08f0b8c7bc04cd8a960efe3b53,2,True,wheat__head_scab,wheat_head_scab_Bing_0175.jpg,C:\Users\vyasn\OneDrive\Desktop\Disease_prediction\data\external\model2_supplementary\plantseg_selected\wheat_head_scab\wheat_head_scab_Bing_0175.jpg,Training
fc6e1bc31178d302b7c96fd512589a2ee53a9e08f0b8c7bc04cd8a960efe3b53,2,False,wheat__head_scab,wheat_head_scab_Google_0196.jpg,C:\Users\vyasn\OneDrive\Desktop\Disease_prediction\data\external\model2_supplementary\plantseg_selected\wheat_head_scab\wheat_head_scab_Google_0196.jpg,Training
3994aade5aa29709f03460dd77f164aad89de54b3809dfc8f51a4232df10119d,2,True,wheat__head_scab,wheat_head_scab_Bing_0219.jpg,C:\Users\vyasn\OneDrive\Desktop\Disease_prediction\data\external\model2_supplementary\plantseg_selected\wheat_head_scab\wheat_head_scab_Bing_0219.jpg,Test
3994aade5aa29709f03460dd77f164aad89de54b3809dfc8f51a4232df10119d,2,False,wheat__head_scab,wheat_head_scab_Google_0229.jpg,C:\Users\vyasn\OneDrive\Desktop\Disease_prediction\data\external\model2_supplementary\plantseg_selected\wheat_head_scab\wheat_head_scab_Google_0229.jpg,Training
e4cba7d8076a2c149d5e5378dde8d5ae952d90eaf1d089cf9ef18a37bab99947,2,True,wheat__leaf_rust,wheat_leaf_rust_Baidu_0088.jpg,C:\Users\vyasn\OneDrive\Desktop\Disease_prediction\data\external\model2_supplementary\plantseg_selected\wheat_leaf_rust\wheat_leaf_rust_Baidu_0088.jpg,Test
e4cba7d8076a2c149d5e5378dde8d5ae952d90eaf1d089cf9ef18a37bab99947,2,False,wheat__leaf_rust,wheat_leaf_rust_Baidu_0197.jpg,C:\Users\vyasn\OneDrive\Desktop\Disease_prediction\data\external\model2_supplementary\plantseg_selected\wheat_leaf_rust\wheat_leaf_rust_Baidu_0197.jpg,Training
5750d27853338e7449fb3d3cbdc8c63c4049175bbd7e065c44c97a18144e6635,2,True,wheat__leaf_rust,wheat_leaf_rust_Bing_0001.jpg,C:\Users\vyasn\OneDrive\Desktop\Disease_prediction\data\external\model2_supplementary\plantseg_selected\wheat_leaf_rust\wheat_leaf_rust_Bing_0001.jpg,Training
5750d27853338e7449fb3d3cbdc8c63c4049175bbd7e065c44c97a18144e6635,2,False,wheat__leaf_rust,wheat_leaf_rust_Google_0000.jpg,C:\Users\vyasn\OneDrive\Desktop\Disease_prediction\data\external\model2_supplementary\plantseg_selected\wheat_leaf_rust\wheat_leaf_rust_Google_0000.jpg,Validation
cdc9a558bdb8b5e834fe601cd080635ec169801dd3e3277bb3ab93a8784a3370,2,True,wheat__leaf_rust,wheat_leaf_rust_Bing_0009.jpg,C:\Users\vyasn\OneDrive\Desktop\Disease_prediction\data\external\model2_supplementary\plantseg_selected\wheat_leaf_rust\wheat_leaf_rust_Bing_0009.jpg,Training
cdc9a558bdb8b5e834fe601cd080635ec169801dd3e3277bb3ab93a8784a3370,2,False,wheat__stripe_rust,wheat_stripe_rust_Bing_0028.jpg,C:\Users\vyasn\OneDrive\Desktop\Disease_prediction\data\external\model2_supplementary\plantseg_selected\wheat_stripe_rust\wheat_stripe_rust_Bing_0028.jpg,Training
ebaf6622e255911d0e7a458900984e7b28ce9763b3d58b9582530dbf796514db,2,True,wheat__leaf_rust,wheat_leaf_rust_Bing_0037.jpg,C:\Users\vyasn\OneDrive\Desktop\Disease_prediction\data\external\model2_supplementary\plantseg_selected\wheat_leaf_rust\wheat_leaf_rust_Bing_0037.jpg,Validation
ebaf6622e255911d0e7a458900984e7b28ce9763b3d58b9582530dbf796514db,2,False,wheat__leaf_rust,wheat_leaf_rust_Google_0079.jpg,C:\Users\vyasn\OneDrive\Desktop\Disease_prediction\data\external\model2_supplementary\plantseg_selected\wheat_leaf_rust\wheat_leaf_rust_Google_0079.jpg,Training
e9300be337bb7e33ea852a5198995ee0d0afc08b200e672ac51cc53c051e02ba,2,True,wheat__leaf_rust,wheat_leaf_rust_Bing_0043.jpg,C:\Users\vyasn\OneDrive\Desktop\Disease_prediction\data\external\model2_supplementary\plantseg_selected\wheat_leaf_rust\wheat_leaf_rust_Bing_0043.jpg,Training
e9300be337bb7e33ea852a5198995ee0d0afc08b200e672ac51cc53c051e02ba,2,False,wheat__stripe_rust,wheat_stripe_rust_Google_0307.jpg,C:\Users\vyasn\OneDrive\Desktop\Disease_prediction\data\external\model2_supplementary\plantseg_selected\wheat_stripe_rust\wheat_stripe_rust_Google_0307.jpg,Training
ab494848c3e58e33dd0bfb6b0c3f6dfa16c94b3184d0b564e44c5ab919a7cbfe,2,True,wheat__leaf_rust,wheat_leaf_rust_Google_0066.jpg,C:\Users\vyasn\OneDrive\Desktop\Disease_prediction\data\external\model2_supplementary\plantseg_selected\wheat_leaf_rust\wheat_leaf_rust_Google_0066.jpg,Training
ab494848c3e58e33dd0bfb6b0c3f6dfa16c94b3184d0b564e44c5ab919a7cbfe,2,False,wheat__stripe_rust,wheat_stripe_rust_Google_0147.jpg,C:\Users\vyasn\OneDrive\Desktop\Disease_prediction\data\external\model2_supplementary\plantseg_selected\wheat_stripe_rust\wheat_stripe_rust_Google_0147.jpg,Training
515c1fbd2ecaf738603a73d2b320ca3ad6da6622fdd0429c1e51e356e186d90a,2,True,wheat__leaf_rust,wheat_leaf_rust_Google_0355.jpg,C:\Users\vyasn\OneDrive\Desktop\Disease_prediction\data\external\model2_supplementary\plantseg_selected\wheat_leaf_rust\wheat_leaf_rust_Google_0355.jpg,Training
515c1fbd2ecaf738603a73d2b320ca3ad6da6622fdd0429c1e51e356e186d90a,2,False,wheat__stripe_rust,wheat_stripe_rust_Bing_0247.jpg,C:\Users\vyasn\OneDrive\Desktop\Disease_prediction\data\external\model2_supplementary\plantseg_selected\wheat_stripe_rust\wheat_stripe_rust_Bing_0247.jpg,Validation
c839cee887b50d6944052f7300b6a9eac7f791f103f1e8f44a22edc84d3706c3,2,True,wheat__leaf_rust,wheat_leaf_rust_Google_0374.jpg,C:\Users\vyasn\OneDrive\Desktop\Disease_prediction\data\external\model2_supplementary\plantseg_selected\wheat_leaf_rust\wheat_leaf_rust_Google_0374.jpg,Test
c839cee887b50d6944052f7300b6a9eac7f791f103f1e8f44a22edc84d3706c3,2,False,wheat__stripe_rust,wheat_stripe_rust_Google_0123.jpg,C:\Users\vyasn\OneDrive\Desktop\Disease_prediction\data\external\model2_supplementary\plantseg_selected\wheat_stripe_rust\wheat_stripe_rust_Google_0123.jpg,Training
9489c95737722725cdd4ed78e0447f04a04c2391daf27854f07dcedb0604ec82,3,True,wheat__loose_smut,wheat_loose_smut_Bing_0008.jpg,C:\Users\vyasn\OneDrive\Desktop\Disease_prediction\data\external\model2_supplementary\plantseg_selected\wheat_loose_smut\wheat_loose_smut_Bing_0008.jpg,Test
9489c95737722725cdd4ed78e0447f04a04c2391daf27854f07dcedb0604ec82,3,False,wheat__loose_smut,wheat_loose_smut_Bing_0104.jpg,C:\Users\vyasn\OneDrive\Desktop\Disease_prediction\data\external\model2_supplementary\plantseg_selected\wheat_loose_smut\wheat_loose_smut_Bing_0104.jpg,Training
9489c95737722725cdd4ed78e0447f04a04c2391daf27854f07dcedb0604ec82,3,False,wheat__loose_smut,wheat_loose_smut_Bing_0129.jpg,C:\Users\vyasn\OneDrive\Desktop\Disease_prediction\data\external\model2_supplementary\plantseg_selected\wheat_loose_smut\wheat_loose_smut_Bing_0129.jpg,Training
c723d67c8ef5c739d21e9495c05fad74b04df1cd3acf9d68e815e8fb2270ce72,2,True,wheat__loose_smut,wheat_loose_smut_Bing_0014.jpg,C:\Users\vyasn\OneDrive\Desktop\Disease_prediction\data\external\model2_supplementary\plantseg_selected\wheat_loose_smut\wheat_loose_smut_Bing_0014.jpg,Validation
c723d67c8ef5c739d21e9495c05fad74b04df1cd3acf9d68e815e8fb2270ce72,2,False,wheat__loose_smut,wheat_loose_smut_Google_0002.jpg,C:\Users\vyasn\OneDrive\Desktop\Disease_prediction\data\external\model2_supplementary\plantseg_selected\wheat_loose_smut\wheat_loose_smut_Google_0002.jpg,Validation
4f7459a7274041171bc1fe20c81c91661ee8d1328ab55f2d7ddc6723b3bf7f5d,2,True,wheat__loose_smut,wheat_loose_smut_Bing_0015.jpg,C:\Users\vyasn\OneDrive\Desktop\Disease_prediction\data\external\model2_supplementary\plantseg_selected\wheat_loose_smut\wheat_loose_smut_Bing_0015.jpg,Training
4f7459a7274041171bc1fe20c81c91661ee8d1328ab55f2d7ddc6723b3bf7f5d,2,False,wheat__loose_smut,wheat_loose_smut_Google_0041.jpg,C:\Users\vyasn\OneDrive\Desktop\Disease_prediction\data\external\model2_supplementary\plantseg_selected\wheat_loose_smut\wheat_loose_smut_Google_0041.jpg,Training
acd2d940780e668521b50402a7c5d60f912f6b91899701a40249bd9d63ab8c0f,2,True,wheat__loose_smut,wheat_loose_smut_Bing_0023.jpg,C:\Users\vyasn\OneDrive\Desktop\Disease_prediction\data\external\model2_supplementary\plantseg_selected\wheat_loose_smut\wheat_loose_smut_Bing_0023.jpg,Training
acd2d940780e668521b50402a7c5d60f912f6b91899701a40249bd9d63ab8c0f,2,False,wheat__loose_smut,wheat_loose_smut_Bing_0192.jpg,C:\Users\vyasn\OneDrive\Desktop\Disease_prediction\data\external\model2_supplementary\plantseg_selected\wheat_loose_smut\wheat_loose_smut_Bing_0192.jpg,Training
9102ea9e1245bc5fce2388b58343cb5ec13fa862e308b1f1b9250215ec10cd53,2,True,wheat__loose_smut,wheat_loose_smut_Bing_0032.jpg,C:\Users\vyasn\OneDrive\Desktop\Disease_prediction\data\external\model2_supplementary\plantseg_selected\wheat_loose_smut\wheat_loose_smut_Bing_0032.jpg,Training
9102ea9e1245bc5fce2388b58343cb5ec13fa862e308b1f1b9250215ec10cd53,2,False,wheat__loose_smut,wheat_loose_smut_Bing_0128.jpg,C:\Users\vyasn\OneDrive\Desktop\Disease_prediction\data\external\model2_supplementary\plantseg_selected\wheat_loose_smut\wheat_loose_smut_Bing_0128.jpg,Training
8f0145f58257979d24e003fe985d53b9e1d83b2204ef8ef491f6a1c45f24dc0b,2,True,wheat__loose_smut,wheat_loose_smut_Bing_0043.jpg,C:\Users\vyasn\OneDrive\Desktop\Disease_prediction\data\external\model2_supplementary\plantseg_selected\wheat_loose_smut\wheat_loose_smut_Bing_0043.jpg,Validation
8f0145f58257979d24e003fe985d53b9e1d83b2204ef8ef491f6a1c45f24dc0b,2,False,wheat__loose_smut,wheat_loose_smut_Bing_0169.jpg,C:\Users\vyasn\OneDrive\Desktop\Disease_prediction\data\external\model2_supplementary\plantseg_selected\wheat_loose_smut\wheat_loose_smut_Bing_0169.jpg,Training
585e298003bf26c47de3604b2832de5791ffeef300517a168166ef0b6ec26a6a,2,True,wheat__loose_smut,wheat_loose_smut_Bing_0048.jpg,C:\Users\vyasn\OneDrive\Desktop\Disease_prediction\data\external\model2_supplementary\plantseg_selected\wheat_loose_smut\wheat_loose_smut_Bing_0048.jpg,Training
585e298003bf26c47de3604b2832de5791ffeef300517a168166ef0b6ec26a6a,2,False,wheat__loose_smut,wheat_loose_smut_Bing_0076.jpg,C:\Users\vyasn\OneDrive\Desktop\Disease_prediction\data\external\model2_supplementary\plantseg_selected\wheat_loose_smut\wheat_loose_smut_Bing_0076.jpg,Training
229ae82e509a0635102611adda4b5370aa54c01310778243a5e7941531d5663e,2,True,wheat__loose_smut,wheat_loose_smut_Bing_0062.jpg,C:\Users\vyasn\OneDrive\Desktop\Disease_prediction\data\external\model2_supplementary\plantseg_selected\wheat_loose_smut\wheat_loose_smut_Bing_0062.jpg,Validation
229ae82e509a0635102611adda4b5370aa54c01310778243a5e7941531d5663e,2,False,wheat__loose_smut,wheat_loose_smut_Bing_0239.jpg,C:\Users\vyasn\OneDrive\Desktop\Disease_prediction\data\external\model2_supplementary\plantseg_selected\wheat_loose_smut\wheat_loose_smut_Bing_0239.jpg,Test
2e5b022eb55873cb673dc089717e9a97b7f7924ff1ad939e64fe91b5b974a93f,2,True,wheat__loose_smut,wheat_loose_smut_Bing_0067.jpg,C:\Users\vyasn\OneDrive\Desktop\Disease_prediction\data\external\model2_supplementary\plantseg_selected\wheat_loose_smut\wheat_loose_smut_Bing_0067.jpg,Training
2e5b022eb55873cb673dc089717e9a97b7f7924ff1ad939e64fe91b5b974a93f,2,False,wheat__loose_smut,wheat_loose_smut_Bing_0164.jpg,C:\Users\vyasn\OneDrive\Desktop\Disease_prediction\data\external\model2_supplementary\plantseg_selected\wheat_loose_smut\wheat_loose_smut_Bing_0164.jpg,Training
695348e9a18dd5fa7dc65b8b4bee96e6b0cf827a97da4d36f14bb9bd0beb3dab,2,True,wheat__loose_smut,wheat_loose_smut_Bing_0079.jpg,C:\Users\vyasn\OneDrive\Desktop\Disease_prediction\data\external\model2_supplementary\plantseg_selected\wheat_loose_smut\wheat_loose_smut_Bing_0079.jpg,Training
695348e9a18dd5fa7dc65b8b4bee96e6b0cf827a97da4d36f14bb9bd0beb3dab,2,False,wheat__loose_smut,wheat_loose_smut_Bing_0100.jpg,C:\Users\vyasn\OneDrive\Desktop\Disease_prediction\data\external\model2_supplementary\plantseg_selected\wheat_loose_smut\wheat_loose_smut_Bing_0100.jpg,Training
6947b74d0ab32b5426b6737794db7ee3c9d450562e0fd3a3f5f1de0c026170f6,2,True,wheat__loose_smut,wheat_loose_smut_Bing_0091.jpg,C:\Users\vyasn\OneDrive\Desktop\Disease_prediction\data\external\model2_supplementary\plantseg_selected\wheat_loose_smut\wheat_loose_smut_Bing_0091.jpg,Training
6947b74d0ab32b5426b6737794db7ee3c9d450562e0fd3a3f5f1de0c026170f6,2,False,wheat__loose_smut,wheat_loose_smut_Google_0132.jpg,C:\Users\vyasn\OneDrive\Desktop\Disease_prediction\data\external\model2_supplementary\plantseg_selected\wheat_loose_smut\wheat_loose_smut_Google_0132.jpg,Training
107d58061347076e8d6691b16a17efa411d1d60f379e1a00d2541d92410ceb39,2,True,wheat__loose_smut,wheat_loose_smut_Bing_0103.jpg,C:\Users\vyasn\OneDrive\Desktop\Disease_prediction\data\external\model2_supplementary\plantseg_selected\wheat_loose_smut\wheat_loose_smut_Bing_0103.jpg,Training
107d58061347076e8d6691b16a17efa411d1d60f379e1a00d2541d92410ceb39,2,False,wheat__loose_smut,wheat_loose_smut_Bing_0133.jpg,C:\Users\vyasn\OneDrive\Desktop\Disease_prediction\data\external\model2_supplementary\plantseg_selected\wheat_loose_smut\wheat_loose_smut_Bing_0133.jpg,Training
61fd80fc1bff7d5feb51dafa6271cf98d7237dd4ca9cdbac3d9117d04e56dc83,2,True,wheat__loose_smut,wheat_loose_smut_Bing_0111.jpg,C:\Users\vyasn\OneDrive\Desktop\Disease_prediction\data\external\model2_supplementary\plantseg_selected\wheat_loose_smut\wheat_loose_smut_Bing_0111.jpg,Training
61fd80fc1bff7d5feb51dafa6271cf98d7237dd4ca9cdbac3d9117d04e56dc83,2,False,wheat__loose_smut,wheat_loose_smut_Bing_0145.jpg,C:\Users\vyasn\OneDrive\Desktop\Disease_prediction\data\external\model2_supplementary\plantseg_selected\wheat_loose_smut\wheat_loose_smut_Bing_0145.jpg,Training
8f37b4fad2555ae8ace910b1002d0953ef57d6c51834038eba3294537c734b4d,2,True,wheat__loose_smut,wheat_loose_smut_Bing_0115.jpg,C:\Users\vyasn\OneDrive\Desktop\Disease_prediction\data\external\model2_supplementary\plantseg_selected\wheat_loose_smut\wheat_loose_smut_Bing_0115.jpg,Training
8f37b4fad2555ae8ace910b1002d0953ef57d6c51834038eba3294537c734b4d,2,False,wheat__loose_smut,wheat_loose_smut_Bing_0140.jpg,C:\Users\vyasn\OneDrive\Desktop\Disease_prediction\data\external\model2_supplementary\plantseg_selected\wheat_loose_smut\wheat_loose_smut_Bing_0140.jpg,Training
0723846c8ed6e0b56ba9e9e710b79d19d8f217b7d64baf067a3f18d8ef53b4c4,2,True,wheat__loose_smut,wheat_loose_smut_Bing_0134.jpg,C:\Users\vyasn\OneDrive\Desktop\Disease_prediction\data\external\model2_supplementary\plantseg_selected\wheat_loose_smut\wheat_loose_smut_Bing_0134.jpg,Training
0723846c8ed6e0b56ba9e9e710b79d19d8f217b7d64baf067a3f18d8ef53b4c4,2,False,wheat__loose_smut,wheat_loose_smut_Bing_0165.jpg,C:\Users\vyasn\OneDrive\Desktop\Disease_prediction\data\external\model2_supplementary\plantseg_selected\wheat_loose_smut\wheat_loose_smut_Bing_0165.jpg,Training
22dcd7b9b029f3159a3ae07680667357e87506e9aa98b8ddd9558e895c5739d6,2,True,wheat__loose_smut,wheat_loose_smut_Bing_0176.jpg,C:\Users\vyasn\OneDrive\Desktop\Disease_prediction\data\external\model2_supplementary\plantseg_selected\wheat_loose_smut\wheat_loose_smut_Bing_0176.jpg,Test
22dcd7b9b029f3159a3ae07680667357e87506e9aa98b8ddd9558e895c5739d6,2,False,wheat__loose_smut,wheat_loose_smut_Bing_0203.jpg,C:\Users\vyasn\OneDrive\Desktop\Disease_prediction\data\external\model2_supplementary\plantseg_selected\wheat_loose_smut\wheat_loose_smut_Bing_0203.jpg,Test
e4430f7ec0670999a2aef4dce143d82e3ecbabe2c45892597f7a82b83679373e,2,True,wheat__loose_smut,wheat_loose_smut_Bing_0184.jpg,C:\Users\vyasn\OneDrive\Desktop\Disease_prediction\data\external\model2_supplementary\plantseg_selected\wheat_loose_smut\wheat_loose_smut_Bing_0184.jpg,Training
e4430f7ec0670999a2aef4dce143d82e3ecbabe2c45892597f7a82b83679373e,2,False,wheat__loose_smut,wheat_loose_smut_Bing_0191.jpg,C:\Users\vyasn\OneDrive\Desktop\Disease_prediction\data\external\model2_supplementary\plantseg_selected\wheat_loose_smut\wheat_loose_smut_Bing_0191.jpg,Training
6fa16680f31f8301a2bacd46d52ba128df7965720522f548cd3d2d15972cadca,2,True,wheat__loose_smut,wheat_loose_smut_Bing_0200.jpg,C:\Users\vyasn\OneDrive\Desktop\Disease_prediction\data\external\model2_supplementary\plantseg_selected\wheat_loose_smut\wheat_loose_smut_Bing_0200.jpg,Training
6fa16680f31f8301a2bacd46d52ba128df7965720522f548cd3d2d15972cadca,2,False,wheat__loose_smut,wheat_loose_smut_Bing_0228.jpg,C:\Users\vyasn\OneDrive\Desktop\Disease_prediction\data\external\model2_supplementary\plantseg_selected\wheat_loose_smut\wheat_loose_smut_Bing_0228.jpg,Training
44361d9c7bf579fa089fd9a885dc1b8c3e76e516ae395bc47ef2b4ef8fbab04d,2,True,wheat__loose_smut,wheat_loose_smut_Bing_0224.jpg,C:\Users\vyasn\OneDrive\Desktop\Disease_prediction\data\external\model2_supplementary\plantseg_selected\wheat_loose_smut\wheat_loose_smut_Bing_0224.jpg,Training
44361d9c7bf579fa089fd9a885dc1b8c3e76e516ae395bc47ef2b4ef8fbab04d,2,False,wheat__loose_smut,wheat_loose_smut_Google_0065.jpg,C:\Users\vyasn\OneDrive\Desktop\Disease_prediction\data\external\model2_supplementary\plantseg_selected\wheat_loose_smut\wheat_loose_smut_Google_0065.jpg,Test
68e6829824b1d02c591084fe92d94d9c38bec38510835734bf59ee6a270c71c1,2,True,wheat__loose_smut,wheat_loose_smut_Bing_0236.jpg,C:\Users\vyasn\OneDrive\Desktop\Disease_prediction\data\external\model2_supplementary\plantseg_selected\wheat_loose_smut\wheat_loose_smut_Bing_0236.jpg,Training
68e6829824b1d02c591084fe92d94d9c38bec38510835734bf59ee6a270c71c1,2,False,wheat__loose_smut,wheat_loose_smut_Bing_0268.jpg,C:\Users\vyasn\OneDrive\Desktop\Disease_prediction\data\external\model2_supplementary\plantseg_selected\wheat_loose_smut\wheat_loose_smut_Bing_0268.jpg,Training
e58b79263e3019e42f8e4ceab302e1415a3f02e15876292d44dcddf33c3e8465,2,True,wheat__loose_smut,wheat_loose_smut_Bing_0296.jpg,C:\Users\vyasn\OneDrive\Desktop\Disease_prediction\data\external\model2_supplementary\plantseg_selected\wheat_loose_smut\wheat_loose_smut_Bing_0296.jpg,Training
e58b79263e3019e42f8e4ceab302e1415a3f02e15876292d44dcddf33c3e8465,2,False,wheat__loose_smut,wheat_loose_smut_Bing_0329.jpg,C:\Users\vyasn\OneDrive\Desktop\Disease_prediction\data\external\model2_supplementary\plantseg_selected\wheat_loose_smut\wheat_loose_smut_Bing_0329.jpg,Training
5e6f81e6b830d2657742dc13aaad2e05f62075b4ed1d6231fe09f6558c38a2a2,2,True,wheat__loose_smut,wheat_loose_smut_Bing_0321.jpg,C:\Users\vyasn\OneDrive\Desktop\Disease_prediction\data\external\model2_supplementary\plantseg_selected\wheat_loose_smut\wheat_loose_smut_Bing_0321.jpg,Training
5e6f81e6b830d2657742dc13aaad2e05f62075b4ed1d6231fe09f6558c38a2a2,2,False,wheat__loose_smut,wheat_loose_smut_Bing_0384.jpg,C:\Users\vyasn\OneDrive\Desktop\Disease_prediction\data\external\model2_supplementary\plantseg_selected\wheat_loose_smut\wheat_loose_smut_Bing_0384.jpg,Training
c201909bad23e0c2860a50eb07fa493eef4c12ae1e6c99571ad22718826f4e34,2,True,wheat__loose_smut,wheat_loose_smut_Bing_0337.jpg,C:\Users\vyasn\OneDrive\Desktop\Disease_prediction\data\external\model2_supplementary\plantseg_selected\wheat_loose_smut\wheat_loose_smut_Bing_0337.jpg,Validation
c201909bad23e0c2860a50eb07fa493eef4c12ae1e6c99571ad22718826f4e34,2,False,wheat__loose_smut,wheat_loose_smut_Bing_0368.jpg,C:\Users\vyasn\OneDrive\Desktop\Disease_prediction\data\external\model2_supplementary\plantseg_selected\wheat_loose_smut\wheat_loose_smut_Bing_0368.jpg,Training
1689ed0596d5273fbd5a85fcb57c7327aebf62ecee474d912aba0f6a1ec0f1a5,2,True,wheat__powdery_mildew,wheat_powdery_mildew_Bing_0027.jpg,C:\Users\vyasn\OneDrive\Desktop\Disease_prediction\data\external\model2_supplementary\plantseg_selected\wheat_powdery_mildew\wheat_powdery_mildew_Bing_0027.jpg,Training
1689ed0596d5273fbd5a85fcb57c7327aebf62ecee474d912aba0f6a1ec0f1a5,2,False,wheat__powdery_mildew,wheat_powdery_mildew_Bing_0107.jpg,C:\Users\vyasn\OneDrive\Desktop\Disease_prediction\data\external\model2_supplementary\plantseg_selected\wheat_powdery_mildew\wheat_powdery_mildew_Bing_0107.jpg,Training
671d06754ed83d33ee8f25454be07dad1234b1242801b3ca3e70c951441d7c29,2,True,wheat__powdery_mildew,wheat_powdery_mildew_Bing_0036.jpg,C:\Users\vyasn\OneDrive\Desktop\Disease_prediction\data\external\model2_supplementary\plantseg_selected\wheat_powdery_mildew\wheat_powdery_mildew_Bing_0036.jpg,Training
671d06754ed83d33ee8f25454be07dad1234b1242801b3ca3e70c951441d7c29,2,False,wheat__powdery_mildew,wheat_powdery_mildew_Bing_0152.jpg,C:\Users\vyasn\OneDrive\Desktop\Disease_prediction\data\external\model2_supplementary\plantseg_selected\wheat_powdery_mildew\wheat_powdery_mildew_Bing_0152.jpg,Training
120d9a332ad80f94c538ec3788bf5ef7dc8bcfca296717b7877730bbeafa2fc1,2,True,wheat__powdery_mildew,wheat_powdery_mildew_Bing_0037.jpg,C:\Users\vyasn\OneDrive\Desktop\Disease_prediction\data\external\model2_supplementary\plantseg_selected\wheat_powdery_mildew\wheat_powdery_mildew_Bing_0037.jpg,Test
120d9a332ad80f94c538ec3788bf5ef7dc8bcfca296717b7877730bbeafa2fc1,2,False,wheat__powdery_mildew,wheat_powdery_mildew_Bing_0206.jpg,C:\Users\vyasn\OneDrive\Desktop\Disease_prediction\data\external\model2_supplementary\plantseg_selected\wheat_powdery_mildew\wheat_powdery_mildew_Bing_0206.jpg,Training
bd14d598ab5591a7e2db6731044b519f7c84f5b72b184d9112de282008029d9f,2,True,wheat__powdery_mildew,wheat_powdery_mildew_Bing_0040.jpg,C:\Users\vyasn\OneDrive\Desktop\Disease_prediction\data\external\model2_supplementary\plantseg_selected\wheat_powdery_mildew\wheat_powdery_mildew_Bing_0040.jpg,Training
bd14d598ab5591a7e2db6731044b519f7c84f5b72b184d9112de282008029d9f,2,False,wheat__powdery_mildew,wheat_powdery_mildew_Bing_0110.jpg,C:\Users\vyasn\OneDrive\Desktop\Disease_prediction\data\external\model2_supplementary\plantseg_selected\wheat_powdery_mildew\wheat_powdery_mildew_Bing_0110.jpg,Training
5feb758043f20928f0bc5d273536a50dfdb42d4294c11bb3f427e96d29987691,2,True,wheat__powdery_mildew,wheat_powdery_mildew_Bing_0056.jpg,C:\Users\vyasn\OneDrive\Desktop\Disease_prediction\data\external\model2_supplementary\plantseg_selected\wheat_powdery_mildew\wheat_powdery_mildew_Bing_0056.jpg,Training
5feb758043f20928f0bc5d273536a50dfdb42d4294c11bb3f427e96d29987691,2,False,wheat__powdery_mildew,wheat_powdery_mildew_Bing_0187.jpg,C:\Users\vyasn\OneDrive\Desktop\Disease_prediction\data\external\model2_supplementary\plantseg_selected\wheat_powdery_mildew\wheat_powdery_mildew_Bing_0187.jpg,Training
7f5fe6f70573176fce9db99939825724bd12c39717f16bc8e489e5490a586657,2,True,wheat__powdery_mildew,wheat_powdery_mildew_Bing_0057.jpg,C:\Users\vyasn\OneDrive\Desktop\Disease_prediction\data\external\model2_supplementary\plantseg_selected\wheat_powdery_mildew\wheat_powdery_mildew_Bing_0057.jpg,Validation
7f5fe6f70573176fce9db99939825724bd12c39717f16bc8e489e5490a586657,2,False,wheat__powdery_mildew,wheat_powdery_mildew_Bing_0224.jpg,C:\Users\vyasn\OneDrive\Desktop\Disease_prediction\data\external\model2_supplementary\plantseg_selected\wheat_powdery_mildew\wheat_powdery_mildew_Bing_0224.jpg,Training
535a0b1f33a78a63b7c708c78a0a4eb1caac572ad3612a83ce242e8c73c279d8,2,True,wheat__powdery_mildew,wheat_powdery_mildew_Bing_0059.jpg,C:\Users\vyasn\OneDrive\Desktop\Disease_prediction\data\external\model2_supplementary\plantseg_selected\wheat_powdery_mildew\wheat_powdery_mildew_Bing_0059.jpg,Training
535a0b1f33a78a63b7c708c78a0a4eb1caac572ad3612a83ce242e8c73c279d8,2,False,wheat__powdery_mildew,wheat_powdery_mildew_Bing_0163.jpg,C:\Users\vyasn\OneDrive\Desktop\Disease_prediction\data\external\model2_supplementary\plantseg_selected\wheat_powdery_mildew\wheat_powdery_mildew_Bing_0163.jpg,Test
20c6500f70ca5273c23add630ae005cc617fd2da91d33a62a1d0e84f2cd34081,2,True,wheat__powdery_mildew,wheat_powdery_mildew_Bing_0066.jpg,C:\Users\vyasn\OneDrive\Desktop\Disease_prediction\data\external\model2_supplementary\plantseg_selected\wheat_powdery_mildew\wheat_powdery_mildew_Bing_0066.jpg,Training
20c6500f70ca5273c23add630ae005cc617fd2da91d33a62a1d0e84f2cd34081,2,False,wheat__powdery_mildew,wheat_powdery_mildew_Google_0012.jpg,C:\Users\vyasn\OneDrive\Desktop\Disease_prediction\data\external\model2_supplementary\plantseg_selected\wheat_powdery_mildew\wheat_powdery_mildew_Google_0012.jpg,Training
e1c6ed0922702f7073fa6ef5b01c09da97d6c53562bc4d1fe2affd6cf66d4f2c,2,True,wheat__powdery_mildew,wheat_powdery_mildew_Bing_0090.jpg,C:\Users\vyasn\OneDrive\Desktop\Disease_prediction\data\external\model2_supplementary\plantseg_selected\wheat_powdery_mildew\wheat_powdery_mildew_Bing_0090.jpg,Training
e1c6ed0922702f7073fa6ef5b01c09da97d6c53562bc4d1fe2affd6cf66d4f2c,2,False,wheat__powdery_mildew,wheat_powdery_mildew_Google_0163.jpg,C:\Users\vyasn\OneDrive\Desktop\Disease_prediction\data\external\model2_supplementary\plantseg_selected\wheat_powdery_mildew\wheat_powdery_mildew_Google_0163.jpg,Training
09179d3cbcc072337b4058462360ad989c20afe690b2a905d10f413ad4a5daae,2,True,wheat__septoria_blotch,wheat_septoria_blotch_Bing_0000.jpg,C:\Users\vyasn\OneDrive\Desktop\Disease_prediction\data\external\model2_supplementary\plantseg_selected\wheat_septoria_blotch\wheat_septoria_blotch_Bing_0000.jpg,Training
09179d3cbcc072337b4058462360ad989c20afe690b2a905d10f413ad4a5daae,2,False,wheat__septoria_blotch,wheat_septoria_blotch_blotch (1).jpg,C:\Users\vyasn\OneDrive\Desktop\Disease_prediction\data\external\model2_supplementary\plantseg_selected\wheat_septoria_blotch\wheat_septoria_blotch_blotch (1).jpg,Training
3cf7537123d55e93cd6833fe6c1e4c5d52ba9e0e8ab08cfea05984b23a159e62,3,True,wheat__septoria_blotch,wheat_septoria_blotch_Bing_0014.jpg,C:\Users\vyasn\OneDrive\Desktop\Disease_prediction\data\external\model2_supplementary\plantseg_selected\wheat_septoria_blotch\wheat_septoria_blotch_Bing_0014.jpg,Training
3cf7537123d55e93cd6833fe6c1e4c5d52ba9e0e8ab08cfea05984b23a159e62,3,False,wheat__septoria_blotch,wheat_septoria_blotch_blotch (17).jpg,C:\Users\vyasn\OneDrive\Desktop\Disease_prediction\data\external\model2_supplementary\plantseg_selected\wheat_septoria_blotch\wheat_septoria_blotch_blotch (17).jpg,Training
3cf7537123d55e93cd6833fe6c1e4c5d52ba9e0e8ab08cfea05984b23a159e62,3,False,wheat__septoria_blotch,wheat_septoria_blotch_blotch (48).jpg,C:\Users\vyasn\OneDrive\Desktop\Disease_prediction\data\external\model2_supplementary\plantseg_selected\wheat_septoria_blotch\wheat_septoria_blotch_blotch (48).jpg,Training
712b557b24f4419f8529264a5f67070e46e32e65aefff77aab85ee053740e361,2,True,wheat__septoria_blotch,wheat_septoria_blotch_Bing_0017.jpg,C:\Users\vyasn\OneDrive\Desktop\Disease_prediction\data\external\model2_supplementary\plantseg_selected\wheat_septoria_blotch\wheat_septoria_blotch_Bing_0017.jpg,Training
712b557b24f4419f8529264a5f67070e46e32e65aefff77aab85ee053740e361,2,False,wheat__septoria_blotch,wheat_septoria_blotch_blotch (70).jpg,C:\Users\vyasn\OneDrive\Desktop\Disease_prediction\data\external\model2_supplementary\plantseg_selected\wheat_septoria_blotch\wheat_septoria_blotch_blotch (70).jpg,Training
e6c5fd14d2a3fcea0ac90aa5208bc179bff2c63c7fcea5588a4c0d1a696ddb05,2,True,wheat__septoria_blotch,wheat_septoria_blotch_Bing_0045.jpg,C:\Users\vyasn\OneDrive\Desktop\Disease_prediction\data\external\model2_supplementary\plantseg_selected\wheat_septoria_blotch\wheat_septoria_blotch_Bing_0045.jpg,Test
e6c5fd14d2a3fcea0ac90aa5208bc179bff2c63c7fcea5588a4c0d1a696ddb05,2,False,wheat__septoria_blotch,wheat_septoria_blotch_blotch (105).jpg,C:\Users\vyasn\OneDrive\Desktop\Disease_prediction\data\external\model2_supplementary\plantseg_selected\wheat_septoria_blotch\wheat_septoria_blotch_blotch (105).jpg,Validation
46889ac719621de86a96e7458466ac458b0af1b6465395c44cd47196fc08d89f,2,True,wheat__septoria_blotch,wheat_septoria_blotch_blotch (10).jpg,C:\Users\vyasn\OneDrive\Desktop\Disease_prediction\data\external\model2_supplementary\plantseg_selected\wheat_septoria_blotch\wheat_septoria_blotch_blotch (10).jpg,Test
46889ac719621de86a96e7458466ac458b0af1b6465395c44cd47196fc08d89f,2,False,wheat__septoria_blotch,wheat_septoria_blotch_blotch (113).jpg,C:\Users\vyasn\OneDrive\Desktop\Disease_prediction\data\external\model2_supplementary\plantseg_selected\wheat_septoria_blotch\wheat_septoria_blotch_blotch (113).jpg,Test
914cee3ee4132d57daa185fc9ab5000b741a12a5490f547739e2b4515bdfd0c1,2,True,wheat__septoria_blotch,wheat_septoria_blotch_blotch (111).jpg,C:\Users\vyasn\OneDrive\Desktop\Disease_prediction\data\external\model2_supplementary\plantseg_selected\wheat_septoria_blotch\wheat_septoria_blotch_blotch (111).jpg,Test
914cee3ee4132d57daa185fc9ab5000b741a12a5490f547739e2b4515bdfd0c1,2,False,wheat__septoria_blotch,wheat_septoria_blotch_blotch (16).jpg,C:\Users\vyasn\OneDrive\Desktop\Disease_prediction\data\external\model2_supplementary\plantseg_selected\wheat_septoria_blotch\wheat_septoria_blotch_blotch (16).jpg,Validation
bac975c570e67610d4ed20f89a28cf9ac51cef0d1d35a07f3d7d0b1e981c833c,2,True,wheat__septoria_blotch,wheat_septoria_blotch_blotch (12).jpg,C:\Users\vyasn\OneDrive\Desktop\Disease_prediction\data\external\model2_supplementary\plantseg_selected\wheat_septoria_blotch\wheat_septoria_blotch_blotch (12).jpg,Test
bac975c570e67610d4ed20f89a28cf9ac51cef0d1d35a07f3d7d0b1e981c833c,2,False,wheat__septoria_blotch,wheat_septoria_blotch_blotch (87).jpg,C:\Users\vyasn\OneDrive\Desktop\Disease_prediction\data\external\model2_supplementary\plantseg_selected\wheat_septoria_blotch\wheat_septoria_blotch_blotch (87).jpg,Test
64e8ac1ae0cc9ffc6195ffa600fef90f8ffff7b5a15610964a8368fb9c6d6975,2,True,wheat__septoria_blotch,wheat_septoria_blotch_blotch (14).jpg,C:\Users\vyasn\OneDrive\Desktop\Disease_prediction\data\external\model2_supplementary\plantseg_selected\wheat_septoria_blotch\wheat_septoria_blotch_blotch (14).jpg,Training
64e8ac1ae0cc9ffc6195ffa600fef90f8ffff7b5a15610964a8368fb9c6d6975,2,False,wheat__septoria_blotch,wheat_septoria_blotch_blotch (69).jpg,C:\Users\vyasn\OneDrive\Desktop\Disease_prediction\data\external\model2_supplementary\plantseg_selected\wheat_septoria_blotch\wheat_septoria_blotch_blotch (69).jpg,Test
f412cea3f17575cb116b7af21daa8c5c0dfb4783639c5ab78a18be7df339edca,2,True,wheat__septoria_blotch,wheat_septoria_blotch_blotch (18).jpg,C:\Users\vyasn\OneDrive\Desktop\Disease_prediction\data\external\model2_supplementary\plantseg_selected\wheat_septoria_blotch\wheat_septoria_blotch_blotch (18).jpg,Validation
f412cea3f17575cb116b7af21daa8c5c0dfb4783639c5ab78a18be7df339edca,2,False,wheat__septoria_blotch,wheat_septoria_blotch_blotch (41).jpg,C:\Users\vyasn\OneDrive\Desktop\Disease_prediction\data\external\model2_supplementary\plantseg_selected\wheat_septoria_blotch\wheat_septoria_blotch_blotch (41).jpg,Training
a9a846bf825ef35a40a641703fb7d312c392190041b9b86176b25087e8309ff7,2,True,wheat__septoria_blotch,wheat_septoria_blotch_blotch (27).jpg,C:\Users\vyasn\OneDrive\Desktop\Disease_prediction\data\external\model2_supplementary\plantseg_selected\wheat_septoria_blotch\wheat_septoria_blotch_blotch (27).jpg,Test
a9a846bf825ef35a40a641703fb7d312c392190041b9b86176b25087e8309ff7,2,False,wheat__septoria_blotch,wheat_septoria_blotch_blotch (50).jpg,C:\Users\vyasn\OneDrive\Desktop\Disease_prediction\data\external\model2_supplementary\plantseg_selected\wheat_septoria_blotch\wheat_septoria_blotch_blotch (50).jpg,Test
19aca78ed1b090949dc692fa777d06c6b89a2e88ae8d196f673ab9ade123af17,2,True,wheat__septoria_blotch,wheat_septoria_blotch_blotch (30).jpg,C:\Users\vyasn\OneDrive\Desktop\Disease_prediction\data\external\model2_supplementary\plantseg_selected\wheat_septoria_blotch\wheat_septoria_blotch_blotch (30).jpg,Training
19aca78ed1b090949dc692fa777d06c6b89a2e88ae8d196f673ab9ade123af17,2,False,wheat__septoria_blotch,wheat_septoria_blotch_blotch (96).jpg,C:\Users\vyasn\OneDrive\Desktop\Disease_prediction\data\external\model2_supplementary\plantseg_selected\wheat_septoria_blotch\wheat_septoria_blotch_blotch (96).jpg,Training
8e95fb25e4d8e116cf036f7ad27949aacd035c6a59a30bc90a8eafaca2c5ef74,2,True,wheat__septoria_blotch,wheat_septoria_blotch_blotch (32).jpg,C:\Users\vyasn\OneDrive\Desktop\Disease_prediction\data\external\model2_supplementary\plantseg_selected\wheat_septoria_blotch\wheat_septoria_blotch_blotch (32).jpg,Training
8e95fb25e4d8e116cf036f7ad27949aacd035c6a59a30bc90a8eafaca2c5ef74,2,False,wheat__septoria_blotch,wheat_septoria_blotch_blotch (68).jpg,C:\Users\vyasn\OneDrive\Desktop\Disease_prediction\data\external\model2_supplementary\plantseg_selected\wheat_septoria_blotch\wheat_septoria_blotch_blotch (68).jpg,Training
6f586fc6e2acc736c72ab76423892a1d8f874e6828e658e3144d127df7506349,2,True,wheat__septoria_blotch,wheat_septoria_blotch_blotch (33).jpg,C:\Users\vyasn\OneDrive\Desktop\Disease_prediction\data\external\model2_supplementary\plantseg_selected\wheat_septoria_blotch\wheat_septoria_blotch_blotch (33).jpg,Training
6f586fc6e2acc736c72ab76423892a1d8f874e6828e658e3144d127df7506349,2,False,wheat__septoria_blotch,wheat_septoria_blotch_blotch (79).jpg,C:\Users\vyasn\OneDrive\Desktop\Disease_prediction\data\external\model2_supplementary\plantseg_selected\wheat_septoria_blotch\wheat_septoria_blotch_blotch (79).jpg,Test
ca8774dd80ceb3452b21e216a0a64ab2743e2a2b2de8a7e75e6df94ad8d762ba,2,True,wheat__septoria_blotch,wheat_septoria_blotch_blotch (37).jpg,C:\Users\vyasn\OneDrive\Desktop\Disease_prediction\data\external\model2_supplementary\plantseg_selected\wheat_septoria_blotch\wheat_septoria_blotch_blotch (37).jpg,Validation
ca8774dd80ceb3452b21e216a0a64ab2743e2a2b2de8a7e75e6df94ad8d762ba,2,False,wheat__septoria_blotch,wheat_septoria_blotch_blotch (45).jpg,C:\Users\vyasn\OneDrive\Desktop\Disease_prediction\data\external\model2_supplementary\plantseg_selected\wheat_septoria_blotch\wheat_septoria_blotch_blotch (45).jpg,Training
30817c654afb6cbb376b331f6b74ae0bd7f67f1f2e1144d2054a9a639c159ffa,2,True,wheat__septoria_blotch,wheat_septoria_blotch_blotch (39).jpg,C:\Users\vyasn\OneDrive\Desktop\Disease_prediction\data\external\model2_supplementary\plantseg_selected\wheat_septoria_blotch\wheat_septoria_blotch_blotch (39).jpg,Test
30817c654afb6cbb376b331f6b74ae0bd7f67f1f2e1144d2054a9a639c159ffa,2,False,wheat__septoria_blotch,wheat_septoria_blotch_blotch (43).jpg,C:\Users\vyasn\OneDrive\Desktop\Disease_prediction\data\external\model2_supplementary\plantseg_selected\wheat_septoria_blotch\wheat_septoria_blotch_blotch (43).jpg,Training
040cce1e1e543a9d7e49ac16ac0f96c8cd332040877c01c54bb8913b3041ab1e,2,True,wheat__septoria_blotch,wheat_septoria_blotch_Google_0005.jpg,C:\Users\vyasn\OneDrive\Desktop\Disease_prediction\data\external\model2_supplementary\plantseg_selected\wheat_septoria_blotch\wheat_septoria_blotch_Google_0005.jpg,Training
040cce1e1e543a9d7e49ac16ac0f96c8cd332040877c01c54bb8913b3041ab1e,2,False,wheat__septoria_blotch,wheat_septoria_blotch_google_septoria (1).jpg,C:\Users\vyasn\OneDrive\Desktop\Disease_prediction\data\external\model2_supplementary\plantseg_selected\wheat_septoria_blotch\wheat_septoria_blotch_google_septoria (1).jpg,Training
df8242893e26b0a99633aa1b34c30ccf57da6385124eabedba1d33d02204520c,2,True,wheat__septoria_blotch,wheat_septoria_blotch_Google_0016.jpg,C:\Users\vyasn\OneDrive\Desktop\Disease_prediction\data\external\model2_supplementary\plantseg_selected\wheat_septoria_blotch\wheat_septoria_blotch_Google_0016.jpg,Test
df8242893e26b0a99633aa1b34c30ccf57da6385124eabedba1d33d02204520c,2,False,wheat__septoria_blotch,wheat_septoria_blotch_google_septoria (6).jpg,C:\Users\vyasn\OneDrive\Desktop\Disease_prediction\data\external\model2_supplementary\plantseg_selected\wheat_septoria_blotch\wheat_septoria_blotch_google_septoria (6).jpg,Training
591e91f0cee5b04bb0500b4db355124140fa56403d52550bf06fa8e9af50ab93,2,True,wheat__septoria_blotch,wheat_septoria_blotch_Google_0058.jpg,C:\Users\vyasn\OneDrive\Desktop\Disease_prediction\data\external\model2_supplementary\plantseg_selected\wheat_septoria_blotch\wheat_septoria_blotch_Google_0058.jpg,Test
591e91f0cee5b04bb0500b4db355124140fa56403d52550bf06fa8e9af50ab93,2,False,wheat__septoria_blotch,wheat_septoria_blotch_google_septoria (10).jpg,C:\Users\vyasn\OneDrive\Desktop\Disease_prediction\data\external\model2_supplementary\plantseg_selected\wheat_septoria_blotch\wheat_septoria_blotch_google_septoria (10).jpg,Training
7c987590891b4987fab36063fa9ca60f6264ddcfca332fed762e33f93752880f,2,True,wheat__septoria_blotch,wheat_septoria_blotch_Google_0142.jpg,C:\Users\vyasn\OneDrive\Desktop\Disease_prediction\data\external\model2_supplementary\plantseg_selected\wheat_septoria_blotch\wheat_septoria_blotch_Google_0142.jpg,Training
7c987590891b4987fab36063fa9ca60f6264ddcfca332fed762e33f93752880f,2,False,wheat__septoria_blotch,wheat_septoria_blotch_google_septoria (12).jpg,C:\Users\vyasn\OneDrive\Desktop\Disease_prediction\data\external\model2_supplementary\plantseg_selected\wheat_septoria_blotch\wheat_septoria_blotch_google_septoria (12).jpg,Training
bd6f75e4838ad49072da6e16f1354a5b3f82b04492310a091345a43ecc0ed24a,2,True,wheat__septoria_blotch,wheat_septoria_blotch_Google_0178.jpg,C:\Users\vyasn\OneDrive\Desktop\Disease_prediction\data\external\model2_supplementary\plantseg_selected\wheat_septoria_blotch\wheat_septoria_blotch_Google_0178.jpg,Training
bd6f75e4838ad49072da6e16f1354a5b3f82b04492310a091345a43ecc0ed24a,2,False,wheat__septoria_blotch,wheat_septoria_blotch_google_septoria (2).jpg,C:\Users\vyasn\OneDrive\Desktop\Disease_prediction\data\external\model2_supplementary\plantseg_selected\wheat_septoria_blotch\wheat_septoria_blotch_google_septoria (2).jpg,Test
9446491e254626cf27638d5d2f4677568b69bc341a832a55765fb5a8225c437d,2,True,wheat__septoria_blotch,wheat_septoria_blotch_Google_0206.jpg,C:\Users\vyasn\OneDrive\Desktop\Disease_prediction\data\external\model2_supplementary\plantseg_selected\wheat_septoria_blotch\wheat_septoria_blotch_Google_0206.jpg,Test
9446491e254626cf27638d5d2f4677568b69bc341a832a55765fb5a8225c437d,2,False,wheat__septoria_blotch,wheat_septoria_blotch_google_septoria (13).jpg,C:\Users\vyasn\OneDrive\Desktop\Disease_prediction\data\external\model2_supplementary\plantseg_selected\wheat_septoria_blotch\wheat_septoria_blotch_google_septoria (13).jpg,Training
a57a72801a6502346e2e2cb7468c767b9d4c6552f2c8628d8fbbf04fca441497,2,True,wheat__septoria_blotch,wheat_septoria_blotch_Google_0296.jpg,C:\Users\vyasn\OneDrive\Desktop\Disease_prediction\data\external\model2_supplementary\plantseg_selected\wheat_septoria_blotch\wheat_septoria_blotch_Google_0296.jpg,Training
a57a72801a6502346e2e2cb7468c767b9d4c6552f2c8628d8fbbf04fca441497,2,False,wheat__septoria_blotch,wheat_septoria_blotch_google_septoria (16).jpg,C:\Users\vyasn\OneDrive\Desktop\Disease_prediction\data\external\model2_supplementary\plantseg_selected\wheat_septoria_blotch\wheat_septoria_blotch_google_septoria (16).jpg,Test
95424622ed20158bf9d41e84bae1e5e2901d572e79a785d2e30630ddd53ee9f3,2,True,wheat__septoria_blotch,wheat_septoria_blotch_Google_0309.jpg,C:\Users\vyasn\OneDrive\Desktop\Disease_prediction\data\external\model2_supplementary\plantseg_selected\wheat_septoria_blotch\wheat_septoria_blotch_Google_0309.jpg,Test
95424622ed20158bf9d41e84bae1e5e2901d572e79a785d2e30630ddd53ee9f3,2,False,wheat__septoria_blotch,wheat_septoria_blotch_google_septoria (21).jpg,C:\Users\vyasn\OneDrive\Desktop\Disease_prediction\data\external\model2_supplementary\plantseg_selected\wheat_septoria_blotch\wheat_septoria_blotch_google_septoria (21).jpg,Training
da4a6d3b501286fb7d1d85524538c8c72651cf39ab7b2a71a8ef5385762d8f89,2,True,wheat__septoria_blotch,wheat_septoria_blotch_Google_0338.jpg,C:\Users\vyasn\OneDrive\Desktop\Disease_prediction\data\external\model2_supplementary\plantseg_selected\wheat_septoria_blotch\wheat_septoria_blotch_Google_0338.jpg,Training
da4a6d3b501286fb7d1d85524538c8c72651cf39ab7b2a71a8ef5385762d8f89,2,False,wheat__septoria_blotch,wheat_septoria_blotch_google_septoria (25).jpg,C:\Users\vyasn\OneDrive\Desktop\Disease_prediction\data\external\model2_supplementary\plantseg_selected\wheat_septoria_blotch\wheat_septoria_blotch_google_septoria (25).jpg,Validation
77a0f98acff1cacb31f0b9697e71f938fafa18985f5454eb44e34f026f4c3439,2,True,wheat__stem_rust,wheat_stem_rust_Bing_0001.jpg,C:\Users\vyasn\OneDrive\Desktop\Disease_prediction\data\external\model2_supplementary\plantseg_selected\wheat_stem_rust\wheat_stem_rust_Bing_0001.jpg,Training
77a0f98acff1cacb31f0b9697e71f938fafa18985f5454eb44e34f026f4c3439,2,False,wheat__stem_rust,wheat_stem_rust_Bing_0111.jpg,C:\Users\vyasn\OneDrive\Desktop\Disease_prediction\data\external\model2_supplementary\plantseg_selected\wheat_stem_rust\wheat_stem_rust_Bing_0111.jpg,Training
e65eef68c3ae369234e17de11d55d0f56bcfb4185a6159f6e516ded73300d96c,2,True,wheat__stem_rust,wheat_stem_rust_Bing_0002.jpg,C:\Users\vyasn\OneDrive\Desktop\Disease_prediction\data\external\model2_supplementary\plantseg_selected\wheat_stem_rust\wheat_stem_rust_Bing_0002.jpg,Test
e65eef68c3ae369234e17de11d55d0f56bcfb4185a6159f6e516ded73300d96c,2,False,wheat__stem_rust,wheat_stem_rust_Bing_0078.jpg,C:\Users\vyasn\OneDrive\Desktop\Disease_prediction\data\external\model2_supplementary\plantseg_selected\wheat_stem_rust\wheat_stem_rust_Bing_0078.jpg,Training
22c1679e03a2b68089a3c19c807a1f92dc2208c38f57090540429bf301500a37,2,True,wheat__stem_rust,wheat_stem_rust_Bing_0013.jpg,C:\Users\vyasn\OneDrive\Desktop\Disease_prediction\data\external\model2_supplementary\plantseg_selected\wheat_stem_rust\wheat_stem_rust_Bing_0013.jpg,Training
22c1679e03a2b68089a3c19c807a1f92dc2208c38f57090540429bf301500a37,2,False,wheat__stem_rust,wheat_stem_rust_Google_0052.jpg,C:\Users\vyasn\OneDrive\Desktop\Disease_prediction\data\external\model2_supplementary\plantseg_selected\wheat_stem_rust\wheat_stem_rust_Google_0052.jpg,Training
65a9fafecebf0e1070da356d6b11b217a8011b28b2f8ef8a8673564527f0ce9e,2,True,wheat__stem_rust,wheat_stem_rust_Bing_0040.jpg,C:\Users\vyasn\OneDrive\Desktop\Disease_prediction\data\external\model2_supplementary\plantseg_selected\wheat_stem_rust\wheat_stem_rust_Bing_0040.jpg,Test
65a9fafecebf0e1070da356d6b11b217a8011b28b2f8ef8a8673564527f0ce9e,2,False,wheat__stem_rust,wheat_stem_rust_Google_0035.jpg,C:\Users\vyasn\OneDrive\Desktop\Disease_prediction\data\external\model2_supplementary\plantseg_selected\wheat_stem_rust\wheat_stem_rust_Google_0035.jpg,Training
53d3a9ca3b70fd37a216f1ad440e8bee2dfc53ca45651da2d705042d92fa56c7,2,True,wheat__stem_rust,wheat_stem_rust_Bing_0050.jpg,C:\Users\vyasn\OneDrive\Desktop\Disease_prediction\data\external\model2_supplementary\plantseg_selected\wheat_stem_rust\wheat_stem_rust_Bing_0050.jpg,Training
53d3a9ca3b70fd37a216f1ad440e8bee2dfc53ca45651da2d705042d92fa56c7,2,False,wheat__stem_rust,wheat_stem_rust_Bing_0071.jpg,C:\Users\vyasn\OneDrive\Desktop\Disease_prediction\data\external\model2_supplementary\plantseg_selected\wheat_stem_rust\wheat_stem_rust_Bing_0071.jpg,Training
632d6f3df3b75b11dd8dcff25b29fe6c07abc0e0ff5f14d70cecebeff2b05002,2,True,wheat__stem_rust,wheat_stem_rust_Bing_0070.jpg,C:\Users\vyasn\OneDrive\Desktop\Disease_prediction\data\external\model2_supplementary\plantseg_selected\wheat_stem_rust\wheat_stem_rust_Bing_0070.jpg,Test
632d6f3df3b75b11dd8dcff25b29fe6c07abc0e0ff5f14d70cecebeff2b05002,2,False,wheat__stem_rust,wheat_stem_rust_Google_0028.jpg,C:\Users\vyasn\OneDrive\Desktop\Disease_prediction\data\external\model2_supplementary\plantseg_selected\wheat_stem_rust\wheat_stem_rust_Google_0028.jpg,Training
f0ace029364ac2748476ba7214a5a4df82bfb795230e25172535c5c21f08ffa0,2,True,wheat__stem_rust,wheat_stem_rust_Bing_0167.jpg,C:\Users\vyasn\OneDrive\Desktop\Disease_prediction\data\external\model2_supplementary\plantseg_selected\wheat_stem_rust\wheat_stem_rust_Bing_0167.jpg,Training
f0ace029364ac2748476ba7214a5a4df82bfb795230e25172535c5c21f08ffa0,2,False,wheat__stem_rust,wheat_stem_rust_Bing_0247.jpg,C:\Users\vyasn\OneDrive\Desktop\Disease_prediction\data\external\model2_supplementary\plantseg_selected\wheat_stem_rust\wheat_stem_rust_Bing_0247.jpg,Test
a82ae8f0068cf456303d4de6efea77db9161e66a6549795308cd762677f741be,2,True,wheat__stem_rust,wheat_stem_rust_Bing_0171.jpg,C:\Users\vyasn\OneDrive\Desktop\Disease_prediction\data\external\model2_supplementary\plantseg_selected\wheat_stem_rust\wheat_stem_rust_Bing_0171.jpg,Training
a82ae8f0068cf456303d4de6efea77db9161e66a6549795308cd762677f741be,2,False,wheat__stem_rust,wheat_stem_rust_Bing_0257.jpg,C:\Users\vyasn\OneDrive\Desktop\Disease_prediction\data\external\model2_supplementary\plantseg_selected\wheat_stem_rust\wheat_stem_rust_Bing_0257.jpg,Training
4d687de8b34b84a04bbdccfaf2c28b93a768207f9d6c7c74a6178928f322533a,2,True,wheat__stripe_rust,wheat_stripe_rust_Baidu_0106.jpg,C:\Users\vyasn\OneDrive\Desktop\Disease_prediction\data\external\model2_supplementary\plantseg_selected\wheat_stripe_rust\wheat_stripe_rust_Baidu_0106.jpg,Test
4d687de8b34b84a04bbdccfaf2c28b93a768207f9d6c7c74a6178928f322533a,2,False,wheat__stripe_rust,wheat_stripe_rust_Baidu_0196.jpg,C:\Users\vyasn\OneDrive\Desktop\Disease_prediction\data\external\model2_supplementary\plantseg_selected\wheat_stripe_rust\wheat_stripe_rust_Baidu_0196.jpg,Training
26a3d8decebdd0b4571a9a2361fcc75098e3d29ad4f0429253c70a5e399db591,2,True,wheat__stripe_rust,wheat_stripe_rust_Baidu_0466.jpg,C:\Users\vyasn\OneDrive\Desktop\Disease_prediction\data\external\model2_supplementary\plantseg_selected\wheat_stripe_rust\wheat_stripe_rust_Baidu_0466.jpg,Training
26a3d8decebdd0b4571a9a2361fcc75098e3d29ad4f0429253c70a5e399db591,2,False,wheat__stripe_rust,wheat_stripe_rust_Baidu_0484.jpg,C:\Users\vyasn\OneDrive\Desktop\Disease_prediction\data\external\model2_supplementary\plantseg_selected\wheat_stripe_rust\wheat_stripe_rust_Baidu_0484.jpg,Test
8694bb4a710be15ff67f7b346f1ffa0260ff290d870250c2f9168907e3252aa2,2,True,wheat__stripe_rust,wheat_stripe_rust_Baidu_0468.jpg,C:\Users\vyasn\OneDrive\Desktop\Disease_prediction\data\external\model2_supplementary\plantseg_selected\wheat_stripe_rust\wheat_stripe_rust_Baidu_0468.jpg,Training
8694bb4a710be15ff67f7b346f1ffa0260ff290d870250c2f9168907e3252aa2,2,False,wheat__stripe_rust,wheat_stripe_rust_Baidu_0487.jpg,C:\Users\vyasn\OneDrive\Desktop\Disease_prediction\data\external\model2_supplementary\plantseg_selected\wheat_stripe_rust\wheat_stripe_rust_Baidu_0487.jpg,Training
38f8012f5629acf3dea05ce9fac17ffe5fd0ef2d2fa0529703c878bd7ab9fda9,2,True,wheat__stripe_rust,wheat_stripe_rust_Bing_0002.jpg,C:\Users\vyasn\OneDrive\Desktop\Disease_prediction\data\external\model2_supplementary\plantseg_selected\wheat_stripe_rust\wheat_stripe_rust_Bing_0002.jpg,Test
38f8012f5629acf3dea05ce9fac17ffe5fd0ef2d2fa0529703c878bd7ab9fda9,2,False,wheat__stripe_rust,wheat_stripe_rust_Google_0045.jpg,C:\Users\vyasn\OneDrive\Desktop\Disease_prediction\data\external\model2_supplementary\plantseg_selected\wheat_stripe_rust\wheat_stripe_rust_Google_0045.jpg,Test
8056471d1fe39e6a69acda25204c00031ad8546253edaadb830b1904e30be5f3,2,True,wheat__stripe_rust,wheat_stripe_rust_Bing_0004.jpg,C:\Users\vyasn\OneDrive\Desktop\Disease_prediction\data\external\model2_supplementary\plantseg_selected\wheat_stripe_rust\wheat_stripe_rust_Bing_0004.jpg,Validation
8056471d1fe39e6a69acda25204c00031ad8546253edaadb830b1904e30be5f3,2,False,wheat__stripe_rust,wheat_stripe_rust_Bing_0078.jpg,C:\Users\vyasn\OneDrive\Desktop\Disease_prediction\data\external\model2_supplementary\plantseg_selected\wheat_stripe_rust\wheat_stripe_rust_Bing_0078.jpg,Training
5b0fd5f952056efb2e2a11fe76d17d978f864fba91c9726ee26d229e061d71bc,2,True,wheat__stripe_rust,wheat_stripe_rust_Bing_0006.jpg,C:\Users\vyasn\OneDrive\Desktop\Disease_prediction\data\external\model2_supplementary\plantseg_selected\wheat_stripe_rust\wheat_stripe_rust_Bing_0006.jpg,Training
5b0fd5f952056efb2e2a11fe76d17d978f864fba91c9726ee26d229e061d71bc,2,False,wheat__stripe_rust,wheat_stripe_rust_Google_0029.jpg,C:\Users\vyasn\OneDrive\Desktop\Disease_prediction\data\external\model2_supplementary\plantseg_selected\wheat_stripe_rust\wheat_stripe_rust_Google_0029.jpg,Test
18886b62d751c15ef53a2476458c355bef2dbe68b2edef150eb43e10d02a19c5,2,True,wheat__stripe_rust,wheat_stripe_rust_Bing_0014.jpg,C:\Users\vyasn\OneDrive\Desktop\Disease_prediction\data\external\model2_supplementary\plantseg_selected\wheat_stripe_rust\wheat_stripe_rust_Bing_0014.jpg,Training
18886b62d751c15ef53a2476458c355bef2dbe68b2edef150eb43e10d02a19c5,2,False,wheat__stripe_rust,wheat_stripe_rust_Bing_0125.jpg,C:\Users\vyasn\OneDrive\Desktop\Disease_prediction\data\external\model2_supplementary\plantseg_selected\wheat_stripe_rust\wheat_stripe_rust_Bing_0125.jpg,Training
9194a3751cf6e214b88008343dc5399693438acaafd15159b50e0ad233197b75,2,True,wheat__stripe_rust,wheat_stripe_rust_Bing_0021.jpg,C:\Users\vyasn\OneDrive\Desktop\Disease_prediction\data\external\model2_supplementary\plantseg_selected\wheat_stripe_rust\wheat_stripe_rust_Bing_0021.jpg,Validation
9194a3751cf6e214b88008343dc5399693438acaafd15159b50e0ad233197b75,2,False,wheat__stripe_rust,wheat_stripe_rust_Bing_0089.jpg,C:\Users\vyasn\OneDrive\Desktop\Disease_prediction\data\external\model2_supplementary\plantseg_selected\wheat_stripe_rust\wheat_stripe_rust_Bing_0089.jpg,Training
96a4645a3f7d8ed95101611ef0d17cb95d2c48dc4569e3946d4df8db202671d6,2,True,wheat__stripe_rust,wheat_stripe_rust_Bing_0023.jpg,C:\Users\vyasn\OneDrive\Desktop\Disease_prediction\data\external\model2_supplementary\plantseg_selected\wheat_stripe_rust\wheat_stripe_rust_Bing_0023.jpg,Training
96a4645a3f7d8ed95101611ef0d17cb95d2c48dc4569e3946d4df8db202671d6,2,False,wheat__stripe_rust,wheat_stripe_rust_Bing_0076.jpg,C:\Users\vyasn\OneDrive\Desktop\Disease_prediction\data\external\model2_supplementary\plantseg_selected\wheat_stripe_rust\wheat_stripe_rust_Bing_0076.jpg,Training
7c87c16b5e39f80ad1c61725945e656bd49e55b7d7dee3d904f54705581afb7a,2,True,wheat__stripe_rust,wheat_stripe_rust_Bing_0025.jpg,C:\Users\vyasn\OneDrive\Desktop\Disease_prediction\data\external\model2_supplementary\plantseg_selected\wheat_stripe_rust\wheat_stripe_rust_Bing_0025.jpg,Training
7c87c16b5e39f80ad1c61725945e656bd49e55b7d7dee3d904f54705581afb7a,2,False,wheat__stripe_rust,wheat_stripe_rust_Bing_0194.jpg,C:\Users\vyasn\OneDrive\Desktop\Disease_prediction\data\external\model2_supplementary\plantseg_selected\wheat_stripe_rust\wheat_stripe_rust_Bing_0194.jpg,Training
380727c459af3c3829c5399126a7507ccbb0586ad0f6c411f0caaf5349d6ecda,2,True,wheat__stripe_rust,wheat_stripe_rust_Bing_0027.jpg,C:\Users\vyasn\OneDrive\Desktop\Disease_prediction\data\external\model2_supplementary\plantseg_selected\wheat_stripe_rust\wheat_stripe_rust_Bing_0027.jpg,Training
380727c459af3c3829c5399126a7507ccbb0586ad0f6c411f0caaf5349d6ecda,2,False,wheat__stripe_rust,wheat_stripe_rust_Bing_0084.jpg,C:\Users\vyasn\OneDrive\Desktop\Disease_prediction\data\external\model2_supplementary\plantseg_selected\wheat_stripe_rust\wheat_stripe_rust_Bing_0084.jpg,Test
3734441d68ad10d0c4cf8f4996b692d0f411d36916448e43425f2170309e16ac,2,True,wheat__stripe_rust,wheat_stripe_rust_Bing_0029.jpg,C:\Users\vyasn\OneDrive\Desktop\Disease_prediction\data\external\model2_supplementary\plantseg_selected\wheat_stripe_rust\wheat_stripe_rust_Bing_0029.jpg,Training
3734441d68ad10d0c4cf8f4996b692d0f411d36916448e43425f2170309e16ac,2,False,wheat__stripe_rust,wheat_stripe_rust_Bing_0081.jpg,C:\Users\vyasn\OneDrive\Desktop\Disease_prediction\data\external\model2_supplementary\plantseg_selected\wheat_stripe_rust\wheat_stripe_rust_Bing_0081.jpg,Training
aaabd96f7ce38b6c3be74d07d30d0e9b46e69520d2651bb7a4a620bebfcf5e27,2,True,wheat__stripe_rust,wheat_stripe_rust_Bing_0031.jpg,C:\Users\vyasn\OneDrive\Desktop\Disease_prediction\data\external\model2_supplementary\plantseg_selected\wheat_stripe_rust\wheat_stripe_rust_Bing_0031.jpg,Training
aaabd96f7ce38b6c3be74d07d30d0e9b46e69520d2651bb7a4a620bebfcf5e27,2,False,wheat__stripe_rust,wheat_stripe_rust_Bing_0173.jpg,C:\Users\vyasn\OneDrive\Desktop\Disease_prediction\data\external\model2_supplementary\plantseg_selected\wheat_stripe_rust\wheat_stripe_rust_Bing_0173.jpg,Test
14cc7f68415dda32edd63bf8c81c2ab512e3eecdce872db0e4277ce10ee7140c,2,True,wheat__stripe_rust,wheat_stripe_rust_Bing_0033.jpg,C:\Users\vyasn\OneDrive\Desktop\Disease_prediction\data\external\model2_supplementary\plantseg_selected\wheat_stripe_rust\wheat_stripe_rust_Bing_0033.jpg,Training
14cc7f68415dda32edd63bf8c81c2ab512e3eecdce872db0e4277ce10ee7140c,2,False,wheat__stripe_rust,wheat_stripe_rust_Bing_0083.jpg,C:\Users\vyasn\OneDrive\Desktop\Disease_prediction\data\external\model2_supplementary\plantseg_selected\wheat_stripe_rust\wheat_stripe_rust_Bing_0083.jpg,Test
d315bc84a837dcbf1dabf310b389cea1c962926ccb2bab142817e4324e501f27,2,True,wheat__stripe_rust,wheat_stripe_rust_Bing_0037.jpg,C:\Users\vyasn\OneDrive\Desktop\Disease_prediction\data\external\model2_supplementary\plantseg_selected\wheat_stripe_rust\wheat_stripe_rust_Bing_0037.jpg,Validation
d315bc84a837dcbf1dabf310b389cea1c962926ccb2bab142817e4324e501f27,2,False,wheat__stripe_rust,wheat_stripe_rust_Bing_0095.jpg,C:\Users\vyasn\OneDrive\Desktop\Disease_prediction\data\external\model2_supplementary\plantseg_selected\wheat_stripe_rust\wheat_stripe_rust_Bing_0095.jpg,Training
d442611e2cbc48cc82cd3858d2d96630efe321841ac9344026face4242509456,2,True,wheat__stripe_rust,wheat_stripe_rust_Bing_0038.jpg,C:\Users\vyasn\OneDrive\Desktop\Disease_prediction\data\external\model2_supplementary\plantseg_selected\wheat_stripe_rust\wheat_stripe_rust_Bing_0038.jpg,Training
d442611e2cbc48cc82cd3858d2d96630efe321841ac9344026face4242509456,2,False,wheat__stripe_rust,wheat_stripe_rust_Bing_0272.jpg,C:\Users\vyasn\OneDrive\Desktop\Disease_prediction\data\external\model2_supplementary\plantseg_selected\wheat_stripe_rust\wheat_stripe_rust_Bing_0272.jpg,Training
d81c416816c1f4ccb63254bd890aa15bb49980ca842bb5519cae986f14a43f7c,2,True,wheat__stripe_rust,wheat_stripe_rust_Bing_0039.jpg,C:\Users\vyasn\OneDrive\Desktop\Disease_prediction\data\external\model2_supplementary\plantseg_selected\wheat_stripe_rust\wheat_stripe_rust_Bing_0039.jpg,Training
d81c416816c1f4ccb63254bd890aa15bb49980ca842bb5519cae986f14a43f7c,2,False,wheat__stripe_rust,wheat_stripe_rust_Bing_0096.jpg,C:\Users\vyasn\OneDrive\Desktop\Disease_prediction\data\external\model2_supplementary\plantseg_selected\wheat_stripe_rust\wheat_stripe_rust_Bing_0096.jpg,Training
2d8a94e8e7844b7669ff295eb9f76d170c4023a69f8fc19b2f8aea1cc89ef646,2,True,wheat__stripe_rust,wheat_stripe_rust_Bing_0042.jpg,C:\Users\vyasn\OneDrive\Desktop\Disease_prediction\data\external\model2_supplementary\plantseg_selected\wheat_stripe_rust\wheat_stripe_rust_Bing_0042.jpg,Validation
2d8a94e8e7844b7669ff295eb9f76d170c4023a69f8fc19b2f8aea1cc89ef646,2,False,wheat__stripe_rust,wheat_stripe_rust_Bing_0153.jpg,C:\Users\vyasn\OneDrive\Desktop\Disease_prediction\data\external\model2_supplementary\plantseg_selected\wheat_stripe_rust\wheat_stripe_rust_Bing_0153.jpg,Training
ad28fc5dd926cffef429da0931fb16cc8188af1b79e071514624b8488e4cdbfc,2,True,wheat__stripe_rust,wheat_stripe_rust_Bing_0047.jpg,C:\Users\vyasn\OneDrive\Desktop\Disease_prediction\data\external\model2_supplementary\plantseg_selected\wheat_stripe_rust\wheat_stripe_rust_Bing_0047.jpg,Validation
ad28fc5dd926cffef429da0931fb16cc8188af1b79e071514624b8488e4cdbfc,2,False,wheat__stripe_rust,wheat_stripe_rust_Bing_0151.jpg,C:\Users\vyasn\OneDrive\Desktop\Disease_prediction\data\external\model2_supplementary\plantseg_selected\wheat_stripe_rust\wheat_stripe_rust_Bing_0151.jpg,Training
02f5215ee7308a1fd3742fe66fd8b76eaa05b576a6df3ce29f328b43999d4038,2,True,wheat__stripe_rust,wheat_stripe_rust_Bing_0048.jpg,C:\Users\vyasn\OneDrive\Desktop\Disease_prediction\data\external\model2_supplementary\plantseg_selected\wheat_stripe_rust\wheat_stripe_rust_Bing_0048.jpg,Training
02f5215ee7308a1fd3742fe66fd8b76eaa05b576a6df3ce29f328b43999d4038,2,False,wheat__stripe_rust,wheat_stripe_rust_Bing_0122.jpg,C:\Users\vyasn\OneDrive\Desktop\Disease_prediction\data\external\model2_supplementary\plantseg_selected\wheat_stripe_rust\wheat_stripe_rust_Bing_0122.jpg,Training
b45443b61a582d53141f9398d5a673e2688aa104fd9cbdb487655aa8dcf6834a,2,True,wheat__stripe_rust,wheat_stripe_rust_Bing_0055.jpg,C:\Users\vyasn\OneDrive\Desktop\Disease_prediction\data\external\model2_supplementary\plantseg_selected\wheat_stripe_rust\wheat_stripe_rust_Bing_0055.jpg,Training
b45443b61a582d53141f9398d5a673e2688aa104fd9cbdb487655aa8dcf6834a,2,False,wheat__stripe_rust,wheat_stripe_rust_Bing_0137.jpg,C:\Users\vyasn\OneDrive\Desktop\Disease_prediction\data\external\model2_supplementary\plantseg_selected\wheat_stripe_rust\wheat_stripe_rust_Bing_0137.jpg,Test
435b525c1c4e295310bc9668054117e788df1f914b606d01484a2b627efda471,2,True,wheat__stripe_rust,wheat_stripe_rust_Bing_0063.jpg,C:\Users\vyasn\OneDrive\Desktop\Disease_prediction\data\external\model2_supplementary\plantseg_selected\wheat_stripe_rust\wheat_stripe_rust_Bing_0063.jpg,Validation
435b525c1c4e295310bc9668054117e788df1f914b606d01484a2b627efda471,2,False,wheat__stripe_rust,wheat_stripe_rust_Bing_0240.jpg,C:\Users\vyasn\OneDrive\Desktop\Disease_prediction\data\external\model2_supplementary\plantseg_selected\wheat_stripe_rust\wheat_stripe_rust_Bing_0240.jpg,Training
cb38819eb70b7d1a2c20a9f09f02898d632beb1609451dc4ec4ad579d7f62a0a,2,True,wheat__stripe_rust,wheat_stripe_rust_Bing_0126.jpg,C:\Users\vyasn\OneDrive\Desktop\Disease_prediction\data\external\model2_supplementary\plantseg_selected\wheat_stripe_rust\wheat_stripe_rust_Bing_0126.jpg,Training
cb38819eb70b7d1a2c20a9f09f02898d632beb1609451dc4ec4ad579d7f62a0a,2,False,wheat__stripe_rust,wheat_stripe_rust_Google_0149.jpg,C:\Users\vyasn\OneDrive\Desktop\Disease_prediction\data\external\model2_supplementary\plantseg_selected\wheat_stripe_rust\wheat_stripe_rust_Google_0149.jpg,Training
737ec51eb3e8581c57a893e0cd1eedb691445d5439d9ea47aae6e6e4d03ee56f,2,True,wheat__stripe_rust,wheat_stripe_rust_Bing_0145.jpg,C:\Users\vyasn\OneDrive\Desktop\Disease_prediction\data\external\model2_supplementary\plantseg_selected\wheat_stripe_rust\wheat_stripe_rust_Bing_0145.jpg,Training
737ec51eb3e8581c57a893e0cd1eedb691445d5439d9ea47aae6e6e4d03ee56f,2,False,wheat__stripe_rust,wheat_stripe_rust_Google_0009.jpg,C:\Users\vyasn\OneDrive\Desktop\Disease_prediction\data\external\model2_supplementary\plantseg_selected\wheat_stripe_rust\wheat_stripe_rust_Google_0009.jpg,Training
010088298c2aadc861db7a7c05fef47306e302a41de631979928d25708172b96,2,True,wheat__stripe_rust,wheat_stripe_rust_Bing_0224.jpg,C:\Users\vyasn\OneDrive\Desktop\Disease_prediction\data\external\model2_supplementary\plantseg_selected\wheat_stripe_rust\wheat_stripe_rust_Bing_0224.jpg,Test
010088298c2aadc861db7a7c05fef47306e302a41de631979928d25708172b96,2,False,wheat__stripe_rust,wheat_stripe_rust_Google_0004.jpg,C:\Users\vyasn\OneDrive\Desktop\Disease_prediction\data\external\model2_supplementary\plantseg_selected\wheat_stripe_rust\wheat_stripe_rust_Google_0004.jpg,Training
0c1ff41ce56e58f2dcc755b0fc16b5d44ff3ea8049719273ee8d14b686050ac3,2,True,wheat__stripe_rust,wheat_stripe_rust_Bing_0225.jpg,C:\Users\vyasn\OneDrive\Desktop\Disease_prediction\data\external\model2_supplementary\plantseg_selected\wheat_stripe_rust\wheat_stripe_rust_Bing_0225.jpg,Test
0c1ff41ce56e58f2dcc755b0fc16b5d44ff3ea8049719273ee8d14b686050ac3,2,False,wheat__stripe_rust,wheat_stripe_rust_Google_0143.jpg,C:\Users\vyasn\OneDrive\Desktop\Disease_prediction\data\external\model2_supplementary\plantseg_selected\wheat_stripe_rust\wheat_stripe_rust_Google_0143.jpg,Training
757b2b4bd8bb76855e71e2dde98ea5147a08b2bf3960711ac962732ad4907ec1,2,True,zucchini__bacterial_wilt,zucchini_bacterial_wilt_Bing_0019.jpg,C:\Users\vyasn\OneDrive\Desktop\Disease_prediction\data\external\model2_supplementary\plantseg_selected\zucchini_bacterial_wilt\zucchini_bacterial_wilt_Bing_0019.jpg,Test
757b2b4bd8bb76855e71e2dde98ea5147a08b2bf3960711ac962732ad4907ec1,2,False,zucchini__bacterial_wilt,zucchini_bacterial_wilt_Google_0008.jpg,C:\Users\vyasn\OneDrive\Desktop\Disease_prediction\data\external\model2_supplementary\plantseg_selected\zucchini_bacterial_wilt\zucchini_bacterial_wilt_Google_0008.jpg,Training
3d58c9220063555fb1ffef0e68d7da4b65da9513b3315d1939f2cec80a647b5e,2,True,zucchini__powdery_mildew,zucchini_powdery_mildew_Bing_0007.jpg,C:\Users\vyasn\OneDrive\Desktop\Disease_prediction\data\external\model2_supplementary\plantseg_selected\zucchini_powdery_mildew\zucchini_powdery_mildew_Bing_0007.jpg,Training
3d58c9220063555fb1ffef0e68d7da4b65da9513b3315d1939f2cec80a647b5e,2,False,zucchini__powdery_mildew,zucchini_powdery_mildew_Google_0187.jpg,C:\Users\vyasn\OneDrive\Desktop\Disease_prediction\data\external\model2_supplementary\plantseg_selected\zucchini_powdery_mildew\zucchini_powdery_mildew_Google_0187.jpg,Training
3587cff89745dae113051972f66def0966355db16ab2581a237968957497d161,2,True,zucchini__powdery_mildew,zucchini_powdery_mildew_Bing_0281.jpg,C:\Users\vyasn\OneDrive\Desktop\Disease_prediction\data\external\model2_supplementary\plantseg_selected\zucchini_powdery_mildew\zucchini_powdery_mildew_Bing_0281.jpg,Training
3587cff89745dae113051972f66def0966355db16ab2581a237968957497d161,2,False,zucchini__powdery_mildew,zucchini_powdery_mildew_Bing_0321.jpg,C:\Users\vyasn\OneDrive\Desktop\Disease_prediction\data\external\model2_supplementary\plantseg_selected\zucchini_powdery_mildew\zucchini_powdery_mildew_Bing_0321.jpg,Training
7c714bf0f4c9020cee1153645847bd9162bfe4eaa03047baa359f34cdf3067d5,2,True,zucchini__powdery_mildew,zucchini_powdery_mildew_Bing_0282.jpg,C:\Users\vyasn\OneDrive\Desktop\Disease_prediction\data\external\model2_supplementary\plantseg_selected\zucchini_powdery_mildew\zucchini_powdery_mildew_Bing_0282.jpg,Training
7c714bf0f4c9020cee1153645847bd9162bfe4eaa03047baa359f34cdf3067d5,2,False,zucchini__powdery_mildew,zucchini_powdery_mildew_Bing_0322.jpg,C:\Users\vyasn\OneDrive\Desktop\Disease_prediction\data\external\model2_supplementary\plantseg_selected\zucchini_powdery_mildew\zucchini_powdery_mildew_Bing_0322.jpg,Training
34625e95a49f574ab0de96ba31e2dc06daa409c5c05ede473d9d371a8431f751,2,True,zucchini__powdery_mildew,zucchini_powdery_mildew_Bing_0283.jpg,C:\Users\vyasn\OneDrive\Desktop\Disease_prediction\data\external\model2_supplementary\plantseg_selected\zucchini_powdery_mildew\zucchini_powdery_mildew_Bing_0283.jpg,Training
34625e95a49f574ab0de96ba31e2dc06daa409c5c05ede473d9d371a8431f751,2,False,zucchini__powdery_mildew,zucchini_powdery_mildew_Bing_0324.jpg,C:\Users\vyasn\OneDrive\Desktop\Disease_prediction\data\external\model2_supplementary\plantseg_selected\zucchini_powdery_mildew\zucchini_powdery_mildew_Bing_0324.jpg,Training
43bdc888ef48ce5cc711135a7653ba3022d955353f6fe5bf1e738b3fceaf5fca,2,True,zucchini__powdery_mildew,zucchini_powdery_mildew_Bing_0289.jpg,C:\Users\vyasn\OneDrive\Desktop\Disease_prediction\data\external\model2_supplementary\plantseg_selected\zucchini_powdery_mildew\zucchini_powdery_mildew_Bing_0289.jpg,Test
43bdc888ef48ce5cc711135a7653ba3022d955353f6fe5bf1e738b3fceaf5fca,2,False,zucchini__powdery_mildew,zucchini_powdery_mildew_Bing_0330.jpg,C:\Users\vyasn\OneDrive\Desktop\Disease_prediction\data\external\model2_supplementary\plantseg_selected\zucchini_powdery_mildew\zucchini_powdery_mildew_Bing_0330.jpg,Validation
05695267cc7f3919d4f091389661bdac935b1f922f479fd3abf1d25b4aaa015d,2,True,zucchini__powdery_mildew,zucchini_powdery_mildew_Bing_0297.jpg,C:\Users\vyasn\OneDrive\Desktop\Disease_prediction\data\external\model2_supplementary\plantseg_selected\zucchini_powdery_mildew\zucchini_powdery_mildew_Bing_0297.jpg,Training
05695267cc7f3919d4f091389661bdac935b1f922f479fd3abf1d25b4aaa015d,2,False,zucchini__powdery_mildew,zucchini_powdery_mildew_Bing_0337.jpg,C:\Users\vyasn\OneDrive\Desktop\Disease_prediction\data\external\model2_supplementary\plantseg_selected\zucchini_powdery_mildew\zucchini_powdery_mildew_Bing_0337.jpg,Test
bce1a649ba4ed0ce6d5323058be403fbfc2aff7e153efa905119b6aa784fb552,2,True,zucchini__powdery_mildew,zucchini_powdery_mildew_Bing_0298.jpg,C:\Users\vyasn\OneDrive\Desktop\Disease_prediction\data\external\model2_supplementary\plantseg_selected\zucchini_powdery_mildew\zucchini_powdery_mildew_Bing_0298.jpg,Training
bce1a649ba4ed0ce6d5323058be403fbfc2aff7e153efa905119b6aa784fb552,2,False,zucchini__powdery_mildew,zucchini_powdery_mildew_Bing_0341.jpg,C:\Users\vyasn\OneDrive\Desktop\Disease_prediction\data\external\model2_supplementary\plantseg_selected\zucchini_powdery_mildew\zucchini_powdery_mildew_Bing_0341.jpg,Training
04741b83dfa4a7dd41be3e85858d50d50f21c68930c31b941abf7be812c1929c,2,True,zucchini__powdery_mildew,zucchini_powdery_mildew_Bing_0308.jpg,C:\Users\vyasn\OneDrive\Desktop\Disease_prediction\data\external\model2_supplementary\plantseg_selected\zucchini_powdery_mildew\zucchini_powdery_mildew_Bing_0308.jpg,Test
04741b83dfa4a7dd41be3e85858d50d50f21c68930c31b941abf7be812c1929c,2,False,zucchini__powdery_mildew,zucchini_powdery_mildew_Bing_0347.jpg,C:\Users\vyasn\OneDrive\Desktop\Disease_prediction\data\external\model2_supplementary\plantseg_selected\zucchini_powdery_mildew\zucchini_powdery_mildew_Bing_0347.jpg,Test
bae9239b62308122413b86c2d50a6840d263246865f0752e7cd3483236985c77,2,True,zucchini__powdery_mildew,zucchini_powdery_mildew_Bing_0336.jpg,C:\Users\vyasn\OneDrive\Desktop\Disease_prediction\data\external\model2_supplementary\plantseg_selected\zucchini_powdery_mildew\zucchini_powdery_mildew_Bing_0336.jpg,Test
bae9239b62308122413b86c2d50a6840d263246865f0752e7cd3483236985c77,2,False,zucchini__powdery_mildew,zucchini_powdery_mildew_Bing_0357.jpg,C:\Users\vyasn\OneDrive\Desktop\Disease_prediction\data\external\model2_supplementary\plantseg_selected\zucchini_powdery_mildew\zucchini_powdery_mildew_Bing_0357.jpg,Training
c990a0e5135acec1a72f4ab9cb584274d92c4d05047018f9bcd6f070490ed7ed,2,True,zucchini__powdery_mildew,zucchini_powdery_mildew_Google_0090.jpg,C:\Users\vyasn\OneDrive\Desktop\Disease_prediction\data\external\model2_supplementary\plantseg_selected\zucchini_powdery_mildew\zucchini_powdery_mildew_Google_0090.jpg,Training
c990a0e5135acec1a72f4ab9cb584274d92c4d05047018f9bcd6f070490ed7ed,2,False,zucchini__powdery_mildew,zucchini_powdery_mildew_Google_0114.jpg,C:\Users\vyasn\OneDrive\Desktop\Disease_prediction\data\external\model2_supplementary\plantseg_selected\zucchini_powdery_mildew\zucchini_powdery_mildew_Google_0114.jpg,Validation
