canonical_crop,filename,staged_relpath,source_dataset,source_url,observation_id,photo_id,original_label,license,sha256,phash,width,height,quality_status,duplicate_status,acceptance_reason,retrieval_date
cherry,cherry_inaturalist_101878358_31c93b863c.jpg,raw_acquisitions/cherry/inaturalist_research/cherry_inaturalist_101878358_31c93b863c.jpg,inaturalist_research,https://inaturalist-open-data.s3.amazonaws.com,101878358,,Prunus avium / cerasus (Sweet / Sour Cherry),cc-by-nc,31c93b863c6d47170c7ff1fc10d0fca68fede11393ab9182cbb153cf84cc1ce5,f666dc393cc98c81,500,375,verified_valid,unique,Existing botanist-verified observation of Prunus avium / cerasus (Sweet / Sour Cherry) (500x375),2026-10-10 09:44:41 UTC
cherry,cherry_inaturalist_105547462_2aee1aa7ac.jpg,raw_acquisitions/cherry/inaturalist_research/cherry_inaturalist_105547462_2aee1aa7ac.jpg,inaturalist_research,https://inaturalist-open-data.s3.amazonaws.com,105547462,,Prunus avium / cerasus (Sweet / Sour Cherry),cc-by-nc,2aee1aa7ac92c214fe1313a8b7cc916556044092b425ec2bbf2a28d0558f159c,86b40fa786aa69f4,500,332,verified_valid,unique,Existing botanist-verified observation of Prunus avium / cerasus (Sweet / Sour Cherry) (500x332),2026-10-10 09:44:41 UTC
cherry,cherry_inaturalist_107411042_6a15d6e8cc.jpg,raw_acquisitions/cherry/inaturalist_research/cherry_inaturalist_107411042_6a15d6e8cc.jpg,inaturalist_research,https://inaturalist-open-data.s3.amazonaws.com,107411042,,Prunus avium / cerasus (Sweet / Sour Cherry),cc-by-nc,6a15d6e8ccc22b401e810d451625a550522044adadb10122ef480a3eeed7acb7,be87eced5858281a,375,500,verified_valid,unique,Existing botanist-verified observation of Prunus avium / cerasus (Sweet / Sour Cherry) (375x500),2026-10-10 09:44:41 UTC
cherry,cherry_inaturalist_11012562_7299e2e407.jpg,raw_acquisitions/cherry/inaturalist_research/cherry_inaturalist_11012562_7299e2e407.jpg,inaturalist_research,https://inaturalist-open-data.s3.amazonaws.com,11012562,,Prunus avium / cerasus (Sweet / Sour Cherry),cc-by-nc,7299e2e407738b1d72753c8b13f839cacd6ecdccee5965d6d9de404d1f2a1160,e0dbc70718e6f30c,375,500,verified_valid,unique,Existing botanist-verified observation of Prunus avium / cerasus (Sweet / Sour Cherry) (375x500),2026-10-10 09:44:41 UTC
cherry,cherry_inaturalist_111792405_6a70d06abf.jpg,raw_acquisitions/cherry/inaturalist_research/cherry_inaturalist_111792405_6a70d06abf.jpg,inaturalist_research,https://inaturalist-open-data.s3.amazonaws.com,111792405,,Prunus avium / cerasus (Sweet / Sour Cherry),cc-by-nc,6a70d06abf7ed8e4c97389a647cdb1b00f1116b7148c4f37b32167c71d9d9ea3,ea358b9df8307c18,375,500,verified_valid,unique,Existing botanist-verified observation of Prunus avium / cerasus (Sweet / Sour Cherry) (375x500),2026-10-10 09:44:41 UTC
cherry,cherry_inaturalist_113491251_2185e73155.jpg,raw_acquisitions/cherry/inaturalist_research/cherry_inaturalist_113491251_2185e73155.jpg,inaturalist_research,https://inaturalist-open-data.s3.amazonaws.com,113491251,,Prunus avium / cerasus (Sweet / Sour Cherry),cc-by-nc,2185e7315599ffd6bfef9f7db6d65d45d5db8df3eba49196967bc529b02302c6,991f4f36d388a1c3,375,500,verified_valid,unique,Existing botanist-verified observation of Prunus avium / cerasus (Sweet / Sour Cherry) (375x500),2026-10-10 09:44:41 UTC
cherry,cherry_inaturalist_11366332_ee21a089f9.jpg,raw_acquisitions/cherry/inaturalist_research/cherry_inaturalist_11366332_ee21a089f9.jpg,inaturalist_research,https://inaturalist-open-data.s3.amazonaws.com,11366332,,Prunus avium / cerasus (Sweet / Sour Cherry),cc-by-nc,ee21a089f9a121750516b78ba673fb1b6d5acbea8ee22f8c6b40f400b5c0fb96,cbaab4ccd933c4c8,375,500,verified_valid,unique,Existing botanist-verified observation of Prunus avium / cerasus (Sweet / Sour Cherry) (375x500),2026-10-10 09:44:41 UTC
cherry,cherry_inaturalist_119004465_a5c7ca1f9d.jpg,raw_acquisitions/cherry/inaturalist_research/cherry_inaturalist_119004465_a5c7ca1f9d.jpg,inaturalist_research,https://inaturalist-open-data.s3.amazonaws.com,119004465,,Prunus avium / cerasus (Sweet / Sour Cherry),cc-by-nc,a5c7ca1f9dda6ddf9e2472bbac8430d986a57791b9622be75dfe13b8cbdc39e9,d02ad0f07ef450ed,375,500,verified_valid,unique,Existing botanist-verified observation of Prunus avium / cerasus (Sweet / Sour Cherry) (375x500),2026-10-10 09:44:41 UTC
cherry,cherry_inaturalist_120844151_8267f2a8d8.jpg,raw_acquisitions/cherry/inaturalist_research/cherry_inaturalist_120844151_8267f2a8d8.jpg,inaturalist_research,https://inaturalist-open-data.s3.amazonaws.com,120844151,,Prunus avium / cerasus (Sweet / Sour Cherry),cc-by-nc,8267f2a8d8a684695af8b418c318a45a519f01fadb1660356a11ca9e077c5129,d1007c21e09fef9e,500,500,verified_valid,unique,Existing botanist-verified observation of Prunus avium / cerasus (Sweet / Sour Cherry) (500x500),2026-10-10 09:44:41 UTC
cherry,cherry_inaturalist_166541877_ce0ba47e87.jpg,raw_acquisitions/cherry/inaturalist_research/cherry_inaturalist_166541877_ce0ba47e87.jpg,inaturalist_research,https://inaturalist-open-data.s3.amazonaws.com,166541877,,Prunus avium / cerasus (Sweet / Sour Cherry),cc-by-nc,ce0ba47e87dc5059c2418bbab0d99266e5effb3f718cd262b0510b059c44a2f3,f6809af4b847b554,375,500,verified_valid,unique,Existing botanist-verified observation of Prunus avium / cerasus (Sweet / Sour Cherry) (375x500),2026-10-10 09:44:41 UTC
cherry,cherry_inaturalist_167631079_8cda9f8a34.jpg,raw_acquisitions/cherry/inaturalist_research/cherry_inaturalist_167631079_8cda9f8a34.jpg,inaturalist_research,https://inaturalist-open-data.s3.amazonaws.com,167631079,,Prunus avium / cerasus (Sweet / Sour Cherry),cc-by-nc,8cda9f8a340873cc4b3a85e4eb5e9e06dcd942e344fdafa6772d3b481e9ff655,b4253bf807dcc29a,375,500,verified_valid,unique,Existing botanist-verified observation of Prunus avium / cerasus (Sweet / Sour Cherry) (375x500),2026-10-10 09:44:41 UTC
cherry,cherry_inaturalist_170699374_600ce99212.jpg,raw_acquisitions/cherry/inaturalist_research/cherry_inaturalist_170699374_600ce99212.jpg,inaturalist_research,https://inaturalist-open-data.s3.amazonaws.com,170699374,,Prunus avium / cerasus (Sweet / Sour Cherry),cc-by-nc,600ce9921216dca828f8b3e4f7567eb6438d85794e02b02b03dd685011fdee6e,a69c49cd7435b22b,375,500,verified_valid,unique,Existing botanist-verified observation of Prunus avium / cerasus (Sweet / Sour Cherry) (375x500),2026-10-10 09:44:41 UTC
cherry,cherry_inaturalist_206777618_67e3cc515e.jpg,raw_acquisitions/cherry/inaturalist_research/cherry_inaturalist_206777618_67e3cc515e.jpg,inaturalist_research,https://inaturalist-open-data.s3.amazonaws.com,206777618,,Prunus avium / cerasus (Sweet / Sour Cherry),cc-by-nc,67e3cc515e973829fca0ec113b25cdb69cd415e5d246a3f4f932cc36a5d394f7,9ca4139bc33e8c73,375,500,verified_valid,unique,Existing botanist-verified observation of Prunus avium / cerasus (Sweet / Sour Cherry) (375x500),2026-10-10 09:44:41 UTC
cherry,cherry_inaturalist_210733932_ab2d5135f0.jpg,raw_acquisitions/cherry/inaturalist_research/cherry_inaturalist_210733932_ab2d5135f0.jpg,inaturalist_research,https://inaturalist-open-data.s3.amazonaws.com,210733932,,Prunus avium / cerasus (Sweet / Sour Cherry),cc-by-nc,ab2d5135f0d5bd97e9fe556866ebf302dc4e8c4c4de42f49fe7689452ecb7510,f1b16c4c9d37a0e1,375,500,verified_valid,unique,Existing botanist-verified observation of Prunus avium / cerasus (Sweet / Sour Cherry) (375x500),2026-10-10 09:44:41 UTC
cherry,cherry_inaturalist_217773994_e3c7438781.jpg,raw_acquisitions/cherry/inaturalist_research/cherry_inaturalist_217773994_e3c7438781.jpg,inaturalist_research,https://inaturalist-open-data.s3.amazonaws.com,217773994,,Prunus avium / cerasus (Sweet / Sour Cherry),cc-by-nc,e3c743878115e97a168b4b11be24b92cef50dd19ea3407f8007905cc58fc1cd4,d80e7a85651f36a9,375,500,verified_valid,unique,Existing botanist-verified observation of Prunus avium / cerasus (Sweet / Sour Cherry) (375x500),2026-10-10 09:44:41 UTC
cherry,cherry_inaturalist_225502839_3e4ebc412a.jpg,raw_acquisitions/cherry/inaturalist_research/cherry_inaturalist_225502839_3e4ebc412a.jpg,inaturalist_research,https://inaturalist-open-data.s3.amazonaws.com,225502839,,Prunus avium / cerasus (Sweet / Sour Cherry),cc-by-nc,3e4ebc412ae5436f6cb80c9e60a0eac1e90da856fccb91a3c2061258f0313a9f,acbf01f87f0ae805,375,500,verified_valid,unique,Existing botanist-verified observation of Prunus avium / cerasus (Sweet / Sour Cherry) (375x500),2026-10-10 09:44:41 UTC
cherry,cherry_inaturalist_235665284_d2246df6af.jpg,raw_acquisitions/cherry/inaturalist_research/cherry_inaturalist_235665284_d2246df6af.jpg,inaturalist_research,https://inaturalist-open-data.s3.amazonaws.com,235665284,,Prunus avium / cerasus (Sweet / Sour Cherry),cc-by-nc,d2246df6af7ba3b6986a84d10344b3fc2de654b428fcf12c2053936fb32b085e,ae75e0994bb26a8a,500,281,verified_valid,unique,Existing botanist-verified observation of Prunus avium / cerasus (Sweet / Sour Cherry) (500x281),2026-10-10 09:44:41 UTC
cherry,cherry_inaturalist_238486326_1e83dee840.jpg,raw_acquisitions/cherry/inaturalist_research/cherry_inaturalist_238486326_1e83dee840.jpg,inaturalist_research,https://inaturalist-open-data.s3.amazonaws.com,238486326,,Prunus avium / cerasus (Sweet / Sour Cherry),cc-by-nc,1e83dee840c92de116905ee2b44321274433d18558315594b4e93da1bd1af542,d01f0c60bebcd563,281,500,verified_valid,unique,Existing botanist-verified observation of Prunus avium / cerasus (Sweet / Sour Cherry) (281x500),2026-10-10 09:44:41 UTC
cherry,cherry_inaturalist_24175130_d4ee4316e9.jpg,raw_acquisitions/cherry/inaturalist_research/cherry_inaturalist_24175130_d4ee4316e9.jpg,inaturalist_research,https://inaturalist-open-data.s3.amazonaws.com,24175130,,Prunus avium / cerasus (Sweet / Sour Cherry),cc-by-nc,d4ee4316e95dbe62f5220d1797d49e46c440a8a7b866ecc11bd7148f1306902e,8e093c3f33a6c665,375,500,verified_valid,unique,Existing botanist-verified observation of Prunus avium / cerasus (Sweet / Sour Cherry) (375x500),2026-10-10 09:44:41 UTC
cherry,cherry_inaturalist_24306046_18bcd23926.jpg,raw_acquisitions/cherry/inaturalist_research/cherry_inaturalist_24306046_18bcd23926.jpg,inaturalist_research,https://inaturalist-open-data.s3.amazonaws.com,24306046,,Prunus avium / cerasus (Sweet / Sour Cherry),cc-by-nc,18bcd239269d37ce664a7be7548ad67bbcc33ed171d04ffb48b3c4a1e89221bd,b9ea2915da858eb4,500,375,verified_valid,unique,Existing botanist-verified observation of Prunus avium / cerasus (Sweet / Sour Cherry) (500x375),2026-10-10 09:44:41 UTC
cherry,cherry_inaturalist_247608935_b5ee43e223.jpg,raw_acquisitions/cherry/inaturalist_research/cherry_inaturalist_247608935_b5ee43e223.jpg,inaturalist_research,https://inaturalist-open-data.s3.amazonaws.com,247608935,,Prunus avium / cerasus (Sweet / Sour Cherry),cc-by-nc,b5ee43e223295312ccff0e31dd6bad611306be2c93f16d78e6e962c6bbb297c3,e223a3a38b3aaaae,375,500,verified_valid,unique,Existing botanist-verified observation of Prunus avium / cerasus (Sweet / Sour Cherry) (375x500),2026-10-10 09:44:41 UTC
cherry,cherry_inaturalist_261356663_a5e61937c1.jpg,raw_acquisitions/cherry/inaturalist_research/cherry_inaturalist_261356663_a5e61937c1.jpg,inaturalist_research,https://inaturalist-open-data.s3.amazonaws.com,261356663,,Prunus avium / cerasus (Sweet / Sour Cherry),cc-by-nc,a5e61937c193f39975af504903dd4de57e2ec2be6f897940567e99d2bb76fd36,b6dedacd292422a3,500,341,verified_valid,unique,Existing botanist-verified observation of Prunus avium / cerasus (Sweet / Sour Cherry) (500x341),2026-10-10 09:44:41 UTC
cherry,cherry_inaturalist_267094450_7e1390740c.jpg,raw_acquisitions/cherry/inaturalist_research/cherry_inaturalist_267094450_7e1390740c.jpg,inaturalist_research,https://inaturalist-open-data.s3.amazonaws.com,267094450,,Prunus avium / cerasus (Sweet / Sour Cherry),cc-by-nc,7e1390740c5ce60cc47dd85a7f789dcb5b3bc59ac397521ce1b5f89e73023618,ca81015f467ec9f6,500,333,verified_valid,unique,Existing botanist-verified observation of Prunus avium / cerasus (Sweet / Sour Cherry) (500x333),2026-10-10 09:44:41 UTC
cherry,cherry_inaturalist_277366129_2fcff45148.jpg,raw_acquisitions/cherry/inaturalist_research/cherry_inaturalist_277366129_2fcff45148.jpg,inaturalist_research,https://inaturalist-open-data.s3.amazonaws.com,277366129,,Prunus avium / cerasus (Sweet / Sour Cherry),cc-by-nc,2fcff451484e37a478bef82fd6aef140c1dd044b4555cd4333e09743fe92f55c,b1d337e4e40dc0f4,281,500,verified_valid,unique,Existing botanist-verified observation of Prunus avium / cerasus (Sweet / Sour Cherry) (281x500),2026-10-10 09:44:41 UTC
cherry,cherry_inaturalist_280130074_231bbb07c4.jpg,raw_acquisitions/cherry/inaturalist_research/cherry_inaturalist_280130074_231bbb07c4.jpg,inaturalist_research,https://inaturalist-open-data.s3.amazonaws.com,280130074,,Prunus avium / cerasus (Sweet / Sour Cherry),cc-by-nc,231bbb07c4934aca76c8fdf073811e8809b121f2d55e764263f5e51dfda9a1e3,f67fe0f20042eb15,375,500,verified_valid,unique,Existing botanist-verified observation of Prunus avium / cerasus (Sweet / Sour Cherry) (375x500),2026-10-10 09:44:41 UTC
cherry,cherry_inaturalist_280997968_ceb1f9a9a2.jpg,raw_acquisitions/cherry/inaturalist_research/cherry_inaturalist_280997968_ceb1f9a9a2.jpg,inaturalist_research,https://inaturalist-open-data.s3.amazonaws.com,280997968,,Prunus avium / cerasus (Sweet / Sour Cherry),cc-by-nc,ceb1f9a9a2ad03e395f26472abc932e3dc9680ffbd72f3d9d5a12c51940e4e8d,e91b7a0c73192eb1,375,500,verified_valid,unique,Existing botanist-verified observation of Prunus avium / cerasus (Sweet / Sour Cherry) (375x500),2026-10-10 09:44:41 UTC
cherry,cherry_inaturalist_28373598_02194d7bc9.jpg,raw_acquisitions/cherry/inaturalist_research/cherry_inaturalist_28373598_02194d7bc9.jpg,inaturalist_research,https://inaturalist-open-data.s3.amazonaws.com,28373598,,Prunus avium / cerasus (Sweet / Sour Cherry),cc-by-nc,02194d7bc96d1adedc6e54197ff297f462733cd90974ab84991dd1fa9cfdb152,a9ee2689ba2cd945,500,375,verified_valid,unique,Existing botanist-verified observation of Prunus avium / cerasus (Sweet / Sour Cherry) (500x375),2026-10-10 09:44:41 UTC
cherry,cherry_inaturalist_31575390_93f62bea42.jpg,raw_acquisitions/cherry/inaturalist_research/cherry_inaturalist_31575390_93f62bea42.jpg,inaturalist_research,https://inaturalist-open-data.s3.amazonaws.com,31575390,,Prunus avium / cerasus (Sweet / Sour Cherry),cc-by-nc,93f62bea42c52656fa5d7fffd082957646bb0340ed14331fc9332380131be54f,be4b6cd0b434ecc8,500,398,verified_valid,unique,Existing botanist-verified observation of Prunus avium / cerasus (Sweet / Sour Cherry) (500x398),2026-10-10 09:44:41 UTC
cherry,cherry_inaturalist_319737518_3064f98c05.jpg,raw_acquisitions/cherry/inaturalist_research/cherry_inaturalist_319737518_3064f98c05.jpg,inaturalist_research,https://inaturalist-open-data.s3.amazonaws.com,319737518,,Prunus avium / cerasus (Sweet / Sour Cherry),cc-by-nc,3064f98c0548ec3dfed39e4880492770e1303927ffe7493a5dd040c5b2963e7c,fca1cf177ea38500,281,500,verified_valid,unique,Existing botanist-verified observation of Prunus avium / cerasus (Sweet / Sour Cherry) (281x500),2026-10-10 09:44:41 UTC
cherry,cherry_inaturalist_32553032_2d50a2f4be.jpg,raw_acquisitions/cherry/inaturalist_research/cherry_inaturalist_32553032_2d50a2f4be.jpg,inaturalist_research,https://inaturalist-open-data.s3.amazonaws.com,32553032,,Prunus avium / cerasus (Sweet / Sour Cherry),cc-by-nc,2d50a2f4be189ef381b7dc3025f87e2864ad39c33b0a6c5f59caa8b105a36aba,ca946edb8d9285b8,500,333,verified_valid,unique,Existing botanist-verified observation of Prunus avium / cerasus (Sweet / Sour Cherry) (500x333),2026-10-10 09:44:41 UTC
cherry,cherry_inaturalist_332745133_b930e73615.jpg,raw_acquisitions/cherry/inaturalist_research/cherry_inaturalist_332745133_b930e73615.jpg,inaturalist_research,https://inaturalist-open-data.s3.amazonaws.com,332745133,,Prunus avium / cerasus (Sweet / Sour Cherry),cc-by-nc,b930e7361556b8f1736da9d60feec92a19cc920b64b95517bd4fa268fd626d2b,a7a92f9190c79e61,375,500,verified_valid,unique,Existing botanist-verified observation of Prunus avium / cerasus (Sweet / Sour Cherry) (375x500),2026-10-10 09:44:41 UTC
cherry,cherry_inaturalist_345092574_0cc13278d4.jpg,raw_acquisitions/cherry/inaturalist_research/cherry_inaturalist_345092574_0cc13278d4.jpg,inaturalist_research,https://inaturalist-open-data.s3.amazonaws.com,345092574,,Prunus avium / cerasus (Sweet / Sour Cherry),cc-by-nc,0cc13278d4e62290eb14bd6ed3e58c275081290e8320c9b847077cf1e34206a5,ea0d75326689ac6e,375,500,verified_valid,unique,Existing botanist-verified observation of Prunus avium / cerasus (Sweet / Sour Cherry) (375x500),2026-10-10 09:44:41 UTC
cherry,cherry_inaturalist_36549733_f0f85f7afa.jpg,raw_acquisitions/cherry/inaturalist_research/cherry_inaturalist_36549733_f0f85f7afa.jpg,inaturalist_research,https://inaturalist-open-data.s3.amazonaws.com,36549733,,Prunus avium / cerasus (Sweet / Sour Cherry),cc-by-nc,f0f85f7afa0d9d667633927b36fb9acb307e8fd349f74924cf05ee17ae159512,fe96c00c1f1dbe90,281,500,verified_valid,unique,Existing botanist-verified observation of Prunus avium / cerasus (Sweet / Sour Cherry) (281x500),2026-10-10 09:44:41 UTC
cherry,cherry_inaturalist_372134708_38ce8cbd8c.jpg,raw_acquisitions/cherry/inaturalist_research/cherry_inaturalist_372134708_38ce8cbd8c.jpg,inaturalist_research,https://inaturalist-open-data.s3.amazonaws.com,372134708,,Prunus avium / cerasus (Sweet / Sour Cherry),cc-by-nc,38ce8cbd8cc3f392620b54f3cec3e4d7ffe658a25c31a75a9e6595e163401535,e9e1951e34e3350b,500,333,verified_valid,unique,Existing botanist-verified observation of Prunus avium / cerasus (Sweet / Sour Cherry) (500x333),2026-10-10 09:44:41 UTC
cherry,cherry_inaturalist_38688685_5517ab84c1.jpg,raw_acquisitions/cherry/inaturalist_research/cherry_inaturalist_38688685_5517ab84c1.jpg,inaturalist_research,https://inaturalist-open-data.s3.amazonaws.com,38688685,,Prunus avium / cerasus (Sweet / Sour Cherry),cc-by-nc,5517ab84c108aa334af51e235c7810ca33a62260ecc8c4d8a4cfbd96e099664d,aec15583b3e2aaaa,375,500,verified_valid,unique,Existing botanist-verified observation of Prunus avium / cerasus (Sweet / Sour Cherry) (375x500),2026-10-10 09:44:41 UTC
cherry,cherry_inaturalist_41675042_a75729a3e3.jpg,raw_acquisitions/cherry/inaturalist_research/cherry_inaturalist_41675042_a75729a3e3.jpg,inaturalist_research,https://inaturalist-open-data.s3.amazonaws.com,41675042,,Prunus avium / cerasus (Sweet / Sour Cherry),cc-by-nc,a75729a3e3683071b924227d0a682434f66bac6f67e615189891dc1d4d2143db,f2b9ad66ccd81056,375,500,verified_valid,unique,Existing botanist-verified observation of Prunus avium / cerasus (Sweet / Sour Cherry) (375x500),2026-10-10 09:44:41 UTC
cherry,cherry_inaturalist_42073258_7649d3b1c5.jpg,raw_acquisitions/cherry/inaturalist_research/cherry_inaturalist_42073258_7649d3b1c5.jpg,inaturalist_research,https://inaturalist-open-data.s3.amazonaws.com,42073258,,Prunus avium / cerasus (Sweet / Sour Cherry),cc-by-nc,7649d3b1c51f6e54c401a989107fca4de24dba35a0855f12b65a53a99e78a49f,c3502879fc93897e,281,500,verified_valid,unique,Existing botanist-verified observation of Prunus avium / cerasus (Sweet / Sour Cherry) (281x500),2026-10-10 09:44:41 UTC
cherry,cherry_inaturalist_42828915_fb590b3a9d.jpg,raw_acquisitions/cherry/inaturalist_research/cherry_inaturalist_42828915_fb590b3a9d.jpg,inaturalist_research,https://inaturalist-open-data.s3.amazonaws.com,42828915,,Prunus avium / cerasus (Sweet / Sour Cherry),cc-by-nc,fb590b3a9ddd1372b6c512d4d5a34656518d000b617be34150506292c9f59a2b,9a4a4ba329f1d34d,500,375,verified_valid,unique,Existing botanist-verified observation of Prunus avium / cerasus (Sweet / Sour Cherry) (500x375),2026-10-10 09:44:41 UTC
cherry,cherry_inaturalist_4335107_05b9b663a8.jpg,raw_acquisitions/cherry/inaturalist_research/cherry_inaturalist_4335107_05b9b663a8.jpg,inaturalist_research,https://inaturalist-open-data.s3.amazonaws.com,4335107,,Prunus avium / cerasus (Sweet / Sour Cherry),cc-by-nc,05b9b663a8a4cb8506cbeaf0d59c50b386e175c3351eb70f335e86c41417fa2b,9f4836db0934ed52,375,500,verified_valid,unique,Existing botanist-verified observation of Prunus avium / cerasus (Sweet / Sour Cherry) (375x500),2026-10-10 09:44:41 UTC
cherry,cherry_inaturalist_44090502_ee19b32437.jpg,raw_acquisitions/cherry/inaturalist_research/cherry_inaturalist_44090502_ee19b32437.jpg,inaturalist_research,https://inaturalist-open-data.s3.amazonaws.com,44090502,,Prunus avium / cerasus (Sweet / Sour Cherry),cc-by-nc,ee19b32437c8826a300894089e477e7224daf5a2bcd04fcdb359c14ac1e35f16,c00ff8e125b3479e,500,375,verified_valid,unique,Existing botanist-verified observation of Prunus avium / cerasus (Sweet / Sour Cherry) (500x375),2026-10-10 09:44:41 UTC
cherry,cherry_inaturalist_48910392_0f0b1b30f5.jpg,raw_acquisitions/cherry/inaturalist_research/cherry_inaturalist_48910392_0f0b1b30f5.jpg,inaturalist_research,https://inaturalist-open-data.s3.amazonaws.com,48910392,,Prunus avium / cerasus (Sweet / Sour Cherry),cc-by-nc,0f0b1b30f5169e7e8aafc57bda14c34c8d5f7c80871a184f54f11252032f9f21,fc80eca75190f2cd,500,460,verified_valid,unique,Existing botanist-verified observation of Prunus avium / cerasus (Sweet / Sour Cherry) (500x460),2026-10-10 09:44:41 UTC
cherry,cherry_inaturalist_50580336_20b989f831.jpg,raw_acquisitions/cherry/inaturalist_research/cherry_inaturalist_50580336_20b989f831.jpg,inaturalist_research,https://inaturalist-open-data.s3.amazonaws.com,50580336,,Prunus avium / cerasus (Sweet / Sour Cherry),cc-by-nc,20b989f8317984aba7595b669854aab3d2b0e510c9a8e74afe4aa914e5deb5be,b790ef524f3284d1,281,500,verified_valid,unique,Existing botanist-verified observation of Prunus avium / cerasus (Sweet / Sour Cherry) (281x500),2026-10-10 09:44:41 UTC
cherry,cherry_inaturalist_71432341_f978a61aa0.jpg,raw_acquisitions/cherry/inaturalist_research/cherry_inaturalist_71432341_f978a61aa0.jpg,inaturalist_research,https://inaturalist-open-data.s3.amazonaws.com,71432341,,Prunus avium / cerasus (Sweet / Sour Cherry),cc-by-nc,f978a61aa021c17d0f6d2faf046903c66346b1e7950f593b44e1e5d5cd6f11bf,a5b45860f87c5a7a,282,500,verified_valid,unique,Existing botanist-verified observation of Prunus avium / cerasus (Sweet / Sour Cherry) (282x500),2026-10-10 09:44:41 UTC
cherry,cherry_inaturalist_74673796_d55101d1e2.jpg,raw_acquisitions/cherry/inaturalist_research/cherry_inaturalist_74673796_d55101d1e2.jpg,inaturalist_research,https://inaturalist-open-data.s3.amazonaws.com,74673796,,Prunus avium / cerasus (Sweet / Sour Cherry),cc-by-nc,d55101d1e28f369fc4781a8a361b81e0a3c3a2cc27a25ffb200396d060945549,b44b55568c89ebf0,375,500,verified_valid,unique,Existing botanist-verified observation of Prunus avium / cerasus (Sweet / Sour Cherry) (375x500),2026-10-10 09:44:41 UTC
cherry,cherry_inaturalist_75245493_fa55a0d1d6.jpg,raw_acquisitions/cherry/inaturalist_research/cherry_inaturalist_75245493_fa55a0d1d6.jpg,inaturalist_research,https://inaturalist-open-data.s3.amazonaws.com,75245493,,Prunus avium / cerasus (Sweet / Sour Cherry),cc-by-nc,fa55a0d1d60739b8918b825eebe5ee384d34126cf363f96064305f1d1f6eca12,d2e92dd2693669a1,500,333,verified_valid,unique,Existing botanist-verified observation of Prunus avium / cerasus (Sweet / Sour Cherry) (500x333),2026-10-10 09:44:41 UTC
cherry,cherry_inaturalist_75766078_275ad9d072.jpg,raw_acquisitions/cherry/inaturalist_research/cherry_inaturalist_75766078_275ad9d072.jpg,inaturalist_research,https://inaturalist-open-data.s3.amazonaws.com,75766078,,Prunus avium / cerasus (Sweet / Sour Cherry),cc-by-nc,275ad9d072204d67258adb5b386c6f83a979d179e1122cb53c49a3a47f884a31,9f90e7dad6046b21,375,500,verified_valid,unique,Existing botanist-verified observation of Prunus avium / cerasus (Sweet / Sour Cherry) (375x500),2026-10-10 09:44:41 UTC
cherry,cherry_inaturalist_76138231_fdc924fabd.jpg,raw_acquisitions/cherry/inaturalist_research/cherry_inaturalist_76138231_fdc924fabd.jpg,inaturalist_research,https://inaturalist-open-data.s3.amazonaws.com,76138231,,Prunus avium / cerasus (Sweet / Sour Cherry),cc-by-nc,fdc924fabdef10a755e8cd53050e4c22f42135c8f162c1e9b160f325f98908de,d801c7a3db30eb47,315,500,verified_valid,unique,Existing botanist-verified observation of Prunus avium / cerasus (Sweet / Sour Cherry) (315x500),2026-10-10 09:44:41 UTC
cherry,cherry_inaturalist_78388123_45214c5750.jpg,raw_acquisitions/cherry/inaturalist_research/cherry_inaturalist_78388123_45214c5750.jpg,inaturalist_research,https://inaturalist-open-data.s3.amazonaws.com,78388123,,Prunus avium / cerasus (Sweet / Sour Cherry),cc-by-nc,45214c57500e0f0dba208cae41b87923ead487fa626a75ec2dea9c972e667ea2,b6d366419be382ca,500,333,verified_valid,unique,Existing botanist-verified observation of Prunus avium / cerasus (Sweet / Sour Cherry) (500x333),2026-10-10 09:44:41 UTC
cherry,cherry_inaturalist_82463705_76cd68d265.jpg,raw_acquisitions/cherry/inaturalist_research/cherry_inaturalist_82463705_76cd68d265.jpg,inaturalist_research,https://inaturalist-open-data.s3.amazonaws.com,82463705,,Prunus avium / cerasus (Sweet / Sour Cherry),cc-by-nc,76cd68d265bda6c551c20ed83fd8aed17c605056d03ecc2e45a652fb00704d2b,a6b89613c358e3ea,375,500,verified_valid,unique,Existing botanist-verified observation of Prunus avium / cerasus (Sweet / Sour Cherry) (375x500),2026-10-10 09:44:41 UTC
cherry,cherry_inaturalist_143708846_98d0f9f482.jpg,raw_acquisitions/cherry/inaturalist_research/cherry_inaturalist_143708846_98d0f9f482.jpg,inaturalist_research,https://static.inaturalist.org/photos/246508638/medium.jpeg,143708846,246508638,Prunus avium (wild cherry),cc-by-nc,98d0f9f482dc4507d837d7285c46c46e7bf7bec735fb0b6b41ff215120e4e862,8787f44b82ea3c96,500,375,verified_valid,unique,Botanist-verified research-grade observation of Prunus avium (500x375),2026-10-10 09:44:41 UTC
cherry,cherry_inaturalist_375790733_05006c0796.jpg,raw_acquisitions/cherry/inaturalist_research/cherry_inaturalist_375790733_05006c0796.jpg,inaturalist_research,https://inaturalist-open-data.s3.amazonaws.com/photos/687036720/medium.jpg,375790733,687036720,Prunus avium (wild cherry),cc-by,05006c0796c3871b2451b430b76cfa470ba8b68885113833217f89d7ee20d84d,82d392b0b7f4e44e,500,375,verified_valid,unique,Botanist-verified research-grade observation of Prunus avium (500x375),2026-10-10 09:44:41 UTC
cherry,cherry_inaturalist_248903928_eb10621e15.jpg,raw_acquisitions/cherry/inaturalist_research/cherry_inaturalist_248903928_eb10621e15.jpg,inaturalist_research,https://inaturalist-open-data.s3.amazonaws.com/photos/444834936/medium.jpeg,248903928,444834936,Prunus avium (wild cherry),cc-by,eb10621e15e0be26ee026bdacc1341fac7be0156e5feabc83f410ffd645ac99d,b5bd17d01282beaa,376,500,verified_valid,unique,Botanist-verified research-grade observation of Prunus avium (376x500),2026-10-10 09:44:41 UTC
cherry,cherry_inaturalist_75899139_fbd04d0089.jpg,raw_acquisitions/cherry/inaturalist_research/cherry_inaturalist_75899139_fbd04d0089.jpg,inaturalist_research,https://inaturalist-open-data.s3.amazonaws.com/photos/124190824/medium.jpg,75899139,124190824,Prunus avium (wild cherry),cc-by,fbd04d0089847fdc043c7953123d38a143162f87e30b408a643c3056db3446fc,a5e0e0a0fcac5db5,375,500,verified_valid,unique,Botanist-verified research-grade observation of Prunus avium (375x500),2026-10-10 09:44:41 UTC
cherry,cherry_inaturalist_164889504_ce8cca2d81.jpg,raw_acquisitions/cherry/inaturalist_research/cherry_inaturalist_164889504_ce8cca2d81.jpg,inaturalist_research,https://inaturalist-open-data.s3.amazonaws.com/photos/285348309/medium.jpg,164889504,285348309,Prunus avium (wild cherry),cc-by-nc,ce8cca2d81fb5e99692c8016efd3a84f3974eb7fb901162bf055cbfd99a2e140,e6b8ac0c1fc68dc3,500,375,verified_valid,unique,Botanist-verified research-grade observation of Prunus avium (500x375),2026-10-10 09:44:41 UTC
cherry,cherry_inaturalist_49458471_af2c6f33c3.jpg,raw_acquisitions/cherry/inaturalist_research/cherry_inaturalist_49458471_af2c6f33c3.jpg,inaturalist_research,https://inaturalist-open-data.s3.amazonaws.com/photos/78512298/medium.jpeg,49458471,78512298,Prunus avium (wild cherry),cc0,af2c6f33c37093bd1ea22d5d7346eeb5cc025fff3206aa2f2f896d86bbae478b,b9b747506b24f05a,281,500,verified_valid,unique,Botanist-verified research-grade observation of Prunus avium (281x500),2026-10-10 09:44:41 UTC
cherry,cherry_inaturalist_282477074_bf5912bc93.jpg,raw_acquisitions/cherry/inaturalist_research/cherry_inaturalist_282477074_bf5912bc93.jpg,inaturalist_research,https://inaturalist-open-data.s3.amazonaws.com/photos/508232632/medium.jpg,282477074,508232632,Prunus avium (wild cherry),cc-by-nc,bf5912bc931dc0c5a6cb317614ba858c12551931d3e336a7020c1bfde53d7219,ae8106fa351f455b,281,500,verified_valid,unique,Botanist-verified research-grade observation of Prunus avium (281x500),2026-10-10 09:44:41 UTC
cherry,cherry_inaturalist_291301187_e8369eeeda.jpg,raw_acquisitions/cherry/inaturalist_research/cherry_inaturalist_291301187_e8369eeeda.jpg,inaturalist_research,https://inaturalist-open-data.s3.amazonaws.com/photos/524103659/medium.jpg,291301187,524103659,Prunus avium (wild cherry),cc-by-nc,e8369eeedab8c69c73a16d7047f2bce8725874292d2ece59280c0732aaf22c1e,9d320f3c75230edc,375,500,verified_valid,unique,Botanist-verified research-grade observation of Prunus avium (375x500),2026-10-10 09:44:41 UTC
cherry,cherry_inaturalist_319900138_194df99db6.jpg,raw_acquisitions/cherry/inaturalist_research/cherry_inaturalist_319900138_194df99db6.jpg,inaturalist_research,https://inaturalist-open-data.s3.amazonaws.com/photos/578320677/medium.jpg,319900138,578320677,Prunus avium (wild cherry),cc-by-nc,194df99db694fef801299bcd5daf3591b284560cddfb6478bf26b5c75709d129,b4b6d347aa6ea904,281,500,verified_valid,unique,Botanist-verified research-grade observation of Prunus avium (281x500),2026-10-10 09:44:41 UTC
cherry,cherry_inaturalist_2283639_f781644bef.jpg,raw_acquisitions/cherry/inaturalist_research/cherry_inaturalist_2283639_f781644bef.jpg,inaturalist_research,https://static.inaturalist.org/photos/2556796/medium.jpg,2283639,2556796,Prunus avium (wild cherry),cc-by-nc,f781644befb6058ca48491c0a92a810565d85f66f4e686bc1cecc46a519c4b4e,e681a52f3cbb5948,375,500,verified_valid,unique,Botanist-verified research-grade observation of Prunus avium (375x500),2026-10-10 09:44:41 UTC
cherry,cherry_inaturalist_278966841_b5acf7e300.jpg,raw_acquisitions/cherry/inaturalist_research/cherry_inaturalist_278966841_b5acf7e300.jpg,inaturalist_research,https://inaturalist-open-data.s3.amazonaws.com/photos/500926724/medium.jpg,278966841,500926724,Prunus avium (wild cherry),cc-by-nc,b5acf7e300022f231e747bd0af7796047fa952c08791a2e66685bd5f6feb7ce1,beb106f4a12fb1c4,281,500,verified_valid,unique,Botanist-verified research-grade observation of Prunus avium (281x500),2026-10-10 09:44:41 UTC
cherry,cherry_inaturalist_7209525_4c0d3e15f2.jpg,raw_acquisitions/cherry/inaturalist_research/cherry_inaturalist_7209525_4c0d3e15f2.jpg,inaturalist_research,https://inaturalist-open-data.s3.amazonaws.com/photos/9301540/medium.jpg,7209525,9301540,Prunus avium (wild cherry),cc-by-nc,4c0d3e15f26a4d091af783394f7f9855a9cb18b56bd0008cefdf76985c388e93,b5f3c2d2c2c385c5,375,500,verified_valid,unique,Botanist-verified research-grade observation of Prunus avium (375x500),2026-10-10 09:44:41 UTC
cherry,cherry_inaturalist_69875571_9a7cf11c71.jpg,raw_acquisitions/cherry/inaturalist_research/cherry_inaturalist_69875571_9a7cf11c71.jpg,inaturalist_research,https://inaturalist-open-data.s3.amazonaws.com/photos/113487234/medium.jpeg,69875571,113487234,Prunus avium (wild cherry),cc-by-nc,9a7cf11c71fa8d1b857a36672dba1bdf3eb6ee9e963964fa32bd4b120021be65,dcb11324685bf593,500,281,verified_valid,unique,Botanist-verified research-grade observation of Prunus avium (500x281),2026-10-10 09:44:41 UTC
cherry,cherry_inaturalist_12644006_78ed4c8fab.jpg,raw_acquisitions/cherry/inaturalist_research/cherry_inaturalist_12644006_78ed4c8fab.jpg,inaturalist_research,https://static.inaturalist.org/photos/18291446/medium.jpeg,12644006,18291446,Prunus avium (wild cherry),cc-by-nc,78ed4c8fab8ad438fcba384bc7d3ad8b7bbd2cd610df92c80a5a0a595c01e5c2,8ee6fa9c77512130,375,500,verified_valid,unique,Botanist-verified research-grade observation of Prunus avium (375x500),2026-10-10 09:44:41 UTC
cherry,cherry_inaturalist_124681609_a6478abd7c.jpg,raw_acquisitions/cherry/inaturalist_research/cherry_inaturalist_124681609_a6478abd7c.jpg,inaturalist_research,https://inaturalist-open-data.s3.amazonaws.com/photos/211356548/medium.jpg,124681609,211356548,Prunus avium (wild cherry),cc-by-nc,a6478abd7ca1690b38a757f56896a6352d8b65aaaad75a094475f25bf637f799,fcc1d34bc05487bc,500,375,verified_valid,unique,Botanist-verified research-grade observation of Prunus avium (500x375),2026-10-10 09:44:41 UTC
cherry,cherry_inaturalist_112372319_e0a0ace723.jpg,raw_acquisitions/cherry/inaturalist_research/cherry_inaturalist_112372319_e0a0ace723.jpg,inaturalist_research,https://inaturalist-open-data.s3.amazonaws.com/photos/189805246/medium.jpeg,112372319,189805246,Prunus avium (wild cherry),cc-by-nc,e0a0ace72359daf3962d6e48d3153df1c1db8aa8ea1147749f09b69a271fb2a7,8594a397c3b153f8,375,500,verified_valid,unique,Botanist-verified research-grade observation of Prunus avium (375x500),2026-10-10 09:44:41 UTC
cherry,cherry_inaturalist_172204774_5422d80025.jpg,raw_acquisitions/cherry/inaturalist_research/cherry_inaturalist_172204774_5422d80025.jpg,inaturalist_research,https://inaturalist-open-data.s3.amazonaws.com/photos/298910200/medium.jpeg,172204774,298910200,Prunus avium (wild cherry),cc-by-nc,5422d800251c9808aeea8a1ad8bd106a2911e078c0e9a651a1d36510a1b685e0,e19fbc030be0f21d,281,500,verified_valid,unique,Botanist-verified research-grade observation of Prunus avium (281x500),2026-10-10 09:44:41 UTC
cherry,cherry_inaturalist_61934378_149d282f76.jpg,raw_acquisitions/cherry/inaturalist_research/cherry_inaturalist_61934378_149d282f76.jpg,inaturalist_research,https://static.inaturalist.org/photos/99168366/medium.jpg,61934378,99168366,Prunus avium (wild cherry),cc-by-nc,149d282f7695f57682b35a191d249fd4e8beb9f55b52920940989d6e565d6ae0,93363ce01e95963d,375,500,verified_valid,unique,Botanist-verified research-grade observation of Prunus avium (375x500),2026-10-10 09:44:41 UTC
cherry,cherry_inaturalist_291250549_e706ce6c03.jpg,raw_acquisitions/cherry/inaturalist_research/cherry_inaturalist_291250549_e706ce6c03.jpg,inaturalist_research,https://inaturalist-open-data.s3.amazonaws.com/photos/524006073/medium.jpg,291250549,524006073,Prunus avium (wild cherry),cc-by-nc,e706ce6c03a30f3e6e13455e043303c434005404c67e1cd4f2708e621bff839a,fdb6fa95001aa9a1,281,500,verified_valid,unique,Botanist-verified research-grade observation of Prunus avium (281x500),2026-10-10 09:44:41 UTC
cherry,cherry_inaturalist_111325598_633487583a.jpg,raw_acquisitions/cherry/inaturalist_research/cherry_inaturalist_111325598_633487583a.jpg,inaturalist_research,https://inaturalist-open-data.s3.amazonaws.com/photos/187920569/medium.jpg,111325598,187920569,Prunus avium (wild cherry),cc-by,633487583ae7097984c5d333dae5539f044d300a6cbfbb614b1410fec53eb991,85a33e84975364ed,375,500,verified_valid,unique,Botanist-verified research-grade observation of Prunus avium (375x500),2026-10-10 09:44:41 UTC
cherry,cherry_inaturalist_154497087_1747bcca97.jpg,raw_acquisitions/cherry/inaturalist_research/cherry_inaturalist_154497087_1747bcca97.jpg,inaturalist_research,https://static.inaturalist.org/photos/266958883/medium.jpg,154497087,266958883,Prunus avium (wild cherry),cc-by-nc,1747bcca977b9d91f997bee7e7ab7547cff23da13cb54eb45e71cd7527900562,c7647970551393ad,375,500,verified_valid,unique,Botanist-verified research-grade observation of Prunus avium (375x500),2026-10-10 09:44:41 UTC
cherry,cherry_inaturalist_36069091_e1fb36d941.jpg,raw_acquisitions/cherry/inaturalist_research/cherry_inaturalist_36069091_e1fb36d941.jpg,inaturalist_research,https://inaturalist-open-data.s3.amazonaws.com/photos/56968645/medium.jpg,36069091,56968645,Prunus avium (wild cherry),cc-by-nc,e1fb36d9413ae630a404db8b03084b3bbdcfda1e874909267ebf76de38b607ed,cf85618293dad8b5,500,375,verified_valid,unique,Botanist-verified research-grade observation of Prunus avium (500x375),2026-10-10 09:44:41 UTC
cherry,cherry_inaturalist_279527739_4bf424e7f1.jpg,raw_acquisitions/cherry/inaturalist_research/cherry_inaturalist_279527739_4bf424e7f1.jpg,inaturalist_research,https://inaturalist-open-data.s3.amazonaws.com/photos/501957607/medium.jpg,279527739,501957607,Prunus avium (wild cherry),cc-by-nc,4bf424e7f1c5c47afaa34cb70fb8bd1aa6132ae73ca8c31fdb9e5534bfab5f1b,e39171de11e20db5,281,500,verified_valid,unique,Botanist-verified research-grade observation of Prunus avium (281x500),2026-10-10 09:44:41 UTC
cherry,cherry_inaturalist_42656442_84552a8f7f.jpg,raw_acquisitions/cherry/inaturalist_research/cherry_inaturalist_42656442_84552a8f7f.jpg,inaturalist_research,https://inaturalist-open-data.s3.amazonaws.com/photos/67740462/medium.jpg,42656442,67740462,Prunus avium (wild cherry),cc-by-nc,84552a8f7f9e0911249c2492aba2ff50fed3dcea69943f70035653272362e46a,8e91705854ee6f35,500,375,verified_valid,unique,Botanist-verified research-grade observation of Prunus avium (500x375),2026-10-10 09:44:41 UTC
cherry,cherry_inaturalist_254325868_12ce1a306a.jpg,raw_acquisitions/cherry/inaturalist_research/cherry_inaturalist_254325868_12ce1a306a.jpg,inaturalist_research,https://static.inaturalist.org/photos/455520554/medium.jpg,254325868,455520554,Prunus avium (wild cherry),cc-by-nc,12ce1a306ac98541649ce849b78e0405f0a41d21047316f02900c68ca00d75b9,f81fb7a80300b9af,375,500,verified_valid,unique,Botanist-verified research-grade observation of Prunus avium (375x500),2026-10-10 09:44:41 UTC
cherry,cherry_inaturalist_35888285_bacd4644b9.jpg,raw_acquisitions/cherry/inaturalist_research/cherry_inaturalist_35888285_bacd4644b9.jpg,inaturalist_research,https://inaturalist-open-data.s3.amazonaws.com/photos/56648777/medium.jpeg,35888285,56648777,Prunus avium (wild cherry),cc0,bacd4644b99787d447d56642a9635365b256c4fae9480de6740767ab515c15ab,d9e50197f86c94c3,500,333,verified_valid,unique,Botanist-verified research-grade observation of Prunus avium (500x333),2026-10-10 09:44:41 UTC
cherry,cherry_inaturalist_32181705_d7850d6ad4.jpg,raw_acquisitions/cherry/inaturalist_research/cherry_inaturalist_32181705_d7850d6ad4.jpg,inaturalist_research,https://inaturalist-open-data.s3.amazonaws.com/photos/50448977/medium.jpeg,32181705,50448977,Prunus avium (wild cherry),cc0,d7850d6ad45eca9736fefbd14708446c5825549a8228f2bb15619ec88291f92f,c3e03e99705d9c17,500,333,verified_valid,unique,Botanist-verified research-grade observation of Prunus avium (500x333),2026-10-10 09:44:41 UTC
cherry,cherry_inaturalist_39462482_ddbcdb2cd2.jpg,raw_acquisitions/cherry/inaturalist_research/cherry_inaturalist_39462482_ddbcdb2cd2.jpg,inaturalist_research,https://inaturalist-open-data.s3.amazonaws.com/photos/66784004/medium.jpg,39462482,66784004,Prunus avium (wild cherry),cc-by-nc,ddbcdb2cd284b8b5baf5b3cbcdd54afcb99c400a79123737e1c37261eb2f7ab1,b6a1be934a935a54,375,500,verified_valid,unique,Botanist-verified research-grade observation of Prunus avium (375x500),2026-10-10 09:44:41 UTC
cherry,cherry_inaturalist_324290326_94baf69511.jpg,raw_acquisitions/cherry/inaturalist_research/cherry_inaturalist_324290326_94baf69511.jpg,inaturalist_research,https://inaturalist-open-data.s3.amazonaws.com/photos/586921886/medium.jpg,324290326,586921886,Prunus avium (wild cherry),cc-by-nc,94baf69511a5c04548259da37ff54a973df63d7851a92d7825ba210531d29ae5,d8f6f2d492d2aaa0,375,500,verified_valid,unique,Botanist-verified research-grade observation of Prunus avium (375x500),2026-10-10 09:44:41 UTC
cherry,cherry_inaturalist_107637846_b0ef6b9624.jpg,raw_acquisitions/cherry/inaturalist_research/cherry_inaturalist_107637846_b0ef6b9624.jpg,inaturalist_research,https://static.inaturalist.org/photos/181075352/medium.jpg,107637846,181075352,Prunus avium (wild cherry),cc-by-nc,b0ef6b9624ee7283e6caad8e4ea4369d835e73d80b8e561f566774b178f8a4b5,a0e40b7ff9ab05e0,375,500,verified_valid,unique,Botanist-verified research-grade observation of Prunus avium (375x500),2026-10-10 09:44:41 UTC
cherry,cherry_inaturalist_21972463_f17c63bd7a.jpg,raw_acquisitions/cherry/inaturalist_research/cherry_inaturalist_21972463_f17c63bd7a.jpg,inaturalist_research,https://inaturalist-open-data.s3.amazonaws.com/photos/34054859/medium.jpeg,21972463,34054859,Prunus avium (wild cherry),cc-by-nc,f17c63bd7a68eb4958d6c04ebfa9e302a9c7d27975d7ec4e697541b831c0b7c5,f1b60ac9c71e3616,500,375,verified_valid,unique,Botanist-verified research-grade observation of Prunus avium (500x375),2026-10-10 09:44:41 UTC
cherry,cherry_inaturalist_269901854_f7275d3244.jpg,raw_acquisitions/cherry/inaturalist_research/cherry_inaturalist_269901854_f7275d3244.jpg,inaturalist_research,https://static.inaturalist.org/photos/485269323/medium.jpeg,269901854,485269323,Prunus avium (wild cherry),cc-by-nc,f7275d3244905e2f6435c51e94087925e892290e102c2563ed6b9ad435e4d649,98d929a68cb8f2e6,500,333,verified_valid,unique,Botanist-verified research-grade observation of Prunus avium (500x333),2026-10-10 09:44:41 UTC
cherry,cherry_inaturalist_43454246_fca86f54eb.jpg,raw_acquisitions/cherry/inaturalist_research/cherry_inaturalist_43454246_fca86f54eb.jpg,inaturalist_research,https://inaturalist-open-data.s3.amazonaws.com/photos/68901381/medium.jpeg,43454246,68901381,Prunus avium (wild cherry),cc-by-nc,fca86f54eb436a74fba9867e3b8126306dece8faec7e9fecca1126e43c4b2b8b,95bc48cb0fc43ec5,500,375,verified_valid,unique,Botanist-verified research-grade observation of Prunus avium (500x375),2026-10-10 09:44:41 UTC
cherry,cherry_inaturalist_25736008_6e6a199b02.jpg,raw_acquisitions/cherry/inaturalist_research/cherry_inaturalist_25736008_6e6a199b02.jpg,inaturalist_research,https://static.inaturalist.org/photos/39903130/medium.jpg,25736008,39903130,Prunus avium (wild cherry),cc-by-nc,6e6a199b02c08b6d7fdc65831c0564dcf4ccbcee0060440dd911d06134ac6aee,cf742cb9824a796c,375,500,verified_valid,unique,Botanist-verified research-grade observation of Prunus avium (375x500),2026-10-10 09:44:41 UTC
cherry,cherry_inaturalist_211177170_b026ba6f1c.jpg,raw_acquisitions/cherry/inaturalist_research/cherry_inaturalist_211177170_b026ba6f1c.jpg,inaturalist_research,https://inaturalist-open-data.s3.amazonaws.com/photos/373396521/medium.jpeg,211177170,373396521,Prunus avium (wild cherry),cc-by,b026ba6f1cf95fbdcc0f44a35750d4720500dc407de490f87967471e3b7230a4,cf88e0d61e3d8e2c,374,500,verified_valid,unique,Botanist-verified research-grade observation of Prunus avium (374x500),2026-10-10 09:44:41 UTC
cherry,cherry_inaturalist_95393790_b7c55e1aa4.jpg,raw_acquisitions/cherry/inaturalist_research/cherry_inaturalist_95393790_b7c55e1aa4.jpg,inaturalist_research,https://inaturalist-open-data.s3.amazonaws.com/photos/158355461/medium.jpeg,95393790,158355461,Prunus avium (wild cherry),cc-by,b7c55e1aa451780bf18cb5296fc42c72da8cd2259aa99ac0dc369ffcbf7b7a3e,f9d254a589b528b5,375,500,verified_valid,unique,Botanist-verified research-grade observation of Prunus avium (375x500),2026-10-10 09:44:41 UTC
cherry,cherry_inaturalist_188049738_88d08d2b8d.jpg,raw_acquisitions/cherry/inaturalist_research/cherry_inaturalist_188049738_88d08d2b8d.jpg,inaturalist_research,https://inaturalist-open-data.s3.amazonaws.com/photos/329008052/medium.jpeg,188049738,329008052,Prunus avium (wild cherry),cc-by-nc,88d08d2b8da3b241e9d61d667faa74ab0a9f8118ffa496eef7fac815558fee5e,cac61d2db9d128b9,375,500,verified_valid,unique,Botanist-verified research-grade observation of Prunus avium (375x500),2026-10-10 09:44:41 UTC
cherry,cherry_inaturalist_388213923_0af51d46c0.jpg,raw_acquisitions/cherry/inaturalist_research/cherry_inaturalist_388213923_0af51d46c0.jpg,inaturalist_research,https://inaturalist-open-data.s3.amazonaws.com/photos/710980292/medium.jpg,388213923,710980292,Prunus avium (wild cherry),cc-by-nc,0af51d46c0f03d54f67db817b59fc7cef300351e95ec3bc8cd3d5e8865d46165,9801eb6746f4b1f2,281,500,verified_valid,unique,Botanist-verified research-grade observation of Prunus avium (281x500),2026-10-10 09:44:41 UTC
cherry,cherry_inaturalist_293279014_200004a16f.jpg,raw_acquisitions/cherry/inaturalist_research/cherry_inaturalist_293279014_200004a16f.jpg,inaturalist_research,https://inaturalist-open-data.s3.amazonaws.com/photos/527856583/medium.jpg,293279014,527856583,Prunus avium (wild cherry),cc-by-nc,200004a16ffea5573158ea2b9c8a83846b8746a02bf4f1f208368c61117fb2db,e0f0602ecff2a36a,281,500,verified_valid,unique,Botanist-verified research-grade observation of Prunus avium (281x500),2026-10-10 09:44:41 UTC
cherry,cherry_inaturalist_169990920_36f41bf28a.jpg,raw_acquisitions/cherry/inaturalist_research/cherry_inaturalist_169990920_36f41bf28a.jpg,inaturalist_research,https://inaturalist-open-data.s3.amazonaws.com/photos/294769797/medium.jpg,169990920,294769797,Prunus avium (wild cherry),cc-by-nc,36f41bf28ad218a2d987cbe007bf8124b820dbe752c20c7d58ee16c0b8c29528,ed07836f86e48d43,500,500,verified_valid,unique,Botanist-verified research-grade observation of Prunus avium (500x500),2026-10-10 09:44:41 UTC
cherry,cherry_inaturalist_279322619_7f9bde1635.jpg,raw_acquisitions/cherry/inaturalist_research/cherry_inaturalist_279322619_7f9bde1635.jpg,inaturalist_research,https://inaturalist-open-data.s3.amazonaws.com/photos/501574436/medium.jpg,279322619,501574436,Prunus avium (wild cherry),cc-by-nc,7f9bde16355a26678d8e685778e6ae0a7f07e1d75dde6406996e620218912be7,f746078b92d44c7c,375,500,verified_valid,unique,Botanist-verified research-grade observation of Prunus avium (375x500),2026-10-10 09:44:41 UTC
cherry,cherry_inaturalist_259586975_f3a50780fc.jpg,raw_acquisitions/cherry/inaturalist_research/cherry_inaturalist_259586975_f3a50780fc.jpg,inaturalist_research,https://inaturalist-open-data.s3.amazonaws.com/photos/466012220/medium.jpg,259586975,466012220,Prunus avium (wild cherry),cc-by-nc,f3a50780fce30f23b18705892a625d45d86695aa5b731b39e95e55b45c78bbcc,f50d1aa5d4ad146b,375,500,verified_valid,unique,Botanist-verified research-grade observation of Prunus avium (375x500),2026-10-10 09:44:41 UTC
cherry,cherry_inaturalist_146477472_b3e1860586.jpg,raw_acquisitions/cherry/inaturalist_research/cherry_inaturalist_146477472_b3e1860586.jpg,inaturalist_research,https://inaturalist-open-data.s3.amazonaws.com/photos/251839415/medium.jpeg,146477472,251839415,Prunus avium (wild cherry),cc-by-nc,b3e18605861fa18490b49171bf9bf374360f2324bb7dbb74911389bcb6280ea2,fcbd0f4b900672e2,281,500,verified_valid,unique,Botanist-verified research-grade observation of Prunus avium (281x500),2026-10-10 09:44:41 UTC
cherry,cherry_inaturalist_76068289_38228add19.jpg,raw_acquisitions/cherry/inaturalist_research/cherry_inaturalist_76068289_38228add19.jpg,inaturalist_research,https://inaturalist-open-data.s3.amazonaws.com/photos/124462111/medium.jpg,76068289,124462111,Prunus avium (wild cherry),cc-by-nc,38228add19819daec7205f117295b27d57c1800ec0b64fe107ea6b1cd9e519ca,fea083670e6dc278,375,500,verified_valid,unique,Botanist-verified research-grade observation of Prunus avium (375x500),2026-10-10 09:44:41 UTC
cherry,cherry_inaturalist_110414717_8abf897920.jpg,raw_acquisitions/cherry/inaturalist_research/cherry_inaturalist_110414717_8abf897920.jpg,inaturalist_research,https://inaturalist-open-data.s3.amazonaws.com/photos/186257582/medium.jpg,110414717,186257582,Prunus avium (wild cherry),cc-by-nc,8abf89792064bd9cd54c6c44a05f161a1f1f7ac771dda099491c7c07083d2ed4,f59bd9f08a2889e4,375,500,verified_valid,unique,Botanist-verified research-grade observation of Prunus avium (375x500),2026-10-10 09:44:41 UTC
cherry,cherry_inaturalist_46935905_e0cb938f4f.jpg,raw_acquisitions/cherry/inaturalist_research/cherry_inaturalist_46935905_e0cb938f4f.jpg,inaturalist_research,https://static.inaturalist.org/photos/74439119/medium.jpg,46935905,74439119,Prunus avium (wild cherry),cc-by-nc,e0cb938f4f99c2f0a65bcd91a334f1b1f94488120a57afeac7f5eccca2270875,a30a3dc71f3ac21d,375,500,verified_valid,unique,Botanist-verified research-grade observation of Prunus avium (375x500),2026-10-10 09:44:41 UTC
cherry,cherry_inaturalist_194951503_8d03c14daa.jpg,raw_acquisitions/cherry/inaturalist_research/cherry_inaturalist_194951503_8d03c14daa.jpg,inaturalist_research,https://inaturalist-open-data.s3.amazonaws.com/photos/342833783/medium.jpg,194951503,342833783,Prunus avium (wild cherry),cc-by-nc,8d03c14daae9df26cc5f24b5ad6686ace2ae304c06cb77ce35c88a51dbb8889a,a8c372bd8bb2942b,375,500,verified_valid,unique,Botanist-verified research-grade observation of Prunus avium (375x500),2026-10-10 09:44:41 UTC
cherry,cherry_inaturalist_20750451_ccfae6579d.jpg,raw_acquisitions/cherry/inaturalist_research/cherry_inaturalist_20750451_ccfae6579d.jpg,inaturalist_research,https://inaturalist-open-data.s3.amazonaws.com/photos/31996416/medium.jpg,20750451,31996416,Prunus avium (wild cherry),cc-by-nc,ccfae6579d87811b965377229f0c7aa1ec75d213344c890f8791c8b9ea62ff14,a9ff9014869a7a3c,281,500,verified_valid,unique,Botanist-verified research-grade observation of Prunus avium (281x500),2026-10-10 09:44:41 UTC
cherry,cherry_inaturalist_50440842_f805f1dd0d.jpg,raw_acquisitions/cherry/inaturalist_research/cherry_inaturalist_50440842_f805f1dd0d.jpg,inaturalist_research,https://inaturalist-open-data.s3.amazonaws.com/photos/80091436/medium.jpeg,50440842,80091436,Prunus avium (wild cherry),cc-by-nc,f805f1dd0dd444e420b2a27e5eccf5570330ef62cdbd44411c95c44933f701d0,c3a624a1c7af3c59,500,375,verified_valid,unique,Botanist-verified research-grade observation of Prunus avium (500x375),2026-10-10 09:44:41 UTC
cherry,cherry_inaturalist_112155103_ee24502a2e.jpg,raw_acquisitions/cherry/inaturalist_research/cherry_inaturalist_112155103_ee24502a2e.jpg,inaturalist_research,https://inaturalist-open-data.s3.amazonaws.com/photos/189608133/medium.jpg,112155103,189608133,Prunus avium (wild cherry),cc-by-nc,ee24502a2e7b4730bb6a3bca7768ab53b4b06ce9f2b7c0b541427d87f8b5c3de,93847bf01fe3a419,375,500,verified_valid,unique,Botanist-verified research-grade observation of Prunus avium (375x500),2026-10-10 09:44:41 UTC
cherry,cherry_inaturalist_97254001_d14a8e5620.jpg,raw_acquisitions/cherry/inaturalist_research/cherry_inaturalist_97254001_d14a8e5620.jpg,inaturalist_research,https://inaturalist-open-data.s3.amazonaws.com/photos/161706786/medium.jpeg,97254001,161706786,Prunus avium (wild cherry),cc-by-nc,d14a8e5620d01f528c1cac7d3ab257b27ef01256d882a73ddd76cf05b50eec0c,a49652fae1e95634,375,500,verified_valid,unique,Botanist-verified research-grade observation of Prunus avium (375x500),2026-10-10 09:44:41 UTC
cherry,cherry_inaturalist_72111077_31ec421361.jpg,raw_acquisitions/cherry/inaturalist_research/cherry_inaturalist_72111077_31ec421361.jpg,inaturalist_research,https://inaturalist-open-data.s3.amazonaws.com/photos/117508787/medium.jpeg,72111077,117508787,Prunus avium (wild cherry),cc-by,31ec421361ca7739f25b437338bc3a90e4816cbca841d05e671427c14a61b965,8c073dcecb63a28e,500,375,verified_valid,unique,Botanist-verified research-grade observation of Prunus avium (500x375),2026-10-10 09:44:41 UTC
cherry,cherry_inaturalist_76899391_cc4e139ce1.jpg,raw_acquisitions/cherry/inaturalist_research/cherry_inaturalist_76899391_cc4e139ce1.jpg,inaturalist_research,https://inaturalist-open-data.s3.amazonaws.com/photos/125763534/medium.jpeg,76899391,125763534,Prunus avium (wild cherry),cc-by,cc4e139ce1b2b869e4b9ab8e99234c896591583ac0f0671f76ce2e7b21f5adf7,91586f4da2a74aa7,500,333,verified_valid,unique,Botanist-verified research-grade observation of Prunus avium (500x333),2026-10-10 09:44:41 UTC
cherry,cherry_inaturalist_301630993_dfc971786f.jpg,raw_acquisitions/cherry/inaturalist_research/cherry_inaturalist_301630993_dfc971786f.jpg,inaturalist_research,https://inaturalist-open-data.s3.amazonaws.com/photos/543543208/medium.jpg,301630993,543543208,Prunus avium (wild cherry),cc-by,dfc971786fae9d2edb12141baf997dc3e88cba9ead284a3c700d661aa9d313a0,f9b262c5426e1b95,375,500,verified_valid,unique,Botanist-verified research-grade observation of Prunus avium (375x500),2026-10-10 09:44:41 UTC
cherry,cherry_inaturalist_72147224_81ef029ddf.jpg,raw_acquisitions/cherry/inaturalist_research/cherry_inaturalist_72147224_81ef029ddf.jpg,inaturalist_research,https://inaturalist-open-data.s3.amazonaws.com/photos/117581861/medium.jpeg,72147224,117581861,Prunus avium (wild cherry),cc-by-nc,81ef029ddf00c3ef7c4207f233ed8272f73e2f9d235bf9dec36383c8cd8ef78b,ef3ddcc0192c0ada,500,331,verified_valid,unique,Botanist-verified research-grade observation of Prunus avium (500x331),2026-10-10 09:44:41 UTC
cherry,cherry_inaturalist_321011993_f54c162972.jpg,raw_acquisitions/cherry/inaturalist_research/cherry_inaturalist_321011993_f54c162972.jpg,inaturalist_research,https://inaturalist-open-data.s3.amazonaws.com/photos/580493331/medium.jpg,321011993,580493331,Prunus avium (wild cherry),cc-by-nc,f54c162972fcd38584d1a86a47ff0a12e8223e2b2daea28e3043b4bc681bac25,d3a8b30317d46cae,281,500,verified_valid,unique,Botanist-verified research-grade observation of Prunus avium (281x500),2026-10-10 09:44:41 UTC
cherry,cherry_inaturalist_362427209_24c09104c2.jpg,raw_acquisitions/cherry/inaturalist_research/cherry_inaturalist_362427209_24c09104c2.jpg,inaturalist_research,https://inaturalist-open-data.s3.amazonaws.com/photos/661488915/medium.jpg,362427209,661488915,Prunus avium (wild cherry),cc-by-nc,24c09104c24819443046d792fbc818db8c8ca1e857b2349e81079869f2f1bb82,efb43807797c881a,399,500,verified_valid,unique,Botanist-verified research-grade observation of Prunus avium (399x500),2026-10-10 09:44:41 UTC
cherry,cherry_inaturalist_387815364_e66ebba466.jpg,raw_acquisitions/cherry/inaturalist_research/cherry_inaturalist_387815364_e66ebba466.jpg,inaturalist_research,https://inaturalist-open-data.s3.amazonaws.com/photos/710194881/medium.jpg,387815364,710194881,Prunus avium (wild cherry),cc-by-nc,e66ebba4665dfe226bb848c09e976bdcdcbb1f9de1058208398e21ef5d7f3938,87891c68a3a77d9a,225,500,verified_valid,unique,Botanist-verified research-grade observation of Prunus avium (225x500),2026-10-10 09:44:41 UTC
cherry,cherry_inaturalist_327496414_799b763853.jpg,raw_acquisitions/cherry/inaturalist_research/cherry_inaturalist_327496414_799b763853.jpg,inaturalist_research,https://inaturalist-open-data.s3.amazonaws.com/photos/593330245/medium.jpg,327496414,593330245,Prunus avium (wild cherry),cc-by,799b7638532d4d7738a480b766f2808f71a27c7a5689d6512ef04d0fb2b37722,85be0c80fbfc92a9,375,500,verified_valid,unique,Botanist-verified research-grade observation of Prunus avium (375x500),2026-10-10 09:44:41 UTC
cherry,cherry_inaturalist_376614106_0f758c24a5.jpg,raw_acquisitions/cherry/inaturalist_research/cherry_inaturalist_376614106_0f758c24a5.jpg,inaturalist_research,https://inaturalist-open-data.s3.amazonaws.com/photos/688615374/medium.jpg,376614106,688615374,Prunus avium (wild cherry),cc-by-nc,0f758c24a5d0e65a0b14c8b3f8a66513bcc57869ab3822facf18d16a08597442,8d9e6ec69596d260,375,500,verified_valid,unique,Botanist-verified research-grade observation of Prunus avium (375x500),2026-10-10 09:44:41 UTC
cherry,cherry_inaturalist_386672535_8e22ca5966.jpg,raw_acquisitions/cherry/inaturalist_research/cherry_inaturalist_386672535_8e22ca5966.jpg,inaturalist_research,https://inaturalist-open-data.s3.amazonaws.com/photos/707965686/medium.jpg,386672535,707965686,Prunus avium (wild cherry),cc0,8e22ca5966083bffedcb7899fc00d136364bf3a53897e3e6a8048587cf9cc183,d3952c67291c1e76,500,333,verified_valid,unique,Botanist-verified research-grade observation of Prunus avium (500x333),2026-10-10 09:44:41 UTC
cherry,cherry_inaturalist_384288344_c938a34d61.jpg,raw_acquisitions/cherry/inaturalist_research/cherry_inaturalist_384288344_c938a34d61.jpg,inaturalist_research,https://inaturalist-open-data.s3.amazonaws.com/photos/703432256/medium.jpg,384288344,703432256,Prunus avium (wild cherry),cc-by-nc,c938a34d6141988396f100af83f12229c68ae68719072931c19ac503792b28ca,e233e8d8f2d303c3,281,500,verified_valid,unique,Botanist-verified research-grade observation of Prunus avium (281x500),2026-10-10 09:44:41 UTC
cherry,cherry_inaturalist_378324921_538ca27cb6.jpg,raw_acquisitions/cherry/inaturalist_research/cherry_inaturalist_378324921_538ca27cb6.jpg,inaturalist_research,https://inaturalist-open-data.s3.amazonaws.com/photos/691903917/medium.jpg,378324921,691903917,Prunus avium (wild cherry),cc-by-nc,538ca27cb607c9d4541a25e9473abda4491857cfc0f76a92341aa1c6f529494a,83e7745c35a150f9,333,500,verified_valid,unique,Botanist-verified research-grade observation of Prunus avium (333x500),2026-10-10 09:44:41 UTC
cherry,cherry_inaturalist_385765026_77b56296f7.jpg,raw_acquisitions/cherry/inaturalist_research/cherry_inaturalist_385765026_77b56296f7.jpg,inaturalist_research,https://inaturalist-open-data.s3.amazonaws.com/photos/706080599/medium.jpg,385765026,706080599,Prunus avium (wild cherry),cc0,77b56296f7486e793fd3341cf9386db1bd8ccfa12ca251ed3d745157f1401783,d01c6699fc476927,500,333,verified_valid,unique,Botanist-verified research-grade observation of Prunus avium (500x333),2026-10-10 09:44:41 UTC
cherry,cherry_inaturalist_322394356_8b6ea5d5e1.jpg,raw_acquisitions/cherry/inaturalist_research/cherry_inaturalist_322394356_8b6ea5d5e1.jpg,inaturalist_research,https://inaturalist-open-data.s3.amazonaws.com/photos/583214428/medium.jpg,322394356,583214428,Prunus avium (wild cherry),cc0,8b6ea5d5e182fc97a4b89cdabd2ed461262db15ce2adfe04369cc67867d8e3de,a66994df3ec10978,282,500,verified_valid,unique,Botanist-verified research-grade observation of Prunus avium (282x500),2026-10-10 09:44:41 UTC
cherry,cherry_inaturalist_325746701_f171702d92.jpg,raw_acquisitions/cherry/inaturalist_research/cherry_inaturalist_325746701_f171702d92.jpg,inaturalist_research,https://inaturalist-open-data.s3.amazonaws.com/photos/595928467/medium.jpg,325746701,595928467,Prunus avium (wild cherry),cc-by-nc,f171702d92f37529e82560f0be2b9dc3945a8beaad64f622a4ec34d456a04757,d8b46711fb467960,281,500,verified_valid,unique,Botanist-verified research-grade observation of Prunus avium (281x500),2026-10-10 09:44:41 UTC
cherry,cherry_inaturalist_326011002_ff1a95bedf.jpg,raw_acquisitions/cherry/inaturalist_research/cherry_inaturalist_326011002_ff1a95bedf.jpg,inaturalist_research,https://inaturalist-open-data.s3.amazonaws.com/photos/590368548/medium.jpg,326011002,590368548,Prunus avium (wild cherry),cc-by-nc,ff1a95bedf5f80e5d4fafae52be02229a7a6c7870112c7da5610050e9b2db2fd,c87923c607fc7117,375,500,verified_valid,unique,Botanist-verified research-grade observation of Prunus avium (375x500),2026-10-10 09:44:41 UTC
cherry,cherry_inaturalist_326121919_4a257758d8.jpg,raw_acquisitions/cherry/inaturalist_research/cherry_inaturalist_326121919_4a257758d8.jpg,inaturalist_research,https://inaturalist-open-data.s3.amazonaws.com/photos/590589122/medium.jpg,326121919,590589122,Prunus avium (wild cherry),cc-by-nc,4a257758d8f7e2da063a541a52bb0d99ce800ebb9a3c53c89467c13872701c2c,c3f9611e6c77b820,281,500,verified_valid,unique,Botanist-verified research-grade observation of Prunus avium (281x500),2026-10-10 09:44:41 UTC
cherry,cherry_inaturalist_381057588_ccda43f1c8.jpg,raw_acquisitions/cherry/inaturalist_research/cherry_inaturalist_381057588_ccda43f1c8.jpg,inaturalist_research,https://inaturalist-open-data.s3.amazonaws.com/photos/697206640/medium.jpg,381057588,697206640,Prunus avium (wild cherry),cc-by-nc,ccda43f1c8facb123cdd228333f2b11de4ba116b09af3f26c2f66fa5e0ec887b,b4cfac2aec52e20b,281,500,verified_valid,unique,Botanist-verified research-grade observation of Prunus avium (281x500),2026-10-10 09:44:41 UTC
cherry,cherry_inaturalist_319720898_0bba3e1e25.jpg,raw_acquisitions/cherry/inaturalist_research/cherry_inaturalist_319720898_0bba3e1e25.jpg,inaturalist_research,https://static.inaturalist.org/photos/578343748/medium.jpg,319720898,578343748,Prunus avium (wild cherry),cc-by-nc,0bba3e1e259f22fd2e0543d7d511a690bb6cc4fa89c58fcae5f173330274834b,bcbe84f0805bcf52,281,500,verified_valid,unique,Botanist-verified research-grade observation of Prunus avium (281x500),2026-10-10 09:44:41 UTC
cherry,cherry_inaturalist_322978820_3234168223.jpg,raw_acquisitions/cherry/inaturalist_research/cherry_inaturalist_322978820_3234168223.jpg,inaturalist_research,https://static.inaturalist.org/photos/585635492/medium.jpg,322978820,585635492,Prunus avium (wild cherry),cc-by-nc,323416822332b4f850ff39268c193ef8c689511e88ac1bba8cdd647b1bad0861,aaf065741e1c361f,375,500,verified_valid,unique,Botanist-verified research-grade observation of Prunus avium (375x500),2026-10-10 09:44:41 UTC
cherry,cherry_inaturalist_380445460_eb551e73b6.jpg,raw_acquisitions/cherry/inaturalist_research/cherry_inaturalist_380445460_eb551e73b6.jpg,inaturalist_research,https://inaturalist-open-data.s3.amazonaws.com/photos/696014025/medium.jpg,380445460,696014025,Prunus avium (wild cherry),cc-by,eb551e73b6e28621ebef622457dca4c19aa3101232bc7b91b9ed9f3236b215c8,a99cdad11e65a15a,281,500,verified_valid,unique,Botanist-verified research-grade observation of Prunus avium (281x500),2026-10-10 09:44:41 UTC
cherry,cherry_inaturalist_324675173_be6c74ee92.jpg,raw_acquisitions/cherry/inaturalist_research/cherry_inaturalist_324675173_be6c74ee92.jpg,inaturalist_research,https://inaturalist-open-data.s3.amazonaws.com/photos/587700257/medium.jpg,324675173,587700257,Prunus avium (wild cherry),cc-by-nc,be6c74ee925e5ff7ade716bb2f3b9ac00972b392632a5b4a8d63105eed555203,cfb00e4f90b5d84b,375,500,verified_valid,unique,Botanist-verified research-grade observation of Prunus avium (375x500),2026-10-10 09:44:41 UTC
cherry,cherry_inaturalist_377076157_89830d6f67.jpg,raw_acquisitions/cherry/inaturalist_research/cherry_inaturalist_377076157_89830d6f67.jpg,inaturalist_research,https://inaturalist-open-data.s3.amazonaws.com/photos/689512570/medium.jpg,377076157,689512570,Prunus avium (wild cherry),cc-by-sa,89830d6f67cbfaaa1b2536d8f35371d62b1dc25a289c1a3e0f35aa5e024cb4a7,b787b06859b6493a,281,500,verified_valid,unique,Botanist-verified research-grade observation of Prunus avium (281x500),2026-10-10 09:44:41 UTC
cherry,cherry_inaturalist_323383989_33fabd6cd9.jpg,raw_acquisitions/cherry/inaturalist_research/cherry_inaturalist_323383989_33fabd6cd9.jpg,inaturalist_research,https://inaturalist-open-data.s3.amazonaws.com/photos/585105121/medium.jpg,323383989,585105121,Prunus avium (wild cherry),cc-by-nc,33fabd6cd980ea445aa1e77113a808c841ad0b80019707ecf3da3100081d810c,f2d28d8d81e95e52,500,375,verified_valid,unique,Botanist-verified research-grade observation of Prunus avium (500x375),2026-10-10 09:44:41 UTC
cherry,cherry_inaturalist_312185126_07faa5ecf8.jpg,raw_acquisitions/cherry/inaturalist_research/cherry_inaturalist_312185126_07faa5ecf8.jpg,inaturalist_research,https://inaturalist-open-data.s3.amazonaws.com/photos/563605338/medium.jpg,312185126,563605338,Prunus avium (wild cherry),cc-by-nc,07faa5ecf88a15c4f4ce1d99e44b725e2f83d45a6371b0a5052d1a49fe42c6b2,cce6c45d5787a28a,375,500,verified_valid,unique,Botanist-verified research-grade observation of Prunus avium (375x500),2026-10-10 09:44:41 UTC
cherry,cherry_inaturalist_316344918_25545accd2.jpg,raw_acquisitions/cherry/inaturalist_research/cherry_inaturalist_316344918_25545accd2.jpg,inaturalist_research,https://inaturalist-open-data.s3.amazonaws.com/photos/571544161/medium.jpg,316344918,571544161,Prunus avium (wild cherry),cc-by-nc,25545accd284c18d022ba8a4ca68b7d7e61a5fda6bd987b1c7e60a0b10228032,820aba2af9ae8abe,281,500,verified_valid,unique,Botanist-verified research-grade observation of Prunus avium (281x500),2026-10-10 09:44:41 UTC
cherry,cherry_inaturalist_303078412_035f62890a.jpg,raw_acquisitions/cherry/inaturalist_research/cherry_inaturalist_303078412_035f62890a.jpg,inaturalist_research,https://static.inaturalist.org/photos/546250066/medium.jpg,303078412,546250066,Prunus avium (wild cherry),cc-by-nc,035f62890a6877a89ee4a5ec6d11e957ce545fdef4a7ada4a5c41681e4d78797,82393c8e459e67d5,281,500,verified_valid,unique,Botanist-verified research-grade observation of Prunus avium (281x500),2026-10-10 09:44:41 UTC
cherry,cherry_inaturalist_371525317_94fb3b6606.jpg,raw_acquisitions/cherry/inaturalist_research/cherry_inaturalist_371525317_94fb3b6606.jpg,inaturalist_research,https://inaturalist-open-data.s3.amazonaws.com/photos/678816215/medium.jpg,371525317,678816215,Prunus avium (wild cherry),cc-by-nc,94fb3b66067fa902acc86feca95f5feb3905765f1b3223df514b6d4854ed441a,968cd5783e458fa1,281,500,verified_valid,unique,Botanist-verified research-grade observation of Prunus avium (281x500),2026-10-10 09:44:41 UTC
cherry,cherry_inaturalist_300195133_a0e321e23e.jpg,raw_acquisitions/cherry/inaturalist_research/cherry_inaturalist_300195133_a0e321e23e.jpg,inaturalist_research,https://inaturalist-open-data.s3.amazonaws.com/photos/540794329/medium.jpg,300195133,540794329,Prunus avium (wild cherry),cc0,a0e321e23ef21fc274af350069e90ebae476eea808df1799779b5d79679eae32,dfd06b4d98c78462,500,333,verified_valid,unique,Botanist-verified research-grade observation of Prunus avium (500x333),2026-10-10 09:44:41 UTC
cherry,cherry_inaturalist_358300060_bb2b3f6153.jpg,raw_acquisitions/cherry/inaturalist_research/cherry_inaturalist_358300060_bb2b3f6153.jpg,inaturalist_research,https://inaturalist-open-data.s3.amazonaws.com/photos/653613547/medium.jpg,358300060,653613547,Prunus avium (wild cherry),cc-by-nc,bb2b3f6153a532f43f72881e842bd2489d539cf4fc978414736e51943d463d94,e5c7cdecd8585890,281,500,verified_valid,unique,Botanist-verified research-grade observation of Prunus avium (281x500),2026-10-10 09:44:41 UTC
cherry,cherry_inaturalist_361360705_64591847b4.jpg,raw_acquisitions/cherry/inaturalist_research/cherry_inaturalist_361360705_64591847b4.jpg,inaturalist_research,https://inaturalist-open-data.s3.amazonaws.com/photos/659480438/medium.jpg,361360705,659480438,Prunus avium (wild cherry),cc-by-nc,64591847b41feae873acf475d5f0d141f0fe1cc6c07a9aa234485047797510d9,d31427bac8834ecf,375,500,verified_valid,unique,Botanist-verified research-grade observation of Prunus avium (375x500),2026-10-10 09:44:41 UTC
cherry,cherry_inaturalist_358235575_4a2ff60e6b.jpg,raw_acquisitions/cherry/inaturalist_research/cherry_inaturalist_358235575_4a2ff60e6b.jpg,inaturalist_research,https://inaturalist-open-data.s3.amazonaws.com/photos/653486057/medium.jpg,358235575,653486057,Prunus avium (wild cherry),cc-by-nc,4a2ff60e6bfc5f884b6e3e599a498aebaced4251a5929e5966d6ac1f2254ec8b,d40c6a3ccb17b7e0,376,500,verified_valid,unique,Botanist-verified research-grade observation of Prunus avium (376x500),2026-10-10 09:44:41 UTC
cherry,cherry_inaturalist_375791786_82666388bb.jpg,raw_acquisitions/cherry/inaturalist_research/cherry_inaturalist_375791786_82666388bb.jpg,inaturalist_research,https://inaturalist-open-data.s3.amazonaws.com/photos/687035059/medium.jpg,375791786,687035059,Prunus avium (wild cherry),cc-by-nc,82666388bb276868f41fd66da05b1a754016f7416b6fa4637cdd1aec83988913,88c277b0b0cbafe8,375,500,verified_valid,unique,Botanist-verified research-grade observation of Prunus avium (375x500),2026-10-10 09:44:41 UTC
cherry,cherry_inaturalist_376854822_2d20e190c1.jpg,raw_acquisitions/cherry/inaturalist_research/cherry_inaturalist_376854822_2d20e190c1.jpg,inaturalist_research,https://static.inaturalist.org/photos/689081721/medium.jpg,376854822,689081721,Prunus avium (wild cherry),cc-by-nc,2d20e190c156b731f48da946c97b99421378a4a7ca642026c7b0125a4511cc01,a4c42cbecf58acca,500,375,verified_valid,unique,Botanist-verified research-grade observation of Prunus avium (500x375),2026-10-10 09:44:41 UTC
cherry,cherry_inaturalist_315840743_d81779541a.jpg,raw_acquisitions/cherry/inaturalist_research/cherry_inaturalist_315840743_d81779541a.jpg,inaturalist_research,https://inaturalist-open-data.s3.amazonaws.com/photos/570600023/medium.jpg,315840743,570600023,Prunus avium (wild cherry),cc-by-nc,d81779541aaf938d9b09c856bdfe46b8a262293ddd7738a5cf05d87fbd7c6b26,b9b7a7b11292d341,281,500,verified_valid,unique,Botanist-verified research-grade observation of Prunus avium (281x500),2026-10-10 09:44:41 UTC
cherry,cherry_inaturalist_376452869_9d91c92538.jpg,raw_acquisitions/cherry/inaturalist_research/cherry_inaturalist_376452869_9d91c92538.jpg,inaturalist_research,https://inaturalist-open-data.s3.amazonaws.com/photos/688304886/medium.jpg,376452869,688304886,Prunus avium (wild cherry),cc-by-nc,9d91c92538d6ba36dfbadebe768e54a484f48c3603e59016029aac6a7a2b95be,ae57b12b3432a3d4,376,500,verified_valid,unique,Botanist-verified research-grade observation of Prunus avium (376x500),2026-10-10 09:44:41 UTC
cherry,cherry_inaturalist_328742541_54e7013465.jpg,raw_acquisitions/cherry/inaturalist_research/cherry_inaturalist_328742541_54e7013465.jpg,inaturalist_research,https://inaturalist-open-data.s3.amazonaws.com/photos/595771966/medium.jpg,328742541,595771966,Prunus avium (wild cherry),cc-by-nc,54e701346533059cea516967712af0c71b3971885d300dee6c4e5f61d2b502bf,c8df36cb888332cb,500,500,verified_valid,unique,Botanist-verified research-grade observation of Prunus avium (500x500),2026-10-10 09:44:41 UTC
cherry,cherry_inaturalist_328645410_7f23bf1acc.jpg,raw_acquisitions/cherry/inaturalist_research/cherry_inaturalist_328645410_7f23bf1acc.jpg,inaturalist_research,https://inaturalist-open-data.s3.amazonaws.com/photos/595571679/medium.jpg,328645410,595571679,Prunus avium (wild cherry),cc-by-nc,7f23bf1acca7c471d33b80b760c7002d549d1b1347d6ed2b539b5257dccb3dc4,a0a707792b2ed8f1,375,500,verified_valid,unique,Botanist-verified research-grade observation of Prunus avium (375x500),2026-10-10 09:44:41 UTC
cherry,cherry_inaturalist_225565020_f63b4191b9.jpg,raw_acquisitions/cherry/inaturalist_research/cherry_inaturalist_225565020_f63b4191b9.jpg,inaturalist_research,https://static.inaturalist.org/photos/399932866/medium.jpg,225565020,399932866,Prunus avium (wild cherry),cc-by-nc,f63b4191b9d1d9591c868825c30cb72702fd4a6120b7ce11d769b869d1a2a043,f54c82f698153b4e,375,500,verified_valid,unique,Botanist-verified research-grade observation of Prunus avium (375x500),2026-10-10 09:44:41 UTC
cherry,cherry_inaturalist_329435439_8cdb9cd043.jpg,raw_acquisitions/cherry/inaturalist_research/cherry_inaturalist_329435439_8cdb9cd043.jpg,inaturalist_research,https://inaturalist-open-data.s3.amazonaws.com/photos/597161533/medium.jpg,329435439,597161533,Prunus avium (wild cherry),cc-by-nc,8cdb9cd043ac30823fa62f64945b7fbd4de119a14a22d6c01ebf48f2cddd2993,879e399196299e9c,500,375,verified_valid,unique,Botanist-verified research-grade observation of Prunus avium (500x375),2026-10-10 09:44:41 UTC
cherry,cherry_inaturalist_155712647_5ee6628b46.jpg,raw_acquisitions/cherry/inaturalist_research/cherry_inaturalist_155712647_5ee6628b46.jpg,inaturalist_research,https://inaturalist-open-data.s3.amazonaws.com/photos/269196559/medium.jpg,155712647,269196559,Prunus avium (wild cherry),cc-by-nc,5ee6628b464dff67dd01122ef98220937db154592fc3d1df403b9b75c9f518fc,c6fc6bd23842a49e,375,500,verified_valid,unique,Botanist-verified research-grade observation of Prunus avium (375x500),2026-10-10 09:44:41 UTC
cherry,cherry_inaturalist_224512196_745cf5362e.jpg,raw_acquisitions/cherry/inaturalist_research/cherry_inaturalist_224512196_745cf5362e.jpg,inaturalist_research,https://static.inaturalist.org/photos/397925728/medium.jpeg,224512196,397925728,Prunus avium (wild cherry),cc-by-nc,745cf5362e7a73e4fdb54c5b56111c0bf62049e0d34862fb86a7bb624432b96c,96c921ce83f1cd87,375,500,verified_valid,unique,Botanist-verified research-grade observation of Prunus avium (375x500),2026-10-10 09:44:41 UTC
cherry,cherry_inaturalist_154247110_48a0d208d8.jpg,raw_acquisitions/cherry/inaturalist_research/cherry_inaturalist_154247110_48a0d208d8.jpg,inaturalist_research,https://inaturalist-open-data.s3.amazonaws.com/photos/266502943/medium.jpeg,154247110,266502943,Prunus avium (wild cherry),cc-by-nc,48a0d208d89a6f133e1377f9c0693ebdd9629b6ccc75ad08dc741dcb0e795c93,e4e3e5183c51c29f,375,500,verified_valid,unique,Botanist-verified research-grade observation of Prunus avium (375x500),2026-10-10 09:44:41 UTC
cherry,cherry_inaturalist_154614572_eb8c0afe43.jpg,raw_acquisitions/cherry/inaturalist_research/cherry_inaturalist_154614572_eb8c0afe43.jpg,inaturalist_research,https://inaturalist-open-data.s3.amazonaws.com/photos/267171430/medium.jpg,154614572,267171430,Prunus avium (wild cherry),cc-by-nc,eb8c0afe438d18198b1802c87a4ce196a50f78d1d840770878792542ff075b3a,a4355652ea2b7978,500,280,verified_valid,unique,Botanist-verified research-grade observation of Prunus avium (500x280),2026-10-10 09:44:41 UTC
cherry,cherry_inaturalist_225778132_69166a1653.jpg,raw_acquisitions/cherry/inaturalist_research/cherry_inaturalist_225778132_69166a1653.jpg,inaturalist_research,https://inaturalist-open-data.s3.amazonaws.com/photos/400336555/medium.jpeg,225778132,400336555,Prunus avium (wild cherry),cc-by-nc,69166a16531d9310d37d82a12d50ef1688867c2bd89a37063329b7436f60cfc8,ef080a3f1c7b09ba,375,500,verified_valid,unique,Botanist-verified research-grade observation of Prunus avium (375x500),2026-10-10 09:44:41 UTC
cherry,cherry_inaturalist_225720752_57cc4054bc.jpg,raw_acquisitions/cherry/inaturalist_research/cherry_inaturalist_225720752_57cc4054bc.jpg,inaturalist_research,https://static.inaturalist.org/photos/400231247/medium.jpeg,225720752,400231247,Prunus avium (wild cherry),cc-by-nc,57cc4054bcbb26d995bb2c9c128f73712e884f9b450e9cf65a4ab3d7c24f040c,a7ace9d15a42be21,500,500,verified_valid,unique,Botanist-verified research-grade observation of Prunus avium (500x500),2026-10-10 09:44:41 UTC
cherry,cherry_inaturalist_155475401_c03ae124af.jpg,raw_acquisitions/cherry/inaturalist_research/cherry_inaturalist_155475401_c03ae124af.jpg,inaturalist_research,https://inaturalist-open-data.s3.amazonaws.com/photos/268757558/medium.jpeg,155475401,268757558,Prunus avium (wild cherry),cc-by-nc,c03ae124af0ab18e7569c86492db777e0cfeb092668fbfcf4a82f4c226fda5f1,e2823ff0867cced0,500,375,verified_valid,unique,Botanist-verified research-grade observation of Prunus avium (500x375),2026-10-10 09:44:41 UTC
cherry,cherry_inaturalist_155869168_77358c7d77.jpg,raw_acquisitions/cherry/inaturalist_research/cherry_inaturalist_155869168_77358c7d77.jpg,inaturalist_research,https://inaturalist-open-data.s3.amazonaws.com/photos/269477113/medium.jpeg,155869168,269477113,Prunus avium (wild cherry),cc-by-nc,77358c7d77b2cd0191919d558c770f1b350549f31c8e9769a7ac806a4da98a10,91887aae5fd6a42c,281,500,verified_valid,unique,Botanist-verified research-grade observation of Prunus avium (281x500),2026-10-10 09:44:41 UTC
cherry,cherry_inaturalist_223848293_2a65b0f800.jpg,raw_acquisitions/cherry/inaturalist_research/cherry_inaturalist_223848293_2a65b0f800.jpg,inaturalist_research,https://inaturalist-open-data.s3.amazonaws.com/photos/396660843/medium.jpeg,223848293,396660843,Prunus avium (wild cherry),cc-by,2a65b0f80030ea946eddec99909470bbb1fd4a9cbfaac2755fea9106ba9bbc01,af2e32209493fdb1,500,375,verified_valid,unique,Botanist-verified research-grade observation of Prunus avium (500x375),2026-10-10 09:44:41 UTC
cherry,cherry_inaturalist_153935506_ac8461c66a.jpg,raw_acquisitions/cherry/inaturalist_research/cherry_inaturalist_153935506_ac8461c66a.jpg,inaturalist_research,https://static.inaturalist.org/photos/265932645/medium.jpeg,153935506,265932645,Prunus avium (wild cherry),cc-by-nc,ac8461c66afa6f4d78139c63c881acc74996d77476742b3f904769dccb2b87c7,d4747e6734122c5b,500,333,verified_valid,unique,Botanist-verified research-grade observation of Prunus avium (500x333),2026-10-10 09:44:41 UTC
cherry,cherry_inaturalist_153931315_75f2f6203c.jpg,raw_acquisitions/cherry/inaturalist_research/cherry_inaturalist_153931315_75f2f6203c.jpg,inaturalist_research,https://inaturalist-open-data.s3.amazonaws.com/photos/265925340/medium.jpeg,153931315,265925340,Prunus avium (wild cherry),cc0,75f2f6203c9df4da62a171f6eb4b4c79538b78c97a4375662ff2155e97763526,d2592da0ac2fdad2,225,500,verified_valid,unique,Botanist-verified research-grade observation of Prunus avium (225x500),2026-10-10 09:44:41 UTC
cherry,cherry_inaturalist_154268419_5978916484.jpg,raw_acquisitions/cherry/inaturalist_research/cherry_inaturalist_154268419_5978916484.jpg,inaturalist_research,https://static.inaturalist.org/photos/266541579/medium.jpeg,154268419,266541579,Prunus avium (wild cherry),cc-by-nc,5978916484793095b1ffc0c2002bf4d82d0de4c0e0cfae6e1be6717754008ced,f657ed7b03222621,500,425,verified_valid,unique,Botanist-verified research-grade observation of Prunus avium (500x425),2026-10-10 09:44:41 UTC
cherry,cherry_inaturalist_153836119_fb33b05358.jpg,raw_acquisitions/cherry/inaturalist_research/cherry_inaturalist_153836119_fb33b05358.jpg,inaturalist_research,https://inaturalist-open-data.s3.amazonaws.com/photos/265747457/medium.jpeg,153836119,265747457,Prunus avium (wild cherry),cc-by,fb33b0535848463656d2cfa4252ab903d05aaea01ab9c67a4ebeeb5bc8029a62,c83f38c0663bcecc,375,500,verified_valid,unique,Botanist-verified research-grade observation of Prunus avium (375x500),2026-10-10 09:44:41 UTC
cherry,cherry_inaturalist_154080277_7918ca4975.jpg,raw_acquisitions/cherry/inaturalist_research/cherry_inaturalist_154080277_7918ca4975.jpg,inaturalist_research,https://inaturalist-open-data.s3.amazonaws.com/photos/266197705/medium.jpeg,154080277,266197705,Prunus avium (wild cherry),cc-by,7918ca4975debefa645ac15934a363dbf90799214f7ae9d557bede300e6d5f17,d3dce06c9312a76c,375,500,verified_valid,unique,Botanist-verified research-grade observation of Prunus avium (375x500),2026-10-10 09:44:41 UTC
cherry,cherry_inaturalist_156339371_e40cb9e906.jpg,raw_acquisitions/cherry/inaturalist_research/cherry_inaturalist_156339371_e40cb9e906.jpg,inaturalist_research,https://static.inaturalist.org/photos/270328823/medium.jpg,156339371,270328823,Prunus avium (wild cherry),cc-by-nc,e40cb9e9066dcad51cfbfbc567076690518e646f933cea83696853fce53ea006,d59d292d6e2c86d2,375,500,verified_valid,unique,Botanist-verified research-grade observation of Prunus avium (375x500),2026-10-10 09:44:41 UTC
cherry,cherry_inaturalist_154053888_c9b912c3a2.jpg,raw_acquisitions/cherry/inaturalist_research/cherry_inaturalist_154053888_c9b912c3a2.jpg,inaturalist_research,https://inaturalist-open-data.s3.amazonaws.com/photos/266148993/medium.jpg,154053888,266148993,Prunus avium (wild cherry),cc-by-nc,c9b912c3a2015a22edc83f0d06dd564c723a53f546aaf4a83712776aedb6ac52,8dd308b9b1d3ec4a,375,500,verified_valid,unique,Botanist-verified research-grade observation of Prunus avium (375x500),2026-10-10 09:44:41 UTC
cherry,cherry_inaturalist_156192605_066e4cfe35.jpg,raw_acquisitions/cherry/inaturalist_research/cherry_inaturalist_156192605_066e4cfe35.jpg,inaturalist_research,https://static.inaturalist.org/photos/270059699/medium.jpeg,156192605,270059699,Prunus avium (wild cherry),cc-by-nc,066e4cfe359f0f0d690324bff33e53859096a5d48dd93a9d2640924f413498dd,93e8a3b97842ce1e,433,500,verified_valid,unique,Botanist-verified research-grade observation of Prunus avium (433x500),2026-10-10 09:44:41 UTC
cherry,cherry_inaturalist_154098291_b1d64acb0f.jpg,raw_acquisitions/cherry/inaturalist_research/cherry_inaturalist_154098291_b1d64acb0f.jpg,inaturalist_research,https://inaturalist-open-data.s3.amazonaws.com/photos/266230086/medium.jpeg,154098291,266230086,Prunus avium (wild cherry),cc-by-nc,b1d64acb0f4df79c73a64382a81f681abae064481b0c924c6e3c5855d6f6f7e7,b5d77a3c46e00dc8,500,375,verified_valid,unique,Botanist-verified research-grade observation of Prunus avium (500x375),2026-10-10 09:44:41 UTC
cherry,cherry_inaturalist_154963860_8070a95f03.jpg,raw_acquisitions/cherry/inaturalist_research/cherry_inaturalist_154963860_8070a95f03.jpg,inaturalist_research,https://static.inaturalist.org/photos/267813682/medium.jpeg,154963860,267813682,Prunus avium (wild cherry),cc-by-nc,8070a95f03f02bb7f9e21a86e14d4c696ece156f9d4ae8ee1252966b27846ad6,d5b27fd29608a334,375,500,verified_valid,unique,Botanist-verified research-grade observation of Prunus avium (375x500),2026-10-10 09:44:41 UTC
cherry,cherry_inaturalist_156242244_3a2559640a.jpg,raw_acquisitions/cherry/inaturalist_research/cherry_inaturalist_156242244_3a2559640a.jpg,inaturalist_research,https://inaturalist-open-data.s3.amazonaws.com/photos/270138757/medium.jpeg,156242244,270138757,Prunus avium (wild cherry),cc-by-nc,3a2559640abc3283dc6ffed84c5e2b5e853c4bb83444aecd026888fc63a6f77b,8edefd6151389a0a,500,375,verified_valid,unique,Botanist-verified research-grade observation of Prunus avium (500x375),2026-10-10 09:44:41 UTC
cherry,cherry_inaturalist_226308002_7791099788.jpg,raw_acquisitions/cherry/inaturalist_research/cherry_inaturalist_226308002_7791099788.jpg,inaturalist_research,https://inaturalist-open-data.s3.amazonaws.com/photos/401328357/medium.jpg,226308002,401328357,Prunus avium (wild cherry),cc-by-nc,7791099788a3a67eea84c4ce8bd1077f7c5c7d0e26a8062c24b52c3cfcee4659,c67fa81d30ea178a,500,375,verified_valid,unique,Botanist-verified research-grade observation of Prunus avium (500x375),2026-10-10 09:44:41 UTC
cherry,cherry_inaturalist_154815509_d07236967e.jpg,raw_acquisitions/cherry/inaturalist_research/cherry_inaturalist_154815509_d07236967e.jpg,inaturalist_research,https://inaturalist-open-data.s3.amazonaws.com/photos/267540076/medium.jpeg,154815509,267540076,Prunus avium (wild cherry),cc-by-nc,d07236967ebec8e4ad8d58ae239ed27b9dab19e1cb5e4f330aa564f29ae90d43,b1eeeee681530662,500,341,verified_valid,unique,Botanist-verified research-grade observation of Prunus avium (500x341),2026-10-10 09:44:41 UTC
cherry,cherry_inaturalist_154964312_7fdad39a3d.jpg,raw_acquisitions/cherry/inaturalist_research/cherry_inaturalist_154964312_7fdad39a3d.jpg,inaturalist_research,https://inaturalist-open-data.s3.amazonaws.com/photos/267813511/medium.jpeg,154964312,267813511,Prunus avium (wild cherry),cc-by-nc-sa,7fdad39a3d1b81121dc56aaec532de8c8c52801b174c1c9c428515bdb6977af9,c2d1694918d7d99e,500,333,verified_valid,unique,Botanist-verified research-grade observation of Prunus avium (500x333),2026-10-10 09:44:41 UTC
cherry,cherry_inaturalist_360346810_e9b39fee2e.jpg,raw_acquisitions/cherry/inaturalist_research/cherry_inaturalist_360346810_e9b39fee2e.jpg,inaturalist_research,https://inaturalist-open-data.s3.amazonaws.com/photos/657491702/medium.jpg,360346810,657491702,Prunus avium (wild cherry),cc-by-nc,e9b39fee2e7092a514d86ccd2858fbe33f76f994f6f18bb2a36c31673c847198,83893f5e50e1919f,375,500,verified_valid,unique,Botanist-verified research-grade observation of Prunus avium (375x500),2026-10-10 09:44:41 UTC
cherry,cherry_inaturalist_359622196_4ec835df7e.jpg,raw_acquisitions/cherry/inaturalist_research/cherry_inaturalist_359622196_4ec835df7e.jpg,inaturalist_research,https://static.inaturalist.org/photos/656154802/medium.jpg,359622196,656154802,Prunus avium (wild cherry),cc-by-nc,4ec835df7e5ad80b0f9eb925913dda4d330ee795d5f13c7f72cadaae631e8fa3,c85c7ec1c43e78e1,281,500,verified_valid,unique,Botanist-verified research-grade observation of Prunus avium (281x500),2026-10-10 09:44:41 UTC
cherry,cherry_inaturalist_299851697_bbb52446a9.jpg,raw_acquisitions/cherry/inaturalist_research/cherry_inaturalist_299851697_bbb52446a9.jpg,inaturalist_research,https://inaturalist-open-data.s3.amazonaws.com/photos/540223169/medium.jpg,299851697,540223169,Prunus avium (wild cherry),cc0,bbb52446a91ce752ac5327b596ca8ca532efc0afb7f5e53465a97b99b64cd0e4,977a36b662412d47,339,500,verified_valid,unique,Botanist-verified research-grade observation of Prunus avium (339x500),2026-10-10 09:44:41 UTC
cherry,cherry_inaturalist_299540652_f31e480063.jpg,raw_acquisitions/cherry/inaturalist_research/cherry_inaturalist_299540652_f31e480063.jpg,inaturalist_research,https://inaturalist-open-data.s3.amazonaws.com/photos/539647136/medium.jpg,299540652,539647136,Prunus avium (wild cherry),cc-by-nc,f31e480063d0e53d71e7d5ac7e089cd5d1c3c63513a110d12f36f191c634ef6d,86db11dcc5cb0ab6,375,500,verified_valid,unique,Botanist-verified research-grade observation of Prunus avium (375x500),2026-10-10 09:44:41 UTC
cherry,cherry_inaturalist_301302847_7c808f8b37.jpg,raw_acquisitions/cherry/inaturalist_research/cherry_inaturalist_301302847_7c808f8b37.jpg,inaturalist_research,https://inaturalist-open-data.s3.amazonaws.com/photos/542922710/medium.jpg,301302847,542922710,Prunus avium (wild cherry),cc-by-nc,7c808f8b370fcace4966b8e792c979c1767041cd170f7b4628180a3324e59b02,bce062b19ca473bc,500,333,verified_valid,unique,Botanist-verified research-grade observation of Prunus avium (500x333),2026-10-10 09:44:41 UTC
cherry,cherry_inaturalist_362733339_b503469513.jpg,raw_acquisitions/cherry/inaturalist_research/cherry_inaturalist_362733339_b503469513.jpg,inaturalist_research,https://inaturalist-open-data.s3.amazonaws.com/photos/662072896/medium.jpg,362733339,662072896,Prunus avium (wild cherry),cc-by-nc,b503469513126db4069071a7127448698a76d0c627d66c096cbd85051e58b642,8f7d3cb0b0b0db88,375,500,verified_valid,unique,Botanist-verified research-grade observation of Prunus avium (375x500),2026-10-10 09:44:41 UTC
cherry,cherry_inaturalist_304344500_608805c46b.jpg,raw_acquisitions/cherry/inaturalist_research/cherry_inaturalist_304344500_608805c46b.jpg,inaturalist_research,https://inaturalist-open-data.s3.amazonaws.com/photos/548642237/medium.jpg,304344500,548642237,Prunus avium (wild cherry),cc-by-nc,608805c46bc4d0196fd1a9486f2c5c101e67bb5a06ffb214ffb1c955a0fb8a85,c3846cd4b7f27845,375,500,verified_valid,unique,Botanist-verified research-grade observation of Prunus avium (375x500),2026-10-10 09:44:41 UTC
cherry,cherry_inaturalist_362408485_024d2617c2.jpg,raw_acquisitions/cherry/inaturalist_research/cherry_inaturalist_362408485_024d2617c2.jpg,inaturalist_research,https://inaturalist-open-data.s3.amazonaws.com/photos/661455326/medium.jpg,362408485,661455326,Prunus avium (wild cherry),cc-by-nc,024d2617c2b65e4785bd134f59570219948054472f5a6734e872a5858736fee3,9e3669444ccd5be1,375,500,verified_valid,unique,Botanist-verified research-grade observation of Prunus avium (375x500),2026-10-10 09:44:41 UTC
cherry,cherry_inaturalist_363063935_42dc0469ef.jpg,raw_acquisitions/cherry/inaturalist_research/cherry_inaturalist_363063935_42dc0469ef.jpg,inaturalist_research,https://inaturalist-open-data.s3.amazonaws.com/photos/662691673/medium.jpg,363063935,662691673,Prunus avium (wild cherry),cc-by-nc,42dc0469ef33c10752ec789481f0ae103762cb7467b7354d9c93c53733b853b9,db64e038c6b3dc0d,500,375,verified_valid,unique,Botanist-verified research-grade observation of Prunus avium (500x375),2026-10-10 09:44:41 UTC
cherry,cherry_inaturalist_366104288_aceea5ec3f.jpg,raw_acquisitions/cherry/inaturalist_research/cherry_inaturalist_366104288_aceea5ec3f.jpg,inaturalist_research,https://static.inaturalist.org/photos/668471032/medium.jpg,366104288,668471032,Prunus avium (wild cherry),cc-by-nc,aceea5ec3ffae866164b65a0058503c7b450d832e152e02733472f24abeec641,be49711cade65226,376,500,verified_valid,unique,Botanist-verified research-grade observation of Prunus avium (376x500),2026-10-10 09:44:41 UTC
cherry,cherry_inaturalist_304036724_be899a034f.jpg,raw_acquisitions/cherry/inaturalist_research/cherry_inaturalist_304036724_be899a034f.jpg,inaturalist_research,https://inaturalist-open-data.s3.amazonaws.com/photos/548051990/medium.jpg,304036724,548051990,Prunus avium (wild cherry),cc-by,be899a034f7eb4895f700ea0e18e37b3cf06053478bf542a1dc021071979d1dc,d2632d116f0ea739,375,500,verified_valid,unique,Botanist-verified research-grade observation of Prunus avium (375x500),2026-10-10 09:44:41 UTC
cherry,cherry_inaturalist_303831316_5679e854ff.jpg,raw_acquisitions/cherry/inaturalist_research/cherry_inaturalist_303831316_5679e854ff.jpg,inaturalist_research,https://inaturalist-open-data.s3.amazonaws.com/photos/547642433/medium.jpg,303831316,547642433,Prunus avium (wild cherry),cc-by-nc,5679e854ff6307365dcead36c0ac4d2a2e3cb21909efd2159b62b60e6391e04c,ead28072c3fd4d29,500,331,verified_valid,unique,Botanist-verified research-grade observation of Prunus avium (500x331),2026-10-10 09:44:41 UTC
cherry,cherry_inaturalist_304045907_f8c0cb185d.jpg,raw_acquisitions/cherry/inaturalist_research/cherry_inaturalist_304045907_f8c0cb185d.jpg,inaturalist_research,https://inaturalist-open-data.s3.amazonaws.com/photos/548071666/medium.jpg,304045907,548071666,Prunus avium (wild cherry),cc-by-nc,f8c0cb185d476802c8a86481df7e60a7db92c5d510d905765d94142cfa2abddd,a96f2c52d587a913,375,500,verified_valid,unique,Botanist-verified research-grade observation of Prunus avium (375x500),2026-10-10 09:44:41 UTC
cherry,cherry_inaturalist_366020031_5df13acff2.jpg,raw_acquisitions/cherry/inaturalist_research/cherry_inaturalist_366020031_5df13acff2.jpg,inaturalist_research,https://inaturalist-open-data.s3.amazonaws.com/photos/668315175/medium.jpg,366020031,668315175,Prunus avium (wild cherry),cc-by-nc,5df13acff2074256d0c28d4831c0333126f595ffc7547f7e268f8d53963f950a,9b76f416a9a13748,375,500,verified_valid,unique,Botanist-verified research-grade observation of Prunus avium (375x500),2026-10-10 09:44:41 UTC
cherry,cherry_inaturalist_366704104_6830067951.jpg,raw_acquisitions/cherry/inaturalist_research/cherry_inaturalist_366704104_6830067951.jpg,inaturalist_research,https://inaturalist-open-data.s3.amazonaws.com/photos/669608167/medium.jpg,366704104,669608167,Prunus avium (wild cherry),cc-by-nc,683006795168ed105544a153487ad5a5d2a8171fdbd4d87fd398f0323150d7e0,940ab8b2b9b593ea,375,500,verified_valid,unique,Botanist-verified research-grade observation of Prunus avium (375x500),2026-10-10 09:44:41 UTC
cherry,cherry_inaturalist_359068894_09c8692a35.jpg,raw_acquisitions/cherry/inaturalist_research/cherry_inaturalist_359068894_09c8692a35.jpg,inaturalist_research,https://inaturalist-open-data.s3.amazonaws.com/photos/655056843/medium.jpg,359068894,655056843,Prunus avium (wild cherry),cc-by-nc,09c8692a35406793c5f9932adcf8a9d5971c270965ddb56a4bea91a32ec7f65b,920e3bb98c8ee372,500,333,verified_valid,unique,Botanist-verified research-grade observation of Prunus avium (500x333),2026-10-10 09:44:41 UTC
cherry,cherry_inaturalist_357519477_fc358c8d87.jpg,raw_acquisitions/cherry/inaturalist_research/cherry_inaturalist_357519477_fc358c8d87.jpg,inaturalist_research,https://inaturalist-open-data.s3.amazonaws.com/photos/652092336/medium.jpg,357519477,652092336,Prunus avium (wild cherry),cc-by-nc,fc358c8d870285d17615cb6e0bce6fddf13f56f5374911ee8580db9996189fa7,a0ba7fa5575a4063,281,500,verified_valid,unique,Botanist-verified research-grade observation of Prunus avium (281x500),2026-10-10 09:44:41 UTC
cherry,cherry_inaturalist_305577495_f6037bfaae.jpg,raw_acquisitions/cherry/inaturalist_research/cherry_inaturalist_305577495_f6037bfaae.jpg,inaturalist_research,https://inaturalist-open-data.s3.amazonaws.com/photos/550976629/medium.jpg,305577495,550976629,Prunus avium (wild cherry),cc-by-nc,f6037bfaae441f5a7819b2da6686d3247ddfc7ed62a0957969b74d28f8ced52f,b9514bd464f424af,500,500,verified_valid,unique,Botanist-verified research-grade observation of Prunus avium (500x500),2026-10-10 09:44:41 UTC
cherry,cherry_inaturalist_357847728_b32e799843.jpg,raw_acquisitions/cherry/inaturalist_research/cherry_inaturalist_357847728_b32e799843.jpg,inaturalist_research,https://inaturalist-open-data.s3.amazonaws.com/photos/652731079/medium.jpg,357847728,652731079,Prunus avium (wild cherry),cc-by-nc,b32e79984360301670f5154b2c63bb8e1c50d8a46de63af3879d1dc78d128ba3,af25774bc03fc281,231,500,verified_valid,unique,Botanist-verified research-grade observation of Prunus avium (231x500),2026-10-10 09:44:41 UTC
cherry,cherry_inaturalist_357649293_ea3c117c22.jpg,raw_acquisitions/cherry/inaturalist_research/cherry_inaturalist_357649293_ea3c117c22.jpg,inaturalist_research,https://inaturalist-open-data.s3.amazonaws.com/photos/652340975/medium.jpg,357649293,652340975,Prunus avium (wild cherry),cc-by-nc,ea3c117c22186e5d9f96faf6184441a3f36da45e219b53f45dd82cee0cd7f870,84ac2f8f95353716,375,500,verified_valid,unique,Botanist-verified research-grade observation of Prunus avium (375x500),2026-10-10 09:44:41 UTC
cherry,cherry_inaturalist_369558952_2de4c7f7b4.jpg,raw_acquisitions/cherry/inaturalist_research/cherry_inaturalist_369558952_2de4c7f7b4.jpg,inaturalist_research,https://inaturalist-open-data.s3.amazonaws.com/photos/675056527/medium.jpg,369558952,675056527,Prunus avium (wild cherry),cc-by-nc,2de4c7f7b46709182bb83ce63e14e95d51337b2995e815aaa5e3f9d498ba2db4,d18e2c3c7093c7bc,500,333,verified_valid,unique,Botanist-verified research-grade observation of Prunus avium (500x333),2026-10-10 09:44:41 UTC
cherry,cherry_inaturalist_370281936_c05aa62a28.jpg,raw_acquisitions/cherry/inaturalist_research/cherry_inaturalist_370281936_c05aa62a28.jpg,inaturalist_research,https://static.inaturalist.org/photos/676445269/medium.jpg,370281936,676445269,Prunus avium (wild cherry),cc-by-nc,c05aa62a28ccb5ddcf6ae245cc2bf584468dd5b1503e50b898267ad655373171,cc30be736593d826,375,500,verified_valid,unique,Botanist-verified research-grade observation of Prunus avium (375x500),2026-10-10 09:44:41 UTC
cherry,cherry_inaturalist_370144758_d490396b9d.jpg,raw_acquisitions/cherry/inaturalist_research/cherry_inaturalist_370144758_d490396b9d.jpg,inaturalist_research,https://inaturalist-open-data.s3.amazonaws.com/photos/676174850/medium.jpg,370144758,676174850,Prunus avium (wild cherry),cc-by-nc,d490396b9d3d3e1200e8f3a5b956b84475bee441609bcd8ebc6a316261807ce6,d3d3c3cfc8c8c909,375,500,verified_valid,unique,Botanist-verified research-grade observation of Prunus avium (375x500),2026-10-10 09:44:41 UTC
cherry,cherry_inaturalist_309311624_e4f7717e09.jpg,raw_acquisitions/cherry/inaturalist_research/cherry_inaturalist_309311624_e4f7717e09.jpg,inaturalist_research,https://inaturalist-open-data.s3.amazonaws.com/photos/558140502/medium.jpg,309311624,558140502,Prunus avium (wild cherry),cc-by-nc,e4f7717e0926aa622537bd4c7fd3d72c1af5c6a973efc2c35ed7b86c85c724fb,df7d7482894260af,281,500,verified_valid,unique,Botanist-verified research-grade observation of Prunus avium (281x500),2026-10-10 09:44:41 UTC
cherry,cherry_inaturalist_309476893_34ddd4a021.jpg,raw_acquisitions/cherry/inaturalist_research/cherry_inaturalist_309476893_34ddd4a021.jpg,inaturalist_research,https://inaturalist-open-data.s3.amazonaws.com/photos/558463339/medium.jpg,309476893,558463339,Prunus avium (wild cherry),cc-by-nc,34ddd4a0213b714101dc1c7b2954b4c82b1aa489add094469c308c58304338cf,c15b2f9cb08b4d74,375,500,verified_valid,unique,Botanist-verified research-grade observation of Prunus avium (375x500),2026-10-10 09:44:41 UTC
cherry,cherry_inaturalist_306947898_896c1fe818.jpg,raw_acquisitions/cherry/inaturalist_research/cherry_inaturalist_306947898_896c1fe818.jpg,inaturalist_research,https://inaturalist-open-data.s3.amazonaws.com/photos/553586088/medium.jpg,306947898,553586088,Prunus avium (wild cherry),cc-by-nc,896c1fe81866e64abbfc3af220a5eaaec1d31a15865953da99dcaa790d523be0,8d4c566260bb763b,375,500,verified_valid,unique,Botanist-verified research-grade observation of Prunus avium (375x500),2026-10-10 09:44:41 UTC
cherry,cherry_inaturalist_369651596_b89ccd667f.jpg,raw_acquisitions/cherry/inaturalist_research/cherry_inaturalist_369651596_b89ccd667f.jpg,inaturalist_research,https://inaturalist-open-data.s3.amazonaws.com/photos/675240838/medium.jpg,369651596,675240838,Prunus avium (wild cherry),cc-by-nc,b89ccd667f43f68e681d6695b1c24f193230bc9dc675a2382860e8ebb028d2fe,ccd8b22659b1167b,375,500,verified_valid,unique,Botanist-verified research-grade observation of Prunus avium (375x500),2026-10-10 09:44:41 UTC
cherry,cherry_inaturalist_309219580_506097a662.jpg,raw_acquisitions/cherry/inaturalist_research/cherry_inaturalist_309219580_506097a662.jpg,inaturalist_research,https://inaturalist-open-data.s3.amazonaws.com/photos/557970276/medium.jpg,309219580,557970276,Prunus avium (wild cherry),cc0,506097a6629a2fe41ed61119ccb6eb2e71f37d4277b1a556487735b615c749a4,fff7ce480f901190,375,500,verified_valid,unique,Botanist-verified research-grade observation of Prunus avium (375x500),2026-10-10 09:44:41 UTC
cherry,cherry_inaturalist_308708600_77f33419db.jpg,raw_acquisitions/cherry/inaturalist_research/cherry_inaturalist_308708600_77f33419db.jpg,inaturalist_research,https://static.inaturalist.org/photos/556982325/medium.jpg,308708600,556982325,Prunus avium (wild cherry),cc-by-nc,77f33419dbe7e578f3d93902f728876a736291dd3874c707a1a5dbb006d58dd2,878e7c83390bf859,376,500,verified_valid,unique,Botanist-verified research-grade observation of Prunus avium (376x500),2026-10-10 09:44:41 UTC
cherry,cherry_inaturalist_306590324_95449eaa55.jpg,raw_acquisitions/cherry/inaturalist_research/cherry_inaturalist_306590324_95449eaa55.jpg,inaturalist_research,https://inaturalist-open-data.s3.amazonaws.com/photos/552911521/medium.jpg,306590324,552911521,Prunus avium (wild cherry),cc-by-nc,95449eaa552df80d6dfb598b52f89ae10611ea6d1c726c3090d8ff20cd44a9f7,d431e92c154f7b61,500,375,verified_valid,unique,Botanist-verified research-grade observation of Prunus avium (500x375),2026-10-10 09:44:41 UTC
cherry,cherry_inaturalist_306608896_317b93fca1.jpg,raw_acquisitions/cherry/inaturalist_research/cherry_inaturalist_306608896_317b93fca1.jpg,inaturalist_research,https://inaturalist-open-data.s3.amazonaws.com/photos/552946276/medium.jpg,306608896,552946276,Prunus avium (wild cherry),cc-by-nc,317b93fca1bee83e3140c0e031cee8a06938e306bc102b3e2c372adccdd019db,ed662be2b2308a6d,500,375,verified_valid,unique,Botanist-verified research-grade observation of Prunus avium (500x375),2026-10-10 09:44:41 UTC
cherry,cherry_inaturalist_307679937_ee761f7596.jpg,raw_acquisitions/cherry/inaturalist_research/cherry_inaturalist_307679937_ee761f7596.jpg,inaturalist_research,https://inaturalist-open-data.s3.amazonaws.com/photos/555005816/medium.jpg,307679937,555005816,Prunus avium (wild cherry),cc-by-nc,ee761f7596d33a557bfc7ea0c733e1b9ec4e3631145e2e853b42af26124d1888,f4acf809fb4701b2,362,500,verified_valid,unique,Botanist-verified research-grade observation of Prunus avium (362x500),2026-10-10 09:44:41 UTC
cherry,cherry_inaturalist_310698842_ae623de909.jpg,raw_acquisitions/cherry/inaturalist_research/cherry_inaturalist_310698842_ae623de909.jpg,inaturalist_research,https://inaturalist-open-data.s3.amazonaws.com/photos/560777834/medium.jpg,310698842,560777834,Prunus avium (wild cherry),cc-by-nc,ae623de90994b420e66e9fcf084281ed753b0e6da8418283864bd40da4d028ff,a5dab56b948a138e,375,500,verified_valid,unique,Botanist-verified research-grade observation of Prunus avium (375x500),2026-10-10 09:44:41 UTC
cherry,cherry_inaturalist_304456741_17bbfed31e.jpg,raw_acquisitions/cherry/inaturalist_research/cherry_inaturalist_304456741_17bbfed31e.jpg,inaturalist_research,https://inaturalist-open-data.s3.amazonaws.com/photos/548861071/medium.jpg,304456741,548861071,Prunus avium (wild cherry),cc-by-nc,17bbfed31e1bb347496e05b15a3aa6e8ba886559b6ededb14def4d833a4c1880,c3ec6b1ec3a8549a,281,500,verified_valid,unique,Botanist-verified research-grade observation of Prunus avium (281x500),2026-10-10 09:44:41 UTC
cherry,cherry_inaturalist_373433410_03dc533b45.jpg,raw_acquisitions/cherry/inaturalist_research/cherry_inaturalist_373433410_03dc533b45.jpg,inaturalist_research,https://inaturalist-open-data.s3.amazonaws.com/photos/682466358/medium.jpg,373433410,682466358,Prunus avium (wild cherry),cc-by-nc,03dc533b45e9af5d5d78dd80bdbc7f1bda179bba378d61400aef87c09961a8b6,bdf0bd4c168b201f,376,500,verified_valid,unique,Botanist-verified research-grade observation of Prunus avium (376x500),2026-10-10 09:44:41 UTC
cherry,cherry_inaturalist_312869269_c80c012380.jpg,raw_acquisitions/cherry/inaturalist_research/cherry_inaturalist_312869269_c80c012380.jpg,inaturalist_research,https://inaturalist-open-data.s3.amazonaws.com/photos/564940207/medium.jpg,312869269,564940207,Prunus avium (wild cherry),cc-by-nc,c80c012380704cf50f876cc3dc450160f61b952aa61f3643377e42aeacd71713,c5e14087af7fb103,375,500,verified_valid,unique,Botanist-verified research-grade observation of Prunus avium (375x500),2026-10-10 09:44:41 UTC
cherry,cherry_inaturalist_372883899_bbd8f46a39.jpg,raw_acquisitions/cherry/inaturalist_research/cherry_inaturalist_372883899_bbd8f46a39.jpg,inaturalist_research,https://inaturalist-open-data.s3.amazonaws.com/photos/681416956/medium.jpg,372883899,681416956,Prunus avium (wild cherry),cc-by-nc,bbd8f46a394123c8773014b3299f9f0f476176a7bfa711bb70d655501c786159,816cfc4926f2c9b6,375,500,verified_valid,unique,Botanist-verified research-grade observation of Prunus avium (375x500),2026-10-10 09:44:41 UTC
cherry,cherry_inaturalist_373583108_733fd048c7.jpg,raw_acquisitions/cherry/inaturalist_research/cherry_inaturalist_373583108_733fd048c7.jpg,inaturalist_research,https://inaturalist-open-data.s3.amazonaws.com/photos/682753928/medium.jpg,373583108,682753928,Prunus avium (wild cherry),cc-by-nc,733fd048c7f8f3a912237b8172b1cdd3bd758f8779dc135f20883d8dffcf3418,c26134fe990f63d2,375,500,verified_valid,unique,Botanist-verified research-grade observation of Prunus avium (375x500),2026-10-10 09:44:41 UTC
cherry,cherry_inaturalist_372675305_d65457ad43.jpg,raw_acquisitions/cherry/inaturalist_research/cherry_inaturalist_372675305_d65457ad43.jpg,inaturalist_research,https://inaturalist-open-data.s3.amazonaws.com/photos/681016190/medium.jpg,372675305,681016190,Prunus avium (wild cherry),cc-by-nc,d65457ad430d96c3473a7b771f749ecc205b60c788cbf8959646251492d20f24,d6edddb0e4089a31,500,500,verified_valid,unique,Botanist-verified research-grade observation of Prunus avium (500x500),2026-10-10 09:44:41 UTC
cherry,cherry_inaturalist_314281288_9c54ae63a8.jpg,raw_acquisitions/cherry/inaturalist_research/cherry_inaturalist_314281288_9c54ae63a8.jpg,inaturalist_research,https://inaturalist-open-data.s3.amazonaws.com/photos/567642124/medium.jpg,314281288,567642124,Prunus avium (wild cherry),cc-by-nc,9c54ae63a853c5c160f7b0fb2a6e73a3a9e8c25244b30cb14eb603b9fb6bc8ff,8e7136a6b18dacb4,281,500,verified_valid,unique,Botanist-verified research-grade observation of Prunus avium (281x500),2026-10-10 09:44:41 UTC
cherry,cherry_inaturalist_314639454_03d9bb0ca4.jpg,raw_acquisitions/cherry/inaturalist_research/cherry_inaturalist_314639454_03d9bb0ca4.jpg,inaturalist_research,https://inaturalist-open-data.s3.amazonaws.com/photos/568282316/medium.jpg,314639454,568282316,Prunus avium (wild cherry),cc-by-nc,03d9bb0ca4bd1c2d0f10bae75dfe1a79f251287922625cd944396ba099e06969,e79fc5b3489a7041,500,497,verified_valid,unique,Botanist-verified research-grade observation of Prunus avium (500x497),2026-10-10 09:44:41 UTC
cherry,cherry_inaturalist_375293445_615ba02bc6.jpg,raw_acquisitions/cherry/inaturalist_research/cherry_inaturalist_375293445_615ba02bc6.jpg,inaturalist_research,https://inaturalist-open-data.s3.amazonaws.com/photos/686055996/medium.jpg,375293445,686055996,Prunus avium (wild cherry),cc-by-nc,615ba02bc62c34234ccd28e47c2113a37f27a1a0a1f3564574edaae58d7f82da,d1e53648b61dd872,375,500,verified_valid,unique,Botanist-verified research-grade observation of Prunus avium (375x500),2026-10-10 09:44:41 UTC
cherry,cherry_inaturalist_375015755_a852cc2b8c.jpg,raw_acquisitions/cherry/inaturalist_research/cherry_inaturalist_375015755_a852cc2b8c.jpg,inaturalist_research,https://inaturalist-open-data.s3.amazonaws.com/photos/685510721/medium.jpg,375015755,685510721,Prunus avium (wild cherry),cc-by-nc,a852cc2b8cbd4d3ff21e486817667fabda253586ef7e84393e2d25b753892cb3,97056c5f7c1c58c9,375,500,verified_valid,unique,Botanist-verified research-grade observation of Prunus avium (375x500),2026-10-10 09:44:41 UTC
cherry,cherry_inaturalist_375160593_8ba77c7c6d.jpg,raw_acquisitions/cherry/inaturalist_research/cherry_inaturalist_375160593_8ba77c7c6d.jpg,inaturalist_research,https://inaturalist-open-data.s3.amazonaws.com/photos/685800354/medium.jpg,375160593,685800354,Prunus avium (wild cherry),cc-by-nc,8ba77c7c6d7bfc2e72b88b058c5b0d9443cdf85d12e2fe1f226c7ef138f5e041,f4d678f8fe202701,375,500,verified_valid,unique,Botanist-verified research-grade observation of Prunus avium (375x500),2026-10-10 09:44:41 UTC
cherry,cherry_inaturalist_370677320_e55b786b00.jpg,raw_acquisitions/cherry/inaturalist_research/cherry_inaturalist_370677320_e55b786b00.jpg,inaturalist_research,https://static.inaturalist.org/photos/677190172/medium.jpg,370677320,677190172,Prunus avium (wild cherry),cc-by-nc,e55b786b00958bbb2c486b00928cc5e0ca00adc95a92bae1445cf32b518e65d3,e464748db488d95f,281,500,verified_valid,unique,Botanist-verified research-grade observation of Prunus avium (281x500),2026-10-10 09:44:41 UTC
cherry,cherry_inaturalist_370616146_d061b1ee40.jpg,raw_acquisitions/cherry/inaturalist_research/cherry_inaturalist_370616146_d061b1ee40.jpg,inaturalist_research,https://inaturalist-open-data.s3.amazonaws.com/photos/677076472/medium.jpg,370616146,677076472,Prunus avium (wild cherry),cc-by-sa,d061b1ee407e6c7877c6bb08d5849e975c493a85f300dd53cf69a098c248e3e1,f0465e7411759f2c,500,281,verified_valid,unique,Botanist-verified research-grade observation of Prunus avium (500x281),2026-10-10 09:44:41 UTC
cherry,cherry_inaturalist_371001019_dcff1e2ab7.jpg,raw_acquisitions/cherry/inaturalist_research/cherry_inaturalist_371001019_dcff1e2ab7.jpg,inaturalist_research,https://inaturalist-open-data.s3.amazonaws.com/photos/677819239/medium.jpg,371001019,677819239,Prunus avium (wild cherry),cc-by,dcff1e2ab7d37917e6ccd91464f2ccd7e8aa9154501ebb3569a9860d84122427,b6fce4231cf39160,375,500,verified_valid,unique,Botanist-verified research-grade observation of Prunus avium (375x500),2026-10-10 09:44:41 UTC
cherry,cherry_inaturalist_358532655_b3bea6a288.jpg,raw_acquisitions/cherry/inaturalist_research/cherry_inaturalist_358532655_b3bea6a288.jpg,inaturalist_research,https://inaturalist-open-data.s3.amazonaws.com/photos/654066162/medium.jpg,358532655,654066162,Prunus avium (wild cherry),cc-by-nc,b3bea6a2884252cf039085f5269bd083b653d6ec74f4dfad6e6af58a3b34f08b,98f2ecc406bae8ce,375,500,verified_valid,unique,Botanist-verified research-grade observation of Prunus avium (375x500),2026-10-10 09:44:41 UTC
cherry,cherry_inaturalist_371320938_ae93222818.jpg,raw_acquisitions/cherry/inaturalist_research/cherry_inaturalist_371320938_ae93222818.jpg,inaturalist_research,https://inaturalist-open-data.s3.amazonaws.com/photos/678420735/medium.jpg,371320938,678420735,Prunus avium (wild cherry),cc-by-nc,ae932228187ea7097beba9ae3a6f4cac43c08cd87a8ab2be1298d4a0249890e6,d31e2611ea6253e7,375,500,verified_valid,unique,Botanist-verified research-grade observation of Prunus avium (375x500),2026-10-10 09:44:41 UTC
cherry,cherry_inaturalist_357582066_61739770ab.jpg,raw_acquisitions/cherry/inaturalist_research/cherry_inaturalist_357582066_61739770ab.jpg,inaturalist_research,https://inaturalist-open-data.s3.amazonaws.com/photos/652212159/medium.jpg,357582066,652212159,Prunus avium (wild cherry),cc-by,61739770ab0073c899b1debb79925a1060b87a34b375c4eb1e49bb4f7aa279ff,94427bac7b72c931,375,500,verified_valid,unique,Botanist-verified research-grade observation of Prunus avium (375x500),2026-10-10 09:44:41 UTC
cherry,cherry_inaturalist_164992252_ffb3efe162.jpg,raw_acquisitions/cherry/inaturalist_research/cherry_inaturalist_164992252_ffb3efe162.jpg,inaturalist_research,https://inaturalist-open-data.s3.amazonaws.com/photos/285545086/medium.jpeg,164992252,285545086,Prunus avium (wild cherry),cc-by-nc,ffb3efe1626cd5bf4f3f8dbbeb59a479e2ae59e2de49e5f54628236eb2f313ff,eac9c96c877d6824,500,375,verified_valid,unique,Botanist-verified research-grade observation of Prunus avium (500x375),2026-10-10 09:44:41 UTC
cherry,cherry_inaturalist_227794002_faaa84051d.jpg,raw_acquisitions/cherry/inaturalist_research/cherry_inaturalist_227794002_faaa84051d.jpg,inaturalist_research,https://static.inaturalist.org/photos/404224028/medium.jpeg,227794002,404224028,Prunus avium (wild cherry),cc-by-nc,faaa84051d1066892817bd8f34408f9a3cb456eb0fd6c10ba5effbb285c01873,88a5a69bc2f39378,375,500,verified_valid,unique,Botanist-verified research-grade observation of Prunus avium (375x500),2026-10-10 09:44:41 UTC
cherry,cherry_inaturalist_234872118_248ac2a9ab.jpg,raw_acquisitions/cherry/inaturalist_research/cherry_inaturalist_234872118_248ac2a9ab.jpg,inaturalist_research,https://inaturalist-open-data.s3.amazonaws.com/photos/417612788/medium.jpeg,234872118,417612788,Prunus avium (wild cherry),cc0,248ac2a9ab2074ab686360a58bfb9601707d9f147dd0b96d6ef831b45595c5bc,d1cc6b3b363290ec,500,333,verified_valid,unique,Botanist-verified research-grade observation of Prunus avium (500x333),2026-10-10 09:44:41 UTC
cherry,cherry_inaturalist_235546774_ad397568fa.jpg,raw_acquisitions/cherry/inaturalist_research/cherry_inaturalist_235546774_ad397568fa.jpg,inaturalist_research,https://inaturalist-open-data.s3.amazonaws.com/photos/418921947/medium.jpeg,235546774,418921947,Prunus avium (wild cherry),cc-by-nc,ad397568faebde22822c315a60f5fb7a05c936b74be9444929a2d32c06a03584,fec0a171817cec5c,500,281,verified_valid,unique,Botanist-verified research-grade observation of Prunus avium (500x281),2026-10-10 09:44:41 UTC
cherry,cherry_inaturalist_165906869_6d08d6b04b.jpg,raw_acquisitions/cherry/inaturalist_research/cherry_inaturalist_165906869_6d08d6b04b.jpg,inaturalist_research,https://inaturalist-open-data.s3.amazonaws.com/photos/287243126/medium.jpg,165906869,287243126,Prunus avium (wild cherry),cc-by-sa,6d08d6b04bf60dd967fcb96c42dab947bb6b532a3d1e0c0889d3b8aba69c30a1,f53b508f2466a731,375,500,verified_valid,unique,Botanist-verified research-grade observation of Prunus avium (375x500),2026-10-10 09:44:41 UTC
cherry,cherry_inaturalist_228208581_26b1d47b80.jpg,raw_acquisitions/cherry/inaturalist_research/cherry_inaturalist_228208581_26b1d47b80.jpg,inaturalist_research,https://inaturalist-open-data.s3.amazonaws.com/photos/404941409/medium.jpg,228208581,404941409,Prunus avium (wild cherry),cc-by-nc,26b1d47b80e1e38044861f30c47dabf5ac924548761905a3430066bd34d6aaed,bfead9368a34421a,375,500,verified_valid,unique,Botanist-verified research-grade observation of Prunus avium (375x500),2026-10-10 09:44:41 UTC
cherry,cherry_inaturalist_238661066_63b816d892.jpg,raw_acquisitions/cherry/inaturalist_research/cherry_inaturalist_238661066_63b816d892.jpg,inaturalist_research,https://static.inaturalist.org/photos/424927154/medium.jpeg,238661066,424927154,Prunus avium (wild cherry),cc-by-nc,63b816d89296d380de336700664c6ffd424859a590838872e6c5f1dd6b75286a,db9f62198f264e81,375,500,verified_valid,unique,Botanist-verified research-grade observation of Prunus avium (375x500),2026-10-10 09:44:41 UTC
cherry,cherry_inaturalist_238866832_c50e0d0ec5.jpg,raw_acquisitions/cherry/inaturalist_research/cherry_inaturalist_238866832_c50e0d0ec5.jpg,inaturalist_research,https://static.inaturalist.org/photos/425327912/medium.jpeg,238866832,425327912,Prunus avium (wild cherry),cc-by-nc,c50e0d0ec5a575f96c70f9e4c23d796ab01f874d287756769bf509288a7c79aa,90e777396ab00796,375,500,verified_valid,unique,Botanist-verified research-grade observation of Prunus avium (375x500),2026-10-10 09:44:41 UTC
cherry,cherry_inaturalist_158507480_214ff202bf.jpg,raw_acquisitions/cherry/inaturalist_research/cherry_inaturalist_158507480_214ff202bf.jpg,inaturalist_research,https://inaturalist-open-data.s3.amazonaws.com/photos/273920238/medium.jpeg,158507480,273920238,Prunus avium (wild cherry),cc-by-nc,214ff202bf551e6b19afcf51e181a243c62a1f3d5c19d6f065b233a1a6fc25de,8a9a3d69e0798337,500,321,verified_valid,unique,Botanist-verified research-grade observation of Prunus avium (500x321),2026-10-10 09:44:41 UTC
cherry,cherry_inaturalist_239178894_8c92f88ee7.jpg,raw_acquisitions/cherry/inaturalist_research/cherry_inaturalist_239178894_8c92f88ee7.jpg,inaturalist_research,https://inaturalist-open-data.s3.amazonaws.com/photos/425935537/medium.jpeg,239178894,425935537,Prunus avium (wild cherry),cc-by-nc,8c92f88ee73d4ec4851fe36d3e851455b54849ced38d7376367d65d10e9f69b4,fea8d7c8b38a8832,375,500,verified_valid,unique,Botanist-verified research-grade observation of Prunus avium (375x500),2026-10-10 09:44:41 UTC
cherry,cherry_inaturalist_166371374_05ae5162d8.jpg,raw_acquisitions/cherry/inaturalist_research/cherry_inaturalist_166371374_05ae5162d8.jpg,inaturalist_research,https://static.inaturalist.org/photos/288104375/medium.jpg,166371374,288104375,Prunus avium (wild cherry),cc-by-nc,05ae5162d85721aade5e4da5a0a6cf73f52dd687dfd1b459c7987d3b783f4518,d1ec7ed9812c78b0,375,500,verified_valid,unique,Botanist-verified research-grade observation of Prunus avium (375x500),2026-10-10 09:44:41 UTC
cherry,cherry_inaturalist_166213968_02bad2c79d.jpg,raw_acquisitions/cherry/inaturalist_research/cherry_inaturalist_166213968_02bad2c79d.jpg,inaturalist_research,https://inaturalist-open-data.s3.amazonaws.com/photos/287811608/medium.jpg,166213968,287811608,Prunus avium (wild cherry),cc-by-nc,02bad2c79d42be87a9f42fe3233a1543f113da76a8ac967b0d65de19eb2ff0f3,aac6e247e5c94d86,375,500,verified_valid,unique,Botanist-verified research-grade observation of Prunus avium (375x500),2026-10-10 09:44:41 UTC
cherry,cherry_inaturalist_240757673_23c32da864.jpg,raw_acquisitions/cherry/inaturalist_research/cherry_inaturalist_240757673_23c32da864.jpg,inaturalist_research,https://static.inaturalist.org/photos/428985426/medium.jpeg,240757673,428985426,Prunus avium (wild cherry),cc-by-nc,23c32da8646e56b85617b90d333603bed306d97d46c69f8566653418a9da6ebe,c421e631dadc39f2,375,500,verified_valid,unique,Botanist-verified research-grade observation of Prunus avium (375x500),2026-10-10 09:44:41 UTC
cherry,cherry_inaturalist_167060037_16ed202299.jpg,raw_acquisitions/cherry/inaturalist_research/cherry_inaturalist_167060037_16ed202299.jpg,inaturalist_research,https://inaturalist-open-data.s3.amazonaws.com/photos/289356329/medium.jpg,167060037,289356329,Prunus avium (wild cherry),cc-by-nc,16ed202299e255e6ad67b852a7e359fc24fa9f04e52a6cbacd6719eb74b4824e,b5ca9a253af611ca,375,500,verified_valid,unique,Botanist-verified research-grade observation of Prunus avium (375x500),2026-10-10 09:44:41 UTC
cherry,cherry_inaturalist_240923116_cb439ae5dd.jpg,raw_acquisitions/cherry/inaturalist_research/cherry_inaturalist_240923116_cb439ae5dd.jpg,inaturalist_research,https://static.inaturalist.org/photos/429307894/medium.jpeg,240923116,429307894,Prunus avium (wild cherry),cc-by-nc,cb439ae5ddc51910ac793aafbaf235b7a3e2b9f2c7e5d3c13409ac056e7784a4,827d8fd0e18ff260,375,500,verified_valid,unique,Botanist-verified research-grade observation of Prunus avium (375x500),2026-10-10 09:44:41 UTC
cherry,cherry_inaturalist_166467069_5184d3b674.jpg,raw_acquisitions/cherry/inaturalist_research/cherry_inaturalist_166467069_5184d3b674.jpg,inaturalist_research,https://inaturalist-open-data.s3.amazonaws.com/photos/288275496/medium.jpeg,166467069,288275496,Prunus avium (wild cherry),cc-by-nc,5184d3b674a305429ba3f8b376111dee42baaa16cba6b632b4f6319516e6efd9,86067c3b43cf5ba1,375,500,verified_valid,unique,Botanist-verified research-grade observation of Prunus avium (375x500),2026-10-10 09:44:41 UTC
cherry,cherry_inaturalist_240863843_deb7671a6a.jpg,raw_acquisitions/cherry/inaturalist_research/cherry_inaturalist_240863843_deb7671a6a.jpg,inaturalist_research,https://static.inaturalist.org/photos/429190311/medium.jpeg,240863843,429190311,Prunus avium (wild cherry),cc-by-nc,deb7671a6ab03dbb0c7e030a39e757e48f06fbc088186276ca08f5b90d4963ed,e4c4cdec46de1ca8,375,500,verified_valid,unique,Botanist-verified research-grade observation of Prunus avium (375x500),2026-10-10 09:44:41 UTC
cherry,cherry_inaturalist_241607662_f8795f4a00.jpg,raw_acquisitions/cherry/inaturalist_research/cherry_inaturalist_241607662_f8795f4a00.jpg,inaturalist_research,https://inaturalist-open-data.s3.amazonaws.com/photos/430624942/medium.jpeg,241607662,430624942,Prunus avium (wild cherry),cc-by-nc,f8795f4a0099650fcf2c0438eaa0fe477ee359c774b338a062812473b8e246e6,a1acdcc17e4f10b6,500,375,verified_valid,unique,Botanist-verified research-grade observation of Prunus avium (500x375),2026-10-10 09:44:41 UTC
cherry,cherry_inaturalist_167841482_c730890be1.jpg,raw_acquisitions/cherry/inaturalist_research/cherry_inaturalist_167841482_c730890be1.jpg,inaturalist_research,https://inaturalist-open-data.s3.amazonaws.com/photos/290808070/medium.jpeg,167841482,290808070,Prunus avium (wild cherry),cc-by-nc,c730890be109182f956feccdfe30eb29b82335ecbd8b2cdbefb07bec2fd12e6e,94013ed94ab9731f,500,375,verified_valid,unique,Botanist-verified research-grade observation of Prunus avium (500x375),2026-10-10 09:44:41 UTC
cherry,cherry_inaturalist_172670920_b9bf0d0bb0.jpg,raw_acquisitions/cherry/inaturalist_research/cherry_inaturalist_172670920_b9bf0d0bb0.jpg,inaturalist_research,https://inaturalist-open-data.s3.amazonaws.com/photos/299781147/medium.jpg,172670920,299781147,Prunus avium (wild cherry),cc-by-nc,b9bf0d0bb0b605806523b1ca7ae9768bff17b2e0af15d0e8c7a1073b0a190c94,e094c8c7356987f9,375,500,verified_valid,unique,Botanist-verified research-grade observation of Prunus avium (375x500),2026-10-10 09:44:41 UTC
cherry,cherry_inaturalist_172921628_7720a26f5a.jpg,raw_acquisitions/cherry/inaturalist_research/cherry_inaturalist_172921628_7720a26f5a.jpg,inaturalist_research,https://static.inaturalist.org/photos/300246281/medium.jpeg,172921628,300246281,Prunus avium (wild cherry),cc-by-nc,7720a26f5a391126eddf1318f21f5d63ae1dad8d7206ca77acb81d345a2bc1b6,82a82ba6e64f353b,225,500,verified_valid,unique,Botanist-verified research-grade observation of Prunus avium (225x500),2026-10-10 09:44:41 UTC
cherry,cherry_inaturalist_172674116_136b265b24.jpg,raw_acquisitions/cherry/inaturalist_research/cherry_inaturalist_172674116_136b265b24.jpg,inaturalist_research,https://inaturalist-open-data.s3.amazonaws.com/photos/299786917/medium.jpeg,172674116,299786917,Prunus avium (wild cherry),cc-by-nc,136b265b243022cd0b33c22890689a095020ccf98e85576f37950d7869f6f6b3,e6cdc95b1a305a39,375,500,verified_valid,unique,Botanist-verified research-grade observation of Prunus avium (375x500),2026-10-10 09:44:41 UTC
cherry,cherry_inaturalist_243368162_9ebfd2eb14.jpg,raw_acquisitions/cherry/inaturalist_research/cherry_inaturalist_243368162_9ebfd2eb14.jpg,inaturalist_research,https://inaturalist-open-data.s3.amazonaws.com/photos/433931322/medium.jpeg,243368162,433931322,Prunus avium (wild cherry),cc-by-sa,9ebfd2eb14c2cdf4671a92f2688bfbb9fad20292a0366689eb8303411a40021c,8ed8735c787702aa,500,375,verified_valid,unique,Botanist-verified research-grade observation of Prunus avium (500x375),2026-10-10 09:44:41 UTC
cherry,cherry_inaturalist_239978679_cba8d20dfd.jpg,raw_acquisitions/cherry/inaturalist_research/cherry_inaturalist_239978679_cba8d20dfd.jpg,inaturalist_research,https://static.inaturalist.org/photos/506473409/medium.jpg,239978679,506473409,Prunus avium (wild cherry),cc-by-nc,cba8d20dfd4f422f67634a5caaea291fd71a50083fe308bab0e19308c125709b,81526a251f9efc8d,375,500,verified_valid,unique,Botanist-verified research-grade observation of Prunus avium (375x500),2026-10-10 09:44:41 UTC
cherry,cherry_inaturalist_242325952_29b3c0d73f.jpg,raw_acquisitions/cherry/inaturalist_research/cherry_inaturalist_242325952_29b3c0d73f.jpg,inaturalist_research,https://inaturalist-open-data.s3.amazonaws.com/photos/431997184/medium.jpg,242325952,431997184,Prunus avium (wild cherry),cc-by-nc,29b3c0d73f3fa84e072a102496722571a16b7a3de4a6e07e89c83f64d6b00ed2,f2f11d15c1a9ab98,375,500,verified_valid,unique,Botanist-verified research-grade observation of Prunus avium (375x500),2026-10-10 09:44:41 UTC
cherry,cherry_inaturalist_170168461_d7385fa569.jpg,raw_acquisitions/cherry/inaturalist_research/cherry_inaturalist_170168461_d7385fa569.jpg,inaturalist_research,https://inaturalist-open-data.s3.amazonaws.com/photos/295027376/medium.jpeg,170168461,295027376,Prunus avium (wild cherry),cc0,d7385fa569d47c6d678a6a0a4e9941bd2568648d28bf58a10bf88d787fb8fbd5,c2a235d3668c1fbc,333,500,verified_valid,unique,Botanist-verified research-grade observation of Prunus avium (333x500),2026-10-10 09:44:41 UTC
cherry,cherry_inaturalist_174637895_782567d930.jpg,raw_acquisitions/cherry/inaturalist_research/cherry_inaturalist_174637895_782567d930.jpg,inaturalist_research,https://static.inaturalist.org/photos/303416068/medium.jpeg,174637895,303416068,Prunus avium (wild cherry),cc-by-nc,782567d930ed2edc46a2fe60bee6ffa8c0af942ae5c762ff9db432dd8705421e,8a1271263c55cfdd,500,375,verified_valid,unique,Botanist-verified research-grade observation of Prunus avium (500x375),2026-10-10 09:44:41 UTC
cherry,cherry_inaturalist_175279851_a7a36cb734.jpg,raw_acquisitions/cherry/inaturalist_research/cherry_inaturalist_175279851_a7a36cb734.jpg,inaturalist_research,https://static.inaturalist.org/photos/304601621/medium.jpeg,175279851,304601621,Prunus avium (wild cherry),cc-by-nc,a7a36cb734f5ec761cc1183ae14e84262d0040379ca4266a9302612dd349525b,d7d349839d5823b2,375,500,verified_valid,unique,Botanist-verified research-grade observation of Prunus avium (375x500),2026-10-10 09:44:41 UTC
cherry,cherry_inaturalist_174985286_730305968b.jpg,raw_acquisitions/cherry/inaturalist_research/cherry_inaturalist_174985286_730305968b.jpg,inaturalist_research,https://inaturalist-open-data.s3.amazonaws.com/photos/304064201/medium.jpg,174985286,304064201,Prunus avium (wild cherry),cc-by-nc,730305968bdf4d7a13d35e1beff6c3c8e4b5f658a5c194126faaa0e379d9a1d2,a0de6a2dd53a5945,281,500,verified_valid,unique,Botanist-verified research-grade observation of Prunus avium (281x500),2026-10-10 09:44:41 UTC
cherry,cherry_inaturalist_175093911_c3df687abf.jpg,raw_acquisitions/cherry/inaturalist_research/cherry_inaturalist_175093911_c3df687abf.jpg,inaturalist_research,https://inaturalist-open-data.s3.amazonaws.com/photos/304260893/medium.jpeg,175093911,304260893,Prunus avium (wild cherry),cc0,c3df687abf88403507b765b969b4138c98357c62e45c316c790f50a3755c8795,b119d54cc883df96,500,375,verified_valid,unique,Botanist-verified research-grade observation of Prunus avium (500x375),2026-10-10 09:44:41 UTC
cherry,cherry_inaturalist_244174807_f0f9a484b9.jpg,raw_acquisitions/cherry/inaturalist_research/cherry_inaturalist_244174807_f0f9a484b9.jpg,inaturalist_research,https://inaturalist-open-data.s3.amazonaws.com/photos/435522791/medium.jpeg,244174807,435522791,Prunus avium (wild cherry),cc-by-nc,f0f9a484b990860c373b131e9953464df959138afd12064e2fd77e98ed66d372,82c78d6a3965374e,500,416,verified_valid,unique,Botanist-verified research-grade observation of Prunus avium (500x416),2026-10-10 09:44:41 UTC
cherry,cherry_inaturalist_239988423_1eee6ee348.jpg,raw_acquisitions/cherry/inaturalist_research/cherry_inaturalist_239988423_1eee6ee348.jpg,inaturalist_research,https://inaturalist-open-data.s3.amazonaws.com/photos/427503060/medium.jpeg,239988423,427503060,Prunus avium (wild cherry),cc-by-nc,1eee6ee3488459b71f5d7028300557f294e04e1be326bc4cb59577f7dd349d05,90cf184d56ea6f98,375,500,verified_valid,unique,Botanist-verified research-grade observation of Prunus avium (375x500),2026-10-10 09:44:41 UTC
cherry,cherry_inaturalist_241442018_57b1ac0af5.jpg,raw_acquisitions/cherry/inaturalist_research/cherry_inaturalist_241442018_57b1ac0af5.jpg,inaturalist_research,https://inaturalist-open-data.s3.amazonaws.com/photos/430313798/medium.jpeg,241442018,430313798,Prunus avium (wild cherry),cc-by-nc,57b1ac0af516d322a19f3ca342a5c8edecf5b32e1eeccd32efccab45d3fd9298,d38a2a193e3b85f4,375,500,verified_valid,unique,Botanist-verified research-grade observation of Prunus avium (375x500),2026-10-10 09:44:41 UTC
cherry,cherry_inaturalist_171859022_a2f179f5e0.jpg,raw_acquisitions/cherry/inaturalist_research/cherry_inaturalist_171859022_a2f179f5e0.jpg,inaturalist_research,https://inaturalist-open-data.s3.amazonaws.com/photos/298263015/medium.jpg,171859022,298263015,Prunus avium (wild cherry),cc-by-nc,a2f179f5e0b42dc393552a00de8df060ec2d836f90467ebffcdf17097998bd58,ddc94c62e1e4e2b4,375,500,verified_valid,unique,Botanist-verified research-grade observation of Prunus avium (375x500),2026-10-10 09:44:41 UTC
cherry,cherry_inaturalist_241340412_7e29b7a128.jpg,raw_acquisitions/cherry/inaturalist_research/cherry_inaturalist_241340412_7e29b7a128.jpg,inaturalist_research,https://inaturalist-open-data.s3.amazonaws.com/photos/430044001/medium.jpeg,241340412,430044001,Prunus avium (wild cherry),cc0,7e29b7a1286a0252dab24b48783d63887a4f63d12722092fcfece162f8a103d5,83c71952673f12e5,500,333,verified_valid,unique,Botanist-verified research-grade observation of Prunus avium (500x333),2026-10-10 09:44:41 UTC
cherry,cherry_inaturalist_171859279_1930f75546.jpg,raw_acquisitions/cherry/inaturalist_research/cherry_inaturalist_171859279_1930f75546.jpg,inaturalist_research,https://inaturalist-open-data.s3.amazonaws.com/photos/298263518/medium.jpeg,171859279,298263518,Prunus avium (wild cherry),cc-by,1930f755467e7feae2c89c8ddd20d49a2e1428ffdae1bc931378a025240ffab3,b1a9a67698f32427,375,500,verified_valid,unique,Botanist-verified research-grade observation of Prunus avium (375x500),2026-10-10 09:44:41 UTC
cherry,cherry_inaturalist_167488190_ca08aca4a9.jpg,raw_acquisitions/cherry/inaturalist_research/cherry_inaturalist_167488190_ca08aca4a9.jpg,inaturalist_research,https://static.inaturalist.org/photos/290153060/medium.jpg,167488190,290153060,Prunus avium (wild cherry),cc-by-nc,ca08aca4a9b3cfe7384c8e32fe912299a5d226b5ff392d9bd66b87c19eef23fa,fcf5040c80f0d8ff,500,375,verified_valid,unique,Botanist-verified research-grade observation of Prunus avium (500x375),2026-10-10 09:44:41 UTC
cherry,cherry_inaturalist_173081806_a1dafd5bd4.jpg,raw_acquisitions/cherry/inaturalist_research/cherry_inaturalist_173081806_a1dafd5bd4.jpg,inaturalist_research,https://inaturalist-open-data.s3.amazonaws.com/photos/300460060/medium.jpeg,173081806,300460060,Prunus avium (wild cherry),cc0,a1dafd5bd4cb734a7842a77d47f92f297b0284f886746767bedd8f249c63454b,98cf38839934d1ee,500,333,verified_valid,unique,Botanist-verified research-grade observation of Prunus avium (500x333),2026-10-10 09:44:41 UTC
cherry,cherry_inaturalist_170594178_459378f7b6.jpg,raw_acquisitions/cherry/inaturalist_research/cherry_inaturalist_170594178_459378f7b6.jpg,inaturalist_research,https://static.inaturalist.org/photos/295908011/medium.jpeg,170594178,295908011,Prunus avium (wild cherry),cc-by-nc,459378f7b6def81dbd984fce68f78711e3b23af45d9d4a062e96473dd31219da,c4c4c5f17731323d,375,500,verified_valid,unique,Botanist-verified research-grade observation of Prunus avium (375x500),2026-10-10 09:44:41 UTC
cherry,cherry_inaturalist_163339110_1404071dae.jpg,raw_acquisitions/cherry/inaturalist_research/cherry_inaturalist_163339110_1404071dae.jpg,inaturalist_research,https://static.inaturalist.org/photos/282498067/medium.jpg,163339110,282498067,Prunus avium (wild cherry),cc-by-nc,1404071dae4c36ad4032d9ae64eecca8839499e20624205bc766688589c6b436,964b6221dd9096fe,500,375,verified_valid,unique,Botanist-verified research-grade observation of Prunus avium (500x375),2026-10-10 09:44:41 UTC
cherry,cherry_inaturalist_166810487_a4102b8ff1.jpg,raw_acquisitions/cherry/inaturalist_research/cherry_inaturalist_166810487_a4102b8ff1.jpg,inaturalist_research,https://inaturalist-open-data.s3.amazonaws.com/photos/288896644/medium.jpg,166810487,288896644,Prunus avium (wild cherry),cc-by-nc,a4102b8ff1456c157f316522051b0a4c5db0c8da60204957719991c0efabaf98,b384db02b8d24fb6,375,500,verified_valid,unique,Botanist-verified research-grade observation of Prunus avium (375x500),2026-10-10 09:44:41 UTC
cherry,cherry_inaturalist_167496967_bd1394e70d.jpg,raw_acquisitions/cherry/inaturalist_research/cherry_inaturalist_167496967_bd1394e70d.jpg,inaturalist_research,https://inaturalist-open-data.s3.amazonaws.com/photos/290164036/medium.jpeg,167496967,290164036,Prunus avium (wild cherry),cc-by-nc,bd1394e70de768053ace4bac27bd92ae489fc63610847a38d32e27bce0fe4be1,8569abb5965538aa,500,375,verified_valid,unique,Botanist-verified research-grade observation of Prunus avium (500x375),2026-10-10 09:44:41 UTC
cherry,cherry_inaturalist_226562310_10013a13bd.jpg,raw_acquisitions/cherry/inaturalist_research/cherry_inaturalist_226562310_10013a13bd.jpg,inaturalist_research,https://inaturalist-open-data.s3.amazonaws.com/photos/401826406/medium.jpeg,226562310,401826406,Prunus avium (wild cherry),cc-by-nc,10013a13bdb384776bb417ecdab30881221bcccf805623856593ec2503840166,b08fae99433c1b35,500,500,verified_valid,unique,Botanist-verified research-grade observation of Prunus avium (500x500),2026-10-10 09:44:41 UTC
cherry,cherry_inaturalist_156908988_e89fe5b923.jpg,raw_acquisitions/cherry/inaturalist_research/cherry_inaturalist_156908988_e89fe5b923.jpg,inaturalist_research,https://inaturalist-open-data.s3.amazonaws.com/photos/271363848/medium.jpg,156908988,271363848,Prunus avium (wild cherry),cc-by-nc,e89fe5b923d48f78f8dadbf16e4efe6b7edab91f2802e73232c0aa1f6e5c18f7,858761b8df4235b5,375,500,verified_valid,unique,Botanist-verified research-grade observation of Prunus avium (375x500),2026-10-10 09:44:41 UTC
cherry,cherry_inaturalist_157083092_e5725270ec.jpg,raw_acquisitions/cherry/inaturalist_research/cherry_inaturalist_157083092_e5725270ec.jpg,inaturalist_research,https://static.inaturalist.org/photos/271653008/medium.jpeg,157083092,271653008,Prunus avium (wild cherry),cc-by-nc,e5725270ecc36a04d7374ca34c380ebcbeddc1ae8574ad82b1e3617a73aafe03,9fb5f0d0c75930e0,375,500,verified_valid,unique,Botanist-verified research-grade observation of Prunus avium (375x500),2026-10-10 09:44:41 UTC
cherry,cherry_inaturalist_163449777_6c11b8baf2.jpg,raw_acquisitions/cherry/inaturalist_research/cherry_inaturalist_163449777_6c11b8baf2.jpg,inaturalist_research,https://inaturalist-open-data.s3.amazonaws.com/photos/282703676/medium.jpg,163449777,282703676,Prunus avium (wild cherry),cc-by-nc,6c11b8baf25c9de4de6dd68cbe792e93d0c5c14e91c354a2cb9b8f53f47d084c,d7222ab738f849ac,375,500,verified_valid,unique,Botanist-verified research-grade observation of Prunus avium (375x500),2026-10-10 09:44:41 UTC
cherry,cherry_inaturalist_156854887_1d9bb8ca91.jpg,raw_acquisitions/cherry/inaturalist_research/cherry_inaturalist_156854887_1d9bb8ca91.jpg,inaturalist_research,https://inaturalist-open-data.s3.amazonaws.com/photos/271270331/medium.jpeg,156854887,271270331,Prunus avium (wild cherry),cc-by-nc,1d9bb8ca911c7aff4a1829610f78e54894ff6cdbd6b936a3699f60ae2c827610,bcb030444bcd7d73,231,500,verified_valid,unique,Botanist-verified research-grade observation of Prunus avium (231x500),2026-10-10 09:44:41 UTC
celery,celery_inaturalist_11977140_802259d525.jpg,raw_acquisitions/celery/inaturalist_research/celery_inaturalist_11977140_802259d525.jpg,inaturalist_research,https://static.inaturalist.org/photos/17154025/medium.jpeg,11977140,17154025,Apium graveolens (Celery),cc-by-nc,802259d52577c13c3d0d64399b9d16844ffd46535ce9a91e56c511772f5983cf,c51c637a1ef0863b,500,375,verified_valid,unique,Botanist-verified research-grade observation of Apium graveolens (500x375),2026-10-10 09:46:30 UTC
celery,celery_inaturalist_130830052_9dd47df1e8.jpg,raw_acquisitions/celery/inaturalist_research/celery_inaturalist_130830052_9dd47df1e8.jpg,inaturalist_research,https://static.inaturalist.org/photos/222544158/medium.jpeg,130830052,222544158,Apium graveolens (Celery),cc-by-nc,9dd47df1e8072f7b3e43f9e936463ae71f657c59e0d63c55d1dba324f94ae303,b7fd3027c8a91f01,333,500,verified_valid,unique,Botanist-verified research-grade observation of Apium graveolens (333x500),2026-10-10 09:46:30 UTC
celery,celery_inaturalist_45655951_992dbadd52.jpg,raw_acquisitions/celery/inaturalist_research/celery_inaturalist_45655951_992dbadd52.jpg,inaturalist_research,https://static.inaturalist.org/photos/72405369/medium.jpg,45655951,72405369,Apium graveolens (Celery),cc-by-nc,992dbadd52ab9802b20453c8977e3c88719e29acc0d481384e6a5be048240945,8f5309b4adf45171,281,500,verified_valid,unique,Botanist-verified research-grade observation of Apium graveolens (281x500),2026-10-10 09:46:30 UTC
celery,celery_inaturalist_401712189_61735337a9.jpg,raw_acquisitions/celery/inaturalist_research/celery_inaturalist_401712189_61735337a9.jpg,inaturalist_research,https://static.inaturalist.org/photos/737342728/medium.jpg,401712189,737342728,Apium graveolens (Celery),cc-by-nc,61735337a90b2adb23ed9136b0a4caf8f50c8075a26db6543734c8a6383e0d59,fe00ae5e9761a983,281,500,verified_valid,unique,Botanist-verified research-grade observation of Apium graveolens (281x500),2026-10-10 09:46:30 UTC
celery,celery_inaturalist_45754728_7f466e3fd9.jpg,raw_acquisitions/celery/inaturalist_research/celery_inaturalist_45754728_7f466e3fd9.jpg,inaturalist_research,https://inaturalist-open-data.s3.amazonaws.com/photos/72565911/medium.jpeg,45754728,72565911,Apium graveolens (Celery),cc-by-nc,7f466e3fd91e00610e3fffb2cce87eafe88649979aee7bafba716469ff091002,d59e636914a4e1f8,500,375,verified_valid,unique,Botanist-verified research-grade observation of Apium graveolens (500x375),2026-10-10 09:46:30 UTC
celery,celery_inaturalist_240717836_6be620a6e8.jpg,raw_acquisitions/celery/inaturalist_research/celery_inaturalist_240717836_6be620a6e8.jpg,inaturalist_research,https://inaturalist-open-data.s3.amazonaws.com/photos/428907477/medium.jpeg,240717836,428907477,Apium graveolens (Celery),cc-by-nc,6be620a6e851a21de889acb090bafc5a5b545a33f71c64fa6f7d49480ad219e8,83e87062bb6ce2b3,376,500,verified_valid,unique,Botanist-verified research-grade observation of Apium graveolens (376x500),2026-10-10 09:46:30 UTC
celery,celery_inaturalist_238813925_35da364e99.jpg,raw_acquisitions/celery/inaturalist_research/celery_inaturalist_238813925_35da364e99.jpg,inaturalist_research,https://inaturalist-open-data.s3.amazonaws.com/photos/425226178/medium.jpeg,238813925,425226178,Apium graveolens (Celery),cc-by,35da364e996e7c8a230d3c32f6f78fd26ce747e6a30445f1e8b0365adc231e40,a9a7183c5965c9e6,375,500,verified_valid,unique,Botanist-verified research-grade observation of Apium graveolens (375x500),2026-10-10 09:46:30 UTC
celery,celery_inaturalist_146971871_cc1faa175b.jpg,raw_acquisitions/celery/inaturalist_research/celery_inaturalist_146971871_cc1faa175b.jpg,inaturalist_research,https://inaturalist-open-data.s3.amazonaws.com/photos/252807701/medium.jpeg,146971871,252807701,Apium graveolens (Celery),cc-by-nc,cc1faa175be10f0db73f45c2d3650a661d4cfb48cefcbd3bd91d650b62aa259d,ce552023ba6975ea,500,334,verified_valid,unique,Botanist-verified research-grade observation of Apium graveolens (500x334),2026-10-10 09:46:30 UTC
celery,celery_inaturalist_221210833_a5467fb970.jpg,raw_acquisitions/celery/inaturalist_research/celery_inaturalist_221210833_a5467fb970.jpg,inaturalist_research,https://inaturalist-open-data.s3.amazonaws.com/photos/391732525/medium.jpg,221210833,391732525,Apium graveolens (Celery),cc-by-nc,a5467fb970e8c7d509e1514788fda056107afdcfba4ad88a82d6358e087b6029,a3d5442ce655b45d,375,500,verified_valid,unique,Botanist-verified research-grade observation of Apium graveolens (375x500),2026-10-10 09:46:30 UTC
celery,celery_inaturalist_36321671_03c6e726ba.jpg,raw_acquisitions/celery/inaturalist_research/celery_inaturalist_36321671_03c6e726ba.jpg,inaturalist_research,https://inaturalist-open-data.s3.amazonaws.com/photos/57399274/medium.jpeg,36321671,57399274,Apium graveolens (Celery),cc-by-nc,03c6e726bacb469a9020341c722cbc0d66abb4ea3a1fc0cdb3c80d910ca1431b,a8abae3336cda09c,500,335,verified_valid,unique,Botanist-verified research-grade observation of Apium graveolens (500x335),2026-10-10 09:46:30 UTC
celery,celery_inaturalist_252672766_3cdfef0325.jpg,raw_acquisitions/celery/inaturalist_research/celery_inaturalist_252672766_3cdfef0325.jpg,inaturalist_research,https://inaturalist-open-data.s3.amazonaws.com/photos/452349106/medium.jpeg,252672766,452349106,Apium graveolens (Celery),cc0,3cdfef0325b5f901a5d97769cbd8f0ebe5385e9107aef4f29b596ecd7cedffb3,d41e7372accd4dc0,500,500,verified_valid,unique,Botanist-verified research-grade observation of Apium graveolens (500x500),2026-10-10 09:46:30 UTC
celery,celery_inaturalist_90460498_59ee53645f.jpg,raw_acquisitions/celery/inaturalist_research/celery_inaturalist_90460498_59ee53645f.jpg,inaturalist_research,https://inaturalist-open-data.s3.amazonaws.com/photos/149510035/medium.jpeg,90460498,149510035,Apium graveolens (Celery),cc-by-nc,59ee53645f67a9729453f5e5a45d5219b69dccd3e5a58b9f5422473fde2b7933,b0e1d6f7803894af,375,500,verified_valid,unique,Botanist-verified research-grade observation of Apium graveolens (375x500),2026-10-10 09:46:30 UTC
celery,celery_inaturalist_66638709_976fb1b270.jpg,raw_acquisitions/celery/inaturalist_research/celery_inaturalist_66638709_976fb1b270.jpg,inaturalist_research,https://inaturalist-open-data.s3.amazonaws.com/photos/107471545/medium.jpg,66638709,107471545,Apium graveolens (Celery),cc-by-nc,976fb1b270302381c40be321caf76973317cd563fc1620473ca331606a37422a,e23ce79aac57112c,375,500,verified_valid,unique,Botanist-verified research-grade observation of Apium graveolens (375x500),2026-10-10 09:46:30 UTC
celery,celery_inaturalist_55820162_404295987e.jpg,raw_acquisitions/celery/inaturalist_research/celery_inaturalist_55820162_404295987e.jpg,inaturalist_research,https://static.inaturalist.org/photos/88909612/medium.jpg,55820162,88909612,Apium graveolens (Celery),cc-by-nc,404295987ecb7339dc184c946cd93e85f9dca107263ab3fe83d5453a59bbc86a,b2866d4135b746b5,375,500,verified_valid,unique,Botanist-verified research-grade observation of Apium graveolens (375x500),2026-10-10 09:46:30 UTC
celery,celery_inaturalist_36321682_4a4d4c720a.jpg,raw_acquisitions/celery/inaturalist_research/celery_inaturalist_36321682_4a4d4c720a.jpg,inaturalist_research,https://inaturalist-open-data.s3.amazonaws.com/photos/57399688/medium.jpeg,36321682,57399688,Apium graveolens (Celery),cc-by-nc,4a4d4c720a0586938fa36579ec79501cee1d0b9a6c323c2b34cf34c1578197e6,8ca57362cc8d5b78,500,333,verified_valid,unique,Botanist-verified research-grade observation of Apium graveolens (500x333),2026-10-10 09:46:30 UTC
celery,celery_inaturalist_272242751_2f4859f6e8.jpg,raw_acquisitions/celery/inaturalist_research/celery_inaturalist_272242751_2f4859f6e8.jpg,inaturalist_research,https://inaturalist-open-data.s3.amazonaws.com/photos/489772940/medium.jpg,272242751,489772940,Apium graveolens (Celery),cc-by-nc,2f4859f6e8bb84255e1b0a9987db6c39893c9cd5495b29fa47e639ff37a703ab,c941ba76a523cdd2,402,500,verified_valid,unique,Botanist-verified research-grade observation of Apium graveolens (402x500),2026-10-10 09:46:30 UTC
celery,celery_inaturalist_118532402_dc18343437.jpg,raw_acquisitions/celery/inaturalist_research/celery_inaturalist_118532402_dc18343437.jpg,inaturalist_research,https://inaturalist-open-data.s3.amazonaws.com/photos/200277918/medium.jpeg,118532402,200277918,Apium graveolens (Celery),cc-by-nc,dc183434374b731171a9c406eafe78600e9d8b9039dbf28b69e11c66ab28bb34,a00d5c072e75df36,237,500,verified_valid,unique,Botanist-verified research-grade observation of Apium graveolens (237x500),2026-10-10 09:46:30 UTC
celery,celery_inaturalist_191868092_6bc46e1db1.jpg,raw_acquisitions/celery/inaturalist_research/celery_inaturalist_191868092_6bc46e1db1.jpg,inaturalist_research,https://inaturalist-open-data.s3.amazonaws.com/photos/336702254/medium.jpeg,191868092,336702254,Apium graveolens (Celery),cc-by-sa,6bc46e1db11bfb36fa3bb0ec6b830bde13fe1018cdcc6a7fbdf0b077391cf501,e12d22fd73cb026c,500,500,verified_valid,unique,Botanist-verified research-grade observation of Apium graveolens (500x500),2026-10-10 09:46:30 UTC
celery,celery_inaturalist_6918232_286d035982.jpg,raw_acquisitions/celery/inaturalist_research/celery_inaturalist_6918232_286d035982.jpg,inaturalist_research,https://inaturalist-open-data.s3.amazonaws.com/photos/8833345/medium.jpg,6918232,8833345,Apium graveolens (Celery),cc-by,286d035982c9d075721a5dd325c597720ab8d987278e66e5942e186aef49c36f,d800eb7715e8e48f,375,500,verified_valid,unique,Botanist-verified research-grade observation of Apium graveolens (375x500),2026-10-10 09:46:30 UTC
celery,celery_inaturalist_69379900_70bffcfd2f.jpg,raw_acquisitions/celery/inaturalist_research/celery_inaturalist_69379900_70bffcfd2f.jpg,inaturalist_research,https://inaturalist-open-data.s3.amazonaws.com/photos/112651171/medium.jpg,69379900,112651171,Apium graveolens (Celery),cc-by-nc,70bffcfd2fd322ee9a338f424aa2cc8299a0211147d22874b9af12302fd9d34a,b7161e3e4e22b564,375,500,verified_valid,unique,Botanist-verified research-grade observation of Apium graveolens (375x500),2026-10-10 09:46:30 UTC
celery,celery_inaturalist_146354444_0a472da7d9.jpg,raw_acquisitions/celery/inaturalist_research/celery_inaturalist_146354444_0a472da7d9.jpg,inaturalist_research,https://inaturalist-open-data.s3.amazonaws.com/photos/251596190/medium.jpeg,146354444,251596190,Apium graveolens (Celery),cc-by-nc,0a472da7d9d7ec58d728730a7534a5f0e5d3805c27cfc21ee848cc30ddf08e55,d91e298a3f403eae,500,334,verified_valid,unique,Botanist-verified research-grade observation of Apium graveolens (500x334),2026-10-10 09:46:30 UTC
celery,celery_inaturalist_208444496_637f37e370.jpg,raw_acquisitions/celery/inaturalist_research/celery_inaturalist_208444496_637f37e370.jpg,inaturalist_research,https://inaturalist-open-data.s3.amazonaws.com/photos/368808573/medium.jpeg,208444496,368808573,Apium graveolens (Celery),cc-by-nc,637f37e37079c370ba82c451fecee03887d282b878024a08377035dbae975101,c89eb4f5f04a438e,375,500,verified_valid,unique,Botanist-verified research-grade observation of Apium graveolens (375x500),2026-10-10 09:46:30 UTC
celery,celery_inaturalist_146307389_78067043fa.jpg,raw_acquisitions/celery/inaturalist_research/celery_inaturalist_146307389_78067043fa.jpg,inaturalist_research,https://inaturalist-open-data.s3.amazonaws.com/photos/251508565/medium.jpg,146307389,251508565,Apium graveolens (Celery),cc-by-nc,78067043fac9325b0ca9af29012cb25fd08712610b36db0be33593bcfc852c67,f2364abdb343580b,375,500,verified_valid,unique,Botanist-verified research-grade observation of Apium graveolens (375x500),2026-10-10 09:46:30 UTC
celery,celery_inaturalist_143837440_d321215643.jpg,raw_acquisitions/celery/inaturalist_research/celery_inaturalist_143837440_d321215643.jpg,inaturalist_research,https://inaturalist-open-data.s3.amazonaws.com/photos/246754554/medium.jpeg,143837440,246754554,Apium graveolens (Celery),cc-by-nc,d3212156436a89f68144fda7cdb1d575e658292f31e0b24187cdc1f1bb6f13c8,aaf58412027fb39d,375,500,verified_valid,unique,Botanist-verified research-grade observation of Apium graveolens (375x500),2026-10-10 09:46:30 UTC
celery,celery_inaturalist_145161655_98dd81bb30.jpg,raw_acquisitions/celery/inaturalist_research/celery_inaturalist_145161655_98dd81bb30.jpg,inaturalist_research,https://inaturalist-open-data.s3.amazonaws.com/photos/249305046/medium.jpeg,145161655,249305046,Apium graveolens (Celery),cc-by-nc,98dd81bb30b6e9b7319d8068f58fcbfcceaf8cd23631bac75537800369b633d7,a201bc7e7cb3027b,500,375,verified_valid,unique,Botanist-verified research-grade observation of Apium graveolens (500x375),2026-10-10 09:46:30 UTC
celery,celery_inaturalist_225451442_0e18ce8339.jpg,raw_acquisitions/celery/inaturalist_research/celery_inaturalist_225451442_0e18ce8339.jpg,inaturalist_research,https://inaturalist-open-data.s3.amazonaws.com/photos/399722576/medium.jpeg,225451442,399722576,Apium graveolens (Celery),cc-by-nc,0e18ce8339efb63f830338f309f8ec3d4d493970862f4a29b717f27dc102ef51,b2110837daafb768,500,375,verified_valid,unique,Botanist-verified research-grade observation of Apium graveolens (500x375),2026-10-10 09:46:30 UTC
celery,celery_inaturalist_284991498_5cb855941f.jpg,raw_acquisitions/celery/inaturalist_research/celery_inaturalist_284991498_5cb855941f.jpg,inaturalist_research,https://inaturalist-open-data.s3.amazonaws.com/photos/512225258/medium.jpg,284991498,512225258,Apium graveolens (Celery),cc-by-nc,5cb855941fed1b7253bcf04ee009da87c81d27c94a57951bfd2f33f514f2bbc1,d6d9a5d0c9863aca,500,500,verified_valid,unique,Botanist-verified research-grade observation of Apium graveolens (500x500),2026-10-10 09:46:30 UTC
celery,celery_inaturalist_286712019_6972c6c604.jpg,raw_acquisitions/celery/inaturalist_research/celery_inaturalist_286712019_6972c6c604.jpg,inaturalist_research,https://inaturalist-open-data.s3.amazonaws.com/photos/515465478/medium.jpg,286712019,515465478,Apium graveolens (Celery),cc-by-nc,6972c6c604ee2004cdb40f85c5ac5feb7c62e6bcc1651cb77792caa83c4eb553,d7d47256a9ab2134,375,500,verified_valid,unique,Botanist-verified research-grade observation of Apium graveolens (375x500),2026-10-10 09:46:30 UTC
celery,celery_inaturalist_149627750_33e4e1e363.jpg,raw_acquisitions/celery/inaturalist_research/celery_inaturalist_149627750_33e4e1e363.jpg,inaturalist_research,https://inaturalist-open-data.s3.amazonaws.com/photos/257863462/medium.jpeg,149627750,257863462,Apium graveolens (Celery),cc-by-nc,33e4e1e3633896dc1986bcbb5e7e231cb11a327be824bb9c166010e6b44f7a26,cf81071e513e4bb3,500,375,verified_valid,unique,Botanist-verified research-grade observation of Apium graveolens (500x375),2026-10-10 09:46:30 UTC
celery,celery_inaturalist_353384897_d31e031f3c.jpg,raw_acquisitions/celery/inaturalist_research/celery_inaturalist_353384897_d31e031f3c.jpg,inaturalist_research,https://inaturalist-open-data.s3.amazonaws.com/photos/644808206/medium.jpg,353384897,644808206,Apium graveolens (Celery),cc-by-nc,d31e031f3ccbf68fb185ba0287d744829727b75e6efb3fd3e1b8e6e71494cba8,991935a54b4468ff,376,500,verified_valid,unique,Botanist-verified research-grade observation of Apium graveolens (376x500),2026-10-10 09:46:30 UTC
celery,celery_inaturalist_287872864_51365dd069.jpg,raw_acquisitions/celery/inaturalist_research/celery_inaturalist_287872864_51365dd069.jpg,inaturalist_research,https://inaturalist-open-data.s3.amazonaws.com/photos/517643467/medium.jpg,287872864,517643467,Apium graveolens (Celery),cc-by-nc,51365dd06954153c1ca2d52c169fa77ddaa22be131fd57b18963dc0d0cae97b5,82ed6cd537260de4,376,500,verified_valid,unique,Botanist-verified research-grade observation of Apium graveolens (376x500),2026-10-10 09:46:30 UTC
celery,celery_inaturalist_3696116_2071382574.jpg,raw_acquisitions/celery/inaturalist_research/celery_inaturalist_3696116_2071382574.jpg,inaturalist_research,https://inaturalist-open-data.s3.amazonaws.com/photos/4289302/medium.jpeg,3696116,4289302,Apium graveolens (Celery),cc-by-nc,207138257478e6494b6e00372f75a5d8375588d11dc1f4d2a3b925d6fc0ecab6,cd097266a5d2a57c,500,333,verified_valid,unique,Botanist-verified research-grade observation of Apium graveolens (500x333),2026-10-10 09:46:30 UTC
celery,celery_inaturalist_365673828_49c0764eff.jpg,raw_acquisitions/celery/inaturalist_research/celery_inaturalist_365673828_49c0764eff.jpg,inaturalist_research,https://inaturalist-open-data.s3.amazonaws.com/photos/667655844/medium.jpg,365673828,667655844,Apium graveolens (Celery),cc-by,49c0764eff65bf286b55dde7363108fb60589a7f9b654809cd6410945ff21101,8d466ebc6b495632,375,500,verified_valid,unique,Botanist-verified research-grade observation of Apium graveolens (375x500),2026-10-10 09:46:30 UTC
celery,celery_inaturalist_3455969_0bb40c6ad2.jpg,raw_acquisitions/celery/inaturalist_research/celery_inaturalist_3455969_0bb40c6ad2.jpg,inaturalist_research,https://inaturalist-open-data.s3.amazonaws.com/photos/4010858/medium.jpg,3455969,4010858,Apium graveolens graveolens (Wild Celery),cc-by-nc,0bb40c6ad2cf0c9ff62ee46cf204a233688fd43849185281ea704496fdd7e520,d0c45ef309a1e47d,375,500,verified_valid,unique,Botanist-verified research-grade observation of Apium graveolens graveolens (375x500),2026-10-10 09:46:30 UTC
celery,celery_inaturalist_77187686_f9fa2253e3.jpg,raw_acquisitions/celery/inaturalist_research/celery_inaturalist_77187686_f9fa2253e3.jpg,inaturalist_research,https://inaturalist-open-data.s3.amazonaws.com/photos/126223181/medium.jpeg,77187686,126223181,Apium graveolens (Celery),cc-by,f9fa2253e362e8bcb5cd1050e68cf65247bd3be30d9b6525aaa67b97c3cbbc61,a740d9ab8817959f,487,500,verified_valid,unique,Botanist-verified research-grade observation of Apium graveolens (487x500),2026-10-10 09:46:30 UTC
celery,celery_inaturalist_222690349_7018054be0.jpg,raw_acquisitions/celery/inaturalist_research/celery_inaturalist_222690349_7018054be0.jpg,inaturalist_research,https://static.inaturalist.org/photos/394496729/medium.jpg,222690349,394496729,Apium graveolens (Celery),cc-by-nc,7018054be0688a342d8e72992c9cefccae595c890aac33f604d19e1856da5a8e,d41f735626b781e0,500,500,verified_valid,unique,Botanist-verified research-grade observation of Apium graveolens (500x500),2026-10-10 09:46:30 UTC
celery,celery_inaturalist_78072121_31fba894a6.jpg,raw_acquisitions/celery/inaturalist_research/celery_inaturalist_78072121_31fba894a6.jpg,inaturalist_research,https://inaturalist-open-data.s3.amazonaws.com/photos/127725904/medium.jpg,78072121,127725904,Apium graveolens (Celery),cc-by,31fba894a6b6788a853172af83bb152abb5bfc2730a875a84ed1482374b87178,d7a8fe60b082785e,375,500,verified_valid,unique,Botanist-verified research-grade observation of Apium graveolens (375x500),2026-10-10 09:46:30 UTC
celery,celery_inaturalist_182759702_c7afb7c874.jpg,raw_acquisitions/celery/inaturalist_research/celery_inaturalist_182759702_c7afb7c874.jpg,inaturalist_research,https://inaturalist-open-data.s3.amazonaws.com/photos/318714738/medium.jpeg,182759702,318714738,Apium graveolens (Celery),cc-by-nc,c7afb7c8741000bfc1ad0801b393d9e72d2c4be527020acb798516ecb1f605b5,a1d03f2cd074de96,375,500,verified_valid,unique,Botanist-verified research-grade observation of Apium graveolens (375x500),2026-10-10 09:46:30 UTC
celery,celery_inaturalist_10894248_0291d17ae7.jpg,raw_acquisitions/celery/inaturalist_research/celery_inaturalist_10894248_0291d17ae7.jpg,inaturalist_research,https://inaturalist-open-data.s3.amazonaws.com/photos/15307948/medium.jpg,10894248,15307948,Apium graveolens (Celery),cc-by-nc,0291d17ae79dc9859ba380a5d441da6d2ce948cfb81d6a8512f1aa9542a5fb68,a343b36748535c9b,500,333,verified_valid,unique,Botanist-verified research-grade observation of Apium graveolens (500x333),2026-10-10 09:46:30 UTC
celery,celery_inaturalist_78014539_b4b38156ed.jpg,raw_acquisitions/celery/inaturalist_research/celery_inaturalist_78014539_b4b38156ed.jpg,inaturalist_research,https://inaturalist-open-data.s3.amazonaws.com/photos/127630021/medium.jpeg,78014539,127630021,Apium graveolens (Celery),cc-by-nc,b4b38156eda0f6fd771d8aa7e3712451fd5de9090a4a5ef6dac1632d3cfb51a3,c22b6d62780be9bc,335,500,verified_valid,unique,Botanist-verified research-grade observation of Apium graveolens (335x500),2026-10-10 09:46:30 UTC
celery,celery_inaturalist_12850503_06c79437ae.jpg,raw_acquisitions/celery/inaturalist_research/celery_inaturalist_12850503_06c79437ae.jpg,inaturalist_research,https://static.inaturalist.org/photos/18647419/medium.jpg,12850503,18647419,Apium graveolens (Celery),cc-by-nc,06c79437ae6c56864b6dec1688f434649c139147a7beba58e9e6d531749007fb,9aa69871ad506d7a,375,500,verified_valid,unique,Botanist-verified research-grade observation of Apium graveolens (375x500),2026-10-10 09:46:30 UTC
celery,celery_inaturalist_311147_b7e934edae.jpg,raw_acquisitions/celery/inaturalist_research/celery_inaturalist_311147_b7e934edae.jpg,inaturalist_research,https://inaturalist-open-data.s3.amazonaws.com/photos/386203/medium.jpg,311147,386203,Apium graveolens dulce (Celery),cc-by-nc,b7e934edaed2580112f5c7263ef9d31ee925cbe02c34e000420fba775f74ea61,e00f7807bc23de72,409,500,verified_valid,unique,Botanist-verified research-grade observation of Apium graveolens dulce (409x500),2026-10-10 09:46:30 UTC
celery,celery_inaturalist_6147327_67c3e2bcd7.jpg,raw_acquisitions/celery/inaturalist_research/celery_inaturalist_6147327_67c3e2bcd7.jpg,inaturalist_research,https://inaturalist-open-data.s3.amazonaws.com/photos/7704584/medium.jpeg,6147327,7704584,Apium graveolens (Celery),cc-by-nc,67c3e2bcd7a598d0a6357bd67481c34e88a0005f720970b28ef47191b2848b0d,f286d84f38d7a911,500,333,verified_valid,unique,Botanist-verified research-grade observation of Apium graveolens (500x333),2026-10-10 09:46:30 UTC
celery,celery_inaturalist_74437557_d6e1d25fe0.jpg,raw_acquisitions/celery/inaturalist_research/celery_inaturalist_74437557_d6e1d25fe0.jpg,inaturalist_research,https://static.inaturalist.org/photos/135848645/medium.jpeg,74437557,135848645,Apium graveolens (Celery),cc-by-nc,d6e1d25fe07b3b18ef6d863d8b38758c3594272b13ad6c84d8867b6360146b20,8eb8787b8921758e,281,500,verified_valid,unique,Botanist-verified research-grade observation of Apium graveolens (281x500),2026-10-10 09:46:30 UTC
celery,celery_inaturalist_18019883_b32f440949.jpg,raw_acquisitions/celery/inaturalist_research/celery_inaturalist_18019883_b32f440949.jpg,inaturalist_research,https://inaturalist-open-data.s3.amazonaws.com/photos/27548645/medium.jpeg,18019883,27548645,Apium graveolens (Celery),cc-by-nc,b32f4409497bfd6a4e5a87a1b175b064323079c863006a309347edc078673892,d648047e0573fae9,375,500,verified_valid,unique,Botanist-verified research-grade observation of Apium graveolens (375x500),2026-10-10 09:46:30 UTC
celery,celery_inaturalist_77279288_854a46ab27.jpg,raw_acquisitions/celery/inaturalist_research/celery_inaturalist_77279288_854a46ab27.jpg,inaturalist_research,https://inaturalist-open-data.s3.amazonaws.com/photos/126369371/medium.jpeg,77279288,126369371,Apium graveolens (Celery),cc-by,854a46ab2737abe60948184873e28efa485d8c08fa750e6ad31879f86c539dc2,88c6638b857dd0fc,500,333,verified_valid,unique,Botanist-verified research-grade observation of Apium graveolens (500x333),2026-10-10 09:46:30 UTC
celery,celery_inaturalist_271889342_d12688447f.jpg,raw_acquisitions/celery/inaturalist_research/celery_inaturalist_271889342_d12688447f.jpg,inaturalist_research,https://inaturalist-open-data.s3.amazonaws.com/photos/489111187/medium.jpeg,271889342,489111187,Apium graveolens (Celery),cc-by-nc,d12688447f93a232156eb38afc8be5a8cca64b83ad946e2a445920538f11dc6c,9544be9635c9698b,500,375,verified_valid,unique,Botanist-verified research-grade observation of Apium graveolens (500x375),2026-10-10 09:46:30 UTC
celery,celery_inaturalist_199383823_15607a85f5.jpg,raw_acquisitions/celery/inaturalist_research/celery_inaturalist_199383823_15607a85f5.jpg,inaturalist_research,https://inaturalist-open-data.s3.amazonaws.com/photos/351612721/medium.jpg,199383823,351612721,Apium graveolens (Celery),cc-by,15607a85f5eae302723cd5f2a6261d63fccf0145362834f02e842e72798ee4c9,8c3fd99d0db0236c,500,225,verified_valid,unique,Botanist-verified research-grade observation of Apium graveolens (500x225),2026-10-10 09:46:30 UTC
celery,celery_inaturalist_275411704_4b8c65b06c.jpg,raw_acquisitions/celery/inaturalist_research/celery_inaturalist_275411704_4b8c65b06c.jpg,inaturalist_research,https://inaturalist-open-data.s3.amazonaws.com/photos/494912349/medium.jpeg,275411704,494912349,Apium graveolens (Celery),cc-by-sa,4b8c65b06c96bf532e5e7a9ea298e2e5f63a0d58f478593ab2be58c27c5a9086,9a419fca6716e171,376,500,verified_valid,unique,Botanist-verified research-grade observation of Apium graveolens (376x500),2026-10-10 09:46:30 UTC
celery,celery_inaturalist_207745035_28a9cbc6ea.jpg,raw_acquisitions/celery/inaturalist_research/celery_inaturalist_207745035_28a9cbc6ea.jpg,inaturalist_research,https://inaturalist-open-data.s3.amazonaws.com/photos/367500221/medium.jpg,207745035,367500221,Apium graveolens (Celery),cc-by-nc,28a9cbc6eae2d5a723087b79e779f31cfcce89e0b911876578f35c3d993c874a,b81e3be30cfca611,375,500,verified_valid,unique,Botanist-verified research-grade observation of Apium graveolens (375x500),2026-10-10 09:46:30 UTC
celery,celery_inaturalist_202843919_c9e36d2917.jpg,raw_acquisitions/celery/inaturalist_research/celery_inaturalist_202843919_c9e36d2917.jpg,inaturalist_research,https://inaturalist-open-data.s3.amazonaws.com/photos/358299479/medium.jpg,202843919,358299479,Apium graveolens (Celery),cc-by-nc,c9e36d2917180303e5d8f52205c8c6c1e152b1db23d6b4d5b81c325c9948b08c,85fbd38c1d634e03,375,500,verified_valid,unique,Botanist-verified research-grade observation of Apium graveolens (375x500),2026-10-10 09:46:30 UTC
celery,celery_inaturalist_206280477_628aac71e0.jpg,raw_acquisitions/celery/inaturalist_research/celery_inaturalist_206280477_628aac71e0.jpg,inaturalist_research,https://static.inaturalist.org/photos/364830447/medium.jpeg,206280477,364830447,Apium graveolens (Celery),cc-by-nc,628aac71e04a48220529209e2ce71217184292882071b986c147aec3250aab79,99ee551baaf11a28,376,500,verified_valid,unique,Botanist-verified research-grade observation of Apium graveolens (376x500),2026-10-10 09:46:30 UTC
celery,celery_inaturalist_207115696_4750e2797c.jpg,raw_acquisitions/celery/inaturalist_research/celery_inaturalist_207115696_4750e2797c.jpg,inaturalist_research,https://inaturalist-open-data.s3.amazonaws.com/photos/366319206/medium.jpeg,207115696,366319206,Apium graveolens (Celery),cc-by-nc,4750e2797c4ce860fdbed234623b9204b13a46db776939434394a88e8991d6a8,b7f66786c941a0d4,281,500,verified_valid,unique,Botanist-verified research-grade observation of Apium graveolens (281x500),2026-10-10 09:46:30 UTC
celery,celery_inaturalist_276143609_8452eed087.jpg,raw_acquisitions/celery/inaturalist_research/celery_inaturalist_276143609_8452eed087.jpg,inaturalist_research,https://inaturalist-open-data.s3.amazonaws.com/photos/495978234/medium.jpeg,276143609,495978234,Apium graveolens (Celery),cc0,8452eed0874bff74980b50c797e589c94811f550f87340c664ca08ce5121470e,c07c03e0caedf2ea,500,375,verified_valid,unique,Botanist-verified research-grade observation of Apium graveolens (500x375),2026-10-10 09:46:30 UTC
celery,celery_inaturalist_274321107_660e9aaa93.jpg,raw_acquisitions/celery/inaturalist_research/celery_inaturalist_274321107_660e9aaa93.jpg,inaturalist_research,https://inaturalist-open-data.s3.amazonaws.com/photos/493193362/medium.jpg,274321107,493193362,Apium graveolens (Celery),cc-by-nc,660e9aaa93e37d553976042ee6eb3c26915cbbdcfd0c056a3ec6c6c5a5dfa8da,d2853f546a70f03d,375,500,verified_valid,unique,Botanist-verified research-grade observation of Apium graveolens (375x500),2026-10-10 09:46:30 UTC
celery,celery_inaturalist_255483029_20a6bf39b5.jpg,raw_acquisitions/celery/inaturalist_research/celery_inaturalist_255483029_20a6bf39b5.jpg,inaturalist_research,https://inaturalist-open-data.s3.amazonaws.com/photos/457843852/medium.jpg,255483029,457843852,Apium graveolens graveolens (Wild Celery),cc-by-nc,20a6bf39b5d0f12427988095bc27ab97d2437a015a317f80f45166114ea9a7a6,e98a446d98e9b8ae,333,500,verified_valid,unique,Botanist-verified research-grade observation of Apium graveolens graveolens (333x500),2026-10-10 09:46:30 UTC
celery,celery_inaturalist_193074144_c78561b9d6.jpg,raw_acquisitions/celery/inaturalist_research/celery_inaturalist_193074144_c78561b9d6.jpg,inaturalist_research,https://inaturalist-open-data.s3.amazonaws.com/photos/339096448/medium.jpeg,193074144,339096448,Apium graveolens (Celery),cc-by-nc,c78561b9d638732e6c288a9eec6ac0804e75b0e698683c50d7fb150893c3e080,83a45e59be0fcca8,281,500,verified_valid,unique,Botanist-verified research-grade observation of Apium graveolens (281x500),2026-10-10 09:46:30 UTC
celery,celery_inaturalist_369066427_ce6d49f57f.jpg,raw_acquisitions/celery/inaturalist_research/celery_inaturalist_369066427_ce6d49f57f.jpg,inaturalist_research,https://inaturalist-open-data.s3.amazonaws.com/photos/674122787/medium.jpg,369066427,674122787,Apium graveolens (Celery),cc-by-nc,ce6d49f57f696f305f0b482e1c76ccf3ebfdde49eb0c4961048b994dcf49b5f1,ce99f0d9d7c68680,375,500,verified_valid,unique,Botanist-verified research-grade observation of Apium graveolens (375x500),2026-10-10 09:46:30 UTC
celery,celery_inaturalist_369817789_c42460cf7a.jpg,raw_acquisitions/celery/inaturalist_research/celery_inaturalist_369817789_c42460cf7a.jpg,inaturalist_research,https://inaturalist-open-data.s3.amazonaws.com/photos/675553050/medium.jpg,369817789,675553050,Apium graveolens (Celery),cc-by-nc,c42460cf7a0bd91a7dfd62dcfbe87e2443a823122c12c6c08645f0c55d0bc16d,c93cd8275a8e82ed,375,500,verified_valid,unique,Botanist-verified research-grade observation of Apium graveolens (375x500),2026-10-10 09:46:30 UTC
celery,celery_inaturalist_362121759_badf9a96ef.jpg,raw_acquisitions/celery/inaturalist_research/celery_inaturalist_362121759_badf9a96ef.jpg,inaturalist_research,https://inaturalist-open-data.s3.amazonaws.com/photos/660910975/medium.jpg,362121759,660910975,Apium graveolens (Celery),cc-by-nc,badf9a96ef14841df153f9991d0366d84822863716d77e42cd68ee7108fedd16,8a69b5728fcf3092,281,500,verified_valid,unique,Botanist-verified research-grade observation of Apium graveolens (281x500),2026-10-10 09:46:30 UTC
celery,celery_inaturalist_360322354_2bd15e5af4.jpg,raw_acquisitions/celery/inaturalist_research/celery_inaturalist_360322354_2bd15e5af4.jpg,inaturalist_research,https://inaturalist-open-data.s3.amazonaws.com/photos/657477358/medium.jpg,360322354,657477358,Apium graveolens (Celery),cc-by-nc,2bd15e5af493029d72b7f27285f37341353c49ea3eac6521842b4eaf9f301e80,e3af4549b2ac4d07,281,500,verified_valid,unique,Botanist-verified research-grade observation of Apium graveolens (281x500),2026-10-10 09:46:30 UTC
celery,celery_inaturalist_315700401_8cbe7b7829.jpg,raw_acquisitions/celery/inaturalist_research/celery_inaturalist_315700401_8cbe7b7829.jpg,inaturalist_research,https://inaturalist-open-data.s3.amazonaws.com/photos/570332479/medium.jpg,315700401,570332479,Apium graveolens (Celery),cc-by-nc,8cbe7b78291ce4c973b9328e60b737c6848f15f326a9e1a6e47160ef3011f54a,d1d253592d9c929e,500,350,verified_valid,unique,Botanist-verified research-grade observation of Apium graveolens (500x350),2026-10-10 09:46:30 UTC
celery,celery_inaturalist_313348641_a11c3eff41.jpg,raw_acquisitions/celery/inaturalist_research/celery_inaturalist_313348641_a11c3eff41.jpg,inaturalist_research,https://inaturalist-open-data.s3.amazonaws.com/photos/565855616/medium.jpg,313348641,565855616,Apium graveolens (Celery),cc-by-nc,a11c3eff419c6340f26c2cc667b5ee9a2befe5357322b7f85ff8ec70a50e5021,d62b26f39c83362c,374,500,verified_valid,unique,Botanist-verified research-grade observation of Apium graveolens (374x500),2026-10-10 09:46:30 UTC
celery,celery_inaturalist_358442075_d03a863862.jpg,raw_acquisitions/celery/inaturalist_research/celery_inaturalist_358442075_d03a863862.jpg,inaturalist_research,https://inaturalist-open-data.s3.amazonaws.com/photos/653884717/medium.jpg,358442075,653884717,Apium graveolens (Celery),cc-by-nc,d03a863862910840c5eba2bee585aca8937876e26da7754e5b770a4813a6d4cc,928b4ed7b970c4cc,496,500,verified_valid,unique,Botanist-verified research-grade observation of Apium graveolens (496x500),2026-10-10 09:46:30 UTC
celery,celery_inaturalist_92058507_16a47b6266.jpg,raw_acquisitions/celery/inaturalist_research/celery_inaturalist_92058507_16a47b6266.jpg,inaturalist_research,https://inaturalist-open-data.s3.amazonaws.com/photos/152364554/medium.jpg,92058507,152364554,Apium graveolens (Celery),cc-by-nc,16a47b626621970de23ae2c17816f09864b0eabfc3ac9ca80527f998f568325b,d523f9850af2a59a,375,500,verified_valid,unique,Botanist-verified research-grade observation of Apium graveolens (375x500),2026-10-10 09:46:30 UTC
celery,celery_inaturalist_94627219_d20716ec6a.jpg,raw_acquisitions/celery/inaturalist_research/celery_inaturalist_94627219_d20716ec6a.jpg,inaturalist_research,https://inaturalist-open-data.s3.amazonaws.com/photos/156990639/medium.jpg,94627219,156990639,Apium graveolens (Celery),cc-by-nc,d20716ec6a8e9053cd3645229bd08abb6fc27a056e4ad004ae5fbea9a39ca997,dc96e294d87fc508,375,500,verified_valid,unique,Botanist-verified research-grade observation of Apium graveolens (375x500),2026-10-10 09:46:30 UTC
celery,celery_inaturalist_95748891_ab3389c8f9.jpg,raw_acquisitions/celery/inaturalist_research/celery_inaturalist_95748891_ab3389c8f9.jpg,inaturalist_research,https://inaturalist-open-data.s3.amazonaws.com/photos/158993879/medium.jpeg,95748891,158993879,Apium graveolens (Celery),cc-by-nc,ab3389c8f937e35a36f9a270409b5e9fdf4c0e85f23e2392622ca3f7adb06772,934f3b1961a16f61,500,375,verified_valid,unique,Botanist-verified research-grade observation of Apium graveolens (500x375),2026-10-10 09:46:30 UTC
celery,celery_inaturalist_92149027_a7f99c967d.jpg,raw_acquisitions/celery/inaturalist_research/celery_inaturalist_92149027_a7f99c967d.jpg,inaturalist_research,https://inaturalist-open-data.s3.amazonaws.com/photos/152526011/medium.jpeg,92149027,152526011,Apium graveolens (Celery),cc0,a7f99c967d3f17714f4c9d73680aba92e6dc9c251a8578209f9c7585de67d64b,85837393930c6dbb,500,375,verified_valid,unique,Botanist-verified research-grade observation of Apium graveolens (500x375),2026-10-10 09:46:30 UTC
celery,celery_inaturalist_24010224_2b9d1a86f5.jpg,raw_acquisitions/celery/inaturalist_research/celery_inaturalist_24010224_2b9d1a86f5.jpg,inaturalist_research,https://inaturalist-open-data.s3.amazonaws.com/photos/37136804/medium.jpg,24010224,37136804,Apium graveolens (Celery),cc-by-nc,2b9d1a86f5ae60ceb5458554c5a82142656aa1db3bdf3dc6ba5165d86089df46,f0ca35b4a4353cf1,375,500,verified_valid,unique,Botanist-verified research-grade observation of Apium graveolens (375x500),2026-10-10 09:46:30 UTC
celery,celery_inaturalist_34966959_7185c6a551.jpg,raw_acquisitions/celery/inaturalist_research/celery_inaturalist_34966959_7185c6a551.jpg,inaturalist_research,https://static.inaturalist.org/photos/55101511/medium.jpg,34966959,55101511,Apium graveolens (Celery),cc-by-nc,7185c6a5511e79b047f4aa5082c6b8c377c460406b6cfc5dd1984da863a294a4,a3e1c1904dcfaf64,375,500,verified_valid,unique,Botanist-verified research-grade observation of Apium graveolens (375x500),2026-10-10 09:46:30 UTC
celery,celery_inaturalist_30886661_9b67cb2c4f.jpg,raw_acquisitions/celery/inaturalist_research/celery_inaturalist_30886661_9b67cb2c4f.jpg,inaturalist_research,https://inaturalist-open-data.s3.amazonaws.com/photos/48283511/medium.jpg,30886661,48283511,Apium graveolens (Celery),cc-by-nc,9b67cb2c4f133438ad59493b70696e17b241787b6bfe1875f0f878f2b893eea8,a16a3dc6544d23db,375,500,verified_valid,unique,Botanist-verified research-grade observation of Apium graveolens (375x500),2026-10-10 09:46:30 UTC
celery,celery_inaturalist_31315480_6508479f55.jpg,raw_acquisitions/celery/inaturalist_research/celery_inaturalist_31315480_6508479f55.jpg,inaturalist_research,https://inaturalist-open-data.s3.amazonaws.com/photos/49001586/medium.jpg,31315480,49001586,Apium graveolens (Celery),cc-by-nc,6508479f551c570571ef0d2f835b12deb193089669e1de1a7e4f9cd18dc7551e,b90c8ffc06afc123,500,375,verified_valid,unique,Botanist-verified research-grade observation of Apium graveolens (500x375),2026-10-10 09:46:30 UTC
celery,celery_inaturalist_38639084_12f181aafc.jpg,raw_acquisitions/celery/inaturalist_research/celery_inaturalist_38639084_12f181aafc.jpg,inaturalist_research,https://static.inaturalist.org/photos/61463472/medium.jpg,38639084,61463472,Apium graveolens (Celery),cc-by-nc,12f181aafce65517fd1f84b64dbbb33eeaf13c63bab73740733ed16545f4520f,cbcb60cd0354d47e,375,500,verified_valid,unique,Botanist-verified research-grade observation of Apium graveolens (375x500),2026-10-10 09:46:30 UTC
celery,celery_inaturalist_48700642_bddf0b1956.jpg,raw_acquisitions/celery/inaturalist_research/celery_inaturalist_48700642_bddf0b1956.jpg,inaturalist_research,https://inaturalist-open-data.s3.amazonaws.com/photos/77287578/medium.jpeg,48700642,77287578,Apium graveolens (Celery),cc-by-nc,bddf0b1956444e2052d942081f00a3232e944448f6b8df3243cf949da6542375,e6586925bd16701f,300,500,verified_valid,unique,Botanist-verified research-grade observation of Apium graveolens (300x500),2026-10-10 09:46:30 UTC
celery,celery_inaturalist_46539663_9e2e525690.jpg,raw_acquisitions/celery/inaturalist_research/celery_inaturalist_46539663_9e2e525690.jpg,inaturalist_research,https://inaturalist-open-data.s3.amazonaws.com/photos/73814037/medium.jpg,46539663,73814037,Apium graveolens (Celery),cc-by-nc,9e2e525690f8ce5473a617b9c031de0b697647cabd87b93b67e8fa097617f8e6,ff5adb37217100c1,500,375,verified_valid,unique,Botanist-verified research-grade observation of Apium graveolens (500x375),2026-10-10 09:46:30 UTC
celery,celery_inaturalist_56433189_e832648d00.jpg,raw_acquisitions/celery/inaturalist_research/celery_inaturalist_56433189_e832648d00.jpg,inaturalist_research,https://inaturalist-open-data.s3.amazonaws.com/photos/89931624/medium.jpeg,56433189,89931624,Apium graveolens (Celery),cc-by-nc,e832648d00518c61f6cc1999e2284a8ffe8dfd249bb382454f52372dea0072e2,a7081335585b5ff8,500,375,verified_valid,unique,Botanist-verified research-grade observation of Apium graveolens (500x375),2026-10-10 09:46:30 UTC
celery,celery_inaturalist_127100721_ba442f6877.jpg,raw_acquisitions/celery/inaturalist_research/celery_inaturalist_127100721_ba442f6877.jpg,inaturalist_research,https://inaturalist-open-data.s3.amazonaws.com/photos/215738114/medium.jpeg,127100721,215738114,Apium graveolens (Celery),cc-by-nc,ba442f68774ad1aa5b6203ba8fafa8d2ccbb977785a2836c1d2eae2b9fd94b68,89d2a784637d32cd,225,500,verified_valid,unique,Botanist-verified research-grade observation of Apium graveolens (225x500),2026-10-10 09:46:30 UTC
celery,celery_inaturalist_57527675_a884a8eb5a.jpg,raw_acquisitions/celery/inaturalist_research/celery_inaturalist_57527675_a884a8eb5a.jpg,inaturalist_research,https://inaturalist-open-data.s3.amazonaws.com/photos/91769926/medium.jpg,57527675,91769926,Apium graveolens (Celery),cc-by-nc,a884a8eb5aa5cf33c3c150bc7d41df4b42e1c808a63314fe874fd00720f42e69,9a17316da04f4fe1,375,500,verified_valid,unique,Botanist-verified research-grade observation of Apium graveolens (375x500),2026-10-10 09:46:30 UTC
celery,celery_inaturalist_122836777_f2f3d8ad3a.jpg,raw_acquisitions/celery/inaturalist_research/celery_inaturalist_122836777_f2f3d8ad3a.jpg,inaturalist_research,https://inaturalist-open-data.s3.amazonaws.com/photos/208021574/medium.jpg,122836777,208021574,Apium graveolens (Celery),cc-by-nc,f2f3d8ad3a581ec78f229d3d6d6af98967dbdd0d97865e904cc8e7838a148fee,d9b2d34422aeba96,375,500,verified_valid,unique,Botanist-verified research-grade observation of Apium graveolens (375x500),2026-10-10 09:46:30 UTC
celery,celery_inaturalist_44026110_92213fdfbf.jpg,raw_acquisitions/celery/inaturalist_research/celery_inaturalist_44026110_92213fdfbf.jpg,inaturalist_research,https://inaturalist-open-data.s3.amazonaws.com/photos/69809521/medium.jpeg,44026110,69809521,Apium graveolens (Celery),cc-by,92213fdfbf0546f503bd0c33bc0d84ae8831deb44de7999939feb3d2ab1b048d,91272dc353fda618,281,500,verified_valid,unique,Botanist-verified research-grade observation of Apium graveolens (281x500),2026-10-10 09:46:30 UTC
celery,celery_inaturalist_44069247_c68930e676.jpg,raw_acquisitions/celery/inaturalist_research/celery_inaturalist_44069247_c68930e676.jpg,inaturalist_research,https://inaturalist-open-data.s3.amazonaws.com/photos/69876153/medium.jpeg,44069247,69876153,Apium graveolens (Celery),cc-by-nc,c68930e676b74f1392adbe9de569bfec554517944266b5ccfa18d0cd45baeaec,f6c94aaa85f052ab,375,500,verified_valid,unique,Botanist-verified research-grade observation of Apium graveolens (375x500),2026-10-10 09:46:30 UTC
celery,celery_inaturalist_253922482_1d1d27089f.jpg,raw_acquisitions/celery/inaturalist_research/celery_inaturalist_253922482_1d1d27089f.jpg,inaturalist_research,https://inaturalist-open-data.s3.amazonaws.com/photos/454722324/medium.jpeg,253922482,454722324,Apium graveolens (Celery),cc-by-nc-sa,1d1d27089f54836c32ccae81c139ed8fef513347ab5a2514184888647fa40919,e8896de5dbab1448,500,389,verified_valid,unique,Botanist-verified research-grade observation of Apium graveolens (500x389),2026-10-10 09:46:30 UTC
celery,celery_inaturalist_31939050_87092f5c61.jpg,raw_acquisitions/celery/inaturalist_research/celery_inaturalist_31939050_87092f5c61.jpg,inaturalist_research,https://inaturalist-open-data.s3.amazonaws.com/photos/50040475/medium.jpg,31939050,50040475,Apium graveolens (Celery),cc-by-nc,87092f5c6149bf085683df88d20db68b5567e4ba525b97cf28c55d2a60b61cab,de0674e69953b618,375,500,verified_valid,unique,Botanist-verified research-grade observation of Apium graveolens (375x500),2026-10-10 09:46:30 UTC
celery,celery_inaturalist_182656950_f780613ac3.jpg,raw_acquisitions/celery/inaturalist_research/celery_inaturalist_182656950_f780613ac3.jpg,inaturalist_research,https://inaturalist-open-data.s3.amazonaws.com/photos/318514111/medium.jpg,182656950,318514111,Apium graveolens (Celery),cc-by-nc,f780613ac3411eb0abe2a1a2bd04299c7171d9273f5192c9ecb4505249ae1c3b,a886df996260aced,375,500,verified_valid,unique,Botanist-verified research-grade observation of Apium graveolens (375x500),2026-10-10 09:46:30 UTC
celery,celery_inaturalist_254237813_b0a0cce5ca.jpg,raw_acquisitions/celery/inaturalist_research/celery_inaturalist_254237813_b0a0cce5ca.jpg,inaturalist_research,https://inaturalist-open-data.s3.amazonaws.com/photos/455342741/medium.jpeg,254237813,455342741,Apium graveolens (Celery),cc0,b0a0cce5ca939d362b1fa48e33f5014835c8dae7569fa08df82058fdec1a9f72,dd429bb598d6ca44,500,375,verified_valid,unique,Botanist-verified research-grade observation of Apium graveolens (500x375),2026-10-10 09:46:30 UTC
celery,celery_inaturalist_168045171_2189873847.jpg,raw_acquisitions/celery/inaturalist_research/celery_inaturalist_168045171_2189873847.jpg,inaturalist_research,https://inaturalist-open-data.s3.amazonaws.com/photos/291184534/medium.jpg,168045171,291184534,Apium graveolens (Celery),cc-by-nc,21898738475e5599c43da096a9b891cf04a5aec1b7063d4c2ef5421a19dafd87,88ebcb4e670bd145,375,500,verified_valid,unique,Botanist-verified research-grade observation of Apium graveolens (375x500),2026-10-10 09:46:30 UTC
celery,celery_inaturalist_269729899_a8f5f1835b.jpg,raw_acquisitions/celery/inaturalist_research/celery_inaturalist_269729899_a8f5f1835b.jpg,inaturalist_research,https://inaturalist-open-data.s3.amazonaws.com/photos/485013318/medium.jpg,269729899,485013318,Apium graveolens (Celery),cc-by-nc,a8f5f1835b193e216992c12fff5bdfaf88c60d81de3a2a7cad7c07e1d56be803,9c151a2d96cdb53a,375,500,verified_valid,unique,Botanist-verified research-grade observation of Apium graveolens (375x500),2026-10-10 09:46:30 UTC
celery,celery_inaturalist_331817114_4317a635fd.jpg,raw_acquisitions/celery/inaturalist_research/celery_inaturalist_331817114_4317a635fd.jpg,inaturalist_research,https://inaturalist-open-data.s3.amazonaws.com/photos/602032045/medium.jpg,331817114,602032045,Apium graveolens (Celery),cc-by-nc,4317a635fd953e8ab2cac649b6754e4a172d89dd6e6a674f5454bbffa4ad1f31,9fd898678490dbcc,450,500,verified_valid,unique,Botanist-verified research-grade observation of Apium graveolens (450x500),2026-10-10 09:46:30 UTC
celery,celery_inaturalist_352447212_c015a7179b.jpg,raw_acquisitions/celery/inaturalist_research/celery_inaturalist_352447212_c015a7179b.jpg,inaturalist_research,https://inaturalist-open-data.s3.amazonaws.com/photos/643283088/medium.jpg,352447212,643283088,Apium graveolens (Celery),cc-by-nc,c015a7179bf6a639b1a8f7fae432e014624028e74a5e96528c39d2fba16c51c9,c0fe2d083bd436f1,375,500,verified_valid,unique,Botanist-verified research-grade observation of Apium graveolens (375x500),2026-10-10 09:46:30 UTC
celery,celery_inaturalist_388605700_7ec1de75de.jpg,raw_acquisitions/celery/inaturalist_research/celery_inaturalist_388605700_7ec1de75de.jpg,inaturalist_research,https://inaturalist-open-data.s3.amazonaws.com/photos/711744079/medium.jpg,388605700,711744079,Apium graveolens (Celery),cc-by,7ec1de75ded4979512327490789028df9a12d10a60dec43923c21af768fdfb0c,8799e992c1ca8bce,500,375,verified_valid,unique,Botanist-verified research-grade observation of Apium graveolens (500x375),2026-10-10 09:46:30 UTC
celery,celery_inaturalist_337252925_ad6739242c.jpg,raw_acquisitions/celery/inaturalist_research/celery_inaturalist_337252925_ad6739242c.jpg,inaturalist_research,https://inaturalist-open-data.s3.amazonaws.com/photos/613037089/medium.jpg,337252925,613037089,Apium graveolens (Celery),cc-by-nc,ad6739242cd2a797eb0209faccb9a8d19bb7ba8d1e695dfd7c41889d017dc7ab,f198c7f823862cda,376,500,verified_valid,unique,Botanist-verified research-grade observation of Apium graveolens (376x500),2026-10-10 09:46:30 UTC
celery,celery_inaturalist_377214439_d287a728f6.jpg,raw_acquisitions/celery/inaturalist_research/celery_inaturalist_377214439_d287a728f6.jpg,inaturalist_research,https://inaturalist-open-data.s3.amazonaws.com/photos/689772074/medium.jpg,377214439,689772074,Apium graveolens (Celery),cc-by-nc,d287a728f6c9d3a97de1fd311fe15302522e7975d3a4a36a221e9f86f0c6c362,f9340b6cb485781f,376,500,verified_valid,unique,Botanist-verified research-grade observation of Apium graveolens (376x500),2026-10-10 09:46:30 UTC
celery,celery_inaturalist_328872321_8265a82ea6.jpg,raw_acquisitions/celery/inaturalist_research/celery_inaturalist_328872321_8265a82ea6.jpg,inaturalist_research,https://inaturalist-open-data.s3.amazonaws.com/photos/596032035/medium.jpg,328872321,596032035,Apium graveolens (Celery),cc-by-nc,8265a82ea63fc65dff07b8e7fc385fd8267e12b297cf4209ddf80dc9c873e834,fa8c75d224e14eb8,500,281,verified_valid,unique,Botanist-verified research-grade observation of Apium graveolens (500x281),2026-10-10 09:46:30 UTC
celery,celery_inaturalist_332210781_1c2c5be7bb.jpg,raw_acquisitions/celery/inaturalist_research/celery_inaturalist_332210781_1c2c5be7bb.jpg,inaturalist_research,https://inaturalist-open-data.s3.amazonaws.com/photos/602844039/medium.jpg,332210781,602844039,Apium graveolens (Celery),cc-by-nc,1c2c5be7bb4504048799284fbb2b0c5cef2f348f77cf1878b1f028e4d1b3c5c0,e0792a391b5ad959,281,500,verified_valid,unique,Botanist-verified research-grade observation of Apium graveolens (281x500),2026-10-10 09:46:30 UTC
celery,celery_inaturalist_331654116_d22a046e85.jpg,raw_acquisitions/celery/inaturalist_research/celery_inaturalist_331654116_d22a046e85.jpg,inaturalist_research,https://inaturalist-open-data.s3.amazonaws.com/photos/601700660/medium.jpg,331654116,601700660,Apium graveolens (Celery),cc-by-nc,d22a046e8503aab9dca2fd866839bec51c0825439ba27eaab264eac92410a6d1,fcd278858f504973,500,333,verified_valid,unique,Botanist-verified research-grade observation of Apium graveolens (500x333),2026-10-10 09:46:30 UTC
celery,celery_inaturalist_397566048_bda280e01e.jpg,raw_acquisitions/celery/inaturalist_research/celery_inaturalist_397566048_bda280e01e.jpg,inaturalist_research,https://inaturalist-open-data.s3.amazonaws.com/photos/729181723/medium.jpg,397566048,729181723,Apium graveolens (Celery),cc0,bda280e01ef636ef393d9b0f7101a157f4c8c467b046feff6ccdce7c0ce9eb1c,b5d08747b26b096e,333,500,verified_valid,unique,Botanist-verified research-grade observation of Apium graveolens (333x500),2026-10-10 09:46:30 UTC
celery,celery_inaturalist_400214782_adb708493d.jpg,raw_acquisitions/celery/inaturalist_research/celery_inaturalist_400214782_adb708493d.jpg,inaturalist_research,https://inaturalist-open-data.s3.amazonaws.com/photos/734374409/medium.jpg,400214782,734374409,Apium graveolens (Celery),cc-by-nc,adb708493d52f8990ad0d995d324011fdc842663f4b119fb41cf1fc13315f16d,8b81615ff3ad9c84,375,500,verified_valid,unique,Botanist-verified research-grade observation of Apium graveolens (375x500),2026-10-10 09:46:30 UTC
celery,celery_inaturalist_162558066_e2e6a9cb93.jpg,raw_acquisitions/celery/inaturalist_research/celery_inaturalist_162558066_e2e6a9cb93.jpg,inaturalist_research,https://static.inaturalist.org/photos/281495395/medium.jpeg,162558066,281495395,Apium graveolens (Celery),cc-by-nc,e2e6a9cb939f5110276fb8a8b94378ba4864ec9deaca513963d108670e8c6f75,a5512bc33c8ee731,376,500,verified_valid,unique,Botanist-verified research-grade observation of Apium graveolens (376x500),2026-10-10 09:46:30 UTC
celery,celery_inaturalist_401138853_bf2852a294.jpg,raw_acquisitions/celery/inaturalist_research/celery_inaturalist_401138853_bf2852a294.jpg,inaturalist_research,https://inaturalist-open-data.s3.amazonaws.com/photos/736230849/medium.jpg,401138853,736230849,Apium graveolens (Celery),cc-by-nc,bf2852a294862edc7b2579a0aa23c88652ba2aaa6c096a78f1b730afbd907cfc,d8fdbc439a4ce130,375,500,verified_valid,unique,Botanist-verified research-grade observation of Apium graveolens (375x500),2026-10-10 09:46:30 UTC
celery,celery_inaturalist_328817902_1b6ed6c76f.jpg,raw_acquisitions/celery/inaturalist_research/celery_inaturalist_328817902_1b6ed6c76f.jpg,inaturalist_research,https://inaturalist-open-data.s3.amazonaws.com/photos/595919802/medium.jpg,328817902,595919802,Apium graveolens (Celery),cc-by-nc,1b6ed6c76f998d230329fc5404fc6c7e6d6eb3a2c5a1f32d1deb9e917c08fb0b,9c7a37612ca1b995,375,500,verified_valid,unique,Botanist-verified research-grade observation of Apium graveolens (375x500),2026-10-10 09:46:30 UTC
celery,celery_inaturalist_74169650_cf0bafb7cf.jpg,raw_acquisitions/celery/inaturalist_research/celery_inaturalist_74169650_cf0bafb7cf.jpg,inaturalist_research,https://inaturalist-open-data.s3.amazonaws.com/photos/121187454/medium.jpg,74169650,121187454,Apium graveolens (Celery),cc-by,cf0bafb7cfa57ca64fba86b2a4efccdc5aead3791f0558649960fcc755ef829f,9ba45e1d364ea04f,375,500,verified_valid,unique,Botanist-verified research-grade observation of Apium graveolens (375x500),2026-10-10 09:46:30 UTC
celery,celery_inaturalist_383681915_9ce3267baa.jpg,raw_acquisitions/celery/inaturalist_research/celery_inaturalist_383681915_9ce3267baa.jpg,inaturalist_research,https://inaturalist-open-data.s3.amazonaws.com/photos/702261014/medium.jpg,383681915,702261014,Apium graveolens (Celery),cc-by-nc,9ce3267baa0efe652a145a5dfb99df709ca12042871017d7ae69519d40b0ca42,83bcbd979ab4b090,375,500,verified_valid,unique,Botanist-verified research-grade observation of Apium graveolens (375x500),2026-10-10 09:46:30 UTC
celery,celery_inaturalist_322416039_4d82dd101c.jpg,raw_acquisitions/celery/inaturalist_research/celery_inaturalist_322416039_4d82dd101c.jpg,inaturalist_research,https://inaturalist-open-data.s3.amazonaws.com/photos/583257647/medium.jpg,322416039,583257647,Apium graveolens (Celery),cc-by-nc,4d82dd101c22da985f63cc8fc0cbe59b5b03cfe1bd34dc400eb6570c092bacc3,8d8d61679af2a8c9,375,500,verified_valid,unique,Botanist-verified research-grade observation of Apium graveolens (375x500),2026-10-10 09:46:30 UTC
celery,celery_inaturalist_332210162_52da597a13.jpg,raw_acquisitions/celery/inaturalist_research/celery_inaturalist_332210162_52da597a13.jpg,inaturalist_research,https://inaturalist-open-data.s3.amazonaws.com/photos/602843136/medium.jpg,332210162,602843136,Apium graveolens (Celery),cc-by-nc-sa,52da597a138274ba982cfb879135a21293b263904e1da0a416de62978d3dc4b8,9e2969c673714d13,281,500,verified_valid,unique,Botanist-verified research-grade observation of Apium graveolens (281x500),2026-10-10 09:46:30 UTC
celery,celery_inaturalist_330114899_41074ced8a.jpg,raw_acquisitions/celery/inaturalist_research/celery_inaturalist_330114899_41074ced8a.jpg,inaturalist_research,https://inaturalist-open-data.s3.amazonaws.com/photos/598536311/medium.jpg,330114899,598536311,Apium graveolens (Celery),cc-by-nc,41074ced8a6ed65ded8ebc1b2910cf00b48298392a1bd600b42cb818eb6f4968,a8a135ed71ad8595,500,375,verified_valid,unique,Botanist-verified research-grade observation of Apium graveolens (500x375),2026-10-10 09:46:30 UTC
celery,celery_inaturalist_365471280_9bbc749dee.jpg,raw_acquisitions/celery/inaturalist_research/celery_inaturalist_365471280_9bbc749dee.jpg,inaturalist_research,https://static.inaturalist.org/photos/667857496/medium.jpg,365471280,667857496,Apium graveolens (Celery),cc-by-nc,9bbc749dee89e690b837c8ef9a26c16f047b24536bda670d7654e7405c4f9358,cf6b66681c45b0cd,375,500,verified_valid,unique,Botanist-verified research-grade observation of Apium graveolens (375x500),2026-10-10 09:46:30 UTC
celery,celery_inaturalist_222385_b3317676a2.jpg,raw_acquisitions/celery/inaturalist_research/celery_inaturalist_222385_b3317676a2.jpg,inaturalist_research,https://static.inaturalist.org/photos/280116/medium.jpg,222385,280116,Apium graveolens (Celery),cc-by-nc,b3317676a2768deaadf71af53b7abb166152257114dd9886dcbf6da66f24e562,9ab45dc722c255ab,500,332,verified_valid,unique,Botanist-verified research-grade observation of Apium graveolens (500x332),2026-10-10 09:46:30 UTC
celery,celery_inaturalist_646555_4fa7774b7d.jpg,raw_acquisitions/celery/inaturalist_research/celery_inaturalist_646555_4fa7774b7d.jpg,inaturalist_research,https://static.inaturalist.org/photos/814758/medium.jpg,646555,814758,Apium graveolens (Celery),cc-by-nc,4fa7774b7d1d722e4ce366579d1161d7e7149e6ac871a5cd717a7defacb84bca,998f03f5a848b778,500,333,verified_valid,unique,Botanist-verified research-grade observation of Apium graveolens (500x333),2026-10-10 09:46:30 UTC
celery,celery_inaturalist_131107613_6fee6670f0.jpg,raw_acquisitions/celery/inaturalist_research/celery_inaturalist_131107613_6fee6670f0.jpg,inaturalist_research,https://inaturalist-open-data.s3.amazonaws.com/photos/223152000/medium.jpeg,131107613,223152000,Apium graveolens (Celery),cc-by-nc,6fee6670f0c36d76427231cc34f69b33998bfbeaf3aa7c9b8134a0000a0a5dff,88b86caedaf8c1d1,281,500,verified_valid,unique,Botanist-verified research-grade observation of Apium graveolens (281x500),2026-10-10 09:46:30 UTC
celery,celery_inaturalist_384234974_0e659ee122.jpg,raw_acquisitions/celery/inaturalist_research/celery_inaturalist_384234974_0e659ee122.jpg,inaturalist_research,https://inaturalist-open-data.s3.amazonaws.com/photos/703332232/medium.jpg,384234974,703332232,Apium graveolens (Celery),cc-by,0e659ee122ecbb9c3dec4ae388747b19076058bf5f5634dcf836e22fbc913c9c,b7d014a2e62b1fe4,375,500,verified_valid,unique,Botanist-verified research-grade observation of Apium graveolens (375x500),2026-10-10 09:46:30 UTC
celery,celery_inaturalist_1154153_3dc46f22ba.jpg,raw_acquisitions/celery/inaturalist_research/celery_inaturalist_1154153_3dc46f22ba.jpg,inaturalist_research,https://static.inaturalist.org/photos/1454937/medium.jpg,1154153,1454937,Apium graveolens (Celery),cc-by-nc,3dc46f22ba264a99a58d98099f2e6751b7c6de9e0c07b0cb952fdf888ab19907,86862da13b6dca3b,500,381,verified_valid,unique,Botanist-verified research-grade observation of Apium graveolens (500x381),2026-10-10 09:46:30 UTC
celery,celery_inaturalist_367901848_a366acdc9d.jpg,raw_acquisitions/celery/inaturalist_research/celery_inaturalist_367901848_a366acdc9d.jpg,inaturalist_research,https://inaturalist-open-data.s3.amazonaws.com/photos/671904302/medium.jpg,367901848,671904302,Apium graveolens (Celery),cc-by,a366acdc9da8eb544f8983f12a4b41ab487ad2074b80cd1817bf3b6cb35f14ff,84e46f9d45d6941e,351,500,verified_valid,unique,Botanist-verified research-grade observation of Apium graveolens (351x500),2026-10-10 09:46:30 UTC
celery,celery_inaturalist_362093617_bc70e8ab68.jpg,raw_acquisitions/celery/inaturalist_research/celery_inaturalist_362093617_bc70e8ab68.jpg,inaturalist_research,https://inaturalist-open-data.s3.amazonaws.com/photos/660856666/medium.jpg,362093617,660856666,Apium graveolens (Celery),cc-by-nc,bc70e8ab68d3011d8d4dfbc92ead4f94237103fd6b4da7fd4049c92517259f49,f50a87618ba54b3d,375,500,verified_valid,unique,Botanist-verified research-grade observation of Apium graveolens (375x500),2026-10-10 09:46:30 UTC
celery,celery_inaturalist_224300075_a5e13821c2.jpg,raw_acquisitions/celery/inaturalist_research/celery_inaturalist_224300075_a5e13821c2.jpg,inaturalist_research,https://static.inaturalist.org/photos/397523788/medium.jpg,224300075,397523788,Apium graveolens (Celery),cc-by-nc,a5e13821c2c888d0e283a41fbe4c4453e7827c185fc7617e0cf3aaf79bb3c833,94da43695e7a5383,287,500,verified_valid,unique,Botanist-verified research-grade observation of Apium graveolens (287x500),2026-10-10 09:46:30 UTC
celery,celery_inaturalist_226969247_4db880f320.jpg,raw_acquisitions/celery/inaturalist_research/celery_inaturalist_226969247_4db880f320.jpg,inaturalist_research,https://inaturalist-open-data.s3.amazonaws.com/photos/402588835/medium.jpeg,226969247,402588835,Apium graveolens (Celery),cc-by-nc,4db880f320909c17f08a90dd2919ea723e4c829e06023439a96894147ab3af6f,b1da4e3a8474f30e,375,500,verified_valid,unique,Botanist-verified research-grade observation of Apium graveolens (375x500),2026-10-10 09:46:30 UTC
celery,celery_inaturalist_157551609_b013284230.jpg,raw_acquisitions/celery/inaturalist_research/celery_inaturalist_157551609_b013284230.jpg,inaturalist_research,https://inaturalist-open-data.s3.amazonaws.com/photos/272393764/medium.jpeg,157551609,272393764,Apium graveolens (Celery),cc-by,b013284230b593294f1c47b185c187d278921c335fff45bb373eaa39b2d5f663,dbc92cd4c1639f0c,500,375,verified_valid,unique,Botanist-verified research-grade observation of Apium graveolens (500x375),2026-10-10 09:46:30 UTC
celery,celery_inaturalist_228215031_20fb7055a8.jpg,raw_acquisitions/celery/inaturalist_research/celery_inaturalist_228215031_20fb7055a8.jpg,inaturalist_research,https://inaturalist-open-data.s3.amazonaws.com/photos/404953989/medium.jpeg,228215031,404953989,Apium graveolens (Celery),cc-by-nc-sa,20fb7055a8d489d8b3d4cf3257efb6137a8100d64d298e6742d835883872a400,d9e39941d28c27ce,479,500,verified_valid,unique,Botanist-verified research-grade observation of Apium graveolens (479x500),2026-10-10 09:46:30 UTC
celery,celery_inaturalist_18838045_a7fd4bc484.jpg,raw_acquisitions/celery/inaturalist_research/celery_inaturalist_18838045_a7fd4bc484.jpg,inaturalist_research,https://static.inaturalist.org/photos/28857190/medium.jpg,18838045,28857190,Apium graveolens (Celery),cc-by-nc,a7fd4bc4844b3d2a6d22865e9a545b12cc3ab138176c1166a7abe1b203369da2,9bd2c4d8698cdaa9,375,500,verified_valid,unique,Botanist-verified research-grade observation of Apium graveolens (375x500),2026-10-10 09:46:30 UTC
celery,celery_inaturalist_85005583_a422d1195f.jpg,raw_acquisitions/celery/inaturalist_research/celery_inaturalist_85005583_a422d1195f.jpg,inaturalist_research,https://static.inaturalist.org/photos/139789170/medium.jpg,85005583,139789170,Apium graveolens (Celery),cc-by-nc,a422d1195fd675937c61a9ae085ca04d1b05a4de8d1607f08d2e987310993dd2,faf1078e58650375,375,500,verified_valid,unique,Botanist-verified research-grade observation of Apium graveolens (375x500),2026-10-10 09:46:30 UTC
celery,celery_inaturalist_89235096_4103f8e575.jpg,raw_acquisitions/celery/inaturalist_research/celery_inaturalist_89235096_4103f8e575.jpg,inaturalist_research,https://static.inaturalist.org/photos/147338380/medium.jpeg,89235096,147338380,Apium graveolens (Celery),cc-by-nc,4103f8e575e0dd46e92e853c0bc2883fa3d4b1aee2da3320214eecc197881531,b86a252e9a1469ef,375,500,verified_valid,unique,Botanist-verified research-grade observation of Apium graveolens (375x500),2026-10-10 09:46:30 UTC
celery,celery_inaturalist_316459862_9728f41de5.jpg,raw_acquisitions/celery/inaturalist_research/celery_inaturalist_316459862_9728f41de5.jpg,inaturalist_research,https://inaturalist-open-data.s3.amazonaws.com/photos/571766950/medium.jpg,316459862,571766950,Apium graveolens (Celery),cc-by-nc,9728f41de5535e3b1ffadaac117a4a27f15266b0f06e3e1960f0105740a4d742,d63630cd6a0998fb,500,375,verified_valid,unique,Botanist-verified research-grade observation of Apium graveolens (500x375),2026-10-10 09:46:30 UTC
celery,celery_inaturalist_24130805_6517e4c2ac.jpg,raw_acquisitions/celery/inaturalist_research/celery_inaturalist_24130805_6517e4c2ac.jpg,inaturalist_research,https://inaturalist-open-data.s3.amazonaws.com/photos/37318268/medium.jpeg,24130805,37318268,Apium graveolens (Celery),cc-by-nc,6517e4c2acb2fdde5daf2621bdc8e729e0e01b878afc337766ae3b446c5d0320,a9fde0816b861a9d,375,500,verified_valid,unique,Botanist-verified research-grade observation of Apium graveolens (375x500),2026-10-10 09:46:30 UTC
celery,celery_inaturalist_28361723_543a71925a.jpg,raw_acquisitions/celery/inaturalist_research/celery_inaturalist_28361723_543a71925a.jpg,inaturalist_research,https://inaturalist-open-data.s3.amazonaws.com/photos/44206575/medium.jpg,28361723,44206575,Apium graveolens (Celery),cc-by-nc,543a71925a90fdd57224a759bfed57648b3cfc4ee185d7d7ebe209521c2fb432,d568803fb31ddc23,375,500,verified_valid,unique,Botanist-verified research-grade observation of Apium graveolens (375x500),2026-10-10 09:46:30 UTC
celery,celery_inaturalist_375060638_6a0d413dc0.jpg,raw_acquisitions/celery/inaturalist_research/celery_inaturalist_375060638_6a0d413dc0.jpg,inaturalist_research,https://inaturalist-open-data.s3.amazonaws.com/photos/685600885/medium.jpg,375060638,685600885,Apium graveolens (Celery),cc-by-nc,6a0d413dc0da2ecd9c29809cae6479882a5b11fc9ecd407ff6497d6a3860052c,8ce5ad51dc2f50a6,500,375,verified_valid,unique,Botanist-verified research-grade observation of Apium graveolens (500x375),2026-10-10 09:46:30 UTC
celery,celery_inaturalist_310966703_7c112cf3d6.jpg,raw_acquisitions/celery/inaturalist_research/celery_inaturalist_310966703_7c112cf3d6.jpg,inaturalist_research,https://inaturalist-open-data.s3.amazonaws.com/photos/561296338/medium.jpg,310966703,561296338,Apium graveolens (Celery),cc-by-nc,7c112cf3d6c914c169347f26cc8138a4f91254d47d0882c285cfc0daa27ec2d1,aaa4d4f827131773,500,488,verified_valid,unique,Botanist-verified research-grade observation of Apium graveolens (500x488),2026-10-10 09:46:30 UTC
celery,celery_inaturalist_94865833_912020a768.jpg,raw_acquisitions/celery/inaturalist_research/celery_inaturalist_94865833_912020a768.jpg,inaturalist_research,https://static.inaturalist.org/photos/157414909/medium.jpg,94865833,157414909,Apium graveolens (Celery),cc-by-nc,912020a768325beaf4eda0a215f16885350925b29f2616cc4f42fd8a687efa8b,f40c0ae3c15abb9d,375,500,verified_valid,unique,Botanist-verified research-grade observation of Apium graveolens (375x500),2026-10-10 09:46:30 UTC
celery,celery_inaturalist_32990181_969e3ef4e3.jpg,raw_acquisitions/celery/inaturalist_research/celery_inaturalist_32990181_969e3ef4e3.jpg,inaturalist_research,https://inaturalist-open-data.s3.amazonaws.com/photos/51780854/medium.jpg,32990181,51780854,Apium graveolens (Celery),cc-by-nc,969e3ef4e374394f05aed9f21aa7203117e7cd30965bce31d77d287d69798ad3,ec8720795274b95d,375,500,verified_valid,unique,Botanist-verified research-grade observation of Apium graveolens (375x500),2026-10-10 09:46:30 UTC
celery,celery_inaturalist_37769958_d4f5220a36.jpg,raw_acquisitions/celery/inaturalist_research/celery_inaturalist_37769958_d4f5220a36.jpg,inaturalist_research,https://inaturalist-open-data.s3.amazonaws.com/photos/59943749/medium.jpg,37769958,59943749,Apium graveolens (Celery),cc-by-nc,d4f5220a36cb03726f0478405bf8ef1b216e415fe2d17b2e8c14237ffba84db7,ceb1e4af4d968264,375,500,verified_valid,unique,Botanist-verified research-grade observation of Apium graveolens (375x500),2026-10-10 09:46:30 UTC
celery,celery_inaturalist_95819641_6860f01308.jpg,raw_acquisitions/celery/inaturalist_research/celery_inaturalist_95819641_6860f01308.jpg,inaturalist_research,https://inaturalist-open-data.s3.amazonaws.com/photos/159118511/medium.jpg,95819641,159118511,Apium graveolens (Celery),cc-by-nc,6860f01308da27e6bfe69b30cb50c976d41b01e538587cf6b827d59bc60c7fe0,b50b32041bf4a7be,375,500,verified_valid,unique,Botanist-verified research-grade observation of Apium graveolens (375x500),2026-10-10 09:46:30 UTC
celery,celery_inaturalist_28487990_86135a5684.jpg,raw_acquisitions/celery/inaturalist_research/celery_inaturalist_28487990_86135a5684.jpg,inaturalist_research,https://static.inaturalist.org/photos/44412947/medium.jpeg,28487990,44412947,Apium graveolens (Celery),cc-by-nc,86135a5684c6ca2980bb01f3330084dba90173ded30028538b5d8dc60e1d722e,9285faf02f3b3825,281,500,verified_valid,unique,Botanist-verified research-grade observation of Apium graveolens (281x500),2026-10-10 09:46:30 UTC
celery,celery_inaturalist_30369715_cd3a7a42e2.jpg,raw_acquisitions/celery/inaturalist_research/celery_inaturalist_30369715_cd3a7a42e2.jpg,inaturalist_research,https://inaturalist-open-data.s3.amazonaws.com/photos/47445447/medium.jpeg,30369715,47445447,Apium graveolens (Celery),cc-by-nc,cd3a7a42e2c756f6f10e11c0797e6327118ed457e1faab89442a38402656d183,93f168dff2101c66,500,500,verified_valid,unique,Botanist-verified research-grade observation of Apium graveolens (500x500),2026-10-10 09:46:30 UTC
celery,celery_inaturalist_103270919_1ad3c5c16d.jpg,raw_acquisitions/celery/inaturalist_research/celery_inaturalist_103270919_1ad3c5c16d.jpg,inaturalist_research,https://inaturalist-open-data.s3.amazonaws.com/photos/172797450/medium.jpeg,103270919,172797450,Apium graveolens (Celery),cc-by-nc,1ad3c5c16d40239360e13c6d2833bab6ee9bcdfde6dc5ed60ef57f5d729a7589,9566b305ce50adb5,500,375,verified_valid,unique,Botanist-verified research-grade observation of Apium graveolens (500x375),2026-10-10 09:46:30 UTC
celery,celery_inaturalist_97238123_75877b22e2.jpg,raw_acquisitions/celery/inaturalist_research/celery_inaturalist_97238123_75877b22e2.jpg,inaturalist_research,https://inaturalist-open-data.s3.amazonaws.com/photos/161678387/medium.jpg,97238123,161678387,Apium graveolens (Celery),cc-by-nc,75877b22e2b8792d07cae2ba83b0e61e4e5ef1fff3a61b662b5f81c6b698ac41,b484d15bfdc404e7,375,500,verified_valid,unique,Botanist-verified research-grade observation of Apium graveolens (375x500),2026-10-10 09:46:30 UTC
celery,celery_inaturalist_5865137_16387d0b70.jpg,raw_acquisitions/celery/inaturalist_research/celery_inaturalist_5865137_16387d0b70.jpg,inaturalist_research,https://static.inaturalist.org/photos/7304218/medium.jpg,5865137,7304218,Apium graveolens dulce (Celery),cc-by-nc,16387d0b70f513325632721db098dd650e2b40ab2b11c9414b826bcc995f82ce,afc8649459b56cb8,500,500,verified_valid,unique,Botanist-verified research-grade observation of Apium graveolens dulce (500x500),2026-10-10 09:46:30 UTC
celery,celery_inaturalist_109002388_0a538532d1.jpg,raw_acquisitions/celery/inaturalist_research/celery_inaturalist_109002388_0a538532d1.jpg,inaturalist_research,https://inaturalist-open-data.s3.amazonaws.com/photos/183633232/medium.jpg,109002388,183633232,Apium graveolens (Celery),cc-by-nc,0a538532d1f1b639760fa7fe2bc956000db21dc56a1f258385b97839b5ea3841,ea93984c443759ed,375,500,verified_valid,unique,Botanist-verified research-grade observation of Apium graveolens (375x500),2026-10-10 09:46:30 UTC
celery,celery_inaturalist_107024042_5a91f1aac5.jpg,raw_acquisitions/celery/inaturalist_research/celery_inaturalist_107024042_5a91f1aac5.jpg,inaturalist_research,https://inaturalist-open-data.s3.amazonaws.com/photos/179918761/medium.jpeg,107024042,179918761,Apium graveolens (Celery),cc0,5a91f1aac5d2aaa4e78e03ecd02d54860ff0fd2e63fe1adbbd0161b76bdd635d,f88678d4a743c7c2,500,375,verified_valid,unique,Botanist-verified research-grade observation of Apium graveolens (500x375),2026-10-10 09:46:30 UTC
celery,celery_inaturalist_213709295_4abf8235ea.jpg,raw_acquisitions/celery/inaturalist_research/celery_inaturalist_213709295_4abf8235ea.jpg,inaturalist_research,https://inaturalist-open-data.s3.amazonaws.com/photos/377704093/medium.jpeg,213709295,377704093,Apium graveolens (Celery),cc-by-nc,4abf8235eac95b88628ddfbc493aacbeb7c8b0aed4cf76ccc659161e9b2ac913,ae4ea9de0518275d,375,500,verified_valid,unique,Botanist-verified research-grade observation of Apium graveolens (375x500),2026-10-10 09:46:30 UTC
celery,celery_inaturalist_211279146_e924a37278.jpg,raw_acquisitions/celery/inaturalist_research/celery_inaturalist_211279146_e924a37278.jpg,inaturalist_research,https://static.inaturalist.org/photos/373567102/medium.jpeg,211279146,373567102,Apium graveolens (Celery),cc-by-nc,e924a37278acf3e166bb608439cacb480f7b10dbf839ce3e49512e26efa48418,9a969a3987c2f8aa,281,500,verified_valid,unique,Botanist-verified research-grade observation of Apium graveolens (281x500),2026-10-10 09:46:30 UTC
celery,celery_inaturalist_69804031_ce331acadb.jpg,raw_acquisitions/celery/inaturalist_research/celery_inaturalist_69804031_ce331acadb.jpg,inaturalist_research,https://inaturalist-open-data.s3.amazonaws.com/photos/113354175/medium.jpg,69804031,113354175,Apium graveolens (Celery),cc-by-nc,ce331acadbb08a6b2d9945a0871250b2818b875595881d3f1ad8a5102ba9b120,ca927af85f14417a,375,500,verified_valid,unique,Botanist-verified research-grade observation of Apium graveolens (375x500),2026-10-10 09:46:30 UTC
celery,celery_inaturalist_221156625_9275f971a1.jpg,raw_acquisitions/celery/inaturalist_research/celery_inaturalist_221156625_9275f971a1.jpg,inaturalist_research,https://inaturalist-open-data.s3.amazonaws.com/photos/391644115/medium.jpg,221156625,391644115,Apium graveolens (Celery),cc-by,9275f971a10d71765acf8d0c10648f5c62f3c2132a33567329a609260616e027,cd8c0e3d2bf19159,375,500,verified_valid,unique,Botanist-verified research-grade observation of Apium graveolens (375x500),2026-10-10 09:46:30 UTC
celery,celery_inaturalist_214727808_8028420105.jpg,raw_acquisitions/celery/inaturalist_research/celery_inaturalist_214727808_8028420105.jpg,inaturalist_research,https://inaturalist-open-data.s3.amazonaws.com/photos/379573693/medium.jpg,214727808,379573693,Apium graveolens (Celery),cc-by-nc,802842010568c588d69392130b490812dd3146b14e3d3d30b9b56605d77bd6b6,f74810285ab5cbd7,500,375,verified_valid,unique,Botanist-verified research-grade observation of Apium graveolens (500x375),2026-10-10 09:46:30 UTC
celery,celery_inaturalist_68967780_e9086f89e3.jpg,raw_acquisitions/celery/inaturalist_research/celery_inaturalist_68967780_e9086f89e3.jpg,inaturalist_research,https://inaturalist-open-data.s3.amazonaws.com/photos/111805999/medium.jpeg,68967780,111805999,Apium graveolens (Celery),cc-by-nc-sa,e9086f89e33c9a28205f3d676755ab6d4e387e6aff885d89b131d60bccb35af9,d98838fc43bdd00f,500,333,verified_valid,unique,Botanist-verified research-grade observation of Apium graveolens (500x333),2026-10-10 09:46:30 UTC
celery,celery_inaturalist_51925675_7180f239f6.jpg,raw_acquisitions/celery/inaturalist_research/celery_inaturalist_51925675_7180f239f6.jpg,inaturalist_research,https://static.inaturalist.org/photos/82826756/medium.jpg,51925675,82826756,Apium graveolens (Celery),cc-by-nc,7180f239f6a09a7899ba10dc18bae60e4b4ebde1fc1411eee30116c396aaef33,c9b743c9728ce255,375,500,verified_valid,unique,Botanist-verified research-grade observation of Apium graveolens (375x500),2026-10-10 09:46:30 UTC
celery,celery_inaturalist_220811288_15fa0434de.jpg,raw_acquisitions/celery/inaturalist_research/celery_inaturalist_220811288_15fa0434de.jpg,inaturalist_research,https://inaturalist-open-data.s3.amazonaws.com/photos/390983668/medium.jpg,220811288,390983668,Apium graveolens (Celery),cc-by-nc,15fa0434deeaeb5cd555cc1dcd25e3312e834b1d034a4b9f872a4ac88f7125c0,e74e4c775aa50543,375,500,verified_valid,unique,Botanist-verified research-grade observation of Apium graveolens (375x500),2026-10-10 09:46:30 UTC
celery,celery_inaturalist_56064623_13b16f004a.jpg,raw_acquisitions/celery/inaturalist_research/celery_inaturalist_56064623_13b16f004a.jpg,inaturalist_research,https://static.inaturalist.org/photos/89313941/medium.jpeg,56064623,89313941,Apium graveolens (Celery),cc-by-nc,13b16f004a49204cbcd4ad3df1c210fe95fc542ae1c483f3c268bec1ca795e4d,c7d4688bb2265dd1,375,500,verified_valid,unique,Botanist-verified research-grade observation of Apium graveolens (375x500),2026-10-10 09:46:30 UTC
celery,celery_inaturalist_56254063_e5d1e5145d.jpg,raw_acquisitions/celery/inaturalist_research/celery_inaturalist_56254063_e5d1e5145d.jpg,inaturalist_research,https://inaturalist-open-data.s3.amazonaws.com/photos/89630512/medium.jpg,56254063,89630512,Apium graveolens (Celery),cc-by-nc,e5d1e5145ddc5cf75e617ec9c1ca4e1e7142d16a50876434ad52eb482c4e1506,c8e66b987a32393a,500,375,verified_valid,unique,Botanist-verified research-grade observation of Apium graveolens (500x375),2026-10-10 09:46:30 UTC
celery,celery_inaturalist_114222918_a373fbbd27.jpg,raw_acquisitions/celery/inaturalist_research/celery_inaturalist_114222918_a373fbbd27.jpg,inaturalist_research,https://inaturalist-open-data.s3.amazonaws.com/photos/192906706/medium.jpeg,114222918,192906706,Apium graveolens (Celery),cc-by-nc,a373fbbd27d9622b0d3d549d3373f65d2fda7ac94c3f49a74cd1d64dffc36204,9a82b4bc8f3e91e1,375,500,verified_valid,unique,Botanist-verified research-grade observation of Apium graveolens (375x500),2026-10-10 09:46:30 UTC
celery,celery_inaturalist_123528275_67eb6d3e77.jpg,raw_acquisitions/celery/inaturalist_research/celery_inaturalist_123528275_67eb6d3e77.jpg,inaturalist_research,https://inaturalist-open-data.s3.amazonaws.com/photos/209272976/medium.jpeg,123528275,209272976,Apium graveolens (Celery),cc-by-nc,67eb6d3e77fe4e37d368f586c461a8ad832abbf4a16205d2b75cb6ac9c3ec547,a7c223bf580807df,375,500,verified_valid,unique,Botanist-verified research-grade observation of Apium graveolens (375x500),2026-10-10 09:46:30 UTC
celery,celery_inaturalist_127198893_535800af76.jpg,raw_acquisitions/celery/inaturalist_research/celery_inaturalist_127198893_535800af76.jpg,inaturalist_research,https://static.inaturalist.org/photos/215919591/medium.jpg,127198893,215919591,Apium graveolens (Celery),cc-by-nc,535800af76168763a9a0f26d915e611937c16b09769a3cf6be83cd4b61c429f5,c3142efb24cb876c,500,334,verified_valid,unique,Botanist-verified research-grade observation of Apium graveolens (500x334),2026-10-10 09:46:30 UTC
celery,celery_inaturalist_217012306_4466cd1362.jpg,raw_acquisitions/celery/inaturalist_research/celery_inaturalist_217012306_4466cd1362.jpg,inaturalist_research,https://inaturalist-open-data.s3.amazonaws.com/photos/383862067/medium.jpg,217012306,383862067,Apium graveolens (Celery),cc-by-nc,4466cd1362710f2b29222b03828cac7590f40751b6f0af0ff8facec776294093,a81393e9f6723e0c,375,500,verified_valid,unique,Botanist-verified research-grade observation of Apium graveolens (375x500),2026-10-10 09:46:30 UTC
celery,celery_inaturalist_123821807_c9a6439568.jpg,raw_acquisitions/celery/inaturalist_research/celery_inaturalist_123821807_c9a6439568.jpg,inaturalist_research,https://inaturalist-open-data.s3.amazonaws.com/photos/209807675/medium.jpg,123821807,209807675,Apium graveolens (Celery),cc-by-nc,c9a64395681695344563e06d260f0088c0dd61b917026c7c568122ce47e49244,d5e4cd849e3b301b,375,500,verified_valid,unique,Botanist-verified research-grade observation of Apium graveolens (375x500),2026-10-10 09:46:30 UTC
celery,celery_inaturalist_124225901_57baf83f51.jpg,raw_acquisitions/celery/inaturalist_research/celery_inaturalist_124225901_57baf83f51.jpg,inaturalist_research,https://inaturalist-open-data.s3.amazonaws.com/photos/210522123/medium.jpg,124225901,210522123,Apium graveolens (Celery),cc-by-nc,57baf83f5172efe8a4088d69721f49cb7194c93b6b0daf8f919231f1475fc52f,d81f7a392d1c1e29,500,334,verified_valid,unique,Botanist-verified research-grade observation of Apium graveolens (500x334),2026-10-10 09:46:30 UTC
celery,celery_inaturalist_128903350_caf5f5bbc9.jpg,raw_acquisitions/celery/inaturalist_research/celery_inaturalist_128903350_caf5f5bbc9.jpg,inaturalist_research,https://inaturalist-open-data.s3.amazonaws.com/photos/218994006/medium.jpeg,128903350,218994006,Apium graveolens (Celery),cc-by-nc,caf5f5bbc9ec6d8ff2160d203007cf8b35df8a82bb321821328f4626c7ad97a1,d88797b0cf9ec882,500,500,verified_valid,unique,Botanist-verified research-grade observation of Apium graveolens (500x500),2026-10-10 09:46:30 UTC
celery,celery_inaturalist_111131168_bfaa4eb0d6.jpg,raw_acquisitions/celery/inaturalist_research/celery_inaturalist_111131168_bfaa4eb0d6.jpg,inaturalist_research,https://inaturalist-open-data.s3.amazonaws.com/photos/187558858/medium.jpg,111131168,187558858,Apium graveolens (Celery),cc-by,bfaa4eb0d62aa1e9618af8b80d6d566e59c6e83f17f3102221b718b889762116,838fec2195d063db,500,333,verified_valid,unique,Botanist-verified research-grade observation of Apium graveolens (500x333),2026-10-10 09:46:30 UTC
celery,celery_inaturalist_9682156_5b9f05490b.jpg,raw_acquisitions/celery/inaturalist_research/celery_inaturalist_9682156_5b9f05490b.jpg,inaturalist_research,https://inaturalist-open-data.s3.amazonaws.com/photos/13235479/medium.jpg,9682156,13235479,Apium graveolens (Celery),cc-by-nc,5b9f05490bc35b18a43d001356d617957860d07649188f44f2a23c93a4e539c3,87dad522411dbbd2,375,500,verified_valid,unique,Botanist-verified research-grade observation of Apium graveolens (375x500),2026-10-10 09:46:30 UTC
celery,celery_inaturalist_9996132_c99b8fe360.jpg,raw_acquisitions/celery/inaturalist_research/celery_inaturalist_9996132_c99b8fe360.jpg,inaturalist_research,https://inaturalist-open-data.s3.amazonaws.com/photos/13741736/medium.jpg,9996132,13741736,Apium graveolens (Celery),cc-by-nc,c99b8fe360391fc1b612a7e92fee16304e55cab9c8de4daff4ee4fb4b0ae9806,ce6a3632a3595dc4,500,281,verified_valid,unique,Botanist-verified research-grade observation of Apium graveolens (500x281),2026-10-10 09:46:30 UTC
celery,celery_inaturalist_14175039_bc9bd12be2.jpg,raw_acquisitions/celery/inaturalist_research/celery_inaturalist_14175039_bc9bd12be2.jpg,inaturalist_research,https://inaturalist-open-data.s3.amazonaws.com/photos/21014887/medium.jpg,14175039,21014887,Apium graveolens (Celery),cc-by-nc,bc9bd12be22bbdf76a8c06beb0815feca68c6662c0adbdfec5b1c32cf3fb2379,ac6d8676d9414f1a,500,333,verified_valid,unique,Botanist-verified research-grade observation of Apium graveolens (500x333),2026-10-10 09:46:30 UTC
celery,celery_inaturalist_83563229_dd9df5defc.jpg,raw_acquisitions/celery/inaturalist_research/celery_inaturalist_83563229_dd9df5defc.jpg,inaturalist_research,https://static.inaturalist.org/photos/137255530/medium.jpeg,83563229,137255530,Apium graveolens (Celery),cc-by-nc,dd9df5defcd890cd91625dc3a3d1696ff6fc4c620fe6bbbc5dac0a6a8284bb96,95bc2a668e455e35,375,500,verified_valid,unique,Botanist-verified research-grade observation of Apium graveolens (375x500),2026-10-10 09:46:30 UTC
celery,celery_inaturalist_15249671_e170055d4e.jpg,raw_acquisitions/celery/inaturalist_research/celery_inaturalist_15249671_e170055d4e.jpg,inaturalist_research,https://inaturalist-open-data.s3.amazonaws.com/photos/22815672/medium.jpg,15249671,22815672,Apium graveolens (Celery),cc-by,e170055d4ec052eb6b3a24e9d6a5208e48cc7f59c1e0a4471d6d623db637f436,9e19b2db9b623c90,320,500,verified_valid,unique,Botanist-verified research-grade observation of Apium graveolens (320x500),2026-10-10 09:46:30 UTC
celery,celery_inaturalist_67644414_5e898df282.jpg,raw_acquisitions/celery/inaturalist_research/celery_inaturalist_67644414_5e898df282.jpg,inaturalist_research,https://static.inaturalist.org/photos/109341875/medium.jpg,67644414,109341875,Apium graveolens (Celery),cc-by-nc,5e898df2828955f5e2b145c3a729fdae584654f06e04903190abbc76bc618508,c40f7151b6ef1c86,375,500,verified_valid,unique,Botanist-verified research-grade observation of Apium graveolens (375x500),2026-10-10 09:46:30 UTC
celery,celery_inaturalist_240731765_2b7393c5f4.jpg,raw_acquisitions/celery/inaturalist_research/celery_inaturalist_240731765_2b7393c5f4.jpg,inaturalist_research,https://static.inaturalist.org/photos/428934384/medium.jpeg,240731765,428934384,Apium graveolens (Celery),cc-by-nc,2b7393c5f4cbf789c53b28e22081d1695d39daa777d906e418c7b37678b408fb,bcab6392986a994d,500,333,verified_valid,unique,Botanist-verified research-grade observation of Apium graveolens (500x333),2026-10-10 09:46:30 UTC
celery,celery_inaturalist_130215798_b4196c2ace.jpg,raw_acquisitions/celery/inaturalist_research/celery_inaturalist_130215798_b4196c2ace.jpg,inaturalist_research,https://static.inaturalist.org/photos/221416116/medium.jpg,130215798,221416116,Apium graveolens (Celery),cc-by-nc,b4196c2ace8ef2f9e74ee794f455fdfc59e0c98a8da6fe526069def240b5abb9,d3720ec33e07394e,500,334,verified_valid,unique,Botanist-verified research-grade observation of Apium graveolens (500x334),2026-10-10 09:46:30 UTC
celery,celery_inaturalist_8911829_981f389d3d.jpg,raw_acquisitions/celery/inaturalist_research/celery_inaturalist_8911829_981f389d3d.jpg,inaturalist_research,https://inaturalist-open-data.s3.amazonaws.com/photos/11996571/medium.jpeg,8911829,11996571,Apium graveolens (Celery),cc-by-nc,981f389d3d5ef0623395d08910b4c57441181e6ff16708a620fabc13d037b476,d4d90fe42734923e,500,293,verified_valid,unique,Botanist-verified research-grade observation of Apium graveolens (500x293),2026-10-10 09:46:30 UTC
celery,celery_inaturalist_245998088_a79302fc09.jpg,raw_acquisitions/celery/inaturalist_research/celery_inaturalist_245998088_a79302fc09.jpg,inaturalist_research,https://inaturalist-open-data.s3.amazonaws.com/photos/439072178/medium.jpeg,245998088,439072178,Apium graveolens (Celery),cc-by-nc,a79302fc09236346dc71262174acc451b00e042eb258c82e039259573e83928f,d69266d0bc4c87cb,392,500,verified_valid,unique,Botanist-verified research-grade observation of Apium graveolens (392x500),2026-10-10 09:46:30 UTC
celery,celery_inaturalist_237780657_e6d178b911.jpg,raw_acquisitions/celery/inaturalist_research/celery_inaturalist_237780657_e6d178b911.jpg,inaturalist_research,https://inaturalist-open-data.s3.amazonaws.com/photos/423227581/medium.jpeg,237780657,423227581,Apium graveolens (Celery),cc-by-nc,e6d178b9113957cadaf80968f2485d315278518eeb368ff256419477a1d5ce84,a02ffc93f0454796,375,500,verified_valid,unique,Botanist-verified research-grade observation of Apium graveolens (375x500),2026-10-10 09:46:30 UTC
celery,celery_inaturalist_186640998_df70716a15.jpg,raw_acquisitions/celery/inaturalist_research/celery_inaturalist_186640998_df70716a15.jpg,inaturalist_research,https://static.inaturalist.org/photos/326212423/medium.jpeg,186640998,326212423,Apium graveolens (Celery),cc-by-nc,df70716a151f276153a103a9dabf1946d4206e6b94136ac0b77976519cb51106,d497145214e8bd7e,500,375,verified_valid,unique,Botanist-verified research-grade observation of Apium graveolens (500x375),2026-10-10 09:46:30 UTC
celery,celery_inaturalist_170491701_72e2c31e72.jpg,raw_acquisitions/celery/inaturalist_research/celery_inaturalist_170491701_72e2c31e72.jpg,inaturalist_research,https://static.inaturalist.org/photos/295706997/medium.jpeg,170491701,295706997,Apium graveolens (Celery),cc-by-nc,72e2c31e72f91cb647125c916c482e1a99aacd99cd7f7e0e09255e2ac48a685e,d02d37c6c11f3c35,500,333,verified_valid,unique,Botanist-verified research-grade observation of Apium graveolens (500x333),2026-10-10 09:46:30 UTC
celery,celery_inaturalist_185523210_ab8434f562.jpg,raw_acquisitions/celery/inaturalist_research/celery_inaturalist_185523210_ab8434f562.jpg,inaturalist_research,https://inaturalist-open-data.s3.amazonaws.com/photos/324025152/medium.jpeg,185523210,324025152,Apium graveolens (Celery),cc-by-nc,ab8434f562dee2a7ac8d6c7445c00fa86f55a6453979ec6fb44ed3c7dec8c06c,dd3724c883e3d92c,376,500,verified_valid,unique,Botanist-verified research-grade observation of Apium graveolens (376x500),2026-10-10 09:46:30 UTC
celery,celery_inaturalist_248704358_15f146d29b.jpg,raw_acquisitions/celery/inaturalist_research/celery_inaturalist_248704358_15f146d29b.jpg,inaturalist_research,https://inaturalist-open-data.s3.amazonaws.com/photos/444441770/medium.jpeg,248704358,444441770,Apium graveolens (Celery),cc-by,15f146d29bce61bc09ef17f1fa7d8a08aa6e13fef7ca70aa8fc68752133a8d01,8172279e62eac6e5,375,500,verified_valid,unique,Botanist-verified research-grade observation of Apium graveolens (375x500),2026-10-10 09:46:30 UTC
celery,celery_inaturalist_192650099_808b0e53f1.jpg,raw_acquisitions/celery/inaturalist_research/celery_inaturalist_192650099_808b0e53f1.jpg,inaturalist_research,https://static.inaturalist.org/photos/338243048/medium.jpg,192650099,338243048,Apium graveolens (Celery),cc-by-nc,808b0e53f11fbe3829405c501faa3669da49fca4f165187257de0783f502eca4,e5c30fcbec163170,375,500,verified_valid,unique,Botanist-verified research-grade observation of Apium graveolens (375x500),2026-10-10 09:46:30 UTC
celery,celery_inaturalist_186044366_cd1be82598.jpg,raw_acquisitions/celery/inaturalist_research/celery_inaturalist_186044366_cd1be82598.jpg,inaturalist_research,https://inaturalist-open-data.s3.amazonaws.com/photos/325039476/medium.jpeg,186044366,325039476,Apium graveolens (Celery),cc0,cd1be8259833fdce6ac73781360b990d82603de59bed8b812ba834e68dd782b5,801e6ae2e4cd3e76,375,500,verified_valid,unique,Botanist-verified research-grade observation of Apium graveolens (375x500),2026-10-10 09:46:30 UTC
celery,celery_inaturalist_170557014_5e4176718e.jpg,raw_acquisitions/celery/inaturalist_research/celery_inaturalist_170557014_5e4176718e.jpg,inaturalist_research,https://inaturalist-open-data.s3.amazonaws.com/photos/295833966/medium.jpg,170557014,295833966,Apium graveolens (Celery),cc-by-nc,5e4176718efea34973eccfc7c80b14cacafc4c4ee4e2506172fde889fab2ae60,bd64f771023cfc01,375,500,verified_valid,unique,Botanist-verified research-grade observation of Apium graveolens (375x500),2026-10-10 09:46:30 UTC
celery,celery_inaturalist_188930793_3bb1e04190.jpg,raw_acquisitions/celery/inaturalist_research/celery_inaturalist_188930793_3bb1e04190.jpg,inaturalist_research,https://inaturalist-open-data.s3.amazonaws.com/photos/330814346/medium.jpeg,188930793,330814346,Apium graveolens (Celery),cc-by-nc,3bb1e0419042f337fc82ad5a39198cfd07b77376650b99a30b8c4013737032a2,9ef95d3089660793,500,333,verified_valid,unique,Botanist-verified research-grade observation of Apium graveolens (500x333),2026-10-10 09:46:30 UTC
celery,celery_inaturalist_258648887_adc0d0439c.jpg,raw_acquisitions/celery/inaturalist_research/celery_inaturalist_258648887_adc0d0439c.jpg,inaturalist_research,https://inaturalist-open-data.s3.amazonaws.com/photos/464114344/medium.jpeg,258648887,464114344,Apium graveolens (Celery),cc-by-nc,adc0d0439c5eecf74f5ee1732c21e985625a7849ac17ceeff9095529312ecd1f,bfd2c22c0a3dd4a3,375,500,verified_valid,unique,Botanist-verified research-grade observation of Apium graveolens (375x500),2026-10-10 09:46:30 UTC
celery,celery_inaturalist_401654203_721cb67101.jpg,raw_acquisitions/celery/inaturalist_research/celery_inaturalist_401654203_721cb67101.jpg,inaturalist_research,https://static.inaturalist.org/photos/737227513/medium.jpg,401654203,737227513,Apium graveolens (Celery),cc-by-nc,721cb671012235c14f34a8f7ca8ae9fa46687c986686f49ced9af88f6a1afa80,ba0064bb9e59379c,225,500,verified_valid,unique,Botanist-verified research-grade observation of Apium graveolens (225x500),2026-10-10 09:46:30 UTC
celery,celery_inaturalist_251173289_1cdcc24510.jpg,raw_acquisitions/celery/inaturalist_research/celery_inaturalist_251173289_1cdcc24510.jpg,inaturalist_research,https://static.inaturalist.org/photos/449371163/medium.jpeg,251173289,449371163,Apium graveolens (Celery),cc-by-nc,1cdcc24510d80b9154f4b49ff22d0b4566fb5a816831439ee707829b5af9769d,df137033220abcf5,467,500,verified_valid,unique,Botanist-verified research-grade observation of Apium graveolens (467x500),2026-10-10 09:46:30 UTC
celery,celery_inaturalist_358969993_badbb18fce.jpg,raw_acquisitions/celery/inaturalist_research/celery_inaturalist_358969993_badbb18fce.jpg,inaturalist_research,https://inaturalist-open-data.s3.amazonaws.com/photos/654899655/medium.jpg,358969993,654899655,Apium graveolens (Celery),cc-by-nc,badbb18fcef75a59c7134185aa10b7279e325b1acfe727bbc17b2c265c90311e,83d33c6d3f24543a,500,375,verified_valid,unique,Botanist-verified research-grade observation of Apium graveolens (500x375),2026-10-10 09:46:30 UTC
celery,celery_inaturalist_192029403_fa3ee3d633.jpg,raw_acquisitions/celery/inaturalist_research/celery_inaturalist_192029403_fa3ee3d633.jpg,inaturalist_research,https://inaturalist-open-data.s3.amazonaws.com/photos/337021390/medium.jpeg,192029403,337021390,Apium graveolens (Celery),cc-by-nc,fa3ee3d633ef4e4bb86e09f9a2a7605e64721fd7780ce354d260afba4c0b8cd0,88c07e2322fe2fcd,500,375,verified_valid,unique,Botanist-verified research-grade observation of Apium graveolens (500x375),2026-10-10 09:46:30 UTC
celery,celery_inaturalist_165012508_db403277a2.jpg,raw_acquisitions/celery/inaturalist_research/celery_inaturalist_165012508_db403277a2.jpg,inaturalist_research,https://inaturalist-open-data.s3.amazonaws.com/photos/285581760/medium.jpeg,165012508,285581760,Apium graveolens (Celery),cc-by-nc,db403277a26ea10a1233c218fecc94810b387cefb8f34c26b0171f9fe14e1b54,fbd89229e5909ec2,500,327,verified_valid,unique,Botanist-verified research-grade observation of Apium graveolens (500x327),2026-10-10 09:46:30 UTC
celery,celery_inaturalist_391941541_4026d5f8e3.jpg,raw_acquisitions/celery/inaturalist_research/celery_inaturalist_391941541_4026d5f8e3.jpg,inaturalist_research,https://inaturalist-open-data.s3.amazonaws.com/photos/718220094/medium.jpg,391941541,718220094,Apium graveolens (Celery),cc-by-nc,4026d5f8e3149c2d88bc9d08dde8128e5a66210b4d31f81a5df6130ac9c7b880,8a83350ff63f143a,375,500,verified_valid,unique,Botanist-verified research-grade observation of Apium graveolens (375x500),2026-10-10 09:46:30 UTC
celery,celery_inaturalist_167038765_62b4b9d038.jpg,raw_acquisitions/celery/inaturalist_research/celery_inaturalist_167038765_62b4b9d038.jpg,inaturalist_research,https://static.inaturalist.org/photos/289316955/medium.jpg,167038765,289316955,Apium graveolens (Celery),cc-by-nc,62b4b9d0383cae238b58e4a720f659fcbc05f7fd97826ea16354c7f4080a00ca,98866d897b91266f,500,500,verified_valid,unique,Botanist-verified research-grade observation of Apium graveolens (500x500),2026-10-10 09:46:30 UTC
celery,celery_inaturalist_263555365_eba2817e7b.jpg,raw_acquisitions/celery/inaturalist_research/celery_inaturalist_263555365_eba2817e7b.jpg,inaturalist_research,https://inaturalist-open-data.s3.amazonaws.com/photos/473491590/medium.jpg,263555365,473491590,Apium graveolens (Celery),cc-by-nc,eba2817e7b82a9fdb90690b5f66989a8a8ad8f88977ca86e66a97912b5caf634,c3a31dbc68e2c6d2,375,500,verified_valid,unique,Botanist-verified research-grade observation of Apium graveolens (375x500),2026-10-10 09:46:30 UTC
celery,celery_inaturalist_405605617_d653f3ff08.jpg,raw_acquisitions/celery/inaturalist_research/celery_inaturalist_405605617_d653f3ff08.jpg,inaturalist_research,https://inaturalist-open-data.s3.amazonaws.com/photos/745042726/medium.jpg,405605617,745042726,Apium graveolens (Celery),cc-by-nc,d653f3ff08d5018681294aa36057e008d8917d329413f18c66b0f9c3b62bd150,a1de20f1973f4ea0,375,500,verified_valid,unique,Botanist-verified research-grade observation of Apium graveolens (375x500),2026-10-10 09:46:30 UTC
celery,celery_inaturalist_233781489_5b22cece7f.jpg,raw_acquisitions/celery/inaturalist_research/celery_inaturalist_233781489_5b22cece7f.jpg,inaturalist_research,https://inaturalist-open-data.s3.amazonaws.com/photos/415510614/medium.jpeg,233781489,415510614,Apium graveolens (Celery),cc-by-nc,5b22cece7f0897c1ca53492ebfd89b31fce1928c3deaa068288099424e73a009,99592f26d3f1c419,375,500,verified_valid,unique,Botanist-verified research-grade observation of Apium graveolens (375x500),2026-10-10 09:46:30 UTC
celery,celery_inaturalist_171615956_151fdedc1e.jpg,raw_acquisitions/celery/inaturalist_research/celery_inaturalist_171615956_151fdedc1e.jpg,inaturalist_research,https://inaturalist-open-data.s3.amazonaws.com/photos/297816938/medium.jpg,171615956,297816938,Apium graveolens (Celery),cc-by-nc,151fdedc1e1fc9976ae5f94573b673f6765f4828c742b92c1bc76ce6d85211b3,b81f9dc1a192f30b,375,500,verified_valid,unique,Botanist-verified research-grade observation of Apium graveolens (375x500),2026-10-10 09:46:30 UTC
celery,celery_inaturalist_162218337_6923c2d69e.jpg,raw_acquisitions/celery/inaturalist_research/celery_inaturalist_162218337_6923c2d69e.jpg,inaturalist_research,https://inaturalist-open-data.s3.amazonaws.com/photos/280471294/medium.jpeg,162218337,280471294,Apium graveolens (Celery),cc-by-nc,6923c2d69e551c3d16b2cab69b7c0c3bf48f363bda6626463086f8084dc946c1,827c5695f5bd08c3,375,500,verified_valid,unique,Botanist-verified research-grade observation of Apium graveolens (375x500),2026-10-10 09:46:30 UTC
celery,celery_inaturalist_237573365_1c834ffdfe.jpg,raw_acquisitions/celery/inaturalist_research/celery_inaturalist_237573365_1c834ffdfe.jpg,inaturalist_research,https://inaturalist-open-data.s3.amazonaws.com/photos/422831628/medium.jpeg,237573365,422831628,Apium graveolens (Celery),cc-by-nc,1c834ffdfe8e43c8af9c42c05570a94afc10762fb493aa1aed10bb3acbab5fa1,e0c1e1f83d1f4e49,500,375,verified_valid,unique,Botanist-verified research-grade observation of Apium graveolens (500x375),2026-10-10 09:46:30 UTC
celery,celery_inaturalist_327798582_43c9cdc8d1.jpg,raw_acquisitions/celery/inaturalist_research/celery_inaturalist_327798582_43c9cdc8d1.jpg,inaturalist_research,https://inaturalist-open-data.s3.amazonaws.com/photos/593905907/medium.jpg,327798582,593905907,Apium graveolens (Celery),cc-by-nc,43c9cdc8d10e1368179976e624c7db96fcfb1b3668b8242ad2b9f49787efa7d8,8d39a732b40c399f,500,333,verified_valid,unique,Botanist-verified research-grade observation of Apium graveolens (500x333),2026-10-10 09:46:30 UTC
celery,celery_inaturalist_167801104_0d9dd19585.jpg,raw_acquisitions/celery/inaturalist_research/celery_inaturalist_167801104_0d9dd19585.jpg,inaturalist_research,https://inaturalist-open-data.s3.amazonaws.com/photos/290732185/medium.jpeg,167801104,290732185,Apium graveolens (Celery),cc-by-nc,0d9dd19585245b5972bff765eb58c2321fc7464bb326fc74e5b12fa78bba0386,c6dc68c5783c34ce,375,500,verified_valid,unique,Botanist-verified research-grade observation of Apium graveolens (375x500),2026-10-10 09:46:30 UTC
celery,celery_inaturalist_331766498_10558a99c9.jpg,raw_acquisitions/celery/inaturalist_research/celery_inaturalist_331766498_10558a99c9.jpg,inaturalist_research,https://inaturalist-open-data.s3.amazonaws.com/photos/601931076/medium.jpg,331766498,601931076,Apium graveolens (Celery),cc-by-nc,10558a99c92cfae7f0cc80c16c566e17fb92d06a0bbf9eb44fd6a967ed1e1bbf,e11e75363464d933,375,500,verified_valid,unique,Botanist-verified research-grade observation of Apium graveolens (375x500),2026-10-10 09:46:30 UTC
celery,celery_inaturalist_334123004_c6ce1415b7.jpg,raw_acquisitions/celery/inaturalist_research/celery_inaturalist_334123004_c6ce1415b7.jpg,inaturalist_research,https://inaturalist-open-data.s3.amazonaws.com/photos/606692948/medium.jpg,334123004,606692948,Apium graveolens (Celery),cc-by-nc,c6ce1415b7496b6816cd129b31e9433602d1690648a4ab2597aba72fc4a35041,de9864e3e92cb09a,375,500,verified_valid,unique,Botanist-verified research-grade observation of Apium graveolens (375x500),2026-10-10 09:46:30 UTC
celery,celery_inaturalist_306315407_7cfd5cb491.jpg,raw_acquisitions/celery/inaturalist_research/celery_inaturalist_306315407_7cfd5cb491.jpg,inaturalist_research,https://inaturalist-open-data.s3.amazonaws.com/photos/552386711/medium.jpg,306315407,552386711,Apium graveolens (Celery),cc-by-nc,7cfd5cb491a13ff742736f9f83437dcc4b568935d19cd6302b91c35694b60fcd,94478ae0e50fd4f9,375,500,verified_valid,unique,Botanist-verified research-grade observation of Apium graveolens (375x500),2026-10-10 09:46:30 UTC
celery,celery_inaturalist_363903590_59aee2eae2.jpg,raw_acquisitions/celery/inaturalist_research/celery_inaturalist_363903590_59aee2eae2.jpg,inaturalist_research,https://inaturalist-open-data.s3.amazonaws.com/photos/664304093/medium.jpg,363903590,664304093,Apium graveolens (Celery),cc-by-nc,59aee2eae24f3c3ee5e1e20a29accd568886b5f1e68563668a879125b18edce1,95d239296971a6ec,376,500,verified_valid,unique,Botanist-verified research-grade observation of Apium graveolens (376x500),2026-10-10 09:46:30 UTC
celery,celery_inaturalist_307256554_070c2333da.jpg,raw_acquisitions/celery/inaturalist_research/celery_inaturalist_307256554_070c2333da.jpg,inaturalist_research,https://inaturalist-open-data.s3.amazonaws.com/photos/554181406/medium.jpg,307256554,554181406,Apium graveolens (Celery),cc-by-nc,070c2333da14aa12cfd16b495d2100068724503987d41947fd42458c76db8c15,839e2d634aa75f18,281,500,verified_valid,unique,Botanist-verified research-grade observation of Apium graveolens (281x500),2026-10-10 09:46:30 UTC
celery,celery_inaturalist_309873003_5f372d7795.jpg,raw_acquisitions/celery/inaturalist_research/celery_inaturalist_309873003_5f372d7795.jpg,inaturalist_research,https://static.inaturalist.org/photos/559221545/medium.jpg,309873003,559221545,Apium graveolens (Celery),cc-by-nc,5f372d7795453fd64883557058f764cdb7611bad7dd6e1568bec2836157a3b47,e88a5a6357d87368,375,500,verified_valid,unique,Botanist-verified research-grade observation of Apium graveolens (375x500),2026-10-10 09:46:30 UTC
celery,celery_inaturalist_304501849_ea7ace3bc4.jpg,raw_acquisitions/celery/inaturalist_research/celery_inaturalist_304501849_ea7ace3bc4.jpg,inaturalist_research,https://inaturalist-open-data.s3.amazonaws.com/photos/548943726/medium.jpg,304501849,548943726,Apium graveolens (Celery),cc-by-nc,ea7ace3bc4f9ae8846df1e8f78b449d1c89962a82645441b83da0a36da46656b,a19ec1f38f32c970,375,500,verified_valid,unique,Botanist-verified research-grade observation of Apium graveolens (375x500),2026-10-10 09:46:30 UTC
celery,celery_inaturalist_368547857_f2b29797ce.jpg,raw_acquisitions/celery/inaturalist_research/celery_inaturalist_368547857_f2b29797ce.jpg,inaturalist_research,https://static.inaturalist.org/photos/673149478/medium.jpg,368547857,673149478,Apium graveolens (Celery),cc-by-nc,f2b29797ce32d0b6227df9ca2ebdacf22c232bed8690924b058f172ce3fa35d3,88193dcf46d0ccbb,375,500,verified_valid,unique,Botanist-verified research-grade observation of Apium graveolens (375x500),2026-10-10 09:46:30 UTC
celery,celery_inaturalist_374737437_d0d6405dea.jpg,raw_acquisitions/celery/inaturalist_research/celery_inaturalist_374737437_d0d6405dea.jpg,inaturalist_research,https://inaturalist-open-data.s3.amazonaws.com/photos/684978913/medium.jpg,374737437,684978913,Apium graveolens (Celery),cc-by-nc,d0d6405dea68a6494d587c0a625653c21814642441b012783f712c32dc981565,e41e473a20f1bb0f,375,500,verified_valid,unique,Botanist-verified research-grade observation of Apium graveolens (375x500),2026-10-10 09:46:30 UTC
celery,celery_inaturalist_17174902_034f12eb70.jpg,raw_acquisitions/celery/inaturalist_research/celery_inaturalist_17174902_034f12eb70.jpg,inaturalist_research,https://inaturalist-open-data.s3.amazonaws.com/photos/26026697/medium.jpg,17174902,26026697,Apium graveolens (Celery),cc-by-nc,034f12eb706db5ebf18b4b5544ebcf41fa5acf1e7bf00503bca93b8af499aeed,d35f205c9e23d827,375,500,verified_valid,unique,Botanist-verified research-grade observation of Apium graveolens (375x500),2026-10-10 09:46:30 UTC
celery,celery_inaturalist_260134540_d52fbde385.jpg,raw_acquisitions/celery/inaturalist_research/celery_inaturalist_260134540_d52fbde385.jpg,inaturalist_research,https://inaturalist-open-data.s3.amazonaws.com/photos/467101338/medium.jpg,260134540,467101338,Apium graveolens (Celery),cc-by-nc,d52fbde3854d9d6635bd3b8d2fedaac5e09ad9bd0c865c3ea2836fd6c1747845,88d68f7bd00b6ba4,375,500,verified_valid,unique,Botanist-verified research-grade observation of Apium graveolens (375x500),2026-10-10 09:46:30 UTC
celery,celery_inaturalist_270652517_d5f1508cc5.jpg,raw_acquisitions/celery/inaturalist_research/celery_inaturalist_270652517_d5f1508cc5.jpg,inaturalist_research,https://inaturalist-open-data.s3.amazonaws.com/photos/486770099/medium.jpeg,270652517,486770099,Apium graveolens (Celery),cc-by-nc,d5f1508cc51187b852cc60f1afff8df8bf3918ce9c0ba06fe38dc3186b5aeadd,8bc44524716bb9e7,281,500,verified_valid,unique,Botanist-verified research-grade observation of Apium graveolens (281x500),2026-10-10 09:46:30 UTC
celery,celery_inaturalist_17463607_094e429937.jpg,raw_acquisitions/celery/inaturalist_research/celery_inaturalist_17463607_094e429937.jpg,inaturalist_research,https://inaturalist-open-data.s3.amazonaws.com/photos/26553811/medium.jpeg,17463607,26553811,Apium graveolens (Celery),cc-by-nc,094e4299376cfca6fd74483f4ee438bf955fd5e9883acc71d50c4d491409ffb8,e13c8e93d362ccc9,500,375,verified_valid,unique,Botanist-verified research-grade observation of Apium graveolens (500x375),2026-10-10 09:46:30 UTC
celery,celery_inaturalist_202352868_e66d95010d.jpg,raw_acquisitions/celery/inaturalist_research/celery_inaturalist_202352868_e66d95010d.jpg,inaturalist_research,https://inaturalist-open-data.s3.amazonaws.com/photos/357364580/medium.jpg,202352868,357364580,Apium graveolens (Celery),cc-by,e66d95010d4047ccad5fd161d9a06f88aca88b2b3def63f0178d6bf0b0250bf0,f8fc694d9e016dc0,375,500,verified_valid,unique,Botanist-verified research-grade observation of Apium graveolens (375x500),2026-10-10 09:46:30 UTC
celery,celery_inaturalist_202824652_7859653afa.jpg,raw_acquisitions/celery/inaturalist_research/celery_inaturalist_202824652_7859653afa.jpg,inaturalist_research,https://inaturalist-open-data.s3.amazonaws.com/photos/358263713/medium.jpeg,202824652,358263713,Apium graveolens (Celery),cc-by-nc,7859653afab39bdb55e183095e122d64e2efd1c1748614a6a266a4669fc974d1,b3d8a72da8e39186,281,500,verified_valid,unique,Botanist-verified research-grade observation of Apium graveolens (281x500),2026-10-10 09:46:30 UTC
celery,celery_inaturalist_15989803_27f3a0c817.jpg,raw_acquisitions/celery/inaturalist_research/celery_inaturalist_15989803_27f3a0c817.jpg,inaturalist_research,https://inaturalist-open-data.s3.amazonaws.com/photos/23941176/medium.jpeg,15989803,23941176,Apium graveolens (Celery),cc-by-nc,27f3a0c81784e6a0238031d26b58704a7d1ba1975b8502753933217fbd4d8645,cae428d23746a36f,500,333,verified_valid,unique,Botanist-verified research-grade observation of Apium graveolens (500x333),2026-10-10 09:46:30 UTC
celery,celery_inaturalist_291648416_33758cb065.jpg,raw_acquisitions/celery/inaturalist_research/celery_inaturalist_291648416_33758cb065.jpg,inaturalist_research,https://inaturalist-open-data.s3.amazonaws.com/photos/524733390/medium.jpg,291648416,524733390,Apium graveolens (Celery),cc-by-nc,33758cb065aed7f6f4d53977c71d96bf0eaf082224cc0b19f7a431d4ccce9635,cb77588e955307a2,500,333,verified_valid,unique,Botanist-verified research-grade observation of Apium graveolens (500x333),2026-10-10 09:46:30 UTC
celery,celery_inaturalist_111383046_f0c353fc40.jpg,raw_acquisitions/celery/inaturalist_research/celery_inaturalist_111383046_f0c353fc40.jpg,inaturalist_research,https://static.inaturalist.org/photos/188024715/medium.jpeg,111383046,188024715,Apium graveolens (Celery),cc-by-nc,f0c353fc40b192c6ecd8b8e407af16881354eaf15901864b2613afc60275f631,f52452a5e81d8f59,500,375,verified_valid,unique,Botanist-verified research-grade observation of Apium graveolens (500x375),2026-10-10 09:46:30 UTC
celery,celery_inaturalist_50117998_4b0075e9df.jpg,raw_acquisitions/celery/inaturalist_research/celery_inaturalist_50117998_4b0075e9df.jpg,inaturalist_research,https://static.inaturalist.org/photos/79582758/medium.jpeg,50117998,79582758,Apium graveolens (Celery),cc-by-nc,4b0075e9dfd32413279bf9e9fbfad78ebb14da6cafe480a01587cf70ee4e6fef,d6808cfd804ffb4a,500,281,verified_valid,unique,Botanist-verified research-grade observation of Apium graveolens (500x281),2026-10-10 09:46:30 UTC
celery,celery_inaturalist_116921223_db43e700b7.jpg,raw_acquisitions/celery/inaturalist_research/celery_inaturalist_116921223_db43e700b7.jpg,inaturalist_research,https://inaturalist-open-data.s3.amazonaws.com/photos/197406553/medium.jpg,116921223,197406553,Apium graveolens (Celery),cc-by-nc,db43e700b75834c2a606ecedb4646948506584b875afb1421c4893dfcc5bb0c5,dc6a3135262db39c,375,500,verified_valid,unique,Botanist-verified research-grade observation of Apium graveolens (375x500),2026-10-10 09:46:30 UTC
celery,celery_inaturalist_113921637_43b9568b59.jpg,raw_acquisitions/celery/inaturalist_research/celery_inaturalist_113921637_43b9568b59.jpg,inaturalist_research,https://inaturalist-open-data.s3.amazonaws.com/photos/192418246/medium.jpeg,113921637,192418246,Apium graveolens (Celery),cc-by-nc,43b9568b59b5a05f7ae1f10a1c9e6e1aa920c167d5d443b457138d68ba82c7b4,a50c7f784b0b674a,375,500,verified_valid,unique,Botanist-verified research-grade observation of Apium graveolens (375x500),2026-10-10 09:46:30 UTC
celery,celery_inaturalist_47242649_e95b9438bc.jpg,raw_acquisitions/celery/inaturalist_research/celery_inaturalist_47242649_e95b9438bc.jpg,inaturalist_research,https://inaturalist-open-data.s3.amazonaws.com/photos/74926170/medium.jpeg,47242649,74926170,Apium graveolens (Celery),cc-by,e95b9438bcd86672b9fa190beb55a02b600803868c5c21cc7866b35ccc5ae94f,96a476c64f056d36,500,382,verified_valid,unique,Botanist-verified research-grade observation of Apium graveolens (500x382),2026-10-10 09:46:30 UTC
celery,celery_inaturalist_47193867_93d49ef0f1.jpg,raw_acquisitions/celery/inaturalist_research/celery_inaturalist_47193867_93d49ef0f1.jpg,inaturalist_research,https://inaturalist-open-data.s3.amazonaws.com/photos/74845037/medium.jpg,47193867,74845037,Apium graveolens (Celery),cc-by-nc,93d49ef0f16bfed6af4b7522cf9a193f359e63b6a08332fb385e5cc77977931e,8860564f39fa7666,500,375,verified_valid,unique,Botanist-verified research-grade observation of Apium graveolens (500x375),2026-10-10 09:46:30 UTC
celery,celery_inaturalist_122414496_496498b5e8.jpg,raw_acquisitions/celery/inaturalist_research/celery_inaturalist_122414496_496498b5e8.jpg,inaturalist_research,https://inaturalist-open-data.s3.amazonaws.com/photos/207257612/medium.jpeg,122414496,207257612,Apium graveolens (Celery),cc-by-nc,496498b5e8dc3b44c8afee49dfa416931f1ec5704659a3a5ac432dc5803b9409,8fb942073dbe24c6,500,380,verified_valid,unique,Botanist-verified research-grade observation of Apium graveolens (500x380),2026-10-10 09:46:30 UTC
celery,celery_inaturalist_399712460_d7fab61d1b.jpg,raw_acquisitions/celery/inaturalist_research/celery_inaturalist_399712460_d7fab61d1b.jpg,inaturalist_research,https://static.inaturalist.org/photos/733376160/medium.jpg,399712460,733376160,Apium graveolens (Celery),cc-by-nc,d7fab61d1b36ed8fc5ea2ecabaf4c2e768e48f84640c89ff7795c66f6486f12d,f5c9a8d58826591f,375,500,verified_valid,unique,Botanist-verified research-grade observation of Apium graveolens (375x500),2026-10-10 09:46:30 UTC
celery,celery_inaturalist_339636587_765fa8f2cc.jpg,raw_acquisitions/celery/inaturalist_research/celery_inaturalist_339636587_765fa8f2cc.jpg,inaturalist_research,https://static.inaturalist.org/photos/617886747/medium.jpg,339636587,617886747,Apium graveolens (Celery),cc-by-nc,765fa8f2cc6e02831c753e24b4b5b3fb9a3a2cdc888522da2d6a0fe3a0b981f2,e1e21dc34ad4c0bf,375,500,verified_valid,unique,Botanist-verified research-grade observation of Apium graveolens (375x500),2026-10-10 09:46:30 UTC
celery,celery_inaturalist_59007780_7f58465701.jpg,raw_acquisitions/celery/inaturalist_research/celery_inaturalist_59007780_7f58465701.jpg,inaturalist_research,https://inaturalist-open-data.s3.amazonaws.com/photos/94248700/medium.jpg,59007780,94248700,Apium graveolens (Celery),cc-by-nc,7f58465701e01ae06212c0c66807ddf2c6c323e186b45e5f497d68f7cc3b4c27,f5d0383ee03d243d,375,500,verified_valid,unique,Botanist-verified research-grade observation of Apium graveolens (375x500),2026-10-10 09:46:30 UTC
celery,celery_inaturalist_123147483_dd5eb9f8db.jpg,raw_acquisitions/celery/inaturalist_research/celery_inaturalist_123147483_dd5eb9f8db.jpg,inaturalist_research,https://inaturalist-open-data.s3.amazonaws.com/photos/208590602/medium.jpeg,123147483,208590602,Apium graveolens (Celery),cc-by-nc,dd5eb9f8db1afd229d53c5ae3fa59bc655ff93f02cf7ba0cb876c7ce06ac1097,85392e8df33835c9,375,500,verified_valid,unique,Botanist-verified research-grade observation of Apium graveolens (375x500),2026-10-10 09:46:30 UTC
celery,celery_inaturalist_35374382_67d481d982.jpg,raw_acquisitions/celery/inaturalist_research/celery_inaturalist_35374382_67d481d982.jpg,inaturalist_research,https://inaturalist-open-data.s3.amazonaws.com/photos/55773843/medium.jpg,35374382,55773843,Apium graveolens (Celery),cc-by-nc,67d481d98241e9126c47c60ec6c8f4edfb04a982145f6c997b0c50c980033167,90fa29a9634e1f66,500,375,verified_valid,unique,Botanist-verified research-grade observation of Apium graveolens (500x375),2026-10-10 09:46:30 UTC
celery,celery_inaturalist_281846182_896cf85006.jpg,raw_acquisitions/celery/inaturalist_research/celery_inaturalist_281846182_896cf85006.jpg,inaturalist_research,https://static.inaturalist.org/photos/506326550/medium.jpg,281846182,506326550,Apium graveolens (Celery),cc-by-nc,896cf8500669d4b444d26d3bde59d08086648a27b32187c4d36a2c627464c36b,c0b11e3aabf63625,375,500,verified_valid,unique,Botanist-verified research-grade observation of Apium graveolens (375x500),2026-10-10 09:46:30 UTC
celery,celery_inaturalist_88756992_621e5b3f9f.jpg,raw_acquisitions/celery/inaturalist_research/celery_inaturalist_88756992_621e5b3f9f.jpg,inaturalist_research,https://inaturalist-open-data.s3.amazonaws.com/photos/146485065/medium.jpg,88756992,146485065,Apium graveolens (Celery),cc-by-nc,621e5b3f9fbf1970bd49c1c91b21e954fd1492fde8d86eecf27a012488d33540,d8d3e40d388dd2ab,375,500,verified_valid,unique,Botanist-verified research-grade observation of Apium graveolens (375x500),2026-10-10 09:46:30 UTC
carnation,carnation_inaturalist_337175378_273f1bb8a1.jpg,raw_acquisitions/carnation/inaturalist_research/carnation_inaturalist_337175378_273f1bb8a1.jpg,inaturalist_research,https://static.inaturalist.org/photos/612879400/medium.jpg,337175378,612879400,Dianthus caryophyllus (clove pink),cc-by-nc,273f1bb8a15166447c8d2c19de5b18c09406dfb43614650b1d65a8ec62243750,95c808ebaa56f754,375,500,verified_valid,unique,Botanist-verified research-grade observation of Dianthus caryophyllus (375x500),2026-10-10 09:48:19 UTC
carnation,carnation_inaturalist_86191063_bda1562cbc.jpg,raw_acquisitions/carnation/inaturalist_research/carnation_inaturalist_86191063_bda1562cbc.jpg,inaturalist_research,https://inaturalist-open-data.s3.amazonaws.com/photos/141947461/medium.jpg,86191063,141947461,Dianthus caryophyllus (clove pink),cc-by-nc,bda1562cbc2b8e5c304bc9642bf1d46d655be4ed9e6d81179dcf88335cfeef4d,dd66afb057682984,500,375,verified_valid,unique,Botanist-verified research-grade observation of Dianthus caryophyllus (500x375),2026-10-10 09:48:19 UTC
carnation,carnation_inaturalist_35519115_6ece3413a3.jpg,raw_acquisitions/carnation/inaturalist_research/carnation_inaturalist_35519115_6ece3413a3.jpg,inaturalist_research,https://inaturalist-open-data.s3.amazonaws.com/photos/56015098/medium.jpg,35519115,56015098,Dianthus caryophyllus (clove pink),cc-by-nc,6ece3413a3f95328475aae0873f03c51e19565815995a2b7124957cf6dbe5280,e0839dc09fe1f0f8,281,500,verified_valid,unique,Botanist-verified research-grade observation of Dianthus caryophyllus (281x500),2026-10-10 09:48:19 UTC
carnation,carnation_inaturalist_67293538_4bdfafb75d.jpg,raw_acquisitions/carnation/inaturalist_research/carnation_inaturalist_67293538_4bdfafb75d.jpg,inaturalist_research,https://inaturalist-open-data.s3.amazonaws.com/photos/108688105/medium.jpg,67293538,108688105,Dianthus caryophyllus (clove pink),cc-by-nc,4bdfafb75d3ddb8f2ec4afffae884e0ed72737d1708bde526409df16cd282798,c9817373ce66ce22,237,500,verified_valid,unique,Botanist-verified research-grade observation of Dianthus caryophyllus (237x500),2026-10-10 09:48:19 UTC
carnation,carnation_inaturalist_42022498_42a784fb0a.jpg,raw_acquisitions/carnation/inaturalist_research/carnation_inaturalist_42022498_42a784fb0a.jpg,inaturalist_research,https://inaturalist-open-data.s3.amazonaws.com/photos/66692967/medium.jpg,42022498,66692967,Dianthus caryophyllus (clove pink),cc-by,42a784fb0aadc7e52907e58449ad70880bfd0a8ecbc0cc4890b543f506cbabce,c469324bedbad388,500,375,verified_valid,unique,Botanist-verified research-grade observation of Dianthus caryophyllus (500x375),2026-10-10 09:48:19 UTC
carnation,carnation_inaturalist_67686525_6214f06c1e.jpg,raw_acquisitions/carnation/inaturalist_research/carnation_inaturalist_67686525_6214f06c1e.jpg,inaturalist_research,https://inaturalist-open-data.s3.amazonaws.com/photos/109421517/medium.jpg,67686525,109421517,Dianthus caryophyllus (clove pink),cc-by-nc,6214f06c1e7a9917372c0c1048daa14483828fc50418a2f688084cb3ef999488,b7ca57c470703b29,500,333,verified_valid,unique,Botanist-verified research-grade observation of Dianthus caryophyllus (500x333),2026-10-10 09:48:19 UTC
carnation,carnation_inaturalist_206187747_398fe98769.jpg,raw_acquisitions/carnation/inaturalist_research/carnation_inaturalist_206187747_398fe98769.jpg,inaturalist_research,https://inaturalist-open-data.s3.amazonaws.com/photos/364659110/medium.jpeg,206187747,364659110,Dianthus caryophyllus (clove pink),cc-by-nc,398fe98769d8c974251aec3cc8d73a41d3049d852a3124b3eb838cf9d5a5eb3e,8acee10d1b0ef13d,375,500,verified_valid,unique,Botanist-verified research-grade observation of Dianthus caryophyllus (375x500),2026-10-10 09:48:19 UTC
carnation,carnation_inaturalist_229212719_ebc3c806f5.jpg,raw_acquisitions/carnation/inaturalist_research/carnation_inaturalist_229212719_ebc3c806f5.jpg,inaturalist_research,https://inaturalist-open-data.s3.amazonaws.com/photos/406846995/medium.jpeg,229212719,406846995,Dianthus caryophyllus (clove pink),cc-by,ebc3c806f5f4a6b9f233ee2c216e14165ea241339b09e9ffeb85496deb6f918a,d9c1e825b332f05b,375,500,verified_valid,unique,Botanist-verified research-grade observation of Dianthus caryophyllus (375x500),2026-10-10 09:48:19 UTC
carnation,carnation_inaturalist_216716925_8a996aa714.jpg,raw_acquisitions/carnation/inaturalist_research/carnation_inaturalist_216716925_8a996aa714.jpg,inaturalist_research,https://inaturalist-open-data.s3.amazonaws.com/photos/383296922/medium.jpeg,216716925,383296922,Dianthus caryophyllus (clove pink),cc-by-nc-nd,8a996aa714a71418480d0b832df0ffdc74372b270d5d81ff8af04efed0e75336,e5657490626fb594,500,333,verified_valid,unique,Botanist-verified research-grade observation of Dianthus caryophyllus (500x333),2026-10-10 09:48:19 UTC
carnation,carnation_inaturalist_372264495_dad4137fdd.jpg,raw_acquisitions/carnation/inaturalist_research/carnation_inaturalist_372264495_dad4137fdd.jpg,inaturalist_research,https://inaturalist-open-data.s3.amazonaws.com/photos/680235305/medium.jpg,372264495,680235305,Dianthus caryophyllus (clove pink),cc-by-nc,dad4137fdd37b2e8fb3dd0d9346af794f6668afd2bd8e437d85388ab31ec936d,fef8f8c02009a3bb,375,500,verified_valid,unique,Botanist-verified research-grade observation of Dianthus caryophyllus (375x500),2026-10-10 09:48:19 UTC
carnation,carnation_inaturalist_244055118_64e842e508.jpg,raw_acquisitions/carnation/inaturalist_research/carnation_inaturalist_244055118_64e842e508.jpg,inaturalist_research,https://inaturalist-open-data.s3.amazonaws.com/photos/435283964/medium.jpg,244055118,435283964,Dianthus caryophyllus (clove pink),cc-by-nc,64e842e50830d4452c69df1aab2f9b23aaadd2520e92cf40737ffd9db981a729,b88d9621cb67cca3,500,331,verified_valid,unique,Botanist-verified research-grade observation of Dianthus caryophyllus (500x331),2026-10-10 09:48:19 UTC
carnation,carnation_inaturalist_357697009_2ebf50733c.jpg,raw_acquisitions/carnation/inaturalist_research/carnation_inaturalist_357697009_2ebf50733c.jpg,inaturalist_research,https://inaturalist-open-data.s3.amazonaws.com/photos/652434797/medium.jpg,357697009,652434797,Dianthus caryophyllus (clove pink),cc-by-nc,2ebf50733c15bda4598d11dd1ae607cbc46d14c2a0eb6a650aaa6b89680cb480,ccb6338f3279c807,281,500,verified_valid,unique,Botanist-verified research-grade observation of Dianthus caryophyllus (281x500),2026-10-10 09:48:19 UTC
carnation,carnation_inaturalist_311329361_6c3e563435.jpg,raw_acquisitions/carnation/inaturalist_research/carnation_inaturalist_311329361_6c3e563435.jpg,inaturalist_research,https://inaturalist-open-data.s3.amazonaws.com/photos/561998144/medium.jpg,311329361,561998144,Dianthus caryophyllus (clove pink),cc-by-nc,6c3e56343585ef622e386577a66087663532f10e76f2191fdca5a2a68056d44c,a387fca137615ae0,243,500,verified_valid,unique,Botanist-verified research-grade observation of Dianthus caryophyllus (243x500),2026-10-10 09:48:19 UTC
carnation,carnation_inaturalist_218527174_dd5b07253b.jpg,raw_acquisitions/carnation/inaturalist_research/carnation_inaturalist_218527174_dd5b07253b.jpg,inaturalist_research,https://static.inaturalist.org/photos/386699387/medium.jpeg,218527174,386699387,Oressinoma typhla (Bandaged Satyr),cc-by-nc,dd5b07253b6fa557728df4d17945776bede86a3bd1041a119a5acb88d330e4f4,b481d3ecccf11726,416,500,verified_valid,unique,Botanist-verified research-grade observation of Oressinoma typhla (416x500),2026-10-10 09:48:19 UTC
carnation,carnation_inaturalist_45324118_f7790b0b38.jpg,raw_acquisitions/carnation/inaturalist_research/carnation_inaturalist_45324118_f7790b0b38.jpg,inaturalist_research,https://inaturalist-open-data.s3.amazonaws.com/photos/71865454/medium.jpeg,45324118,71865454,Dianthus caryophyllus (clove pink),cc-by-nc,f7790b0b38e249fa85d83469b090bce28133d4ad3d6186dd5de98dc9e97974bf,9cea2491cb6797c2,375,500,verified_valid,unique,Botanist-verified research-grade observation of Dianthus caryophyllus (375x500),2026-10-10 09:48:19 UTC
carnation,carnation_inaturalist_260554335_60fcb12e47.jpg,raw_acquisitions/carnation/inaturalist_research/carnation_inaturalist_260554335_60fcb12e47.jpg,inaturalist_research,https://static.inaturalist.org/photos/467937787/medium.jpg,260554335,467937787,Oressinoma typhla typhla (),cc-by-nc,60fcb12e475c8884329acc1722ef744bc9e0e53d7f6effa9482b5d028daf9bd4,8964269a92795bf9,333,500,verified_valid,unique,Botanist-verified research-grade observation of Oressinoma typhla typhla (333x500),2026-10-10 09:48:19 UTC
carnation,carnation_inaturalist_58617582_9677f7e206.jpg,raw_acquisitions/carnation/inaturalist_research/carnation_inaturalist_58617582_9677f7e206.jpg,inaturalist_research,https://static.inaturalist.org/photos/93598337/medium.jpeg,58617582,93598337,Oressinoma typhla (Bandaged Satyr),cc-by-nc,9677f7e2063c0f302f8712c4b363dcfa3102cac88fbd4203d1e90ef8615449c6,ed8b58e10bda8297,375,500,verified_valid,unique,Botanist-verified research-grade observation of Oressinoma typhla (375x500),2026-10-10 09:48:19 UTC
carnation,carnation_inaturalist_92621187_6704a9550e.jpg,raw_acquisitions/carnation/inaturalist_research/carnation_inaturalist_92621187_6704a9550e.jpg,inaturalist_research,https://inaturalist-open-data.s3.amazonaws.com/photos/153385387/medium.jpeg,92621187,153385387,Oressinoma typhla (Bandaged Satyr),cc-by-nc,6704a9550e94f3f469678f2a86c931e189195fc19a57a3c7188e74106d0d5eab,a8ca393446273b3f,500,375,verified_valid,unique,Botanist-verified research-grade observation of Oressinoma typhla (500x375),2026-10-10 09:48:19 UTC
carnation,carnation_inaturalist_95724474_3fb2ec6fe7.jpg,raw_acquisitions/carnation/inaturalist_research/carnation_inaturalist_95724474_3fb2ec6fe7.jpg,inaturalist_research,https://static.inaturalist.org/photos/158947895/medium.jpeg,95724474,158947895,Oressinoma typhla (Bandaged Satyr),cc-by-nc,3fb2ec6fe789da67712d1c8e3ba4dd64b54c82f363c7ca035a9f58f24da46934,ac9633f84444e5eb,500,445,verified_valid,unique,Botanist-verified research-grade observation of Oressinoma typhla (500x445),2026-10-10 09:48:19 UTC
carnation,carnation_inaturalist_74880164_1bdde3c3e9.jpg,raw_acquisitions/carnation/inaturalist_research/carnation_inaturalist_74880164_1bdde3c3e9.jpg,inaturalist_research,https://inaturalist-open-data.s3.amazonaws.com/photos/122437883/medium.jpeg,74880164,122437883,Oressinoma typhla (Bandaged Satyr),cc-by-nc,1bdde3c3e9cc421590a4db635b7eca852a8f6e31c30e95fbfeb11bcd4edcc88d,8681336f838cedf1,500,332,verified_valid,unique,Botanist-verified research-grade observation of Oressinoma typhla (500x332),2026-10-10 09:48:19 UTC
carnation,carnation_inaturalist_91426029_72a1c86f34.jpg,raw_acquisitions/carnation/inaturalist_research/carnation_inaturalist_91426029_72a1c86f34.jpg,inaturalist_research,https://inaturalist-open-data.s3.amazonaws.com/photos/151221398/medium.jpg,91426029,151221398,Oressinoma typhla (Bandaged Satyr),cc-by-nc,72a1c86f3452c8e2d28203471a37c2212e9ae0b6b6eb9272af90abfb2671bc8e,9b2de63a491cdc89,500,333,verified_valid,unique,Botanist-verified research-grade observation of Oressinoma typhla (500x333),2026-10-10 09:48:19 UTC
carnation,carnation_inaturalist_327117515_33fe62cfd2.jpg,raw_acquisitions/carnation/inaturalist_research/carnation_inaturalist_327117515_33fe62cfd2.jpg,inaturalist_research,https://inaturalist-open-data.s3.amazonaws.com/photos/592568793/medium.jpg,327117515,592568793,Oressinoma typhla (Bandaged Satyr),cc-by,33fe62cfd2e300793bc3c8e8e9d895386a7f815dc20a4d11eef5d209b9611ea1,d84c765ba908a9bd,443,500,verified_valid,unique,Botanist-verified research-grade observation of Oressinoma typhla (443x500),2026-10-10 09:48:19 UTC
carnation,carnation_inaturalist_21994521_a43ea6b842.jpg,raw_acquisitions/carnation/inaturalist_research/carnation_inaturalist_21994521_a43ea6b842.jpg,inaturalist_research,https://inaturalist-open-data.s3.amazonaws.com/photos/34090577/medium.jpg,21994521,34090577,Oressinoma typhla (Bandaged Satyr),cc-by-nc-nd,a43ea6b84249999eac32e7a14fcbb7572dfb6cc82baf60c1cdd84b952015ec1f,df962458ca724c7c,500,399,verified_valid,unique,Botanist-verified research-grade observation of Oressinoma typhla (500x399),2026-10-10 09:48:19 UTC
carnation,carnation_inaturalist_102104755_1534c7a5cf.jpg,raw_acquisitions/carnation/inaturalist_research/carnation_inaturalist_102104755_1534c7a5cf.jpg,inaturalist_research,https://static.inaturalist.org/photos/170618962/medium.jpeg,102104755,170618962,Oressinoma typhla (Bandaged Satyr),cc-by-nc,1534c7a5cf463f0c00e504d4b54872a11c2b6d919bdbededcbb3c0fe0b0dd075,8f1ef01ddce02339,500,444,verified_valid,unique,Botanist-verified research-grade observation of Oressinoma typhla (500x444),2026-10-10 09:48:19 UTC
carnation,carnation_inaturalist_93197659_244c95d511.jpg,raw_acquisitions/carnation/inaturalist_research/carnation_inaturalist_93197659_244c95d511.jpg,inaturalist_research,https://inaturalist-open-data.s3.amazonaws.com/photos/154428729/medium.jpeg,93197659,154428729,Oressinoma typhla (Bandaged Satyr),cc-by-nc,244c95d511f04c82b5637ca9d26007dc4b7f09dce8f3b172826df85793f61fbb,e996c992a5a5289f,281,500,verified_valid,unique,Botanist-verified research-grade observation of Oressinoma typhla (281x500),2026-10-10 09:48:19 UTC
carnation,carnation_inaturalist_85853573_d563ff3bd1.jpg,raw_acquisitions/carnation/inaturalist_research/carnation_inaturalist_85853573_d563ff3bd1.jpg,inaturalist_research,https://inaturalist-open-data.s3.amazonaws.com/photos/141306747/medium.jpg,85853573,141306747,Oressinoma typhla (Bandaged Satyr),cc-by-nc,d563ff3bd1fb865b11c4d5c9fbba946cb3e296e4d9a75775e36b2172ba43b489,95ec4ce759987a88,500,500,verified_valid,unique,Botanist-verified research-grade observation of Oressinoma typhla (500x500),2026-10-10 09:48:19 UTC
carnation,carnation_inaturalist_96134865_81b734b222.jpg,raw_acquisitions/carnation/inaturalist_research/carnation_inaturalist_96134865_81b734b222.jpg,inaturalist_research,https://inaturalist-open-data.s3.amazonaws.com/photos/159668631/medium.jpg,96134865,159668631,Oressinoma typhla (Bandaged Satyr),cc-by-nc,81b734b2224d7bf95647d768807ddef0b2268d673b916ae8c103b75922e967ab,d499baa1b7c60af0,500,361,verified_valid,unique,Botanist-verified research-grade observation of Oressinoma typhla (500x361),2026-10-10 09:48:19 UTC
carnation,carnation_inaturalist_85854946_c10454b255.jpg,raw_acquisitions/carnation/inaturalist_research/carnation_inaturalist_85854946_c10454b255.jpg,inaturalist_research,https://inaturalist-open-data.s3.amazonaws.com/photos/141330344/medium.jpg,85854946,141330344,Oressinoma typhla typhla (),cc-by-nc,c10454b25540ae58f4544bd1d3789a9b36590543c4830fe4e43df311de8d7925,9c711badf0f85305,500,333,verified_valid,unique,Botanist-verified research-grade observation of Oressinoma typhla typhla (500x333),2026-10-10 09:48:19 UTC
carnation,carnation_inaturalist_258610858_03fd041a1b.jpg,raw_acquisitions/carnation/inaturalist_research/carnation_inaturalist_258610858_03fd041a1b.jpg,inaturalist_research,https://static.inaturalist.org/photos/464034084/medium.jpeg,258610858,464034084,Oressinoma typhla (Bandaged Satyr),cc-by-nc,03fd041a1b938115ef782f6e12ed3c63833df82aed13826ee176d943698ddab7,bde894d921b34723,500,344,verified_valid,unique,Botanist-verified research-grade observation of Oressinoma typhla (500x344),2026-10-10 09:48:19 UTC
carnation,carnation_inaturalist_189710923_5931b2325c.jpg,raw_acquisitions/carnation/inaturalist_research/carnation_inaturalist_189710923_5931b2325c.jpg,inaturalist_research,https://inaturalist-open-data.s3.amazonaws.com/photos/332407218/medium.jpg,189710923,332407218,Oressinoma typhla (Bandaged Satyr),cc-by,5931b2325c976c55d25647c176448b4d07664caa6922845661b3084fa225d450,da479dcae330a4e8,500,368,verified_valid,unique,Botanist-verified research-grade observation of Oressinoma typhla (500x368),2026-10-10 09:48:19 UTC
carnation,carnation_inaturalist_108053454_0a3834e042.jpg,raw_acquisitions/carnation/inaturalist_research/carnation_inaturalist_108053454_0a3834e042.jpg,inaturalist_research,https://inaturalist-open-data.s3.amazonaws.com/photos/181842672/medium.jpg,108053454,181842672,Oressinoma typhla (Bandaged Satyr),cc-by,0a3834e04200ab853cd84eeeb808edcfa028e2c4d631379ef8f53e439dd14c62,ea76665779e08a28,500,333,verified_valid,unique,Botanist-verified research-grade observation of Oressinoma typhla (500x333),2026-10-10 09:48:19 UTC
carnation,carnation_inaturalist_262433543_13c8f1b80b.jpg,raw_acquisitions/carnation/inaturalist_research/carnation_inaturalist_262433543_13c8f1b80b.jpg,inaturalist_research,https://inaturalist-open-data.s3.amazonaws.com/photos/471444158/medium.jpeg,262433543,471444158,Oressinoma typhla (Bandaged Satyr),cc-by-nc,13c8f1b80bce0bbbd9ad3d623d6f6d31eef51bcdc2932c7a5bf0d1f48b73e4b2,e3f6d4f2889911d8,500,458,verified_valid,unique,Botanist-verified research-grade observation of Oressinoma typhla (500x458),2026-10-10 09:48:19 UTC
carnation,carnation_inaturalist_261789590_3c0122b142.jpg,raw_acquisitions/carnation/inaturalist_research/carnation_inaturalist_261789590_3c0122b142.jpg,inaturalist_research,https://inaturalist-open-data.s3.amazonaws.com/photos/470385459/medium.jpeg,261789590,470385459,Oressinoma typhla (Bandaged Satyr),cc-by-nc,3c0122b1422014eff5312ba0324f098c85f8d799abe02903df4d99b90f03c11a,d12206f338f37996,500,333,verified_valid,unique,Botanist-verified research-grade observation of Oressinoma typhla (500x333),2026-10-10 09:48:19 UTC
carnation,carnation_inaturalist_115024040_38e851d109.jpg,raw_acquisitions/carnation/inaturalist_research/carnation_inaturalist_115024040_38e851d109.jpg,inaturalist_research,https://inaturalist-open-data.s3.amazonaws.com/photos/194172074/medium.jpg,115024040,194172074,Oressinoma typhla (Bandaged Satyr),cc-by-nc,38e851d1093f3046412b2181544e7ccab0d7c8e9407b2cbdc4f16b3176d7026b,d7cbf894962321aa,500,333,verified_valid,unique,Botanist-verified research-grade observation of Oressinoma typhla (500x333),2026-10-10 09:48:19 UTC
carnation,carnation_inaturalist_108083520_073d6e41c8.jpg,raw_acquisitions/carnation/inaturalist_research/carnation_inaturalist_108083520_073d6e41c8.jpg,inaturalist_research,https://inaturalist-open-data.s3.amazonaws.com/photos/181894550/medium.jpg,108083520,181894550,Oressinoma typhla (Bandaged Satyr),cc-by,073d6e41c82619167aba3dc2f52340267242dfa9ccb3644dcc3c0ee457162f42,877f1c60682723af,500,333,verified_valid,unique,Botanist-verified research-grade observation of Oressinoma typhla (500x333),2026-10-10 09:48:19 UTC
carnation,carnation_inaturalist_116224476_501213d757.jpg,raw_acquisitions/carnation/inaturalist_research/carnation_inaturalist_116224476_501213d757.jpg,inaturalist_research,https://static.inaturalist.org/photos/196167240/medium.jpeg,116224476,196167240,Oressinoma typhla (Bandaged Satyr),cc-by-nc,501213d7578a87f874cbe8e7e47609de63984d8a5727f85f86643214d95b8933,bdb969cd3830e30a,500,375,verified_valid,unique,Botanist-verified research-grade observation of Oressinoma typhla (500x375),2026-10-10 09:48:19 UTC
carnation,carnation_inaturalist_151153430_ee71df95cc.jpg,raw_acquisitions/carnation/inaturalist_research/carnation_inaturalist_151153430_ee71df95cc.jpg,inaturalist_research,https://static.inaturalist.org/photos/260759261/medium.jpg,151153430,260759261,Oressinoma typhla (Bandaged Satyr),cc-by-nc,ee71df95cc0b6362c6708aa2f6f72b371f2603b9ecd6264bf162dcf2782e586e,ba20356566c68dfc,375,500,verified_valid,unique,Botanist-verified research-grade observation of Oressinoma typhla (375x500),2026-10-10 09:48:19 UTC
carnation,carnation_inaturalist_220691422_b76d0f6be2.jpg,raw_acquisitions/carnation/inaturalist_research/carnation_inaturalist_220691422_b76d0f6be2.jpg,inaturalist_research,https://inaturalist-open-data.s3.amazonaws.com/photos/390737621/medium.jpeg,220691422,390737621,Oressinoma typhla (Bandaged Satyr),cc-by-nc,b76d0f6be2538c929e4c7de130715e02f3a683ecc691447dc28298c659a8b892,d0d97df08738303e,500,375,verified_valid,unique,Botanist-verified research-grade observation of Oressinoma typhla (500x375),2026-10-10 09:48:19 UTC
carnation,carnation_inaturalist_107589483_c2bba25404.jpg,raw_acquisitions/carnation/inaturalist_research/carnation_inaturalist_107589483_c2bba25404.jpg,inaturalist_research,https://inaturalist-open-data.s3.amazonaws.com/photos/180982181/medium.jpeg,107589483,180982181,Oressinoma typhla (Bandaged Satyr),cc-by-nc-sa,c2bba254040df90595447373bf5744584aa875c44c71d674d6ea4e5662fab1b8,9acd3425dc1ba786,375,500,verified_valid,unique,Botanist-verified research-grade observation of Oressinoma typhla (375x500),2026-10-10 09:48:19 UTC
carnation,carnation_inaturalist_195405786_61607f0c8c.jpg,raw_acquisitions/carnation/inaturalist_research/carnation_inaturalist_195405786_61607f0c8c.jpg,inaturalist_research,https://static.inaturalist.org/photos/343758850/medium.jpeg,195405786,343758850,Oressinoma typhla (Bandaged Satyr),cc-by-nc,61607f0c8c4b8e0e3ded1a7070df614a8d4ebd02fc589ed73e357d69a5fd7b2a,cc05879df2cc31a7,500,500,verified_valid,unique,Botanist-verified research-grade observation of Oressinoma typhla (500x500),2026-10-10 09:48:19 UTC
carnation,carnation_inaturalist_130413345_ac5d5ba111.jpg,raw_acquisitions/carnation/inaturalist_research/carnation_inaturalist_130413345_ac5d5ba111.jpg,inaturalist_research,https://inaturalist-open-data.s3.amazonaws.com/photos/221777481/medium.jpeg,130413345,221777481,Oressinoma typhla (Bandaged Satyr),cc-by-nc,ac5d5ba111b4ce43e37006b7ca37860eace6754056526978c17da034f27d9b02,88cb845adb2be965,500,334,verified_valid,unique,Botanist-verified research-grade observation of Oressinoma typhla (500x334),2026-10-10 09:48:19 UTC
carnation,carnation_inaturalist_250682333_965d4f19b9.jpg,raw_acquisitions/carnation/inaturalist_research/carnation_inaturalist_250682333_965d4f19b9.jpg,inaturalist_research,https://inaturalist-open-data.s3.amazonaws.com/photos/448391940/medium.jpg,250682333,448391940,Oressinoma typhla (Bandaged Satyr),cc-by-nc,965d4f19b9e5db5a4ee5b22d00eb019752029e6975583b5866106de5de5d84a4,8b5936c8dd13e706,500,333,verified_valid,unique,Botanist-verified research-grade observation of Oressinoma typhla (500x333),2026-10-10 09:48:19 UTC
carnation,carnation_inaturalist_182362412_d36cd39015.jpg,raw_acquisitions/carnation/inaturalist_research/carnation_inaturalist_182362412_d36cd39015.jpg,inaturalist_research,https://inaturalist-open-data.s3.amazonaws.com/photos/318067641/medium.jpeg,182362412,318067641,Oressinoma typhla (Bandaged Satyr),cc-by-nc,d36cd39015fa540eec806f640d95364bad43f5218afbaef2a80c4b6fda81db3d,dc6d894aa5d2b4b8,412,500,verified_valid,unique,Botanist-verified research-grade observation of Oressinoma typhla (412x500),2026-10-10 09:48:19 UTC
carnation,carnation_inaturalist_154370281_dbee97dbe6.jpg,raw_acquisitions/carnation/inaturalist_research/carnation_inaturalist_154370281_dbee97dbe6.jpg,inaturalist_research,https://inaturalist-open-data.s3.amazonaws.com/photos/266727361/medium.jpeg,154370281,266727361,Oressinoma typhla (Bandaged Satyr),cc-by-nc,dbee97dbe688f6140264fe23f984902c1557ab1af9fb1eca62e07d166adb6518,995372e4ecd99382,492,500,verified_valid,unique,Botanist-verified research-grade observation of Oressinoma typhla (492x500),2026-10-10 09:48:19 UTC
carnation,carnation_inaturalist_147355819_8e1e20fc42.jpg,raw_acquisitions/carnation/inaturalist_research/carnation_inaturalist_147355819_8e1e20fc42.jpg,inaturalist_research,https://inaturalist-open-data.s3.amazonaws.com/photos/253546821/medium.jpeg,147355819,253546821,Oressinoma typhla (Bandaged Satyr),cc-by-nc,8e1e20fc42d5d96b667ee3a5b46e1e960243c32b047958e0c953eb223e367b75,cc0ef7e104fa0db2,500,231,verified_valid,unique,Botanist-verified research-grade observation of Oressinoma typhla (500x231),2026-10-10 09:48:19 UTC
carnation,carnation_inaturalist_64570306_6791f62211.jpg,raw_acquisitions/carnation/inaturalist_research/carnation_inaturalist_64570306_6791f62211.jpg,inaturalist_research,https://inaturalist-open-data.s3.amazonaws.com/photos/103828349/medium.jpeg,64570306,103828349,Oressinoma typhla (Bandaged Satyr),cc-by-nc,6791f62211d9e5aa64d767852779dfc328f2feb4796de5633253cf0f8cd5860a,f65f5268b1602dc5,375,500,verified_valid,unique,Botanist-verified research-grade observation of Oressinoma typhla (375x500),2026-10-10 09:48:19 UTC
carnation,carnation_inaturalist_222091034_9ec92fec9b.jpg,raw_acquisitions/carnation/inaturalist_research/carnation_inaturalist_222091034_9ec92fec9b.jpg,inaturalist_research,https://inaturalist-open-data.s3.amazonaws.com/photos/393368430/medium.jpeg,222091034,393368430,Oressinoma typhla (Bandaged Satyr),cc-by-nc,9ec92fec9bb492c132bd4fb20f90d3631b4cc11e75c805a17ac6a9eb38790370,b52b6474d8718cb9,281,500,verified_valid,unique,Botanist-verified research-grade observation of Oressinoma typhla (281x500),2026-10-10 09:48:19 UTC
carnation,carnation_inaturalist_145311319_233db680c3.jpg,raw_acquisitions/carnation/inaturalist_research/carnation_inaturalist_145311319_233db680c3.jpg,inaturalist_research,https://inaturalist-open-data.s3.amazonaws.com/photos/249590656/medium.jpeg,145311319,249590656,Oressinoma typhla (Bandaged Satyr),cc-by-nc,233db680c32a1d3c45ba633fe3a9784bc71da176da0a75ffd45b6f53d23437e1,dc316bda969db820,500,375,verified_valid,unique,Botanist-verified research-grade observation of Oressinoma typhla (500x375),2026-10-10 09:48:19 UTC
carnation,carnation_inaturalist_144633482_5c0f55f3e9.jpg,raw_acquisitions/carnation/inaturalist_research/carnation_inaturalist_144633482_5c0f55f3e9.jpg,inaturalist_research,https://inaturalist-open-data.s3.amazonaws.com/photos/248279319/medium.jpeg,144633482,248279319,Oressinoma typhla (Bandaged Satyr),cc-by-nc,5c0f55f3e9590fefe80168b869c1ec059b121cdce2201a0506ea7c23536920d5,d237b0744517e9d4,500,461,verified_valid,unique,Botanist-verified research-grade observation of Oressinoma typhla (500x461),2026-10-10 09:48:19 UTC
carnation,carnation_inaturalist_213214533_48c63436ee.jpg,raw_acquisitions/carnation/inaturalist_research/carnation_inaturalist_213214533_48c63436ee.jpg,inaturalist_research,https://static.inaturalist.org/photos/376796967/medium.jpeg,213214533,376796967,Oressinoma typhla (Bandaged Satyr),cc-by-nc,48c63436ee087a409c0b6de4b1ca1f94b76b9c0a93a4711c18808a7e043c0214,90dd39ba16495c97,500,375,verified_valid,unique,Botanist-verified research-grade observation of Oressinoma typhla (500x375),2026-10-10 09:48:19 UTC
carnation,carnation_inaturalist_73631754_2fc71b29e5.jpg,raw_acquisitions/carnation/inaturalist_research/carnation_inaturalist_73631754_2fc71b29e5.jpg,inaturalist_research,https://static.inaturalist.org/photos/120234438/medium.jpg,73631754,120234438,Oressinoma typhla (Bandaged Satyr),cc-by-nc,2fc71b29e5fa11ca3f768ee1813fdb9ebb4f9bc8b2d48bf1cc7af2fb7dcae660,8dc1be03df0c5f06,375,500,verified_valid,unique,Botanist-verified research-grade observation of Oressinoma typhla (375x500),2026-10-10 09:48:19 UTC
carnation,carnation_inaturalist_349432048_402f81b3d2.jpg,raw_acquisitions/carnation/inaturalist_research/carnation_inaturalist_349432048_402f81b3d2.jpg,inaturalist_research,https://static.inaturalist.org/photos/637433102/medium.jpg,349432048,637433102,Oressinoma typhla (Bandaged Satyr),cc-by-nc,402f81b3d256556f53e22670e7737988e1a623e73d8f3dd69bf002e37c4b299b,ba470d3d646136ec,500,230,verified_valid,unique,Botanist-verified research-grade observation of Oressinoma typhla (500x230),2026-10-10 09:48:19 UTC
carnation,carnation_inaturalist_10024462_7966a9e5de.jpg,raw_acquisitions/carnation/inaturalist_research/carnation_inaturalist_10024462_7966a9e5de.jpg,inaturalist_research,https://static.inaturalist.org/photos/13786554/medium.jpeg,10024462,13786554,Oressinoma typhla (Bandaged Satyr),cc-by-nc,7966a9e5de5ca8533612fc09d3be7e21a27705b9b3dcf899c7029b31f8c6d973,e1ab36c48b715687,500,375,verified_valid,unique,Botanist-verified research-grade observation of Oressinoma typhla (500x375),2026-10-10 09:48:19 UTC
carnation,carnation_inaturalist_13372504_8e5aa44cb4.jpg,raw_acquisitions/carnation/inaturalist_research/carnation_inaturalist_13372504_8e5aa44cb4.jpg,inaturalist_research,https://static.inaturalist.org/photos/19606057/medium.jpeg,13372504,19606057,Oressinoma typhla (Bandaged Satyr),cc-by-nc,8e5aa44cb4ca4f6b2c365df5cb3060ecd08a0f70a54447c274add32b3e6420ba,db9b3325a486d8cc,375,500,verified_valid,unique,Botanist-verified research-grade observation of Oressinoma typhla (375x500),2026-10-10 09:48:19 UTC
carnation,carnation_inaturalist_199758739_012e51cf7f.jpg,raw_acquisitions/carnation/inaturalist_research/carnation_inaturalist_199758739_012e51cf7f.jpg,inaturalist_research,https://inaturalist-open-data.s3.amazonaws.com/photos/352327763/medium.jpeg,199758739,352327763,Oressinoma typhla (Bandaged Satyr),cc-by,012e51cf7f97d760574255d930418bd6e1edab1e94422ab226425750d3c914fc,e79cbc262e31e164,500,333,verified_valid,unique,Botanist-verified research-grade observation of Oressinoma typhla (500x333),2026-10-10 09:48:19 UTC
carnation,carnation_inaturalist_358604406_0466952504.jpg,raw_acquisitions/carnation/inaturalist_research/carnation_inaturalist_358604406_0466952504.jpg,inaturalist_research,https://inaturalist-open-data.s3.amazonaws.com/photos/654203933/medium.jpg,358604406,654203933,Oressinoma typhla (Bandaged Satyr),cc-by-nc,0466952504fc64ae23eb46f14b19e9d2ac951862346eb5c97a0e672fde564419,cde6723e8f179240,375,500,verified_valid,unique,Botanist-verified research-grade observation of Oressinoma typhla (375x500),2026-10-10 09:48:19 UTC
carnation,carnation_inaturalist_199551898_dace8bdc50.jpg,raw_acquisitions/carnation/inaturalist_research/carnation_inaturalist_199551898_dace8bdc50.jpg,inaturalist_research,https://inaturalist-open-data.s3.amazonaws.com/photos/351931896/medium.jpg,199551898,351931896,Oressinoma typhla (Bandaged Satyr),cc-by-nc,dace8bdc504b7b5b33e8136fce83b2ceca9fdbe622a318a61616ed866c1eac11,d3bc6cc993929e24,500,333,verified_valid,unique,Botanist-verified research-grade observation of Oressinoma typhla (500x333),2026-10-10 09:48:19 UTC
carnation,carnation_inaturalist_320530826_6a87dcffba.jpg,raw_acquisitions/carnation/inaturalist_research/carnation_inaturalist_320530826_6a87dcffba.jpg,inaturalist_research,https://inaturalist-open-data.s3.amazonaws.com/photos/579538997/medium.jpg,320530826,579538997,Oressinoma typhla (Bandaged Satyr),cc-by-nc,6a87dcffba17bb1e855704738aca39973ac0108d7242188c57d60ec924f2676e,85296b5665fa15d1,500,281,verified_valid,unique,Botanist-verified research-grade observation of Oressinoma typhla (500x281),2026-10-10 09:48:19 UTC
carnation,carnation_inaturalist_388254637_26d155a70c.jpg,raw_acquisitions/carnation/inaturalist_research/carnation_inaturalist_388254637_26d155a70c.jpg,inaturalist_research,https://inaturalist-open-data.s3.amazonaws.com/photos/711038109/medium.jpg,388254637,711038109,Oressinoma typhla (Bandaged Satyr),cc-by-nc,26d155a70c52890d4a9974771505a54cb43887f9211ca699a3efc0d975b57868,83faf191c39a1726,375,500,verified_valid,unique,Botanist-verified research-grade observation of Oressinoma typhla (375x500),2026-10-10 09:48:19 UTC
carnation,carnation_inaturalist_325765074_1f1f0cdea6.jpg,raw_acquisitions/carnation/inaturalist_research/carnation_inaturalist_325765074_1f1f0cdea6.jpg,inaturalist_research,https://inaturalist-open-data.s3.amazonaws.com/photos/589874455/medium.jpg,325765074,589874455,Oressinoma typhla (Bandaged Satyr),cc-by-nc,1f1f0cdea68cb8c96bec293025f8d60bd6e23b615df6f150c009c48dd71aab77,d77f14ca803263ad,500,500,verified_valid,unique,Botanist-verified research-grade observation of Oressinoma typhla (500x500),2026-10-10 09:48:19 UTC
carnation,carnation_inaturalist_38008630_f183392bfd.jpg,raw_acquisitions/carnation/inaturalist_research/carnation_inaturalist_38008630_f183392bfd.jpg,inaturalist_research,https://inaturalist-open-data.s3.amazonaws.com/photos/60343832/medium.jpeg,38008630,60343832,Oressinoma typhla (Bandaged Satyr),cc-by-nc,f183392bfdad6d021c4bb5bf0045464c76a8cac910cce911e8fc11169dd9ddfc,d5121bf929d4e683,500,333,verified_valid,unique,Botanist-verified research-grade observation of Oressinoma typhla (500x333),2026-10-10 09:48:19 UTC
carnation,carnation_inaturalist_392986621_31aa373621.jpg,raw_acquisitions/carnation/inaturalist_research/carnation_inaturalist_392986621_31aa373621.jpg,inaturalist_research,https://inaturalist-open-data.s3.amazonaws.com/photos/720258590/medium.jpg,392986621,720258590,Oressinoma typhla (Bandaged Satyr),cc-by-nc,31aa373621eb3aa5521e040958492e4695e8df52d1507800799712a63dbbfb2a,dbb2a634986de432,500,333,verified_valid,unique,Botanist-verified research-grade observation of Oressinoma typhla (500x333),2026-10-10 09:48:19 UTC
carnation,carnation_inaturalist_167013008_44fabaa1fc.jpg,raw_acquisitions/carnation/inaturalist_research/carnation_inaturalist_167013008_44fabaa1fc.jpg,inaturalist_research,https://inaturalist-open-data.s3.amazonaws.com/photos/289271689/medium.jpg,167013008,289271689,Oressinoma typhla (Bandaged Satyr),cc-by-nc,44fabaa1fca333db4e1ed3ff8068da21d19f344394e866afc421c7033df24791,c289eeb8833d6bd0,375,500,verified_valid,unique,Botanist-verified research-grade observation of Oressinoma typhla (375x500),2026-10-10 09:48:19 UTC
carnation,carnation_inaturalist_99570076_1ae9a8985a.jpg,raw_acquisitions/carnation/inaturalist_research/carnation_inaturalist_99570076_1ae9a8985a.jpg,inaturalist_research,https://inaturalist-open-data.s3.amazonaws.com/photos/166006061/medium.jpeg,99570076,166006061,Oressinoma typhla (Bandaged Satyr),cc-by-nc,1ae9a8985ae2e34df2af016e8eefac6c26f3e3ff5eeae5828ec1c74888fa8cca,c4e11d6f9b4bb058,500,324,verified_valid,unique,Botanist-verified research-grade observation of Oressinoma typhla (500x324),2026-10-10 09:48:19 UTC
carnation,carnation_inaturalist_32887187_c761ae02ef.jpg,raw_acquisitions/carnation/inaturalist_research/carnation_inaturalist_32887187_c761ae02ef.jpg,inaturalist_research,https://inaturalist-open-data.s3.amazonaws.com/photos/51615962/medium.jpeg,32887187,51615962,Oressinoma typhla (Bandaged Satyr),cc-by-nc,c761ae02eff30dca14ff1ac681c8cf656741c14f99754f7dc78f5371ca5b9af4,92d6239d8dab6293,500,375,verified_valid,unique,Botanist-verified research-grade observation of Oressinoma typhla (500x375),2026-10-10 09:48:19 UTC
carnation,carnation_inaturalist_234213419_1e451505b2.jpg,raw_acquisitions/carnation/inaturalist_research/carnation_inaturalist_234213419_1e451505b2.jpg,inaturalist_research,https://inaturalist-open-data.s3.amazonaws.com/photos/416333139/medium.jpg,234213419,416333139,Oressinoma typhla (Bandaged Satyr),cc-by-nc,1e451505b2e58ed377e70d6a55de2802e8ecc02f2775818ff167d56ab506d58a,8361ef8fcc0c1f32,500,383,verified_valid,unique,Botanist-verified research-grade observation of Oressinoma typhla (500x383),2026-10-10 09:48:19 UTC
carnation,carnation_inaturalist_132441558_6792c1a104.jpg,raw_acquisitions/carnation/inaturalist_research/carnation_inaturalist_132441558_6792c1a104.jpg,inaturalist_research,https://inaturalist-open-data.s3.amazonaws.com/photos/225527897/medium.jpeg,132441558,225527897,Oressinoma typhla (Bandaged Satyr),cc-by-nc,6792c1a104e005730e9f87425db4dcad4f9736789afbbc4d987801a81c0344dc,a3f664c854cc5f61,500,333,verified_valid,unique,Botanist-verified research-grade observation of Oressinoma typhla (500x333),2026-10-10 09:48:19 UTC
carnation,carnation_inaturalist_69685447_6c2a21c3ca.jpg,raw_acquisitions/carnation/inaturalist_research/carnation_inaturalist_69685447_6c2a21c3ca.jpg,inaturalist_research,https://inaturalist-open-data.s3.amazonaws.com/photos/113122608/medium.jpeg,69685447,113122608,Oressinoma typhla (Bandaged Satyr),cc-by-nc,6c2a21c3ca36d446b06d59a6064ed7e111d2d7b35d0549f2cfcc280916eaff35,e8446faec802e71f,500,375,verified_valid,unique,Botanist-verified research-grade observation of Oressinoma typhla (500x375),2026-10-10 09:48:19 UTC
carnation,carnation_inaturalist_54518372_58e712a01f.jpg,raw_acquisitions/carnation/inaturalist_research/carnation_inaturalist_54518372_58e712a01f.jpg,inaturalist_research,https://inaturalist-open-data.s3.amazonaws.com/photos/86752138/medium.jpg,54518372,86752138,Oressinoma typhla (Bandaged Satyr),cc-by-nc,58e712a01fec3440fbd874d2d772b3adb7ed10dd74a7590910ecde872dc36b10,f40bafad090e6dc4,500,483,verified_valid,unique,Botanist-verified research-grade observation of Oressinoma typhla (500x483),2026-10-10 09:48:19 UTC
carnation,carnation_inaturalist_335408594_15c8b1e044.jpg,raw_acquisitions/carnation/inaturalist_research/carnation_inaturalist_335408594_15c8b1e044.jpg,inaturalist_research,https://inaturalist-open-data.s3.amazonaws.com/photos/609303918/medium.jpg,335408594,609303918,Oressinoma typhla (Bandaged Satyr),cc-by-nc,15c8b1e04439e00a2718dcf40a1ea00ed72d82e8d2e97f1f92f7153280a47f66,9f68a1b706e83743,500,375,verified_valid,unique,Botanist-verified research-grade observation of Oressinoma typhla (500x375),2026-10-10 09:48:19 UTC
carnation,carnation_inaturalist_115832769_a91af76abb.jpg,raw_acquisitions/carnation/inaturalist_research/carnation_inaturalist_115832769_a91af76abb.jpg,inaturalist_research,https://inaturalist-open-data.s3.amazonaws.com/photos/195498314/medium.jpeg,115832769,195498314,Oressinoma typhla (Bandaged Satyr),cc-by-nc,a91af76abb880c3cf61ea95bb8f6c87400d7e1720705e98d73b5cf78dea55a79,ac50d32ecc59672d,375,500,verified_valid,unique,Botanist-verified research-grade observation of Oressinoma typhla (375x500),2026-10-10 09:48:19 UTC
carnation,carnation_inaturalist_340791108_65ee2dba23.jpg,raw_acquisitions/carnation/inaturalist_research/carnation_inaturalist_340791108_65ee2dba23.jpg,inaturalist_research,https://inaturalist-open-data.s3.amazonaws.com/photos/620238498/medium.jpg,340791108,620238498,Oressinoma typhla (Bandaged Satyr),cc-by-nc,65ee2dba23c2d464442a421277c512ab1c0f386b42a6ea4fa565d05c2e04f936,deb1a16ca49991f2,429,500,verified_valid,unique,Botanist-verified research-grade observation of Oressinoma typhla (429x500),2026-10-10 09:48:19 UTC
carnation,carnation_inaturalist_112952789_cabffa18fc.jpg,raw_acquisitions/carnation/inaturalist_research/carnation_inaturalist_112952789_cabffa18fc.jpg,inaturalist_research,https://inaturalist-open-data.s3.amazonaws.com/photos/190832607/medium.jpeg,112952789,190832607,Oressinoma typhla (Bandaged Satyr),cc-by-nc,cabffa18fc790db34861d7687a62db868a38dee37f8f46180403a3c28f5cd26a,8ac93999cd67b219,500,332,verified_valid,unique,Botanist-verified research-grade observation of Oressinoma typhla (500x332),2026-10-10 09:48:19 UTC
carnation,carnation_inaturalist_98871271_4b55b31edf.jpg,raw_acquisitions/carnation/inaturalist_research/carnation_inaturalist_98871271_4b55b31edf.jpg,inaturalist_research,https://inaturalist-open-data.s3.amazonaws.com/photos/164712878/medium.jpg,98871271,164712878,Oressinoma typhla (Bandaged Satyr),cc-by-nc,4b55b31edfd435e10b8f134da5b2b7f8c3cea35e27c47c9fd3a579ff27843e70,8e6c339439c6b5aa,500,443,verified_valid,unique,Botanist-verified research-grade observation of Oressinoma typhla (500x443),2026-10-10 09:48:19 UTC
carnation,carnation_inaturalist_171469399_29bba47689.jpg,raw_acquisitions/carnation/inaturalist_research/carnation_inaturalist_171469399_29bba47689.jpg,inaturalist_research,https://inaturalist-open-data.s3.amazonaws.com/photos/297544382/medium.jpg,171469399,297544382,Oressinoma typhla (Bandaged Satyr),cc-by-nc,29bba4768936952a028c8d6939c3815a4f36b5203b946a64122a15539b1f7d2d,c71e3cd961c74e24,500,309,verified_valid,unique,Botanist-verified research-grade observation of Oressinoma typhla (500x309),2026-10-10 09:48:19 UTC
carnation,carnation_inaturalist_103068910_116de0685e.jpg,raw_acquisitions/carnation/inaturalist_research/carnation_inaturalist_103068910_116de0685e.jpg,inaturalist_research,https://inaturalist-open-data.s3.amazonaws.com/photos/172422704/medium.jpeg,103068910,172422704,Oressinoma typhla (Bandaged Satyr),cc-by,116de0685e36224ceba9ecb7925d1ddeac3bb0eef6bc4f4b91ea4da8971423c8,dbea26721131f61a,500,400,verified_valid,unique,Botanist-verified research-grade observation of Oressinoma typhla (500x400),2026-10-10 09:48:19 UTC
carnation,carnation_inaturalist_45781135_75b0dc44f1.jpg,raw_acquisitions/carnation/inaturalist_research/carnation_inaturalist_45781135_75b0dc44f1.jpg,inaturalist_research,https://static.inaturalist.org/photos/72615675/medium.jpeg,45781135,72615675,Oressinoma typhla (Bandaged Satyr),cc-by-nc,75b0dc44f1b7026b7a7ce7b856302ae33d77650ba56dbc039e28659cfd60dcce,c16098e7a5f22ff0,375,500,verified_valid,unique,Botanist-verified research-grade observation of Oressinoma typhla (375x500),2026-10-10 09:48:19 UTC
carnation,carnation_inaturalist_111724204_dbed38d1a9.jpg,raw_acquisitions/carnation/inaturalist_research/carnation_inaturalist_111724204_dbed38d1a9.jpg,inaturalist_research,https://inaturalist-open-data.s3.amazonaws.com/photos/188635999/medium.jpeg,111724204,188635999,Oressinoma typhla (Bandaged Satyr),cc0,dbed38d1a9df372fe7b6a1f202a79e86249d512e76d748261febb3795e7a4e0c,ed8476831d3c2375,500,427,verified_valid,unique,Botanist-verified research-grade observation of Oressinoma typhla (500x427),2026-10-10 09:48:19 UTC
carnation,carnation_inaturalist_144806251_f64d33816c.jpg,raw_acquisitions/carnation/inaturalist_research/carnation_inaturalist_144806251_f64d33816c.jpg,inaturalist_research,https://static.inaturalist.org/photos/248548506/medium.jpeg,144806251,248548506,Oressinoma typhla (Bandaged Satyr),cc-by-nc,f64d33816c4147b5ab8d405549bfda3a2e1d15e942c23dd512a65be3cb3a9a4b,839a786587b4c65e,500,333,verified_valid,unique,Botanist-verified research-grade observation of Oressinoma typhla (500x333),2026-10-10 09:48:19 UTC
carnation,carnation_inaturalist_146148009_b68d2b5a77.jpg,raw_acquisitions/carnation/inaturalist_research/carnation_inaturalist_146148009_b68d2b5a77.jpg,inaturalist_research,https://inaturalist-open-data.s3.amazonaws.com/photos/251199711/medium.jpg,146148009,251199711,Oressinoma typhla (Bandaged Satyr),cc-by-nc,b68d2b5a77f1db8218c6939ac2e78c11b8a9a1e1c86031f2831f9062d7774feb,8fc6ca68b1f2e870,500,333,verified_valid,unique,Botanist-verified research-grade observation of Oressinoma typhla (500x333),2026-10-10 09:48:19 UTC
carnation,carnation_inaturalist_330365470_e708584192.jpg,raw_acquisitions/carnation/inaturalist_research/carnation_inaturalist_330365470_e708584192.jpg,inaturalist_research,https://inaturalist-open-data.s3.amazonaws.com/photos/599048503/medium.jpg,330365470,599048503,Oressinoma typhla (Bandaged Satyr),cc-by-nc,e7085841925377a3d6a018c016cd39adf442822699afeca86579a3a69da84eb5,8b6ee48559927e8a,500,375,verified_valid,unique,Botanist-verified research-grade observation of Oressinoma typhla (500x375),2026-10-10 09:48:19 UTC
carnation,carnation_inaturalist_142248695_de0a30d90c.jpg,raw_acquisitions/carnation/inaturalist_research/carnation_inaturalist_142248695_de0a30d90c.jpg,inaturalist_research,https://inaturalist-open-data.s3.amazonaws.com/photos/243842439/medium.jpg,142248695,243842439,Oressinoma typhla (Bandaged Satyr),cc-by-nc,de0a30d90c50e5ff74a69983cdea356f3ac1c88ee1cb631d31b41225d5977aeb,84aa62d1d4667b73,461,500,verified_valid,unique,Botanist-verified research-grade observation of Oressinoma typhla (461x500),2026-10-10 09:48:19 UTC
carnation,carnation_inaturalist_203227662_d533b830b6.jpg,raw_acquisitions/carnation/inaturalist_research/carnation_inaturalist_203227662_d533b830b6.jpg,inaturalist_research,https://inaturalist-open-data.s3.amazonaws.com/photos/359034101/medium.jpeg,203227662,359034101,Oressinoma typhla (Bandaged Satyr),cc-by-nc,d533b830b6d6487c8edf0a336abc80132e62644f9d68c1934f6f374e89ad1f90,c26631b343af6ec8,500,333,verified_valid,unique,Botanist-verified research-grade observation of Oressinoma typhla (500x333),2026-10-10 09:48:19 UTC
carnation,carnation_inaturalist_135978327_972be78f64.jpg,raw_acquisitions/carnation/inaturalist_research/carnation_inaturalist_135978327_972be78f64.jpg,inaturalist_research,https://static.inaturalist.org/photos/231998458/medium.jpeg,135978327,231998458,Oressinoma typhla (Bandaged Satyr),cc-by-nc,972be78f64b9e844e2ee4398a9a242af8fbd6044f3e5e6bf849c61b8d9a74487,8dbc366acbca1a31,500,333,verified_valid,unique,Botanist-verified research-grade observation of Oressinoma typhla (500x333),2026-10-10 09:48:19 UTC
carnation,carnation_inaturalist_134364763_8e9a9fccc4.jpg,raw_acquisitions/carnation/inaturalist_research/carnation_inaturalist_134364763_8e9a9fccc4.jpg,inaturalist_research,https://static.inaturalist.org/photos/229011335/medium.jpeg,134364763,229011335,Oressinoma typhla (Bandaged Satyr),cc-by-nc,8e9a9fccc4e4a19fd56d3be9521552bf52a94bd35f038b3ce37b48ad0a6b77bd,c35d24a6fb890dc6,500,375,verified_valid,unique,Botanist-verified research-grade observation of Oressinoma typhla (500x375),2026-10-10 09:48:19 UTC
carnation,carnation_inaturalist_92955955_054a6456ba.jpg,raw_acquisitions/carnation/inaturalist_research/carnation_inaturalist_92955955_054a6456ba.jpg,inaturalist_research,https://inaturalist-open-data.s3.amazonaws.com/photos/153989807/medium.jpg,92955955,153989807,Oressinoma typhla (Bandaged Satyr),cc-by-nc,054a6456baadd6ce8e40fb9d86785a82a442c05753fea891c74431cb3a914df4,c23e7859b1b0f272,500,361,verified_valid,unique,Botanist-verified research-grade observation of Oressinoma typhla (500x361),2026-10-10 09:48:19 UTC
carnation,carnation_inaturalist_138724937_e2bde79356.jpg,raw_acquisitions/carnation/inaturalist_research/carnation_inaturalist_138724937_e2bde79356.jpg,inaturalist_research,https://inaturalist-open-data.s3.amazonaws.com/photos/237148532/medium.jpeg,138724937,237148532,Oressinoma typhla (Bandaged Satyr),cc-by,e2bde7935617c2f9502e6d6bcc12f1af918e387a1c3ec2d8e7795beec3ee4cc8,a739470e5943cc5b,500,313,verified_valid,unique,Botanist-verified research-grade observation of Oressinoma typhla (500x313),2026-10-10 09:48:19 UTC
carnation,carnation_inaturalist_137254968_06566e4f3a.jpg,raw_acquisitions/carnation/inaturalist_research/carnation_inaturalist_137254968_06566e4f3a.jpg,inaturalist_research,https://inaturalist-open-data.s3.amazonaws.com/photos/234379839/medium.jpeg,137254968,234379839,Oressinoma typhla (Bandaged Satyr),cc-by,06566e4f3ac9bc4f388c70cf489c30424b812f5c4e5c6ff43e2b8863d42d14e1,8783314b59774d74,500,313,verified_valid,unique,Botanist-verified research-grade observation of Oressinoma typhla (500x313),2026-10-10 09:48:19 UTC
carnation,carnation_inaturalist_147714830_896016a1b3.jpg,raw_acquisitions/carnation/inaturalist_research/carnation_inaturalist_147714830_896016a1b3.jpg,inaturalist_research,https://inaturalist-open-data.s3.amazonaws.com/photos/254228148/medium.jpeg,147714830,254228148,Oressinoma typhla (Bandaged Satyr),cc-by-nc,896016a1b3f9c4734cedb7b989be4df00b13d21bcc1f073c784d2b3e4f37d2e8,9b41649ddb4a646d,500,375,verified_valid,unique,Botanist-verified research-grade observation of Oressinoma typhla (500x375),2026-10-10 09:48:19 UTC
carnation,carnation_inaturalist_22898403_4a2a3ff74e.jpg,raw_acquisitions/carnation/inaturalist_research/carnation_inaturalist_22898403_4a2a3ff74e.jpg,inaturalist_research,https://inaturalist-open-data.s3.amazonaws.com/photos/35489589/medium.jpeg,22898403,35489589,Oressinoma typhla (Bandaged Satyr),cc-by-nc,4a2a3ff74e9c340f29b6ab0f4f4e6e68302d4f51cc5c16f67156ed10d1b9d9b2,b27c669d9b44ad22,500,375,verified_valid,unique,Botanist-verified research-grade observation of Oressinoma typhla (500x375),2026-10-10 09:48:19 UTC
carnation,carnation_inaturalist_23661060_d9fd22058b.jpg,raw_acquisitions/carnation/inaturalist_research/carnation_inaturalist_23661060_d9fd22058b.jpg,inaturalist_research,https://static.inaturalist.org/photos/36623473/medium.jpeg,23661060,36623473,Oressinoma typhla (Bandaged Satyr),cc-by-nc,d9fd22058b23c51186e0f7f4d6bec04f4167467d78a6078375a5552ca8e9e038,c9e425263bbe3616,281,500,verified_valid,unique,Botanist-verified research-grade observation of Oressinoma typhla (281x500),2026-10-10 09:48:19 UTC
carnation,carnation_inaturalist_136213463_5aaec82e79.jpg,raw_acquisitions/carnation/inaturalist_research/carnation_inaturalist_136213463_5aaec82e79.jpg,inaturalist_research,https://inaturalist-open-data.s3.amazonaws.com/photos/232439862/medium.jpg,136213463,232439862,Oressinoma typhla (Bandaged Satyr),cc-by-nc,5aaec82e798c87b094600cdeac8f38f1299efcbc8eb487d533b5aa4511a27ef2,96893334b98dc673,405,500,verified_valid,unique,Botanist-verified research-grade observation of Oressinoma typhla (405x500),2026-10-10 09:48:19 UTC
carnation,carnation_inaturalist_150001831_4d8c722add.jpg,raw_acquisitions/carnation/inaturalist_research/carnation_inaturalist_150001831_4d8c722add.jpg,inaturalist_research,https://static.inaturalist.org/photos/258566616/medium.jpg,150001831,258566616,Oressinoma typhla (Bandaged Satyr),cc-by-nc,4d8c722add2f268297c601775c2a0e32ffd35821fd3045f71e8b2bc9007021f2,8f264bd3c608f336,500,333,verified_valid,unique,Botanist-verified research-grade observation of Oressinoma typhla (500x333),2026-10-10 09:48:19 UTC
carnation,carnation_inaturalist_20898126_15f5a4a54d.jpg,raw_acquisitions/carnation/inaturalist_research/carnation_inaturalist_20898126_15f5a4a54d.jpg,inaturalist_research,https://inaturalist-open-data.s3.amazonaws.com/photos/32245976/medium.jpeg,20898126,32245976,Oressinoma typhla (Bandaged Satyr),cc-by-nc,15f5a4a54ddb0c1412c78deccb0d50f6cc22b49453f2f0f563394247fb7a869d,bcf473998c065b19,500,489,verified_valid,unique,Botanist-verified research-grade observation of Oressinoma typhla (500x489),2026-10-10 09:48:19 UTC
carnation,carnation_inaturalist_95761498_e8095e0554.jpg,raw_acquisitions/carnation/inaturalist_research/carnation_inaturalist_95761498_e8095e0554.jpg,inaturalist_research,https://inaturalist-open-data.s3.amazonaws.com/photos/159012107/medium.jpeg,95761498,159012107,Oressinoma typhla (Bandaged Satyr),cc-by-nc-sa,e8095e0554916137f7438da1ab85e7375633a73250525ae109517fa6b7904c11,e0c92e6887ea672b,500,375,verified_valid,unique,Botanist-verified research-grade observation of Oressinoma typhla (500x375),2026-10-10 09:48:19 UTC
carnation,carnation_inaturalist_321151729_914e693b68.jpg,raw_acquisitions/carnation/inaturalist_research/carnation_inaturalist_321151729_914e693b68.jpg,inaturalist_research,https://inaturalist-open-data.s3.amazonaws.com/photos/580764490/medium.jpg,321151729,580764490,Oressinoma typhla (Bandaged Satyr),cc-by-nc,914e693b68aadba0904fd2cfd7e2c2059d1f3a58e30c4ac41ab7484c4b20db21,ccca37cfc0a2361e,500,375,verified_valid,unique,Botanist-verified research-grade observation of Oressinoma typhla (500x375),2026-10-10 09:48:19 UTC
carnation,carnation_inaturalist_228317720_a26f8a47d7.jpg,raw_acquisitions/carnation/inaturalist_research/carnation_inaturalist_228317720_a26f8a47d7.jpg,inaturalist_research,https://inaturalist-open-data.s3.amazonaws.com/photos/405135883/medium.jpeg,228317720,405135883,Oressinoma typhla (Bandaged Satyr),cc-by-nc,a26f8a47d7d4096f53fada2c5afa83026d4002ebe4791cb56a259fc4210547a0,fc0323fbdc8a8307,500,420,verified_valid,unique,Botanist-verified research-grade observation of Oressinoma typhla (500x420),2026-10-10 09:48:19 UTC
carnation,carnation_inaturalist_226777911_aedca16931.jpg,raw_acquisitions/carnation/inaturalist_research/carnation_inaturalist_226777911_aedca16931.jpg,inaturalist_research,https://static.inaturalist.org/photos/402231952/medium.jpeg,226777911,402231952,Oressinoma typhla (Bandaged Satyr),cc-by-nc,aedca169314ac47e8043082814ec5a016d156dc805d66c9b8001f4e69e86b02c,cfd3694913b49196,500,375,verified_valid,unique,Botanist-verified research-grade observation of Oressinoma typhla (500x375),2026-10-10 09:48:19 UTC
carnation,carnation_inaturalist_237291709_9115d7fe75.jpg,raw_acquisitions/carnation/inaturalist_research/carnation_inaturalist_237291709_9115d7fe75.jpg,inaturalist_research,https://static.inaturalist.org/photos/422281590/medium.jpeg,237291709,422281590,Oressinoma typhla (Bandaged Satyr),cc-by-nc,9115d7fe7512c0f7b06b402152a667cd798fee6a10a841d590afea352375ff33,946007fc4f0b5f3c,307,500,verified_valid,unique,Botanist-verified research-grade observation of Oressinoma typhla (307x500),2026-10-10 09:48:19 UTC
carnation,carnation_inaturalist_388196942_fefc63b163.jpg,raw_acquisitions/carnation/inaturalist_research/carnation_inaturalist_388196942_fefc63b163.jpg,inaturalist_research,https://inaturalist-open-data.s3.amazonaws.com/photos/710943719/medium.jpg,388196942,710943719,Oressinoma typhla (Bandaged Satyr),cc-by-nc,fefc63b1634179da0a9218f2a6920201b1577488ceea5ad8fa70c1742567abe7,916c37874cdd9e12,281,500,verified_valid,unique,Botanist-verified research-grade observation of Oressinoma typhla (281x500),2026-10-10 09:48:19 UTC
carnation,carnation_inaturalist_255132966_2869ca4c41.jpg,raw_acquisitions/carnation/inaturalist_research/carnation_inaturalist_255132966_2869ca4c41.jpg,inaturalist_research,https://inaturalist-open-data.s3.amazonaws.com/photos/457150632/medium.jpeg,255132966,457150632,Oressinoma typhla (Bandaged Satyr),cc-by-nc,2869ca4c413344fd6b82b0dccd68c81361482640fd29007932b46571f650a838,8e2c3143a9dfc78a,356,500,verified_valid,unique,Botanist-verified research-grade observation of Oressinoma typhla (356x500),2026-10-10 09:48:19 UTC
carnation,carnation_inaturalist_152560385_d336ed17ae.jpg,raw_acquisitions/carnation/inaturalist_research/carnation_inaturalist_152560385_d336ed17ae.jpg,inaturalist_research,https://inaturalist-open-data.s3.amazonaws.com/photos/263376544/medium.jpg,152560385,263376544,Oressinoma typhla (Bandaged Satyr),cc-by-nc,d336ed17ae22f890b60f0bc6e2e3a171db0f7c75b09947691f8568bb30f6a404,e7c130804df387ee,500,400,verified_valid,unique,Botanist-verified research-grade observation of Oressinoma typhla (500x400),2026-10-10 09:48:19 UTC
carnation,carnation_inaturalist_147840548_34bbb07d94.jpg,raw_acquisitions/carnation/inaturalist_research/carnation_inaturalist_147840548_34bbb07d94.jpg,inaturalist_research,https://inaturalist-open-data.s3.amazonaws.com/photos/254468936/medium.jpg,147840548,254468936,Oressinoma typhla (Bandaged Satyr),cc-by-nc,34bbb07d945b37840775aafae6d64fa115cdf78bc63971f4e1321304ffd790c1,dbbb2dd812e42c62,500,357,verified_valid,unique,Botanist-verified research-grade observation of Oressinoma typhla (500x357),2026-10-10 09:48:19 UTC
carnation,carnation_inaturalist_181632466_b61993a799.jpg,raw_acquisitions/carnation/inaturalist_research/carnation_inaturalist_181632466_b61993a799.jpg,inaturalist_research,https://inaturalist-open-data.s3.amazonaws.com/photos/316528363/medium.jpeg,181632466,316528363,Oressinoma typhla (Bandaged Satyr),cc-by-nc-nd,b61993a799bc1cf80f1d441728ffbd082403bb61c20a760904bb8af475c2574c,ce0c71f3874c2cf2,463,500,verified_valid,unique,Botanist-verified research-grade observation of Oressinoma typhla (463x500),2026-10-10 09:48:19 UTC
carnation,carnation_inaturalist_254505845_4d78561b15.jpg,raw_acquisitions/carnation/inaturalist_research/carnation_inaturalist_254505845_4d78561b15.jpg,inaturalist_research,https://inaturalist-open-data.s3.amazonaws.com/photos/455913623/medium.jpeg,254505845,455913623,Oressinoma typhla (Bandaged Satyr),cc-by-nc,4d78561b15360d38dc94c5bd8d87fe9a2c3f82604f25f778e467d1112752002f,94b32bc335f31a98,376,500,verified_valid,unique,Botanist-verified research-grade observation of Oressinoma typhla (376x500),2026-10-10 09:48:19 UTC
carnation,carnation_inaturalist_178645685_1416508e4f.jpg,raw_acquisitions/carnation/inaturalist_research/carnation_inaturalist_178645685_1416508e4f.jpg,inaturalist_research,https://inaturalist-open-data.s3.amazonaws.com/photos/310897936/medium.jpeg,178645685,310897936,Oressinoma typhla (Bandaged Satyr),cc-by,1416508e4f6596004f320a16fa7b0811f6b7a9018fba76a8fa60f537d661180e,beb0d1034c9c376b,282,500,verified_valid,unique,Botanist-verified research-grade observation of Oressinoma typhla (282x500),2026-10-10 09:48:19 UTC
carnation,carnation_inaturalist_246221937_4221d79f0d.jpg,raw_acquisitions/carnation/inaturalist_research/carnation_inaturalist_246221937_4221d79f0d.jpg,inaturalist_research,https://inaturalist-open-data.s3.amazonaws.com/photos/439515135/medium.jpeg,246221937,439515135,Oressinoma typhla (Bandaged Satyr),cc-by-nc,4221d79f0d0039c2caec8484ad9f7dd7bc71765c7cf19a68269d2eb2636704ad,9c9ee4369b0987a9,500,334,verified_valid,unique,Botanist-verified research-grade observation of Oressinoma typhla (500x334),2026-10-10 09:48:19 UTC
carnation,carnation_inaturalist_259432663_e3f22aca35.jpg,raw_acquisitions/carnation/inaturalist_research/carnation_inaturalist_259432663_e3f22aca35.jpg,inaturalist_research,https://inaturalist-open-data.s3.amazonaws.com/photos/465708385/medium.jpeg,259432663,465708385,Oressinoma typhla (Bandaged Satyr),cc-by-nc,e3f22aca35a603f6618bf0b20331fdb2dc34ac9528ff168ae11f5b70a1402788,8cd3b3c61cbd1662,500,375,verified_valid,unique,Botanist-verified research-grade observation of Oressinoma typhla (500x375),2026-10-10 09:48:19 UTC
carnation,carnation_inaturalist_260242246_e9994beb11.jpg,raw_acquisitions/carnation/inaturalist_research/carnation_inaturalist_260242246_e9994beb11.jpg,inaturalist_research,https://inaturalist-open-data.s3.amazonaws.com/photos/467315810/medium.jpg,260242246,467315810,Oressinoma typhla (Bandaged Satyr),cc-by-nc,e9994beb11e9fa8bfe0be3e29748758f6a5c8d955447e02e1b04e1090e68c0ef,8919e648f3065c7f,500,333,verified_valid,unique,Botanist-verified research-grade observation of Oressinoma typhla (500x333),2026-10-10 09:48:19 UTC
carnation,carnation_inaturalist_190751942_11e73cf893.jpg,raw_acquisitions/carnation/inaturalist_research/carnation_inaturalist_190751942_11e73cf893.jpg,inaturalist_research,https://inaturalist-open-data.s3.amazonaws.com/photos/334467381/medium.jpg,190751942,334467381,Oressinoma typhla (Bandaged Satyr),cc-by-nc,11e73cf89380254cc16f3bd379b3b68122128e413ebf9f042f4468cecc52e398,d03de2b45f614556,500,375,verified_valid,unique,Botanist-verified research-grade observation of Oressinoma typhla (500x375),2026-10-10 09:48:19 UTC
carnation,carnation_inaturalist_260321409_043057d0e2.jpg,raw_acquisitions/carnation/inaturalist_research/carnation_inaturalist_260321409_043057d0e2.jpg,inaturalist_research,https://inaturalist-open-data.s3.amazonaws.com/photos/467476800/medium.jpg,260321409,467476800,Oressinoma typhla (Bandaged Satyr),cc-by-nc,043057d0e20e2b1a73685ab1c66816970fdf014d16cf9e883f7f19e05f72f06a,cce36399597c44ca,375,500,verified_valid,unique,Botanist-verified research-grade observation of Oressinoma typhla (375x500),2026-10-10 09:48:19 UTC
carnation,carnation_inaturalist_260866017_1804629479.jpg,raw_acquisitions/carnation/inaturalist_research/carnation_inaturalist_260866017_1804629479.jpg,inaturalist_research,https://inaturalist-open-data.s3.amazonaws.com/photos/468550100/medium.jpg,260866017,468550100,Oressinoma typhla (Bandaged Satyr),cc-by-nc,18046294796c4667a58539493c0376bb9c4a30e5c380ed823fd1c52a0128e6ff,d15036ffc8c91d26,375,500,verified_valid,unique,Botanist-verified research-grade observation of Oressinoma typhla (375x500),2026-10-10 09:48:19 UTC
carnation,carnation_inaturalist_253056339_c3cbeaa492.jpg,raw_acquisitions/carnation/inaturalist_research/carnation_inaturalist_253056339_c3cbeaa492.jpg,inaturalist_research,https://inaturalist-open-data.s3.amazonaws.com/photos/453043998/medium.jpeg,253056339,453043998,Oressinoma typhla (Bandaged Satyr),cc-by-nc,c3cbeaa49269229281546623eafaa82af8bba4b9e9b7eaf09e307b79ea71cbb3,c917c0b40cbb73d6,375,500,verified_valid,unique,Botanist-verified research-grade observation of Oressinoma typhla (375x500),2026-10-10 09:48:19 UTC
carnation,carnation_inaturalist_290822101_55e35ee8a9.jpg,raw_acquisitions/carnation/inaturalist_research/carnation_inaturalist_290822101_55e35ee8a9.jpg,inaturalist_research,https://static.inaturalist.org/photos/523201504/medium.jpg,290822101,523201504,Oressinoma typhla (Bandaged Satyr),cc-by-nc,55e35ee8a9fe625dac8abe0abc16efc7d02acacb1ebdcf9ff00ddf87cf050c18,c1993b4b5276a535,500,375,verified_valid,unique,Botanist-verified research-grade observation of Oressinoma typhla (500x375),2026-10-10 09:48:19 UTC
carnation,carnation_inaturalist_290822117_1d9ce15af0.jpg,raw_acquisitions/carnation/inaturalist_research/carnation_inaturalist_290822117_1d9ce15af0.jpg,inaturalist_research,https://static.inaturalist.org/photos/523203792/medium.jpg,290822117,523203792,Oressinoma typhla (Bandaged Satyr),cc-by-nc,1d9ce15af084fd730cd9e82086404b36d45e84ecacb4c58e76709465a1503bf1,d0e037a78d2d1cd3,500,375,verified_valid,unique,Botanist-verified research-grade observation of Oressinoma typhla (500x375),2026-10-10 09:48:19 UTC
carnation,carnation_inaturalist_23304657_ca78f87856.jpg,raw_acquisitions/carnation/inaturalist_research/carnation_inaturalist_23304657_ca78f87856.jpg,inaturalist_research,https://static.inaturalist.org/photos/36108735/medium.jpeg,23304657,36108735,Oressinoma typhla (Bandaged Satyr),cc-by-nc,ca78f87856fc759003afbf1653c2457dbd579077241b90d35ce854fa9523ae35,9d78c7798875e218,500,348,verified_valid,unique,Botanist-verified research-grade observation of Oressinoma typhla (500x348),2026-10-10 09:48:19 UTC
carnation,carnation_inaturalist_23436977_cdaf75b9b3.jpg,raw_acquisitions/carnation/inaturalist_research/carnation_inaturalist_23436977_cdaf75b9b3.jpg,inaturalist_research,https://static.inaturalist.org/photos/36294798/medium.jpg,23436977,36294798,Oressinoma typhla (Bandaged Satyr),cc-by-nc,cdaf75b9b31cac9fd0aecdce4cc2f0ff2f335dd2ae2c744bddb6091ce4d39888,aa687495db9eb241,281,500,verified_valid,unique,Botanist-verified research-grade observation of Oressinoma typhla (281x500),2026-10-10 09:48:19 UTC
carnation,carnation_inaturalist_31445513_6cf180e8a5.jpg,raw_acquisitions/carnation/inaturalist_research/carnation_inaturalist_31445513_6cf180e8a5.jpg,inaturalist_research,https://static.inaturalist.org/photos/49217282/medium.jpeg,31445513,49217282,Oressinoma typhla (Bandaged Satyr),cc-by-nc,6cf180e8a5960b37a4d88d902855a3118a9c2ed41330262df2128575cb3dc10b,8b9e74d93364cc91,500,333,verified_valid,unique,Botanist-verified research-grade observation of Oressinoma typhla (500x333),2026-10-10 09:48:19 UTC
carnation,carnation_inaturalist_95731865_98b3e1537d.jpg,raw_acquisitions/carnation/inaturalist_research/carnation_inaturalist_95731865_98b3e1537d.jpg,inaturalist_research,https://inaturalist-open-data.s3.amazonaws.com/photos/158963163/medium.jpeg,95731865,158963163,Oressinoma typhla typhla (),cc-by-nc,98b3e1537dab6bd0879703713c252ae5376d644507ed3f72ea6b1fdc6e814c12,c8e3f1a89c7c331c,500,375,verified_valid,unique,Botanist-verified research-grade observation of Oressinoma typhla typhla (500x375),2026-10-10 09:48:19 UTC
carnation,carnation_inaturalist_21215990_7534f164e8.jpg,raw_acquisitions/carnation/inaturalist_research/carnation_inaturalist_21215990_7534f164e8.jpg,inaturalist_research,https://inaturalist-open-data.s3.amazonaws.com/photos/32794312/medium.jpeg,21215990,32794312,Oressinoma typhla (Bandaged Satyr),cc-by-nc-nd,7534f164e88c1c2d5f344917d56242e1c6e57122f6f4fef471e0e9cbc6e29d93,c27864851e39cb77,500,375,verified_valid,unique,Botanist-verified research-grade observation of Oressinoma typhla (500x375),2026-10-10 09:48:19 UTC
carnation,carnation_inaturalist_89052869_15f42ea950.jpg,raw_acquisitions/carnation/inaturalist_research/carnation_inaturalist_89052869_15f42ea950.jpg,inaturalist_research,https://inaturalist-open-data.s3.amazonaws.com/photos/147014961/medium.jpeg,89052869,147014961,Oressinoma typhla (Bandaged Satyr),cc-by-nc,15f42ea950c18a3133f42668963331de20cd9b5327cc8a4d1f98b70f0135986a,8fb6368919f0263b,375,500,verified_valid,unique,Botanist-verified research-grade observation of Oressinoma typhla (375x500),2026-10-10 09:48:19 UTC
carnation,carnation_inaturalist_16954625_49bd0456a6.jpg,raw_acquisitions/carnation/inaturalist_research/carnation_inaturalist_16954625_49bd0456a6.jpg,inaturalist_research,https://inaturalist-open-data.s3.amazonaws.com/photos/25626799/medium.jpeg,16954625,25626799,Oressinoma typhla (Bandaged Satyr),cc-by-sa,49bd0456a6f0ec65d755909885296e487f04109e3875fb12473897505cc04ed4,a32531f8939e643e,500,332,verified_valid,unique,Botanist-verified research-grade observation of Oressinoma typhla (500x332),2026-10-10 09:48:19 UTC
carnation,carnation_inaturalist_25436405_09672ad8b6.jpg,raw_acquisitions/carnation/inaturalist_research/carnation_inaturalist_25436405_09672ad8b6.jpg,inaturalist_research,https://inaturalist-open-data.s3.amazonaws.com/photos/39396691/medium.jpeg,25436405,39396691,Oressinoma typhla (Bandaged Satyr),cc-by-nc,09672ad8b68cb1c3650571f275b2e2d756115f319a16cc6f6086aec85781caa0,dd0d0fe9fc6e1006,281,500,verified_valid,unique,Botanist-verified research-grade observation of Oressinoma typhla (281x500),2026-10-10 09:48:19 UTC
carnation,carnation_inaturalist_61023086_adcfb54fd0.jpg,raw_acquisitions/carnation/inaturalist_research/carnation_inaturalist_61023086_adcfb54fd0.jpg,inaturalist_research,https://inaturalist-open-data.s3.amazonaws.com/photos/97607485/medium.jpeg,61023086,97607485,Oressinoma typhla (Bandaged Satyr),cc-by-nc,adcfb54fd09cd673a742a10536fe726252fb996c8e5398df94f8c262d09a097f,8dc963078c0ebb9b,500,375,verified_valid,unique,Botanist-verified research-grade observation of Oressinoma typhla (500x375),2026-10-10 09:48:19 UTC
carnation,carnation_inaturalist_354545584_cbe603947c.jpg,raw_acquisitions/carnation/inaturalist_research/carnation_inaturalist_354545584_cbe603947c.jpg,inaturalist_research,https://inaturalist-open-data.s3.amazonaws.com/photos/646757588/medium.jpg,354545584,646757588,Oressinoma typhla (Bandaged Satyr),cc-by-nc,cbe603947cedb68ec06c0e6fbeeefb01e500b27a6a7e9602905e0bac61d15b3b,d98f3e64b7a4a460,375,500,verified_valid,unique,Botanist-verified research-grade observation of Oressinoma typhla (375x500),2026-10-10 09:48:19 UTC
carnation,carnation_inaturalist_103445713_8e143162e5.jpg,raw_acquisitions/carnation/inaturalist_research/carnation_inaturalist_103445713_8e143162e5.jpg,inaturalist_research,https://inaturalist-open-data.s3.amazonaws.com/photos/173128941/medium.jpeg,103445713,173128941,Oressinoma typhla typhla (),cc-by-nc,8e143162e5ee64e566f99df29b7b86aee00ba9430d60b727f1208f2fe6679f9e,906836b379cce666,500,375,verified_valid,unique,Botanist-verified research-grade observation of Oressinoma typhla typhla (500x375),2026-10-10 09:48:19 UTC
carnation,carnation_inaturalist_77800543_f6581bb965.jpg,raw_acquisitions/carnation/inaturalist_research/carnation_inaturalist_77800543_f6581bb965.jpg,inaturalist_research,https://inaturalist-open-data.s3.amazonaws.com/photos/127266860/medium.jpeg,77800543,127266860,Oressinoma typhla (Bandaged Satyr),cc-by-nc,f6581bb96544c5dd0882fbc37a7ebf02837bd83c501aa35e3449b21fdd72771e,957c612a781b5e53,500,304,verified_valid,unique,Botanist-verified research-grade observation of Oressinoma typhla (500x304),2026-10-10 09:48:19 UTC
carnation,carnation_inaturalist_128075149_ab515e87a7.jpg,raw_acquisitions/carnation/inaturalist_research/carnation_inaturalist_128075149_ab515e87a7.jpg,inaturalist_research,https://inaturalist-open-data.s3.amazonaws.com/photos/217511579/medium.jpeg,128075149,217511579,Oressinoma typhla (Bandaged Satyr),cc-by-nc,ab515e87a7b6e90fae48d6e2b12d73a800d91b46a019f266fec44248a8a4085d,e0f03a95d95f4c25,500,375,verified_valid,unique,Botanist-verified research-grade observation of Oressinoma typhla (500x375),2026-10-10 09:48:19 UTC
carnation,carnation_inaturalist_6298788_997d2d439f.jpg,raw_acquisitions/carnation/inaturalist_research/carnation_inaturalist_6298788_997d2d439f.jpg,inaturalist_research,https://static.inaturalist.org/photos/7930025/medium.jpeg,6298788,7930025,Oressinoma typhla (Bandaged Satyr),cc-by-nc,997d2d439f321f699865434e8cc2605ba48be70433aea0b01ad417b845247a38,c41c76cd893373cc,500,281,verified_valid,unique,Botanist-verified research-grade observation of Oressinoma typhla (500x281),2026-10-10 09:48:19 UTC
carnation,carnation_inaturalist_71764754_5a002f9717.jpg,raw_acquisitions/carnation/inaturalist_research/carnation_inaturalist_71764754_5a002f9717.jpg,inaturalist_research,https://inaturalist-open-data.s3.amazonaws.com/photos/116891852/medium.jpeg,71764754,116891852,Oressinoma typhla (Bandaged Satyr),cc-by-nc,5a002f9717013cfe5bee53dd70494193cd42048529b916614f300e95b3b839c5,c9893675e5a45633,500,375,verified_valid,unique,Botanist-verified research-grade observation of Oressinoma typhla (500x375),2026-10-10 09:48:19 UTC
carnation,carnation_inaturalist_68849373_7be000fdd9.jpg,raw_acquisitions/carnation/inaturalist_research/carnation_inaturalist_68849373_7be000fdd9.jpg,inaturalist_research,https://inaturalist-open-data.s3.amazonaws.com/photos/111580523/medium.jpeg,68849373,111580523,Oressinoma typhla typhla (),cc-by-nc-sa,7be000fdd9188257ea8a1e55f9d4e0d9c3152fd8b54bef329ecf662a563e7da5,e558638658a3c6db,500,344,verified_valid,unique,Botanist-verified research-grade observation of Oressinoma typhla typhla (500x344),2026-10-10 09:48:19 UTC
carnation,carnation_inaturalist_307742390_805f64face.jpg,raw_acquisitions/carnation/inaturalist_research/carnation_inaturalist_307742390_805f64face.jpg,inaturalist_research,https://inaturalist-open-data.s3.amazonaws.com/photos/555124005/medium.jpg,307742390,555124005,Oressinoma typhla (Bandaged Satyr),cc-by-nc,805f64face1451a37b4b673f3e2bcc3ed293c20da534510e46b2122b3e1f0171,81299753853e71fc,375,500,verified_valid,unique,Botanist-verified research-grade observation of Oressinoma typhla (375x500),2026-10-10 09:48:19 UTC
carnation,carnation_inaturalist_322531157_a18ad09222.jpg,raw_acquisitions/carnation/inaturalist_research/carnation_inaturalist_322531157_a18ad09222.jpg,inaturalist_research,https://static.inaturalist.org/photos/583483919/medium.jpg,322531157,583483919,Oressinoma typhla (Bandaged Satyr),cc-by-nc,a18ad092227ed72c62d998cd2915fe77ff153496a28d62b3ef5e7a9440238609,e748ab7de41187a8,500,333,verified_valid,unique,Botanist-verified research-grade observation of Oressinoma typhla (500x333),2026-10-10 09:48:19 UTC
carnation,carnation_inaturalist_400597636_71a7a5b4d2.jpg,raw_acquisitions/carnation/inaturalist_research/carnation_inaturalist_400597636_71a7a5b4d2.jpg,inaturalist_research,https://static.inaturalist.org/photos/735158500/medium.jpg,400597636,735158500,Oressinoma typhla (Bandaged Satyr),cc-by-nc,71a7a5b4d29a5675aad861a1c9410421bc5f2a06349370fc4b195b18ebdc2fc3,9c396b8a4ce5d4c6,500,319,verified_valid,unique,Botanist-verified research-grade observation of Oressinoma typhla (500x319),2026-10-10 09:48:19 UTC
carnation,carnation_inaturalist_75357264_a7390728b8.jpg,raw_acquisitions/carnation/inaturalist_research/carnation_inaturalist_75357264_a7390728b8.jpg,inaturalist_research,https://inaturalist-open-data.s3.amazonaws.com/photos/123272476/medium.jpg,75357264,123272476,Oressinoma typhla (Bandaged Satyr),cc-by-nc,a7390728b8c2954dccc7e3deff8dd9e85afc1b2beb0992c24dddf3aea6e4e3cb,cf32a7b077e08455,500,375,verified_valid,unique,Botanist-verified research-grade observation of Oressinoma typhla (500x375),2026-10-10 09:48:19 UTC
carnation,carnation_inaturalist_40390051_831e254567.jpg,raw_acquisitions/carnation/inaturalist_research/carnation_inaturalist_40390051_831e254567.jpg,inaturalist_research,https://inaturalist-open-data.s3.amazonaws.com/photos/64131299/medium.jpeg,40390051,64131299,Oressinoma typhla (Bandaged Satyr),cc-by,831e2545677075bcef7787623c0e22779b3a369d6a6394a88d8db84c82ac868b,9c232d123ff9c6c4,500,375,verified_valid,unique,Botanist-verified research-grade observation of Oressinoma typhla (500x375),2026-10-10 09:48:19 UTC
carnation,carnation_inaturalist_109244795_087b6708f5.jpg,raw_acquisitions/carnation/inaturalist_research/carnation_inaturalist_109244795_087b6708f5.jpg,inaturalist_research,https://inaturalist-open-data.s3.amazonaws.com/photos/184086645/medium.jpeg,109244795,184086645,Oressinoma typhla (Bandaged Satyr),cc-by-nc-sa,087b6708f581a4702aa30a2d6732364eb61aa6e5f85f038357874e0c284de6be,e07c47f48dc2e788,375,500,verified_valid,unique,Botanist-verified research-grade observation of Oressinoma typhla (375x500),2026-10-10 09:48:19 UTC
carnation,carnation_inaturalist_172681224_57d4a43cbd.jpg,raw_acquisitions/carnation/inaturalist_research/carnation_inaturalist_172681224_57d4a43cbd.jpg,inaturalist_research,https://inaturalist-open-data.s3.amazonaws.com/photos/299798622/medium.jpg,172681224,299798622,Oressinoma typhla (Bandaged Satyr),cc-by-nc,57d4a43cbdd3f55b9721ce026cc11f373579b3e409c5bc39fe4ebd78fb9a2432,8537b1f8185697b1,281,500,verified_valid,unique,Botanist-verified research-grade observation of Oressinoma typhla (281x500),2026-10-10 09:48:19 UTC
carnation,carnation_inaturalist_35146494_52353cbf53.jpg,raw_acquisitions/carnation/inaturalist_research/carnation_inaturalist_35146494_52353cbf53.jpg,inaturalist_research,https://static.inaturalist.org/photos/55387878/medium.jpeg,35146494,55387878,Oressinoma typhla (Bandaged Satyr),cc-by-nc,52353cbf537a78f2ecb1457cf429fb6135dd4051e0a126ba673cb8439a421503,a4b623b9887c0eee,500,400,verified_valid,unique,Botanist-verified research-grade observation of Oressinoma typhla (500x400),2026-10-10 09:48:19 UTC
carnation,carnation_inaturalist_250621628_25aac158b9.jpg,raw_acquisitions/carnation/inaturalist_research/carnation_inaturalist_250621628_25aac158b9.jpg,inaturalist_research,https://static.inaturalist.org/photos/448266012/medium.jpeg,250621628,448266012,Oressinoma typhla (Bandaged Satyr),cc-by-nc,25aac158b9bab5475d28607bd55f9ba845404cf7d9910cccc95993de5184fc87,e1e71623b3399f40,500,333,verified_valid,unique,Botanist-verified research-grade observation of Oressinoma typhla (500x333),2026-10-10 09:48:19 UTC
carnation,carnation_inaturalist_255117930_d9fdc28ac8.jpg,raw_acquisitions/carnation/inaturalist_research/carnation_inaturalist_255117930_d9fdc28ac8.jpg,inaturalist_research,https://inaturalist-open-data.s3.amazonaws.com/photos/457118674/medium.jpeg,255117930,457118674,Oressinoma typhla (Bandaged Satyr),cc-by-nc,d9fdc28ac8e876c092b4287cacbe64773eccd2826d9f1770bf0b2130aa14c99b,9dd163c6cc993326,500,375,verified_valid,unique,Botanist-verified research-grade observation of Oressinoma typhla (500x375),2026-10-10 09:48:19 UTC
carnation,carnation_inaturalist_18894459_d2b6df4396.jpg,raw_acquisitions/carnation/inaturalist_research/carnation_inaturalist_18894459_d2b6df4396.jpg,inaturalist_research,https://inaturalist-open-data.s3.amazonaws.com/photos/28955539/medium.jpeg,18894459,28955539,Oressinoma typhla (Bandaged Satyr),cc-by,d2b6df43960f31bd30e676f6bb7ba16642ca118bb9c9e26309f08a7086341bd5,de2e23b179a48725,500,400,verified_valid,unique,Botanist-verified research-grade observation of Oressinoma typhla (500x400),2026-10-10 09:48:19 UTC
carnation,carnation_inaturalist_265827921_3faa9be562.jpg,raw_acquisitions/carnation/inaturalist_research/carnation_inaturalist_265827921_3faa9be562.jpg,inaturalist_research,https://inaturalist-open-data.s3.amazonaws.com/photos/477550380/medium.jpg,265827921,477550380,Oressinoma typhla (Bandaged Satyr),cc-by-nc,3faa9be5620506df649b6f1709e43d2919ca15fbaa0b2f9d82596305a5ac155e,818206113f56ffbb,375,500,verified_valid,unique,Botanist-verified research-grade observation of Oressinoma typhla (375x500),2026-10-10 09:48:19 UTC
carnation,carnation_inaturalist_95835966_ec7a02512a.jpg,raw_acquisitions/carnation/inaturalist_research/carnation_inaturalist_95835966_ec7a02512a.jpg,inaturalist_research,https://static.inaturalist.org/photos/159147195/medium.jpg,95835966,159147195,Oressinoma typhla (Bandaged Satyr),cc-by-nc,ec7a02512a54aeb22b18fbb1e6a0109142d08ea9f724154c54efedb066301b21,98cc673399ccc6b2,500,400,verified_valid,unique,Botanist-verified research-grade observation of Oressinoma typhla (500x400),2026-10-10 09:48:19 UTC
carnation,carnation_inaturalist_28960731_4426add073.jpg,raw_acquisitions/carnation/inaturalist_research/carnation_inaturalist_28960731_4426add073.jpg,inaturalist_research,https://static.inaturalist.org/photos/45169935/medium.jpeg,28960731,45169935,Oressinoma typhla (Bandaged Satyr),cc-by-nc,4426add073f42e0b8bebdeb40a8b9a1c384b25ee3784f85294bca1e8e852b3e9,8eb567d2304bfc24,431,500,verified_valid,unique,Botanist-verified research-grade observation of Oressinoma typhla (431x500),2026-10-10 09:48:19 UTC
carnation,carnation_inaturalist_184811515_a2216f8a87.jpg,raw_acquisitions/carnation/inaturalist_research/carnation_inaturalist_184811515_a2216f8a87.jpg,inaturalist_research,https://static.inaturalist.org/photos/322657627/medium.jpeg,184811515,322657627,Oressinoma typhla (Bandaged Satyr),cc-by-nc,a2216f8a8731f22f3ad0522150dfe698543d4eb5383b3caa172bb83282a64127,cecf73839c290792,500,434,verified_valid,unique,Botanist-verified research-grade observation of Oressinoma typhla (500x434),2026-10-10 09:48:19 UTC
carnation,carnation_inaturalist_228710603_919e3951f3.jpg,raw_acquisitions/carnation/inaturalist_research/carnation_inaturalist_228710603_919e3951f3.jpg,inaturalist_research,https://static.inaturalist.org/photos/405887795/medium.jpeg,228710603,405887795,Oressinoma typhla (Bandaged Satyr),cc-by-nc,919e3951f39aa5f851722e744927b7c09b273bf9afbcd2df07d0ad5e9afc49fe,cc337483bfb0c31c,500,375,verified_valid,unique,Botanist-verified research-grade observation of Oressinoma typhla (500x375),2026-10-10 09:48:19 UTC
carnation,carnation_inaturalist_88318673_6ea8fa2b89.jpg,raw_acquisitions/carnation/inaturalist_research/carnation_inaturalist_88318673_6ea8fa2b89.jpg,inaturalist_research,https://inaturalist-open-data.s3.amazonaws.com/photos/145699040/medium.jpg,88318673,145699040,Oressinoma typhla (Bandaged Satyr),cc0,6ea8fa2b8979bb55f5e4bc9c79a43ff69f2d93e584ad6b1eacd00cc7172595ff,d449633f2e0b333c,500,317,verified_valid,unique,Botanist-verified research-grade observation of Oressinoma typhla (500x317),2026-10-10 09:48:19 UTC
carnation,carnation_inaturalist_200536397_a527c1a9b8.jpg,raw_acquisitions/carnation/inaturalist_research/carnation_inaturalist_200536397_a527c1a9b8.jpg,inaturalist_research,https://inaturalist-open-data.s3.amazonaws.com/photos/353817612/medium.jpg,200536397,353817612,Oressinoma typhla (Bandaged Satyr),cc-by-nc,a527c1a9b841137d97518b014dc21ad4b26b89e2f4d342315ae0969cbb7f55be,f65096b4a98ccea6,382,338,verified_valid,unique,Botanist-verified research-grade observation of Oressinoma typhla (382x338),2026-10-10 09:48:19 UTC
carnation,carnation_inaturalist_200773184_68c90d4008.jpg,raw_acquisitions/carnation/inaturalist_research/carnation_inaturalist_200773184_68c90d4008.jpg,inaturalist_research,https://inaturalist-open-data.s3.amazonaws.com/photos/354286997/medium.jpg,200773184,354286997,Oressinoma typhla (Bandaged Satyr),cc-by-nc,68c90d400864eb3525cdcaf865ee8f1e3eebef009de715c5a27defa23ae35fcd,9c6ad33e0c39cfc0,500,225,verified_valid,unique,Botanist-verified research-grade observation of Oressinoma typhla (500x225),2026-10-10 09:48:19 UTC
carnation,carnation_inaturalist_345976941_c7a2a91ed9.jpg,raw_acquisitions/carnation/inaturalist_research/carnation_inaturalist_345976941_c7a2a91ed9.jpg,inaturalist_research,https://inaturalist-open-data.s3.amazonaws.com/photos/630591060/medium.jpg,345976941,630591060,Oressinoma typhla (Bandaged Satyr),cc-by-nc,c7a2a91ed93693854ce85769254bdd4db4f165caefe288feab9f9ce3d55c40cc,c98e2e1f5914f233,492,500,verified_valid,unique,Botanist-verified research-grade observation of Oressinoma typhla (492x500),2026-10-10 09:48:19 UTC
carnation,carnation_inaturalist_255628099_596783b81c.jpg,raw_acquisitions/carnation/inaturalist_research/carnation_inaturalist_255628099_596783b81c.jpg,inaturalist_research,https://inaturalist-open-data.s3.amazonaws.com/photos/458056112/medium.jpg,255628099,458056112,Oressinoma typhla (Bandaged Satyr),cc-by-nc,596783b81c6a11f4c7e927f363180c973ac3f5146c286276cfc0662aae4101de,d66a21658a97747c,500,391,verified_valid,unique,Botanist-verified research-grade observation of Oressinoma typhla (500x391),2026-10-10 09:48:19 UTC
carnation,carnation_inaturalist_260418366_d75b0857f4.jpg,raw_acquisitions/carnation/inaturalist_research/carnation_inaturalist_260418366_d75b0857f4.jpg,inaturalist_research,https://static.inaturalist.org/photos/467676513/medium.jpeg,260418366,467676513,Oressinoma typhla (Bandaged Satyr),cc-by-nc,d75b0857f48de11e42d7713fd81e9d16225397ee931edc5079e04e47a6a424b7,d873e0fc4bab06c2,375,500,verified_valid,unique,Botanist-verified research-grade observation of Oressinoma typhla (375x500),2026-10-10 09:48:19 UTC
carnation,carnation_inaturalist_340971659_c8af081459.jpg,raw_acquisitions/carnation/inaturalist_research/carnation_inaturalist_340971659_c8af081459.jpg,inaturalist_research,https://inaturalist-open-data.s3.amazonaws.com/photos/620608399/medium.jpg,340971659,620608399,Oressinoma typhla (Bandaged Satyr),cc-by-nc,c8af081459a1240d8e02b9f492b3b81148197a7baa9df898f6fbfea4a5d4fe1b,d76a98a3e2478716,500,429,verified_valid,unique,Botanist-verified research-grade observation of Oressinoma typhla (500x429),2026-10-10 09:48:19 UTC
carnation,carnation_inaturalist_187400599_e0dfae37e2.jpg,raw_acquisitions/carnation/inaturalist_research/carnation_inaturalist_187400599_e0dfae37e2.jpg,inaturalist_research,https://inaturalist-open-data.s3.amazonaws.com/photos/327716784/medium.jpg,187400599,327716784,Oressinoma typhla (Bandaged Satyr),cc-by-nc,e0dfae37e297b08b4607b89a8860e97bfa86ecfbe8f2a2afc9a0cc712ede8c12,bc2413f319d338ea,500,375,verified_valid,unique,Botanist-verified research-grade observation of Oressinoma typhla (500x375),2026-10-10 09:48:19 UTC
carnation,carnation_inaturalist_271290812_e590e44180.jpg,raw_acquisitions/carnation/inaturalist_research/carnation_inaturalist_271290812_e590e44180.jpg,inaturalist_research,https://inaturalist-open-data.s3.amazonaws.com/photos/487977849/medium.jpeg,271290812,487977849,Oressinoma typhla (Bandaged Satyr),cc-by-nc,e590e441802f7594bad1939994e7cb24ff194008f2b0f5ac6206c5816559e922,cdd861a5547279cc,375,500,verified_valid,unique,Botanist-verified research-grade observation of Oressinoma typhla (375x500),2026-10-10 09:48:19 UTC
carnation,carnation_inaturalist_166467583_6c749fe2e3.jpg,raw_acquisitions/carnation/inaturalist_research/carnation_inaturalist_166467583_6c749fe2e3.jpg,inaturalist_research,https://static.inaturalist.org/photos/288276055/medium.jpg,166467583,288276055,Oressinoma typhla (Bandaged Satyr),cc-by-nc,6c749fe2e321ca21bea7723ea1da9cff8275571a70a95ae319f14273ab93d1be,bb436e23e8cf0c38,375,500,verified_valid,unique,Botanist-verified research-grade observation of Oressinoma typhla (375x500),2026-10-10 09:48:19 UTC
carnation,carnation_inaturalist_238221221_ee07a3d7d3.jpg,raw_acquisitions/carnation/inaturalist_research/carnation_inaturalist_238221221_ee07a3d7d3.jpg,inaturalist_research,https://inaturalist-open-data.s3.amazonaws.com/photos/424082332/medium.jpeg,238221221,424082332,Oressinoma typhla (Bandaged Satyr),cc-by-nc,ee07a3d7d3d9dd589013158cf5bdc5569adf33f61cc850647d5d6eb97e65dc2d,d221153a2d3dbd5a,281,500,verified_valid,unique,Botanist-verified research-grade observation of Oressinoma typhla (281x500),2026-10-10 09:48:19 UTC
carnation,carnation_inaturalist_209886490_86420e2422.jpg,raw_acquisitions/carnation/inaturalist_research/carnation_inaturalist_209886490_86420e2422.jpg,inaturalist_research,https://inaturalist-open-data.s3.amazonaws.com/photos/371338371/medium.jpeg,209886490,371338371,Oressinoma typhla (Bandaged Satyr),cc-by-nc,86420e2422fecc72583349dfd902f4c3b61770068eb5fea7eea154de8bee2014,8e9350ebbd0ea30d,500,375,verified_valid,unique,Botanist-verified research-grade observation of Oressinoma typhla (500x375),2026-10-10 09:48:19 UTC
carnation,carnation_inaturalist_233110329_d914f17fea.jpg,raw_acquisitions/carnation/inaturalist_research/carnation_inaturalist_233110329_d914f17fea.jpg,inaturalist_research,https://inaturalist-open-data.s3.amazonaws.com/photos/414238657/medium.jpeg,233110329,414238657,Oressinoma typhla (Bandaged Satyr),cc-by-nc,d914f17fea0689ae6c947ac28bfc82cc43df49030b77002eaf07bd67ad95634f,a56a4b5a475b10d7,500,375,verified_valid,unique,Botanist-verified research-grade observation of Oressinoma typhla (500x375),2026-10-10 09:48:19 UTC
carnation,carnation_inaturalist_55316923_642ede4c87.jpg,raw_acquisitions/carnation/inaturalist_research/carnation_inaturalist_55316923_642ede4c87.jpg,inaturalist_research,https://inaturalist-open-data.s3.amazonaws.com/photos/88074693/medium.jpg,55316923,88074693,Oressinoma typhla (Bandaged Satyr),cc-by-nc,642ede4c8768b3d4055e1648925610e6570960fbec47ee96224fb12e3e0bf5de,d96264d99866ecc9,375,500,verified_valid,unique,Botanist-verified research-grade observation of Oressinoma typhla (375x500),2026-10-10 09:48:19 UTC
carnation,carnation_inaturalist_376609677_af07cc7613.jpg,raw_acquisitions/carnation/inaturalist_research/carnation_inaturalist_376609677_af07cc7613.jpg,inaturalist_research,https://inaturalist-open-data.s3.amazonaws.com/photos/688606847/medium.jpg,376609677,688606847,Oressinoma typhla (Bandaged Satyr),cc-by-nc,af07cc7613662c27f2d780e7f7666eac996d79176f117777b9d2b2799148a2ed,83a2c9d6a1f30d3b,375,500,verified_valid,unique,Botanist-verified research-grade observation of Oressinoma typhla (375x500),2026-10-10 09:48:19 UTC
carnation,carnation_inaturalist_54880418_0d5869bbe4.jpg,raw_acquisitions/carnation/inaturalist_research/carnation_inaturalist_54880418_0d5869bbe4.jpg,inaturalist_research,https://inaturalist-open-data.s3.amazonaws.com/photos/87349948/medium.jpg,54880418,87349948,Oressinoma typhla (Bandaged Satyr),cc-by-nc-nd,0d5869bbe47771212f3a15d04ff4d827e2db4a3cf2e3668d6b672fd580696281,8f98782b13b0bca7,281,500,verified_valid,unique,Botanist-verified research-grade observation of Oressinoma typhla (281x500),2026-10-10 09:48:19 UTC
carnation,carnation_inaturalist_53770668_1ad641781e.jpg,raw_acquisitions/carnation/inaturalist_research/carnation_inaturalist_53770668_1ad641781e.jpg,inaturalist_research,https://inaturalist-open-data.s3.amazonaws.com/photos/85532810/medium.jpeg,53770668,85532810,Oressinoma typhla (Bandaged Satyr),cc-by-nc,1ad641781e5fc940054bdf75eb0bbfc78baac6a366946bb012825bcc4297f008,cdf1a79412ced243,500,375,verified_valid,unique,Botanist-verified research-grade observation of Oressinoma typhla (500x375),2026-10-10 09:48:19 UTC
carnation,carnation_inaturalist_319763749_1dc7e7b2d6.jpg,raw_acquisitions/carnation/inaturalist_research/carnation_inaturalist_319763749_1dc7e7b2d6.jpg,inaturalist_research,https://inaturalist-open-data.s3.amazonaws.com/photos/578061012/medium.jpg,319763749,578061012,Oressinoma typhla (Bandaged Satyr),cc-by,1dc7e7b2d6c6c3e64325fa5b3252c8b7f48984beb43fe8b3b3dc412c6b8faf65,f2d47b3e8c1845b8,426,500,verified_valid,unique,Botanist-verified research-grade observation of Oressinoma typhla (426x500),2026-10-10 09:48:19 UTC
carnation,carnation_inaturalist_146785291_0cd12acef4.jpg,raw_acquisitions/carnation/inaturalist_research/carnation_inaturalist_146785291_0cd12acef4.jpg,inaturalist_research,https://inaturalist-open-data.s3.amazonaws.com/photos/252442288/medium.jpg,146785291,252442288,Oressinoma typhla (Bandaged Satyr),cc-by-nc,0cd12acef46e91d1a267c738e1b9345df2537a42870c0a7ce59806a9a42bebba,ccd173a6724f9c28,375,500,verified_valid,unique,Botanist-verified research-grade observation of Oressinoma typhla (375x500),2026-10-10 09:48:19 UTC
carnation,carnation_inaturalist_143671376_819a88b2be.jpg,raw_acquisitions/carnation/inaturalist_research/carnation_inaturalist_143671376_819a88b2be.jpg,inaturalist_research,https://inaturalist-open-data.s3.amazonaws.com/photos/246435288/medium.jpg,143671376,246435288,Oressinoma typhla (Bandaged Satyr),cc-by-nc,819a88b2bee007f1354af26fc5afa0073628753af63bd73d7d702d0d8d0dd583,9c21f32658f1b7b0,404,500,verified_valid,unique,Botanist-verified research-grade observation of Oressinoma typhla (404x500),2026-10-10 09:48:19 UTC
carnation,carnation_inaturalist_146011557_a5b5e10b06.jpg,raw_acquisitions/carnation/inaturalist_research/carnation_inaturalist_146011557_a5b5e10b06.jpg,inaturalist_research,https://inaturalist-open-data.s3.amazonaws.com/photos/250931319/medium.jpeg,146011557,250931319,Oressinoma typhla (Bandaged Satyr),cc-by-nc,a5b5e10b06ba38e26277b323d165b1474d600cfaf0a306f7172482c8c5b71c72,bb89c4d3543159c7,398,500,verified_valid,unique,Botanist-verified research-grade observation of Oressinoma typhla (398x500),2026-10-10 09:48:19 UTC
carnation,carnation_inaturalist_143556099_ef112645a7.jpg,raw_acquisitions/carnation/inaturalist_research/carnation_inaturalist_143556099_ef112645a7.jpg,inaturalist_research,https://inaturalist-open-data.s3.amazonaws.com/photos/246212468/medium.jpg,143556099,246212468,Oressinoma typhla (Bandaged Satyr),cc-by,ef112645a783162db694729028a8f2bfa7c42e4f7a2b33fd874bca65ad78f5b6,d64eea8b16d04cda,500,333,verified_valid,unique,Botanist-verified research-grade observation of Oressinoma typhla (500x333),2026-10-10 09:48:19 UTC
carnation,carnation_inaturalist_144444007_f5c9847f31.jpg,raw_acquisitions/carnation/inaturalist_research/carnation_inaturalist_144444007_f5c9847f31.jpg,inaturalist_research,https://static.inaturalist.org/photos/247905424/medium.jpg,144444007,247905424,Oressinoma typhla (Bandaged Satyr),cc-by-nc,f5c9847f31acfa8a525bda8eb62203ead5c65f820964b379a13d3736f000f8d0,8e9433e73c68b9e0,500,333,verified_valid,unique,Botanist-verified research-grade observation of Oressinoma typhla (500x333),2026-10-10 09:48:19 UTC
carnation,carnation_inaturalist_144978881_37461a7bc6.jpg,raw_acquisitions/carnation/inaturalist_research/carnation_inaturalist_144978881_37461a7bc6.jpg,inaturalist_research,https://inaturalist-open-data.s3.amazonaws.com/photos/248951833/medium.jpeg,144978881,248951833,Oressinoma typhla (Bandaged Satyr),cc-by-nc-sa,37461a7bc6d541c21e99f1cb6fd8c784836dd9f942ad3923bb622c6128a9d3e4,825b1bad5ea0aec5,500,375,verified_valid,unique,Botanist-verified research-grade observation of Oressinoma typhla (500x375),2026-10-10 09:48:19 UTC
carnation,carnation_inaturalist_105905805_abb351a18f.jpg,raw_acquisitions/carnation/inaturalist_research/carnation_inaturalist_105905805_abb351a18f.jpg,inaturalist_research,https://static.inaturalist.org/photos/177805125/medium.jpeg,105905805,177805125,Oressinoma typhla (Bandaged Satyr),cc-by-nc,abb351a18fe5786a5ba60a7c76f745af195702c439f7641e33f26e510d769e0f,b4f82e18669bcaf0,375,500,verified_valid,unique,Botanist-verified research-grade observation of Oressinoma typhla (375x500),2026-10-10 09:48:19 UTC
carnation,carnation_inaturalist_140022003_81ac5280b4.jpg,raw_acquisitions/carnation/inaturalist_research/carnation_inaturalist_140022003_81ac5280b4.jpg,inaturalist_research,https://inaturalist-open-data.s3.amazonaws.com/photos/239612230/medium.jpg,140022003,239612230,Oressinoma typhla (Bandaged Satyr),cc-by,81ac5280b4717a76202e9b10848add52f892b0cc17aef9290d85fe5d18d237ad,ac4b734698b1a766,456,500,verified_valid,unique,Botanist-verified research-grade observation of Oressinoma typhla (456x500),2026-10-10 09:48:19 UTC
carnation,carnation_inaturalist_134323882_5f43086ca2.jpg,raw_acquisitions/carnation/inaturalist_research/carnation_inaturalist_134323882_5f43086ca2.jpg,inaturalist_research,https://inaturalist-open-data.s3.amazonaws.com/photos/228937954/medium.jpg,134323882,228937954,Oressinoma typhla (Bandaged Satyr),cc-by-sa,5f43086ca2ac558f97e01305c5b11421f252254a0bad87957e3e726e3585c92b,8b9a7536cc383897,500,322,verified_valid,unique,Botanist-verified research-grade observation of Oressinoma typhla (500x322),2026-10-10 09:48:19 UTC
carnation,carnation_inaturalist_38204291_ce2ea279db.jpg,raw_acquisitions/carnation/inaturalist_research/carnation_inaturalist_38204291_ce2ea279db.jpg,inaturalist_research,https://inaturalist-open-data.s3.amazonaws.com/photos/60683073/medium.jpeg,38204291,60683073,Oressinoma typhla (Bandaged Satyr),cc-by-nc,ce2ea279dbfccf605248bbdffae1e981dc532de6649149d711f223f1c76eaa62,cc41179c611bba9f,500,375,verified_valid,unique,Botanist-verified research-grade observation of Oressinoma typhla (500x375),2026-10-10 09:48:19 UTC
carnation,carnation_inaturalist_140863506_c9e27f5f28.jpg,raw_acquisitions/carnation/inaturalist_research/carnation_inaturalist_140863506_c9e27f5f28.jpg,inaturalist_research,https://inaturalist-open-data.s3.amazonaws.com/photos/241193247/medium.jpg,140863506,241193247,Oressinoma typhla (Bandaged Satyr),cc-by-nc,c9e27f5f2827b512eaf3835f60e71e47bad9963a0f2ac578d9e11acc5dc1a2b2,c6038f3fb23468d9,500,337,verified_valid,unique,Botanist-verified research-grade observation of Oressinoma typhla (500x337),2026-10-10 09:48:19 UTC
carnation,carnation_inaturalist_64627627_2e6e0f00b6.jpg,raw_acquisitions/carnation/inaturalist_research/carnation_inaturalist_64627627_2e6e0f00b6.jpg,inaturalist_research,https://inaturalist-open-data.s3.amazonaws.com/photos/103927194/medium.jpeg,64627627,103927194,Oressinoma typhla (Bandaged Satyr),cc-by-nc,2e6e0f00b655579f01149b5f100562c2af28dbbaa49fb85e069d90a682873682,de568f2641d8b658,500,375,verified_valid,unique,Botanist-verified research-grade observation of Oressinoma typhla (500x375),2026-10-10 09:48:19 UTC
carnation,carnation_inaturalist_51011535_5dfeada87c.jpg,raw_acquisitions/carnation/inaturalist_research/carnation_inaturalist_51011535_5dfeada87c.jpg,inaturalist_research,https://static.inaturalist.org/photos/81027292/medium.jpeg,51011535,81027292,Oressinoma typhla (Bandaged Satyr),cc-by-nc,5dfeada87c6b11b637f26f539b1591ce8fe0b5775147a9c74feb4d68afbf742c,bd3cb26e89999382,500,375,verified_valid,unique,Botanist-verified research-grade observation of Oressinoma typhla (500x375),2026-10-10 09:48:19 UTC
carnation,carnation_inaturalist_48931051_ade370e187.jpg,raw_acquisitions/carnation/inaturalist_research/carnation_inaturalist_48931051_ade370e187.jpg,inaturalist_research,https://inaturalist-open-data.s3.amazonaws.com/photos/77658762/medium.jpeg,48931051,77658762,Oressinoma typhla (Bandaged Satyr),cc-by-nc,ade370e1870f57bbfe6c685a98bf366fdb19e04b3c275f1a76c55efd028ddc1e,e0442685a7bf1d9d,500,375,verified_valid,unique,Botanist-verified research-grade observation of Oressinoma typhla (500x375),2026-10-10 09:48:19 UTC
carnation,carnation_inaturalist_106470010_b49ba3db51.jpg,raw_acquisitions/carnation/inaturalist_research/carnation_inaturalist_106470010_b49ba3db51.jpg,inaturalist_research,https://inaturalist-open-data.s3.amazonaws.com/photos/178855568/medium.jpg,106470010,178855568,Oressinoma typhla (Bandaged Satyr),cc-by,b49ba3db5126b439a203426f8f7a1eadc08e93747fa5499fb6c9d68e8a3f6ddf,eee13620daf12ce8,500,397,verified_valid,unique,Botanist-verified research-grade observation of Oressinoma typhla (500x397),2026-10-10 09:48:19 UTC
carnation,carnation_inaturalist_40286386_ba56d3250b.jpg,raw_acquisitions/carnation/inaturalist_research/carnation_inaturalist_40286386_ba56d3250b.jpg,inaturalist_research,https://inaturalist-open-data.s3.amazonaws.com/photos/63983291/medium.jpeg,40286386,63983291,Oressinoma typhla (Bandaged Satyr),cc-by-nc,ba56d3250b6d0b981bbefc79b1ef30dd876221ac93be9f914228b0876aa302ae,cc9c7133d2b138cd,429,500,verified_valid,unique,Botanist-verified research-grade observation of Oressinoma typhla (429x500),2026-10-10 09:48:19 UTC
carnation,carnation_inaturalist_78914869_9526aa8a46.jpg,raw_acquisitions/carnation/inaturalist_research/carnation_inaturalist_78914869_9526aa8a46.jpg,inaturalist_research,https://static.inaturalist.org/photos/129201094/medium.jpeg,78914869,129201094,Oressinoma typhla (Bandaged Satyr),cc-by-nc,9526aa8a463464a769bfb3cff499afe4e83208ca5327a1378b098bee62f49374,a0c53ef8c271d8c7,375,500,verified_valid,unique,Botanist-verified research-grade observation of Oressinoma typhla (375x500),2026-10-10 09:48:19 UTC
carnation,carnation_inaturalist_110362928_880f786584.jpg,raw_acquisitions/carnation/inaturalist_research/carnation_inaturalist_110362928_880f786584.jpg,inaturalist_research,https://inaturalist-open-data.s3.amazonaws.com/photos/186162034/medium.jpeg,110362928,186162034,Oressinoma typhla (Bandaged Satyr),cc-by-nc,880f786584d9c09491548379e59408f0950d07cfefdf965d07a782c609bdaaf4,ce38316311eb56cd,500,500,verified_valid,unique,Botanist-verified research-grade observation of Oressinoma typhla (500x500),2026-10-10 09:48:19 UTC
carnation,carnation_inaturalist_75897608_03fb3325e0.jpg,raw_acquisitions/carnation/inaturalist_research/carnation_inaturalist_75897608_03fb3325e0.jpg,inaturalist_research,https://static.inaturalist.org/photos/124187819/medium.jpeg,75897608,124187819,Oressinoma typhla (Bandaged Satyr),cc-by-nc,03fb3325e06f8a5999ca3c357274199f0194f8f77d60e94fcdac2f6ae68b9c0d,9e1893374d9c2733,374,500,verified_valid,unique,Botanist-verified research-grade observation of Oressinoma typhla (374x500),2026-10-10 09:48:19 UTC
carnation,carnation_inaturalist_30266442_43795f3288.jpg,raw_acquisitions/carnation/inaturalist_research/carnation_inaturalist_30266442_43795f3288.jpg,inaturalist_research,https://inaturalist-open-data.s3.amazonaws.com/photos/47268892/medium.jpeg,30266442,47268892,Oressinoma typhla (Bandaged Satyr),cc-by-nc-sa,43795f3288e1d3490c55f09a32ff61e4b71fd8397a874e65a2542e30f9bac780,e9ad69e088279c5b,500,375,verified_valid,unique,Botanist-verified research-grade observation of Oressinoma typhla (500x375),2026-10-10 09:48:19 UTC
carnation,carnation_inaturalist_182726691_7212c9bd2d.jpg,raw_acquisitions/carnation/inaturalist_research/carnation_inaturalist_182726691_7212c9bd2d.jpg,inaturalist_research,https://inaturalist-open-data.s3.amazonaws.com/photos/318648152/medium.jpg,182726691,318648152,Oressinoma typhla (Bandaged Satyr),cc-by-nc,7212c9bd2d571969198c3dc433404acd426dc9300aa34399d71941c04e07b33d,fc121e8598ec760f,375,500,verified_valid,unique,Botanist-verified research-grade observation of Oressinoma typhla (375x500),2026-10-10 09:48:19 UTC
carnation,carnation_inaturalist_17266546_4bf1ad9da4.jpg,raw_acquisitions/carnation/inaturalist_research/carnation_inaturalist_17266546_4bf1ad9da4.jpg,inaturalist_research,https://inaturalist-open-data.s3.amazonaws.com/photos/26192595/medium.jpeg,17266546,26192595,Oressinoma typhla (Bandaged Satyr),cc-by,4bf1ad9da4688898a1430fdbe8e913433bd3acfcbc923c254285216231496425,9d8c661299cce4f6,500,400,verified_valid,unique,Botanist-verified research-grade observation of Oressinoma typhla (500x400),2026-10-10 09:48:19 UTC
carnation,carnation_inaturalist_225731892_826a106f7c.jpg,raw_acquisitions/carnation/inaturalist_research/carnation_inaturalist_225731892_826a106f7c.jpg,inaturalist_research,https://inaturalist-open-data.s3.amazonaws.com/photos/400250585/medium.jpeg,225731892,400250585,Oressinoma typhla (Bandaged Satyr),cc-by-nc,826a106f7c749144a30910595b50511ec4b9276e1b0b51a726d96d930d3742a2,db5264cb99e238cc,372,500,verified_valid,unique,Botanist-verified research-grade observation of Oressinoma typhla (372x500),2026-10-10 09:48:19 UTC
carnation,carnation_inaturalist_61395180_62a31c3eca.jpg,raw_acquisitions/carnation/inaturalist_research/carnation_inaturalist_61395180_62a31c3eca.jpg,inaturalist_research,https://inaturalist-open-data.s3.amazonaws.com/photos/98233194/medium.jpg,61395180,98233194,Oressinoma typhla (Bandaged Satyr),cc-by-nc,62a31c3ecad1c3833485290ce593d8cb1de5cf464c6e13397aa0d76ae6e6a92c,9e9d606ea09fb886,281,500,verified_valid,unique,Botanist-verified research-grade observation of Oressinoma typhla (281x500),2026-10-10 09:48:19 UTC
carnation,carnation_inaturalist_234392483_058507ed3d.jpg,raw_acquisitions/carnation/inaturalist_research/carnation_inaturalist_234392483_058507ed3d.jpg,inaturalist_research,https://inaturalist-open-data.s3.amazonaws.com/photos/416678766/medium.jpeg,234392483,416678766,Oressinoma typhla (Bandaged Satyr),cc-by-nc,058507ed3d73d875ffdc3ce6114a3927117973de5d676da06616c0431dbd46d7,b85b7ae39a1e140d,500,487,verified_valid,unique,Botanist-verified research-grade observation of Oressinoma typhla (500x487),2026-10-10 09:48:19 UTC
lilium,lilium_inaturalist_99979833_cd515d1bb4.jpg,raw_acquisitions/lilium/inaturalist_research/lilium_inaturalist_99979833_cd515d1bb4.jpg,inaturalist_research,https://static.inaturalist.org/photos/166792811/medium.jpg,99979833,166792811,Lilium candidum (Madonna lily),cc-by-nc,cd515d1bb4143ab5ac69f22f0d48a15066d18a15e2d68d6b49bcf072dfe0c15e,851b33475367aa9a,500,333,verified_valid,unique,Botanist-verified research-grade observation of Lilium candidum (500x333),2026-10-10 09:49:40 UTC
lilium,lilium_inaturalist_126867111_77c57e4946.jpg,raw_acquisitions/lilium/inaturalist_research/lilium_inaturalist_126867111_77c57e4946.jpg,inaturalist_research,https://static.inaturalist.org/photos/215308031/medium.jpg,126867111,215308031,Lilium philadelphicum immaculatum (),cc-by-nc,77c57e49466558fd4a011d80077a8ccc23bd78ff6c4d9cf726d551039c58854d,8a4b3d64c35b5ccc,375,500,verified_valid,unique,Botanist-verified research-grade observation of Lilium philadelphicum immaculatum (375x500),2026-10-10 09:49:40 UTC
lilium,lilium_inaturalist_242143884_fc60753759.jpg,raw_acquisitions/lilium/inaturalist_research/lilium_inaturalist_242143884_fc60753759.jpg,inaturalist_research,https://static.inaturalist.org/photos/431651994/medium.jpg,242143884,431651994,Lilium parryi (lemon lily),cc-by-nc,fc607537599953237d4e52c47c6ac821eb2fee6ea53863be1ae25e6cc0c9b2db,dac18d3d93d2c127,333,500,verified_valid,unique,Botanist-verified research-grade observation of Lilium parryi (333x500),2026-10-10 09:49:40 UTC
lilium,lilium_inaturalist_128433046_27b5893dcf.jpg,raw_acquisitions/lilium/inaturalist_research/lilium_inaturalist_128433046_27b5893dcf.jpg,inaturalist_research,https://inaturalist-open-data.s3.amazonaws.com/photos/218153651/medium.jpg,128433046,218153651,Lilium superbum (Turk's-cap lily),cc-by-nc,27b5893dcf351c6502bc2e2f56a1f996d0ea6ed11d0a05ca2bd7c6894765824a,c5f38acca0c995ce,400,500,verified_valid,unique,Botanist-verified research-grade observation of Lilium superbum (400x500),2026-10-10 09:49:40 UTC
lilium,lilium_inaturalist_59138305_b99e2a4cf0.jpg,raw_acquisitions/lilium/inaturalist_research/lilium_inaturalist_59138305_b99e2a4cf0.jpg,inaturalist_research,https://inaturalist-open-data.s3.amazonaws.com/photos/94472232/medium.jpg,59138305,94472232,Lilium meleagrina (),cc-by-nc-sa,b99e2a4cf03d785caed65dfb0cb9dcfce95ca75a9ed6bdeb9f71ebbb3f807e32,c91972658ff69898,500,333,verified_valid,unique,Botanist-verified research-grade observation of Lilium meleagrina (500x333),2026-10-10 09:49:40 UTC
lilium,lilium_inaturalist_49702343_74aa254f92.jpg,raw_acquisitions/lilium/inaturalist_research/lilium_inaturalist_49702343_74aa254f92.jpg,inaturalist_research,https://inaturalist-open-data.s3.amazonaws.com/photos/78903637/medium.jpg,49702343,78903637,Lilium martagon pilosiusculum (),cc-by,74aa254f9202b637d24996c3175eeec4ef8f11d1ea07bfada3334f0a28b3befa,82f61d4b366d703a,500,500,verified_valid,unique,Botanist-verified research-grade observation of Lilium martagon pilosiusculum (500x500),2026-10-10 09:49:40 UTC
lilium,lilium_inaturalist_10471716_8d8e88f683.jpg,raw_acquisitions/lilium/inaturalist_research/lilium_inaturalist_10471716_8d8e88f683.jpg,inaturalist_research,https://inaturalist-open-data.s3.amazonaws.com/photos/14555779/medium.jpg,10471716,14555779,Lilium martagon (Martagon Lily),cc-by-nc,8d8e88f6831eeb68b1794f7f1395a20e9030b4f7af656b6d387258385df2a10c,8619764b6db413f1,375,500,verified_valid,unique,Botanist-verified research-grade observation of Lilium martagon (375x500),2026-10-10 09:49:40 UTC
lilium,lilium_inaturalist_3657153_0bd93c36c3.jpg,raw_acquisitions/lilium/inaturalist_research/lilium_inaturalist_3657153_0bd93c36c3.jpg,inaturalist_research,https://inaturalist-open-data.s3.amazonaws.com/photos/4233477/medium.jpg,3657153,4233477,Lilium canadense (Canada lily),cc-by-nc,0bd93c36c384dd2a9c3701f427773638bed290d2c79daf3ed74e1f5e41705140,90b03f3e60a3356f,344,500,verified_valid,unique,Botanist-verified research-grade observation of Lilium canadense (344x500),2026-10-10 09:49:40 UTC
lilium,lilium_inaturalist_101155869_2214e7aa28.jpg,raw_acquisitions/lilium/inaturalist_research/lilium_inaturalist_101155869_2214e7aa28.jpg,inaturalist_research,https://inaturalist-open-data.s3.amazonaws.com/photos/168894097/medium.jpeg,101155869,168894097,Lilium catesbaei (Pine lily),cc-by,2214e7aa28543979c6a56a98fdf3fc89e9dff9b5aec341e790dc8fc14094e35e,958be462724d52de,375,500,verified_valid,unique,Botanist-verified research-grade observation of Lilium catesbaei (375x500),2026-10-10 09:49:40 UTC
lilium,lilium_inaturalist_297186322_e85989d4d8.jpg,raw_acquisitions/lilium/inaturalist_research/lilium_inaturalist_297186322_e85989d4d8.jpg,inaturalist_research,https://inaturalist-open-data.s3.amazonaws.com/photos/535196519/medium.jpg,297186322,535196519,Lilium superbum (Turk's-cap lily),cc-by-nc,e85989d4d8f96655b8b50304e35a621df19ec0882edb874b43d5e5ef1dcf4edd,add6b0e203eb349c,375,500,verified_valid,unique,Botanist-verified research-grade observation of Lilium superbum (375x500),2026-10-10 09:49:40 UTC
lilium,lilium_inaturalist_52007301_158005e3c5.jpg,raw_acquisitions/lilium/inaturalist_research/lilium_inaturalist_52007301_158005e3c5.jpg,inaturalist_research,https://inaturalist-open-data.s3.amazonaws.com/photos/82679496/medium.jpeg,52007301,82679496,Lilium michiganense (Michigan lily),cc-by-nc,158005e3c531ef33b823fc66b8df4fcdacf22a861059ac963fce39036b390d05,9193fbf01b2f4921,375,500,verified_valid,unique,Botanist-verified research-grade observation of Lilium michiganense (375x500),2026-10-10 09:49:40 UTC
lilium,lilium_inaturalist_89043480_3d39dd5acb.jpg,raw_acquisitions/lilium/inaturalist_research/lilium_inaturalist_89043480_3d39dd5acb.jpg,inaturalist_research,https://inaturalist-open-data.s3.amazonaws.com/photos/146998680/medium.jpeg,89043480,146998680,Lilium superbum (Turk's-cap lily),cc-by,3d39dd5acb2015aa7c3b9b5e52326b66c80ca4f640f40b96cee1895c83dff4ec,d4296e5848b6f3c9,375,500,verified_valid,unique,Botanist-verified research-grade observation of Lilium superbum (375x500),2026-10-10 09:49:40 UTC
lilium,lilium_inaturalist_29809737_e48b00ceb3.jpg,raw_acquisitions/lilium/inaturalist_research/lilium_inaturalist_29809737_e48b00ceb3.jpg,inaturalist_research,https://static.inaturalist.org/photos/323344378/medium.jpeg,29809737,323344378,Lilium iridollae (Pot-of-Gold Lily),cc-by-nc,e48b00ceb3054b9a1948639ed92e8642cfc82e732e064152ac8135603fe8b5e5,b0aa85915b2b47f6,500,375,verified_valid,unique,Botanist-verified research-grade observation of Lilium iridollae (500x375),2026-10-10 09:49:40 UTC
lilium,lilium_inaturalist_159940124_49d3f03b34.jpg,raw_acquisitions/lilium/inaturalist_research/lilium_inaturalist_159940124_49d3f03b34.jpg,inaturalist_research,https://inaturalist-open-data.s3.amazonaws.com/photos/276354353/medium.jpg,159940124,276354353,Lilium grayi (Gray's lily),cc-by-nc,49d3f03b342523ddfce249575365e7a90cfc215a953dcf22aed4b49bc7d75d8f,af529c3d1c300f7a,375,500,verified_valid,unique,Botanist-verified research-grade observation of Lilium grayi (375x500),2026-10-10 09:49:40 UTC
lilium,lilium_inaturalist_269210161_74bdbb7c07.jpg,raw_acquisitions/lilium/inaturalist_research/lilium_inaturalist_269210161_74bdbb7c07.jpg,inaturalist_research,https://static.inaturalist.org/photos/484010614/medium.jpg,269210161,484010614,Lilium pyrophilum (sandhills lily),cc-by-nc,74bdbb7c07f909d65c45f6d6463d7df6d1331e42c5d4c0fa5e4eb0ed4b34a255,d0627f3c899d4e46,500,333,verified_valid,unique,Botanist-verified research-grade observation of Lilium pyrophilum (500x333),2026-10-10 09:49:40 UTC
lilium,lilium_inaturalist_125559244_8eb7a884ef.jpg,raw_acquisitions/lilium/inaturalist_research/lilium_inaturalist_125559244_8eb7a884ef.jpg,inaturalist_research,https://inaturalist-open-data.s3.amazonaws.com/photos/212939954/medium.jpg,125559244,212939954,Lilium philadelphicum immaculatum (),cc-by-nc,8eb7a884ef6ef8b604d49695710f81c1187db02261ff16f9ad9a4efde1943f26,89be2037dbd52a1c,281,500,verified_valid,unique,Botanist-verified research-grade observation of Lilium philadelphicum immaculatum (281x500),2026-10-10 09:49:40 UTC
lilium,lilium_inaturalist_122221029_1d181e002a.jpg,raw_acquisitions/lilium/inaturalist_research/lilium_inaturalist_122221029_1d181e002a.jpg,inaturalist_research,https://inaturalist-open-data.s3.amazonaws.com/photos/206909970/medium.jpg,122221029,206909970,Lilium canadense (Canada lily),cc-by-nc,1d181e002a02da71e0159906a9469e35204fba509f8b13679dadb0a895153075,a9a8cc64ce5a6b4d,375,500,verified_valid,unique,Botanist-verified research-grade observation of Lilium canadense (375x500),2026-10-10 09:49:40 UTC
lilium,lilium_inaturalist_85114948_ce2d86d875.jpg,raw_acquisitions/lilium/inaturalist_research/lilium_inaturalist_85114948_ce2d86d875.jpg,inaturalist_research,https://inaturalist-open-data.s3.amazonaws.com/photos/139974528/medium.jpeg,85114948,139974528,Lilium humboldtii ocellatum (ocellated Humboldt lily),cc-by-nc,ce2d86d875de49e30f4b26cd0f0e18d2eee3261ff11dd0c44233a40b25121b81,f3f27045e5496315,312,500,verified_valid,unique,Botanist-verified research-grade observation of Lilium humboldtii ocellatum (312x500),2026-10-10 09:49:40 UTC
lilium,lilium_inaturalist_89902169_d3197f94e6.jpg,raw_acquisitions/lilium/inaturalist_research/lilium_inaturalist_89902169_d3197f94e6.jpg,inaturalist_research,https://static.inaturalist.org/photos/148511831/medium.jpg,89902169,148511831,Lilium superbum (Turk's-cap lily),cc-by-nc,d3197f94e64a23563d7adaea3caded049cc6f2fc0f6e7c101c49f02c7b644d92,9f4cb079469b258e,375,500,verified_valid,unique,Botanist-verified research-grade observation of Lilium superbum (375x500),2026-10-10 09:49:40 UTC
lilium,lilium_inaturalist_230173165_b7fe26d2b7.jpg,raw_acquisitions/lilium/inaturalist_research/lilium_inaturalist_230173165_b7fe26d2b7.jpg,inaturalist_research,https://inaturalist-open-data.s3.amazonaws.com/photos/408656578/medium.jpeg,230173165,408656578,Lilium philadelphicum immaculatum (),cc-by-nc,b7fe26d2b7b54e94524b720773456e53988c7191390a6db9ee0cdb9d27a065dc,82e6388db9999e66,375,500,verified_valid,unique,Botanist-verified research-grade observation of Lilium philadelphicum immaculatum (375x500),2026-10-10 09:49:40 UTC
lilium,lilium_inaturalist_56427080_40fed2d7e0.jpg,raw_acquisitions/lilium/inaturalist_research/lilium_inaturalist_56427080_40fed2d7e0.jpg,inaturalist_research,https://inaturalist-open-data.s3.amazonaws.com/photos/89920631/medium.jpeg,56427080,89920631,Lilium parvum (Sierra Tiger Lily),cc-by-nc,40fed2d7e09c33d94238a5541580b6ae9d0e72d898b816f82a5e303c6cafd273,d39d68aee4c41666,327,500,verified_valid,unique,Botanist-verified research-grade observation of Lilium parvum (327x500),2026-10-10 09:49:40 UTC
lilium,lilium_inaturalist_126113748_f5da655519.jpg,raw_acquisitions/lilium/inaturalist_research/lilium_inaturalist_126113748_f5da655519.jpg,inaturalist_research,https://inaturalist-open-data.s3.amazonaws.com/photos/213942944/medium.jpeg,126113748,213942944,Lilium philadelphicum immaculatum (),cc-by-nc,f5da655519de3147a9231a9c3d7024da73a4d77917766ef3382378ca2e6a4464,8cfb219c57781fc0,375,500,verified_valid,unique,Botanist-verified research-grade observation of Lilium philadelphicum immaculatum (375x500),2026-10-10 09:49:40 UTC
lilium,lilium_inaturalist_47130129_3edccabfa1.jpg,raw_acquisitions/lilium/inaturalist_research/lilium_inaturalist_47130129_3edccabfa1.jpg,inaturalist_research,https://inaturalist-open-data.s3.amazonaws.com/photos/74744521/medium.jpg,47130129,74744521,Lilium parryi (lemon lily),cc-by-nc,3edccabfa1d5dad217bd4475fce367fe9f9e9b11d2c26644b18a2615ecc00c59,8c8e675217d2ceac,375,500,verified_valid,unique,Botanist-verified research-grade observation of Lilium parryi (375x500),2026-10-10 09:49:40 UTC
lilium,lilium_inaturalist_295369906_a1960a58bb.jpg,raw_acquisitions/lilium/inaturalist_research/lilium_inaturalist_295369906_a1960a58bb.jpg,inaturalist_research,https://inaturalist-open-data.s3.amazonaws.com/photos/531731722/medium.jpg,295369906,531731722,Lilium humboldtii ocellatum (ocellated Humboldt lily),cc-by,a1960a58bb01d1fe45d0f898a4f8c5c00b8527e1babeef9623e2e3c26e191fd0,d7c3b99095d4243d,375,500,verified_valid,unique,Botanist-verified research-grade observation of Lilium humboldtii ocellatum (375x500),2026-10-10 09:49:40 UTC
lilium,lilium_inaturalist_131445520_739bb289d0.jpg,raw_acquisitions/lilium/inaturalist_research/lilium_inaturalist_131445520_739bb289d0.jpg,inaturalist_research,https://inaturalist-open-data.s3.amazonaws.com/photos/223693468/medium.jpg,131445520,223693468,Lilium martagon (Martagon Lily),cc-by-nc,739bb289d07e1a788b7ff78caf6ec40ea94c06a384f93216cf2bfccdb2a9e861,a01fc4af85703f2d,500,282,verified_valid,unique,Botanist-verified research-grade observation of Lilium martagon (500x282),2026-10-10 09:49:40 UTC
lilium,lilium_inaturalist_86829821_fae9ec6b6a.jpg,raw_acquisitions/lilium/inaturalist_research/lilium_inaturalist_86829821_fae9ec6b6a.jpg,inaturalist_research,https://inaturalist-open-data.s3.amazonaws.com/photos/143766140/medium.jpg,86829821,143766140,Lilium auratum (golden-rayed lily),cc-by-nc,fae9ec6b6a902084b10b3b043dab1df9f6e50b6e8585d536bbd50526e2f30c6d,d1ca6b1e94c69d91,500,338,verified_valid,unique,Botanist-verified research-grade observation of Lilium auratum (500x338),2026-10-10 09:49:40 UTC
lilium,lilium_inaturalist_125381241_a881b7b3bc.jpg,raw_acquisitions/lilium/inaturalist_research/lilium_inaturalist_125381241_a881b7b3bc.jpg,inaturalist_research,https://inaturalist-open-data.s3.amazonaws.com/photos/212621538/medium.jpg,125381241,212621538,Lilium philadelphicum immaculatum (),cc-by-nc,a881b7b3bc7859e5b43703fd07ed269b6c562a04a6808c148b340719e700cfd9,85f3781fc166309b,375,500,verified_valid,unique,Botanist-verified research-grade observation of Lilium philadelphicum immaculatum (375x500),2026-10-10 09:49:40 UTC
lilium,lilium_inaturalist_15021794_7a397b59a6.jpg,raw_acquisitions/lilium/inaturalist_research/lilium_inaturalist_15021794_7a397b59a6.jpg,inaturalist_research,https://inaturalist-open-data.s3.amazonaws.com/photos/22416809/medium.jpg,15021794,22416809,Lilium michauxii (Carolina lily),cc-by,7a397b59a6ebcbc49bbc42c9f8e75d6701ed5f3bea2441c2f812fff22deeb954,9c077a695937d123,375,500,verified_valid,unique,Botanist-verified research-grade observation of Lilium michauxii (375x500),2026-10-10 09:49:40 UTC
lilium,lilium_inaturalist_58980927_07f7cd316d.jpg,raw_acquisitions/lilium/inaturalist_research/lilium_inaturalist_58980927_07f7cd316d.jpg,inaturalist_research,https://static.inaturalist.org/photos/94201715/medium.jpg,58980927,94201715,Lilium catesbaei (Pine lily),cc-by-nc,07f7cd316dce7e480c870371b93fee0671802d2ccdcd4cde2e0239b139f6dde2,d8b9198b0f4e6ae8,402,500,verified_valid,unique,Botanist-verified research-grade observation of Lilium catesbaei (402x500),2026-10-10 09:49:40 UTC
lilium,lilium_inaturalist_368264948_0edaafc918.jpg,raw_acquisitions/lilium/inaturalist_research/lilium_inaturalist_368264948_0edaafc918.jpg,inaturalist_research,https://inaturalist-open-data.s3.amazonaws.com/photos/672607740/medium.jpg,368264948,672607740,Lilium washingtonianum purpurascens (Purple-flowered Washington Lily),cc-by-nc,0edaafc91832f0959b155a341c0d862df4a2ee0cac817034a330f2e251951b41,d3aa63d91d5ae184,500,375,verified_valid,unique,Botanist-verified research-grade observation of Lilium washingtonianum purpurascens (500x375),2026-10-10 09:49:40 UTC
lilium,lilium_inaturalist_129501711_fa1def0356.jpg,raw_acquisitions/lilium/inaturalist_research/lilium_inaturalist_129501711_fa1def0356.jpg,inaturalist_research,https://inaturalist-open-data.s3.amazonaws.com/photos/220083483/medium.jpeg,129501711,220083483,Lilium chitrangadae (Dzukou Lily),cc-by-sa,fa1def035651271510de90dadbb914ca5b1350d79e65c253da808df3f703d0e2,9991c746f4f83833,500,375,verified_valid,unique,Botanist-verified research-grade observation of Lilium chitrangadae (500x375),2026-10-10 09:49:40 UTC
lilium,lilium_inaturalist_66076550_84284961b4.jpg,raw_acquisitions/lilium/inaturalist_research/lilium_inaturalist_66076550_84284961b4.jpg,inaturalist_research,https://inaturalist-open-data.s3.amazonaws.com/photos/106445625/medium.jpeg,66076550,106445625,Lilium rubescens × columbianum (),cc-by-nc,84284961b40c6535714c84dc8db7b8057adf533848043564c1ee1d3a36fa9668,9e34719e7e65430a,334,500,verified_valid,unique,Botanist-verified research-grade observation of Lilium rubescens × columbianum (334x500),2026-10-10 09:49:40 UTC
lilium,lilium_inaturalist_32826131_a38342419d.jpg,raw_acquisitions/lilium/inaturalist_research/lilium_inaturalist_32826131_a38342419d.jpg,inaturalist_research,https://inaturalist-open-data.s3.amazonaws.com/photos/51514353/medium.jpg,32826131,51514353,Lilium martagon (Martagon Lily),cc-by-nc,a38342419d8766039c11cc1ce0fcd0c1acf86b159f5adede0fa6425a5cd19e77,cb13db63e6202ecc,333,500,verified_valid,unique,Botanist-verified research-grade observation of Lilium martagon (333x500),2026-10-10 09:49:40 UTC
lilium,lilium_inaturalist_125261417_2f57b38c6d.jpg,raw_acquisitions/lilium/inaturalist_research/lilium_inaturalist_125261417_2f57b38c6d.jpg,inaturalist_research,https://inaturalist-open-data.s3.amazonaws.com/photos/212381276/medium.jpeg,125261417,212381276,Lilium parvum (Sierra Tiger Lily),cc-by-nc,2f57b38c6da535bf0f0cd38cbf7f2ab6b9b18674aa3bb3860dd3c516c9dfed10,99e3264c9c6766cc,500,333,verified_valid,unique,Botanist-verified research-grade observation of Lilium parvum (500x333),2026-10-10 09:49:40 UTC
lilium,lilium_inaturalist_102071346_0424fd0465.jpg,raw_acquisitions/lilium/inaturalist_research/lilium_inaturalist_102071346_0424fd0465.jpg,inaturalist_research,https://inaturalist-open-data.s3.amazonaws.com/photos/170556991/medium.jpeg,102071346,170556991,Lilium pumilum (Coral Lily),cc-by-nc,0424fd0465bf96e37ea1b23046fbf679cefa3a966dffbb5a5c40154b254439d9,f9f26c32198de0e2,500,375,verified_valid,unique,Botanist-verified research-grade observation of Lilium pumilum (500x375),2026-10-10 09:49:40 UTC
lilium,lilium_inaturalist_6075623_e55b93fa89.jpg,raw_acquisitions/lilium/inaturalist_research/lilium_inaturalist_6075623_e55b93fa89.jpg,inaturalist_research,https://inaturalist-open-data.s3.amazonaws.com/photos/7601827/medium.jpeg,6075623,7601827,Lilium longiflorum (Easter lily),cc-by,e55b93fa8967c2298e5397a419a4e2554532e5580431691a9f87e5f491592c7f,c81ce337eac8d591,500,375,verified_valid,unique,Botanist-verified research-grade observation of Lilium longiflorum (500x375),2026-10-10 09:49:40 UTC
lilium,lilium_inaturalist_68096442_cccabeddca.jpg,raw_acquisitions/lilium/inaturalist_research/lilium_inaturalist_68096442_cccabeddca.jpg,inaturalist_research,https://inaturalist-open-data.s3.amazonaws.com/photos/110179387/medium.jpeg,68096442,110179387,Lilium ledebourii (),cc-by-nc,cccabeddcaf5a75ce71c1cf9fa2bfe9f88cc259613d88819177a8c3438bcaf5d,9b08a969a8fe7631,500,375,verified_valid,unique,Botanist-verified research-grade observation of Lilium ledebourii (500x375),2026-10-10 09:49:40 UTC
lilium,lilium_inaturalist_65344749_25052b5e18.jpg,raw_acquisitions/lilium/inaturalist_research/lilium_inaturalist_65344749_25052b5e18.jpg,inaturalist_research,https://inaturalist-open-data.s3.amazonaws.com/photos/105155401/medium.jpg,65344749,105155401,Lilium rhodopeum (),cc-by-nc,25052b5e187b0319c9c4f92e5af3d62d9ded30e732c63ebafbfb79a6fec2c633,cfdb3064cf93182c,333,500,verified_valid,unique,Botanist-verified research-grade observation of Lilium rhodopeum (333x500),2026-10-10 09:49:40 UTC
lilium,lilium_inaturalist_7301887_c7360d0a3a.jpg,raw_acquisitions/lilium/inaturalist_research/lilium_inaturalist_7301887_c7360d0a3a.jpg,inaturalist_research,https://inaturalist-open-data.s3.amazonaws.com/photos/9449268/medium.jpg,7301887,9449268,Lilium philippinense (Benguet Lily),cc-by-nc,c7360d0a3ac81e40ddcdfdbf8d67679b91912fb3efc26d4474a2462fbd7a7bf1,ca4a7472b98d88de,375,500,verified_valid,unique,Botanist-verified research-grade observation of Lilium philippinense (375x500),2026-10-10 09:49:40 UTC
lilium,lilium_inaturalist_82426159_c9a7e6eafe.jpg,raw_acquisitions/lilium/inaturalist_research/lilium_inaturalist_82426159_c9a7e6eafe.jpg,inaturalist_research,https://inaturalist-open-data.s3.amazonaws.com/photos/144842654/medium.jpeg,82426159,144842654,Lilium martagon (Martagon Lily),cc-by-nc,c9a7e6eafeb4e9154cbb57ab6c5d23c2859286bf8ef80d07a9a7ce34ae75ff50,c1da2c76b6319999,500,375,verified_valid,unique,Botanist-verified research-grade observation of Lilium martagon (500x375),2026-10-10 09:49:40 UTC
lilium,lilium_inaturalist_27124455_027e2e7c3c.jpg,raw_acquisitions/lilium/inaturalist_research/lilium_inaturalist_27124455_027e2e7c3c.jpg,inaturalist_research,https://inaturalist-open-data.s3.amazonaws.com/photos/42169200/medium.jpeg,27124455,42169200,Lilium rubescens (redwood lily),cc0,027e2e7c3cabcbe3697814971224a76aec1f5793e5e6048382ec1bc01d05b2b0,838cd06c6e73cb87,500,375,verified_valid,unique,Botanist-verified research-grade observation of Lilium rubescens (500x375),2026-10-10 09:49:40 UTC
lilium,lilium_inaturalist_173314875_c503e98f9f.jpg,raw_acquisitions/lilium/inaturalist_research/lilium_inaturalist_173314875_c503e98f9f.jpg,inaturalist_research,https://inaturalist-open-data.s3.amazonaws.com/photos/300967026/medium.jpeg,173314875,300967026,Lilium philadelphicum immaculatum (),cc-by,c503e98f9ff8863125b50734a4336bb822028ca3884fa692f936b8540474059f,edcd923a6f81a14c,500,500,verified_valid,unique,Botanist-verified research-grade observation of Lilium philadelphicum immaculatum (500x500),2026-10-10 09:49:40 UTC
lilium,lilium_inaturalist_282316297_86df12a540.jpg,raw_acquisitions/lilium/inaturalist_research/lilium_inaturalist_282316297_86df12a540.jpg,inaturalist_research,https://inaturalist-open-data.s3.amazonaws.com/photos/507213275/medium.jpg,282316297,507213275,Lilium candidum (Madonna lily),cc-by,86df12a54094f0d172a5b8a503cd2be8dcd3c5fdbf821a32c9c4333c46667056,89db6783b887170d,376,500,verified_valid,unique,Botanist-verified research-grade observation of Lilium candidum (376x500),2026-10-10 09:49:40 UTC
lilium,lilium_inaturalist_379501839_47b881e131.jpg,raw_acquisitions/lilium/inaturalist_research/lilium_inaturalist_379501839_47b881e131.jpg,inaturalist_research,https://inaturalist-open-data.s3.amazonaws.com/photos/694192626/medium.jpg,379501839,694192626,Lilium pardalinum pardalinum (leopard lily),cc-by-nc,47b881e1314dde0b3641b580b41651f35158851808178ce91355434dc486e426,97411bb39c9c29f1,375,500,verified_valid,unique,Botanist-verified research-grade observation of Lilium pardalinum pardalinum (375x500),2026-10-10 09:49:40 UTC
lilium,lilium_inaturalist_85114907_9edcfc4919.jpg,raw_acquisitions/lilium/inaturalist_research/lilium_inaturalist_85114907_9edcfc4919.jpg,inaturalist_research,https://inaturalist-open-data.s3.amazonaws.com/photos/139973864/medium.jpeg,85114907,139973864,Lilium humboldtii ocellatum (ocellated Humboldt lily),cc-by-nc,9edcfc491927f21424e5ddb816b6fb4f4ced1acc47a60e1db896032901ddf912,c1c8dcd4cb9d9b05,333,500,verified_valid,unique,Botanist-verified research-grade observation of Lilium humboldtii ocellatum (333x500),2026-10-10 09:49:40 UTC
lilium,lilium_inaturalist_29733269_5b173fd929.jpg,raw_acquisitions/lilium/inaturalist_research/lilium_inaturalist_29733269_5b173fd929.jpg,inaturalist_research,https://inaturalist-open-data.s3.amazonaws.com/photos/46414531/medium.jpeg,29733269,46414531,Lilium parvum (Sierra Tiger Lily),cc-by-nc,5b173fd9292d31698ad7943c539495326323e877989476fb298ff055df5ca36b,8956755b26897355,500,375,verified_valid,unique,Botanist-verified research-grade observation of Lilium parvum (500x375),2026-10-10 09:49:40 UTC
lilium,lilium_inaturalist_322255371_054eb7568c.jpg,raw_acquisitions/lilium/inaturalist_research/lilium_inaturalist_322255371_054eb7568c.jpg,inaturalist_research,https://static.inaturalist.org/photos/582932379/medium.jpg,322255371,582932379,Lilium grayi (Gray's lily),cc-by-nc,054eb7568c39435e3e285d23f547e39de1da6e5451ca04050e9cfba3bdf51b46,d192ac5c72d391ab,500,333,verified_valid,unique,Botanist-verified research-grade observation of Lilium grayi (500x333),2026-10-10 09:49:40 UTC
lilium,lilium_inaturalist_45009180_ec650a100a.jpg,raw_acquisitions/lilium/inaturalist_research/lilium_inaturalist_45009180_ec650a100a.jpg,inaturalist_research,https://inaturalist-open-data.s3.amazonaws.com/photos/71357637/medium.jpeg,45009180,71357637,Lilium pensylvanicum (Siberian Lily),cc-by-nc,ec650a100ab54524297c2e5f72c931a85ca51c2f5f896dc970329b234d558056,d2f66731b9b17048,375,500,verified_valid,unique,Botanist-verified research-grade observation of Lilium pensylvanicum (375x500),2026-10-10 09:49:40 UTC
lilium,lilium_inaturalist_370327481_360341f747.jpg,raw_acquisitions/lilium/inaturalist_research/lilium_inaturalist_370327481_360341f747.jpg,inaturalist_research,https://inaturalist-open-data.s3.amazonaws.com/photos/695109243/medium.jpg,370327481,695109243,Lilium pomponium (Red Lily),cc-by-nc,360341f747b74499389481ba8684dfc8a18d4fb1eb5e6dfbc22605b3dc9ec719,935715ecd4c19659,375,500,verified_valid,unique,Botanist-verified research-grade observation of Lilium pomponium (375x500),2026-10-10 09:49:40 UTC
lilium,lilium_inaturalist_27402767_90165bd432.jpg,raw_acquisitions/lilium/inaturalist_research/lilium_inaturalist_27402767_90165bd432.jpg,inaturalist_research,https://inaturalist-open-data.s3.amazonaws.com/photos/42633030/medium.jpg,27402767,42633030,Lilium columbianum (Columbia lily),cc0,90165bd432cee4538ce603c5d149cd6f9fab2ff9a5b702633d896837b6b47c95,f1938b1e47e4f10a,375,500,verified_valid,unique,Botanist-verified research-grade observation of Lilium columbianum (375x500),2026-10-10 09:49:40 UTC
lilium,lilium_inaturalist_90406368_a7115a23ec.jpg,raw_acquisitions/lilium/inaturalist_research/lilium_inaturalist_90406368_a7115a23ec.jpg,inaturalist_research,https://inaturalist-open-data.s3.amazonaws.com/photos/149454668/medium.jpg,90406368,149454668,Lilium philippinense (Benguet Lily),cc-by-nc,a7115a23ecbb3c998bc9382b027b4fe8b23d9bb88cc752a21f62c2cf1132c0a9,9746042dd3a5c6af,375,500,verified_valid,unique,Botanist-verified research-grade observation of Lilium philippinense (375x500),2026-10-10 09:49:40 UTC
lilium,lilium_inaturalist_37336192_0e1c0bb936.jpg,raw_acquisitions/lilium/inaturalist_research/lilium_inaturalist_37336192_0e1c0bb936.jpg,inaturalist_research,https://inaturalist-open-data.s3.amazonaws.com/photos/59169490/medium.jpg,37336192,59169490,Lilium superbum (Turk's-cap lily),cc-by-nc,0e1c0bb93615c377e4188cbbcb7cec78938dbed70969303153d82a7f7dbcedd9,b694caccda145579,375,500,verified_valid,unique,Botanist-verified research-grade observation of Lilium superbum (375x500),2026-10-10 09:49:40 UTC
lilium,lilium_inaturalist_132708089_19856e88ef.jpg,raw_acquisitions/lilium/inaturalist_research/lilium_inaturalist_132708089_19856e88ef.jpg,inaturalist_research,https://static.inaturalist.org/photos/225968042/medium.jpeg,132708089,225968042,Lilium pyrophilum (sandhills lily),cc-by-nc,19856e88ef1cb802a8bc29f79f4cb53c907a3097652f36424df04d628c3b5d84,ecc0aec1133af8e5,225,500,verified_valid,unique,Botanist-verified research-grade observation of Lilium pyrophilum (225x500),2026-10-10 09:49:40 UTC
lilium,lilium_inaturalist_146983753_8cf4573a30.jpg,raw_acquisitions/lilium/inaturalist_research/lilium_inaturalist_146983753_8cf4573a30.jpg,inaturalist_research,https://inaturalist-open-data.s3.amazonaws.com/photos/252829583/medium.jpeg,146983753,252829583,Lilium chalcedonicum (scarlet Martagon lily),cc-by-nc,8cf4573a306285a5f06580e83bf2e70148c8f9672a28ead78dc7b2e340882fcb,99686d37965166c5,375,500,verified_valid,unique,Botanist-verified research-grade observation of Lilium chalcedonicum (375x500),2026-10-10 09:49:40 UTC
lilium,lilium_inaturalist_28479204_daa0f04f59.jpg,raw_acquisitions/lilium/inaturalist_research/lilium_inaturalist_28479204_daa0f04f59.jpg,inaturalist_research,https://inaturalist-open-data.s3.amazonaws.com/photos/44398207/medium.jpg,28479204,44398207,Lilium washingtonianum (Washington lily),cc-by-nc,daa0f04f59897891d4743f5a604b0c43f953dd98ef2f316f5c77b3163631a2f6,fa36e5189c3723c1,375,500,verified_valid,unique,Botanist-verified research-grade observation of Lilium washingtonianum (375x500),2026-10-10 09:49:40 UTC
lilium,lilium_inaturalist_124001893_7a94978e94.jpg,raw_acquisitions/lilium/inaturalist_research/lilium_inaturalist_124001893_7a94978e94.jpg,inaturalist_research,https://inaturalist-open-data.s3.amazonaws.com/photos/210134220/medium.jpeg,124001893,210134220,Lilium philadelphicum (Wood Lily),cc-by-nc,7a94978e945e1d8e0abf1ea77675b6aa64ce7a4923cc85e645395bdadfd70fd0,acaf75e01eea8d04,500,391,verified_valid,unique,Botanist-verified research-grade observation of Lilium philadelphicum (500x391),2026-10-10 09:49:40 UTC
lilium,lilium_inaturalist_122707600_1237b2d636.jpg,raw_acquisitions/lilium/inaturalist_research/lilium_inaturalist_122707600_1237b2d636.jpg,inaturalist_research,https://inaturalist-open-data.s3.amazonaws.com/photos/207786720/medium.jpg,122707600,207786720,Lilium michiganense (Michigan lily),cc-by-nc,1237b2d6361d53873a0dda11682650690a1aa726e8706f676464be0e70678fe9,b8dfa1b40ac3a45b,375,500,verified_valid,unique,Botanist-verified research-grade observation of Lilium michiganense (375x500),2026-10-10 09:49:40 UTC
lilium,lilium_inaturalist_14499752_3235fa19a5.jpg,raw_acquisitions/lilium/inaturalist_research/lilium_inaturalist_14499752_3235fa19a5.jpg,inaturalist_research,https://inaturalist-open-data.s3.amazonaws.com/photos/21582715/medium.jpg,14499752,21582715,Lilium superbum (Turk's-cap lily),cc-by-nc,3235fa19a581a36ad4db270ab99ff8a851c83459796fe7b8340f47febe93a340,f4cb356d958b0f20,375,500,verified_valid,unique,Botanist-verified research-grade observation of Lilium superbum (375x500),2026-10-10 09:49:40 UTC
lilium,lilium_inaturalist_365938109_275b896a7c.jpg,raw_acquisitions/lilium/inaturalist_research/lilium_inaturalist_365938109_275b896a7c.jpg,inaturalist_research,https://inaturalist-open-data.s3.amazonaws.com/photos/668158589/medium.jpg,365938109,668158589,Lilium brownii (Chinese lily),cc-by-nc,275b896a7caee63a83cbdc215c693bb523ab3d5440e55d68ddd14818c191702a,9595cacacae69499,333,500,verified_valid,unique,Botanist-verified research-grade observation of Lilium brownii (333x500),2026-10-10 09:49:40 UTC
lilium,lilium_inaturalist_54787802_313c6e7af7.jpg,raw_acquisitions/lilium/inaturalist_research/lilium_inaturalist_54787802_313c6e7af7.jpg,inaturalist_research,https://inaturalist-open-data.s3.amazonaws.com/photos/87196754/medium.jpg,54787802,87196754,Lilium michauxii (Carolina lily),cc-by-nd,313c6e7af7060685c99894303417b02eb7a1c5717c4857d906070f43259058f8,d98d046962e6b6d9,476,500,verified_valid,unique,Botanist-verified research-grade observation of Lilium michauxii (476x500),2026-10-10 09:49:40 UTC
lilium,lilium_inaturalist_90001881_47681bf39e.jpg,raw_acquisitions/lilium/inaturalist_research/lilium_inaturalist_90001881_47681bf39e.jpg,inaturalist_research,https://inaturalist-open-data.s3.amazonaws.com/photos/148689729/medium.jpeg,90001881,148689729,Lilium chalcedonicum (scarlet Martagon lily),cc-by-nc,47681bf39e894cd895e86def124381967223dc826861d34b9dddd3bce68e7741,f9e3f8929c8c0d58,375,500,verified_valid,unique,Botanist-verified research-grade observation of Lilium chalcedonicum (375x500),2026-10-10 09:49:40 UTC
lilium,lilium_inaturalist_87185413_a40059a276.jpg,raw_acquisitions/lilium/inaturalist_research/lilium_inaturalist_87185413_a40059a276.jpg,inaturalist_research,https://inaturalist-open-data.s3.amazonaws.com/photos/143700288/medium.jpg,87185413,143700288,Lilium parryi (lemon lily),cc-by-nc,a40059a2765d3df97a6eb1b7bec93b0ae58248159d6867d97ebb499edf233cc4,9ce82397b7c8b06c,392,500,verified_valid,unique,Botanist-verified research-grade observation of Lilium parryi (392x500),2026-10-10 09:49:40 UTC
lilium,lilium_inaturalist_4287906_646a340bff.jpg,raw_acquisitions/lilium/inaturalist_research/lilium_inaturalist_4287906_646a340bff.jpg,inaturalist_research,https://inaturalist-open-data.s3.amazonaws.com/photos/5140782/medium.jpg,4287906,5140782,Lilium catesbaei (Pine lily),cc-by-nc-sa,646a340bff9878f99c5f1664c9137744cd81c8a19bbb0e268160523bba9f0ca6,c04c696a7bf44bb4,500,300,verified_valid,unique,Botanist-verified research-grade observation of Lilium catesbaei (500x300),2026-10-10 09:49:40 UTC
lilium,lilium_inaturalist_294617262_f520bdcf4a.jpg,raw_acquisitions/lilium/inaturalist_research/lilium_inaturalist_294617262_f520bdcf4a.jpg,inaturalist_research,https://inaturalist-open-data.s3.amazonaws.com/photos/530306023/medium.jpg,294617262,530306023,Lilium grayi (Gray's lily),cc-by-nc,f520bdcf4af6ff71882ed19b2928c1efd779dcbe5027655188326173de7f9ba9,8e07d9bc91e32396,375,500,verified_valid,unique,Botanist-verified research-grade observation of Lilium grayi (375x500),2026-10-10 09:49:40 UTC
lilium,lilium_inaturalist_90085789_ec25f105f1.jpg,raw_acquisitions/lilium/inaturalist_research/lilium_inaturalist_90085789_ec25f105f1.jpg,inaturalist_research,https://inaturalist-open-data.s3.amazonaws.com/photos/149168428/medium.jpeg,90085789,149168428,Lilium michauxii (Carolina lily),cc-by-nc,ec25f105f1a28161d02b87202b8dc4a1f49c418f5c5fec972ac5e3282ef845e0,c6ce8c4ccbc56167,281,500,verified_valid,unique,Botanist-verified research-grade observation of Lilium michauxii (281x500),2026-10-10 09:49:40 UTC
lilium,lilium_inaturalist_171636000_2f8261ead3.jpg,raw_acquisitions/lilium/inaturalist_research/lilium_inaturalist_171636000_2f8261ead3.jpg,inaturalist_research,https://inaturalist-open-data.s3.amazonaws.com/photos/297853207/medium.jpeg,171636000,297853207,Lilium superbum (Turk's-cap lily),cc-by-nc,2f8261ead311a128085ca83df2e593a227c54fe5b1dbb7b5c8f42693d7d9dd71,99e5e1eeb0f1b084,500,398,verified_valid,unique,Botanist-verified research-grade observation of Lilium superbum (500x398),2026-10-10 09:49:40 UTC
lilium,lilium_inaturalist_172967555_5ca5f667a1.jpg,raw_acquisitions/lilium/inaturalist_research/lilium_inaturalist_172967555_5ca5f667a1.jpg,inaturalist_research,https://inaturalist-open-data.s3.amazonaws.com/photos/300334750/medium.jpg,172967555,300334750,Lilium catesbaei (Pine lily),cc-by-nc,5ca5f667a1af8d9fde5ab2399b7a60726f3845125e51b62df2c7d28f702a6393,96ac6d9894336f68,349,500,verified_valid,unique,Botanist-verified research-grade observation of Lilium catesbaei (349x500),2026-10-10 09:49:40 UTC
lilium,lilium_inaturalist_255864149_782dd11521.jpg,raw_acquisitions/lilium/inaturalist_research/lilium_inaturalist_255864149_782dd11521.jpg,inaturalist_research,https://inaturalist-open-data.s3.amazonaws.com/photos/458622311/medium.jpeg,255864149,458622311,Lilium candidum (Madonna lily),cc-by-nc,782dd115211fc7cb20fda9999b29dea9a87656e3eaebb0b42070677de2fcee61,9ccd65b432733135,375,500,verified_valid,unique,Botanist-verified research-grade observation of Lilium candidum (375x500),2026-10-10 09:49:40 UTC
lilium,lilium_inaturalist_89127127_8e574b76b7.jpg,raw_acquisitions/lilium/inaturalist_research/lilium_inaturalist_89127127_8e574b76b7.jpg,inaturalist_research,https://static.inaturalist.org/photos/147165355/medium.jpg,89127127,147165355,Lilium grayi (Gray's lily),cc-by-nc,8e574b76b70433f05298e75bb321a2287794924353cfd3955d93cdbdeb2b1c0f,d1e4da85291be51b,375,500,verified_valid,unique,Botanist-verified research-grade observation of Lilium grayi (375x500),2026-10-10 09:49:40 UTC
lilium,lilium_inaturalist_296639575_276b4eb75f.jpg,raw_acquisitions/lilium/inaturalist_research/lilium_inaturalist_296639575_276b4eb75f.jpg,inaturalist_research,https://inaturalist-open-data.s3.amazonaws.com/photos/534155576/medium.jpg,296639575,534155576,Lilium catesbaei (Pine lily),cc-by-nc,276b4eb75f74fdf7c9557b4b1ca84c232d446a10ee3839942f9c913e46a11253,eac4023bf9adc8e2,375,500,verified_valid,unique,Botanist-verified research-grade observation of Lilium catesbaei (375x500),2026-10-10 09:49:40 UTC
lilium,lilium_inaturalist_174601669_a5036802c7.jpg,raw_acquisitions/lilium/inaturalist_research/lilium_inaturalist_174601669_a5036802c7.jpg,inaturalist_research,https://inaturalist-open-data.s3.amazonaws.com/photos/303347834/medium.jpg,174601669,303347834,Lilium washingtonianum (Washington lily),cc0,a5036802c7e6006eef0447e00598e1c35a2c2335a9e85204155757b48e93a6a4,82d63d5f69a97812,375,500,verified_valid,unique,Botanist-verified research-grade observation of Lilium washingtonianum (375x500),2026-10-10 09:49:40 UTC
lilium,lilium_inaturalist_158610316_53c56b1cf0.jpg,raw_acquisitions/lilium/inaturalist_research/lilium_inaturalist_158610316_53c56b1cf0.jpg,inaturalist_research,https://inaturalist-open-data.s3.amazonaws.com/photos/274092983/medium.jpg,158610316,274092983,Lilium martagon (Martagon Lily),cc-by-nc,53c56b1cf01dd16e0a87ced033567cfeb53d237b0bc0fc3ee6734de14f5cfc73,c658d4ab7681b54e,348,500,verified_valid,unique,Botanist-verified research-grade observation of Lilium martagon (348x500),2026-10-10 09:49:40 UTC
lilium,lilium_inaturalist_66073945_d162fc5b81.jpg,raw_acquisitions/lilium/inaturalist_research/lilium_inaturalist_66073945_d162fc5b81.jpg,inaturalist_research,https://inaturalist-open-data.s3.amazonaws.com/photos/106440132/medium.jpg,66073945,106440132,Lilium washingtonianum purpurascens (Purple-flowered Washington Lily),cc-by-nc,d162fc5b813d414defddb15229c3e6e30c4813c815ee2900c8ad3a2ac844129d,82c7f5ea78195836,335,500,verified_valid,unique,Botanist-verified research-grade observation of Lilium washingtonianum purpurascens (335x500),2026-10-10 09:49:40 UTC
lilium,lilium_inaturalist_176519992_2bd61713b1.jpg,raw_acquisitions/lilium/inaturalist_research/lilium_inaturalist_176519992_2bd61713b1.jpg,inaturalist_research,https://inaturalist-open-data.s3.amazonaws.com/photos/306898024/medium.jpg,176519992,306898024,Lilium canadense (Canada lily),cc-by-nc,2bd61713b1c61832651b10229ef2cfd691c307b45cc0cf14d1daf50906ace7c3,d189bedb23259a89,500,375,verified_valid,unique,Botanist-verified research-grade observation of Lilium canadense (500x375),2026-10-10 09:49:40 UTC
lilium,lilium_inaturalist_159572953_1269b2f644.jpg,raw_acquisitions/lilium/inaturalist_research/lilium_inaturalist_159572953_1269b2f644.jpg,inaturalist_research,https://static.inaturalist.org/photos/275708569/medium.jpeg,159572953,275708569,Lilium philadelphicum (Wood Lily),cc-by-nc,1269b2f6444b74e9ae24595fecacbde983850847b5afdca88a9ae213b2f16ba3,93b5700fc76dc452,500,375,verified_valid,unique,Botanist-verified research-grade observation of Lilium philadelphicum (500x375),2026-10-10 09:49:40 UTC
lilium,lilium_inaturalist_167375232_8cac7f93a5.jpg,raw_acquisitions/lilium/inaturalist_research/lilium_inaturalist_167375232_8cac7f93a5.jpg,inaturalist_research,https://inaturalist-open-data.s3.amazonaws.com/photos/289939781/medium.jpg,167375232,289939781,Lilium philadelphicum (Wood Lily),cc-by-nc,8cac7f93a573ef06fd1a9e407e11da59b3202c2123d93d6257f8575bbb47dd23,b0deb325c1ec0e93,500,333,verified_valid,unique,Botanist-verified research-grade observation of Lilium philadelphicum (500x333),2026-10-10 09:49:40 UTC
lilium,lilium_inaturalist_52115948_36fa1aca0c.jpg,raw_acquisitions/lilium/inaturalist_research/lilium_inaturalist_52115948_36fa1aca0c.jpg,inaturalist_research,https://static.inaturalist.org/photos/82829186/medium.jpg,52115948,82829186,Lilium lancifolium (tiger lily),cc-by-nc,36fa1aca0c950cb5431ecf3468db5f7a86da9e8419b20dceb58085fd5dbec776,c0d92d6323a73c9b,500,333,verified_valid,unique,Botanist-verified research-grade observation of Lilium lancifolium (500x333),2026-10-10 09:49:40 UTC
lilium,lilium_inaturalist_95702154_f1320d269f.jpg,raw_acquisitions/lilium/inaturalist_research/lilium_inaturalist_95702154_f1320d269f.jpg,inaturalist_research,https://static.inaturalist.org/photos/158905835/medium.jpg,95702154,158905835,Lilium columbianum (Columbia lily),cc-by-nc,f1320d269f1d5eb49c99605002b31af3b0a3c0eb29a4b03ac4579c69fa388693,8fd3296d34766464,500,333,verified_valid,unique,Botanist-verified research-grade observation of Lilium columbianum (500x333),2026-10-10 09:49:40 UTC
lilium,lilium_inaturalist_302754297_d1d492af46.jpg,raw_acquisitions/lilium/inaturalist_research/lilium_inaturalist_302754297_d1d492af46.jpg,inaturalist_research,https://inaturalist-open-data.s3.amazonaws.com/photos/544451002/medium.jpg,302754297,544451002,Lilium michauxii (Carolina lily),cc-by-nc,d1d492af465de36e340685165f77f5e0d9f3408941bc48783f3dc91f0938cca2,e5d670600d1edb3a,418,500,verified_valid,unique,Botanist-verified research-grade observation of Lilium michauxii (418x500),2026-10-10 09:49:40 UTC
lilium,lilium_inaturalist_124254573_f7d87a7c9a.jpg,raw_acquisitions/lilium/inaturalist_research/lilium_inaturalist_124254573_f7d87a7c9a.jpg,inaturalist_research,https://inaturalist-open-data.s3.amazonaws.com/photos/210587391/medium.jpg,124254573,210587391,Lilium souliei (),cc-by-nc,f7d87a7c9a96fc316c8e57733c6b802faaa2348c51524a0ef8ed484e87ad7ef6,91e79cc6733944b8,500,333,verified_valid,unique,Botanist-verified research-grade observation of Lilium souliei (500x333),2026-10-10 09:49:40 UTC
lilium,lilium_inaturalist_52521313_009ed534be.jpg,raw_acquisitions/lilium/inaturalist_research/lilium_inaturalist_52521313_009ed534be.jpg,inaturalist_research,https://inaturalist-open-data.s3.amazonaws.com/photos/83496716/medium.jpg,52521313,83496716,Lilium superbum (Turk's-cap lily),cc-by-nc,009ed534be80c48d68b1cb9b82df380368a5545761e03c7eb7713bcfdac8b458,855a3284cbdb6e4b,375,500,verified_valid,unique,Botanist-verified research-grade observation of Lilium superbum (375x500),2026-10-10 09:49:40 UTC
lilium,lilium_inaturalist_28781941_66c0347514.jpg,raw_acquisitions/lilium/inaturalist_research/lilium_inaturalist_28781941_66c0347514.jpg,inaturalist_research,https://static.inaturalist.org/photos/44890031/medium.jpeg,28781941,44890031,Lilium pumilum (Coral Lily),cc-by-nc,66c0347514b8caa1d31842895de674bea5e823a08f94b3c6a8dabeba092e3b63,8ea74cb922ed8999,281,500,verified_valid,unique,Botanist-verified research-grade observation of Lilium pumilum (281x500),2026-10-10 09:49:40 UTC
lilium,lilium_inaturalist_228079736_dc0957b67a.jpg,raw_acquisitions/lilium/inaturalist_research/lilium_inaturalist_228079736_dc0957b67a.jpg,inaturalist_research,https://inaturalist-open-data.s3.amazonaws.com/photos/405760264/medium.jpeg,228079736,405760264,Lilium philadelphicum (Wood Lily),cc-by-nc,dc0957b67ac87ac9588ebd0f2079f2bace56cd0082e472fe475b9bff2eabae94,dda6c30ce629175a,375,500,verified_valid,unique,Botanist-verified research-grade observation of Lilium philadelphicum (375x500),2026-10-10 09:49:40 UTC
lilium,lilium_inaturalist_258044010_e8b29514ee.jpg,raw_acquisitions/lilium/inaturalist_research/lilium_inaturalist_258044010_e8b29514ee.jpg,inaturalist_research,https://inaturalist-open-data.s3.amazonaws.com/photos/462915670/medium.jpg,258044010,462915670,Lilium martagon (Martagon Lily),cc-by,e8b29514eebe331434a0b0e196830f735fa64709762a4be5a585e17bacbc85a7,8ce871363c2f2d4e,332,500,verified_valid,unique,Botanist-verified research-grade observation of Lilium martagon (332x500),2026-10-10 09:49:40 UTC
lilium,lilium_inaturalist_27937214_df0e6131c5.jpg,raw_acquisitions/lilium/inaturalist_research/lilium_inaturalist_27937214_df0e6131c5.jpg,inaturalist_research,https://static.inaturalist.org/photos/43513743/medium.jpg,27937214,43513743,Lilium apertum (),cc-by-nc,df0e6131c5ab4912fb2881a9ff13a0551cea0221c6a6b76774fc8b1f89d31c39,999591949d99987d,500,375,verified_valid,unique,Botanist-verified research-grade observation of Lilium apertum (500x375),2026-10-10 09:49:40 UTC
lilium,lilium_inaturalist_86710605_48279217de.jpg,raw_acquisitions/lilium/inaturalist_research/lilium_inaturalist_86710605_48279217de.jpg,inaturalist_research,https://inaturalist-open-data.s3.amazonaws.com/photos/142893977/medium.jpg,86710605,142893977,Lilium albanicum (Albanian Lily),cc-by,48279217de8a0a07dd85a1c5d1524dd33577aa2ada49a4ee3c21cd62e56980bc,a38da3680772437f,375,500,verified_valid,unique,Botanist-verified research-grade observation of Lilium albanicum (375x500),2026-10-10 09:49:40 UTC
lilium,lilium_inaturalist_282131895_3467dbe269.jpg,raw_acquisitions/lilium/inaturalist_research/lilium_inaturalist_282131895_3467dbe269.jpg,inaturalist_research,https://static.inaturalist.org/photos/506911432/medium.jpg,282131895,506911432,Lilium carniolicum (Carniolan lily),cc-by-nc,3467dbe26945a4ce652077cf5424c29dec9514cfcbd049ea9286e7b2bc598419,dea9d4c2b258ac56,406,500,verified_valid,unique,Botanist-verified research-grade observation of Lilium carniolicum (406x500),2026-10-10 09:49:40 UTC
lilium,lilium_inaturalist_258224814_98436fe4b5.jpg,raw_acquisitions/lilium/inaturalist_research/lilium_inaturalist_258224814_98436fe4b5.jpg,inaturalist_research,https://inaturalist-open-data.s3.amazonaws.com/photos/463271843/medium.jpeg,258224814,463271843,Lilium henryi (Henry's Lily),cc-by-nc,98436fe4b5d7a64c59ce4e717a6944430c9e0f5585ada42b1fb029cc28b48a01,ce19318ecfb37184,500,333,verified_valid,unique,Botanist-verified research-grade observation of Lilium henryi (500x333),2026-10-10 09:49:40 UTC
lilium,lilium_inaturalist_30125798_ae33f5e400.jpg,raw_acquisitions/lilium/inaturalist_research/lilium_inaturalist_30125798_ae33f5e400.jpg,inaturalist_research,https://static.inaturalist.org/photos/47046897/medium.jpg,30125798,47046897,Lilium michauxii (Carolina lily),cc-by-nc,ae33f5e400525f7fb7463d3fe6c7ec6c56c2b1eea384f315b77e431269b0a5d3,fdc0123c7eff8005,375,500,verified_valid,unique,Botanist-verified research-grade observation of Lilium michauxii (375x500),2026-10-10 09:49:40 UTC
lilium,lilium_inaturalist_84995616_168003ee0f.jpg,raw_acquisitions/lilium/inaturalist_research/lilium_inaturalist_84995616_168003ee0f.jpg,inaturalist_research,https://inaturalist-open-data.s3.amazonaws.com/photos/139770889/medium.jpeg,84995616,139770889,Lilium philadelphicum (Wood Lily),cc-by,168003ee0f873b203bb69634fc61a61ba757099c422c813d650f8da4cc312cdd,c8bf1806e2176bc7,281,500,verified_valid,unique,Botanist-verified research-grade observation of Lilium philadelphicum (281x500),2026-10-10 09:49:40 UTC
lilium,lilium_inaturalist_297448125_5a66928e28.jpg,raw_acquisitions/lilium/inaturalist_research/lilium_inaturalist_297448125_5a66928e28.jpg,inaturalist_research,https://inaturalist-open-data.s3.amazonaws.com/photos/535686845/medium.jpg,297448125,535686845,Lilium humboldtii (Humboldt's Lily),cc-by-nc,5a66928e28589699307d1d056ef800f93e882673256e246843d900a8b59616f5,d488ec2d3abf4863,500,375,verified_valid,unique,Botanist-verified research-grade observation of Lilium humboldtii (500x375),2026-10-10 09:49:40 UTC
lilium,lilium_inaturalist_53174251_c4c0df1f52.jpg,raw_acquisitions/lilium/inaturalist_research/lilium_inaturalist_53174251_c4c0df1f52.jpg,inaturalist_research,https://inaturalist-open-data.s3.amazonaws.com/photos/84579936/medium.jpeg,53174251,84579936,Lilium grayi (Gray's lily),cc-by-nc,c4c0df1f52722a46d4eb9783356e6eb73a86875a67d9f0dc20ad975f9f3afad3,8d07823d2f36f11e,500,333,verified_valid,unique,Botanist-verified research-grade observation of Lilium grayi (500x333),2026-10-10 09:49:40 UTC
lilium,lilium_inaturalist_15004786_8a8b9766be.jpg,raw_acquisitions/lilium/inaturalist_research/lilium_inaturalist_15004786_8a8b9766be.jpg,inaturalist_research,https://inaturalist-open-data.s3.amazonaws.com/photos/22387258/medium.jpg,15004786,22387258,Lilium superbum (Turk's-cap lily),cc-by-nc,8a8b9766be01863f629c9a4749fa21c5c8c879fa8ce5e5b38a83b3eb0ad7d584,a5b0de0d99e3703c,375,500,verified_valid,unique,Botanist-verified research-grade observation of Lilium superbum (375x500),2026-10-10 09:49:40 UTC
lilium,lilium_inaturalist_169292944_eeb25c7679.jpg,raw_acquisitions/lilium/inaturalist_research/lilium_inaturalist_169292944_eeb25c7679.jpg,inaturalist_research,https://inaturalist-open-data.s3.amazonaws.com/photos/293486647/medium.jpeg,169292944,293486647,Lilium canadense (Canada lily),cc-by-nc,eeb25c7679a8264e89c5967ab0a89c3e9279bf0903777141259da1b64b78982a,8f11604fb814f2fb,500,375,verified_valid,unique,Botanist-verified research-grade observation of Lilium canadense (500x375),2026-10-10 09:49:40 UTC
lilium,lilium_inaturalist_58139974_68047457c3.jpg,raw_acquisitions/lilium/inaturalist_research/lilium_inaturalist_58139974_68047457c3.jpg,inaturalist_research,https://inaturalist-open-data.s3.amazonaws.com/photos/92796039/medium.jpeg,58139974,92796039,Lilium philadelphicum immaculatum (),cc-by-nc,68047457c3a4fe3cfcb11aadf2cd90f6a777cfc7a15830e9011195c624c26b54,c41f34ce2341cefc,500,333,verified_valid,unique,Botanist-verified research-grade observation of Lilium philadelphicum immaculatum (500x333),2026-10-10 09:49:40 UTC
lilium,lilium_inaturalist_99164609_9f966348e1.jpg,raw_acquisitions/lilium/inaturalist_research/lilium_inaturalist_99164609_9f966348e1.jpg,inaturalist_research,https://static.inaturalist.org/photos/165248914/medium.jpeg,99164609,165248914,Lilium grayi (Gray's lily),cc-by-nc,9f966348e1d503f5f8d7574865e0559ca17b1d8ecc146ff7da3e1a0310fe26e0,bb494ab4a6aba661,333,500,verified_valid,unique,Botanist-verified research-grade observation of Lilium grayi (333x500),2026-10-10 09:49:40 UTC
lilium,lilium_inaturalist_96578025_feb9fd2d6d.jpg,raw_acquisitions/lilium/inaturalist_research/lilium_inaturalist_96578025_feb9fd2d6d.jpg,inaturalist_research,https://static.inaturalist.org/photos/160468638/medium.jpeg,96578025,160468638,Lilium catesbaei (Pine lily),cc-by-nc,feb9fd2d6dd424c9c92a3413d779bcabf8f8e3cab342a17369aacf348b268eff,ccd8f28e2e363b0c,375,500,verified_valid,unique,Botanist-verified research-grade observation of Lilium catesbaei (375x500),2026-10-10 09:49:40 UTC
lilium,lilium_inaturalist_54376595_4cdb300c79.jpg,raw_acquisitions/lilium/inaturalist_research/lilium_inaturalist_54376595_4cdb300c79.jpg,inaturalist_research,https://static.inaturalist.org/photos/86519344/medium.jpg,54376595,86519344,Lilium martagon (Martagon Lily),cc-by-nc,4cdb300c798882f7be3009066928bdf859edf6513f9ea684f6136041024de6d4,959495e16c2e1af3,375,500,verified_valid,unique,Botanist-verified research-grade observation of Lilium martagon (375x500),2026-10-10 09:49:40 UTC
lilium,lilium_inaturalist_84918551_e1a012d731.jpg,raw_acquisitions/lilium/inaturalist_research/lilium_inaturalist_84918551_e1a012d731.jpg,inaturalist_research,https://inaturalist-open-data.s3.amazonaws.com/photos/139632451/medium.jpeg,84918551,139632451,Lilium philadelphicum (Wood Lily),cc-by-nc,e1a012d731d076706ede09add9d32f00f65768327bacb3d80f5d0c28c70cce73,d93930ac27ce2ecc,500,281,verified_valid,unique,Botanist-verified research-grade observation of Lilium philadelphicum (500x281),2026-10-10 09:49:40 UTC
lilium,lilium_inaturalist_245401705_20d87a3cbf.jpg,raw_acquisitions/lilium/inaturalist_research/lilium_inaturalist_245401705_20d87a3cbf.jpg,inaturalist_research,https://inaturalist-open-data.s3.amazonaws.com/photos/437903151/medium.jpeg,245401705,437903151,Lilium catesbaei (Pine lily),cc-by-nc,20d87a3cbf8ee173af8f65fad6c40b0c7dbb1a8f38482741eef200250c853453,89ab37fbe9290c18,500,375,verified_valid,unique,Botanist-verified research-grade observation of Lilium catesbaei (500x375),2026-10-10 09:49:40 UTC
lilium,lilium_inaturalist_33851888_0f3b32cf5e.jpg,raw_acquisitions/lilium/inaturalist_research/lilium_inaturalist_33851888_0f3b32cf5e.jpg,inaturalist_research,https://inaturalist-open-data.s3.amazonaws.com/photos/53212797/medium.jpg,33851888,53212797,Lilium michauxii (Carolina lily),cc-by-nc-sa,0f3b32cf5eaed43e528427b445d662768b240879c58a679f3b33b64c5621e32d,93c4f07827263e76,375,500,verified_valid,unique,Botanist-verified research-grade observation of Lilium michauxii (375x500),2026-10-10 09:49:40 UTC
lilium,lilium_inaturalist_48610016_ef803636c4.jpg,raw_acquisitions/lilium/inaturalist_research/lilium_inaturalist_48610016_ef803636c4.jpg,inaturalist_research,https://static.inaturalist.org/photos/77138390/medium.jpeg,48610016,77138390,Lilium humboldtii ocellatum (ocellated Humboldt lily),cc-by-nc,ef803636c43fa4a691defd56282c616bd6ec706dfe3d9ff97e2e4b79512e95a1,8a8d958ecd474787,500,416,verified_valid,unique,Botanist-verified research-grade observation of Lilium humboldtii ocellatum (500x416),2026-10-10 09:49:40 UTC
lilium,lilium_inaturalist_238268192_e52bea0dca.jpg,raw_acquisitions/lilium/inaturalist_research/lilium_inaturalist_238268192_e52bea0dca.jpg,inaturalist_research,https://inaturalist-open-data.s3.amazonaws.com/photos/424170795/medium.jpeg,238268192,424170795,Lilium philadelphicum immaculatum (),cc-by-nc,e52bea0dcaac1b1ddfee03de181dc6d7c7c48a7e775e9f3df73e90275337985b,9cf2670498e2e79a,282,500,verified_valid,unique,Botanist-verified research-grade observation of Lilium philadelphicum immaculatum (282x500),2026-10-10 09:49:40 UTC
lilium,lilium_inaturalist_13715932_8e44d9436b.jpg,raw_acquisitions/lilium/inaturalist_research/lilium_inaturalist_13715932_8e44d9436b.jpg,inaturalist_research,https://inaturalist-open-data.s3.amazonaws.com/photos/20206777/medium.jpg,13715932,20206777,Lilium pardalinum pardalinum (leopard lily),cc-by-nc,8e44d9436bc44dd608c19fdaf8c6a393a3a7b95dc4aea955d2fe5308b468d5b9,fa432f241d93db82,375,500,verified_valid,unique,Botanist-verified research-grade observation of Lilium pardalinum pardalinum (375x500),2026-10-10 09:49:40 UTC
lilium,lilium_inaturalist_124455604_977e3110c6.jpg,raw_acquisitions/lilium/inaturalist_research/lilium_inaturalist_124455604_977e3110c6.jpg,inaturalist_research,https://inaturalist-open-data.s3.amazonaws.com/photos/210945796/medium.jpeg,124455604,210945796,Lilium philadelphicum (Wood Lily),cc-by-nc,977e3110c60594ec9ba9dc182f49473536d3f6bdc92495ebfec1d1a10caa66af,8f8c3eb1e07a4e64,500,334,verified_valid,unique,Botanist-verified research-grade observation of Lilium philadelphicum (500x334),2026-10-10 09:49:40 UTC
lilium,lilium_inaturalist_15137463_491f4e2700.jpg,raw_acquisitions/lilium/inaturalist_research/lilium_inaturalist_15137463_491f4e2700.jpg,inaturalist_research,https://inaturalist-open-data.s3.amazonaws.com/photos/22625396/medium.jpg,15137463,22625396,Lilium michauxii (Carolina lily),cc-by,491f4e270014097bf1bdff90bbd318a5810c7fb26aead825360c459e081e3747,9bce1fd82d2650d1,375,500,verified_valid,unique,Botanist-verified research-grade observation of Lilium michauxii (375x500),2026-10-10 09:49:40 UTC
lilium,lilium_inaturalist_111307_e3700c88bb.jpg,raw_acquisitions/lilium/inaturalist_research/lilium_inaturalist_111307_e3700c88bb.jpg,inaturalist_research,https://inaturalist-open-data.s3.amazonaws.com/photos/158702/medium.jpg,111307,158702,Lilium parvum (Sierra Tiger Lily),cc-by-nc,e3700c88bbaa4b7d18f63d216af231c4c2442d1bf6514cf834a144c8aacf8377,d97e34311f27608e,500,358,verified_valid,unique,Botanist-verified research-grade observation of Lilium parvum (500x358),2026-10-10 09:49:40 UTC
lilium,lilium_inaturalist_169497765_60aab1fd11.jpg,raw_acquisitions/lilium/inaturalist_research/lilium_inaturalist_169497765_60aab1fd11.jpg,inaturalist_research,https://static.inaturalist.org/photos/293863248/medium.jpg,169497765,293863248,Lilium michiganense (Michigan lily),cc-by-nc,60aab1fd114f4a1423c96224c43dd891254083056fd3160871c804ba80a28bc1,f27897e508a42f9a,375,500,verified_valid,unique,Botanist-verified research-grade observation of Lilium michiganense (375x500),2026-10-10 09:49:40 UTC
lilium,lilium_inaturalist_225947102_39b6d9a904.jpg,raw_acquisitions/lilium/inaturalist_research/lilium_inaturalist_225947102_39b6d9a904.jpg,inaturalist_research,https://inaturalist-open-data.s3.amazonaws.com/photos/400654043/medium.jpg,225947102,400654043,Lilium regale (Regal Lily),cc-by,39b6d9a904c053cf1e07d548f9c30586bbd97f29e9848b47c668c75b199ba358,e198658db4729bd4,500,333,verified_valid,unique,Botanist-verified research-grade observation of Lilium regale (500x333),2026-10-10 09:49:40 UTC
lilium,lilium_inaturalist_125394252_9151f4bca3.jpg,raw_acquisitions/lilium/inaturalist_research/lilium_inaturalist_125394252_9151f4bca3.jpg,inaturalist_research,https://static.inaturalist.org/photos/212645182/medium.jpg,125394252,212645182,Lilium philadelphicum (Wood Lily),cc-by-nc,9151f4bca3e1f5d5bf596b1d1c8cf6165b1dc715dcfa1d3c4c91e27a4edc0880,afd130638a4b753c,375,500,verified_valid,unique,Botanist-verified research-grade observation of Lilium philadelphicum (375x500),2026-10-10 09:49:40 UTC
lilium,lilium_inaturalist_29408508_537c9d0ffb.jpg,raw_acquisitions/lilium/inaturalist_research/lilium_inaturalist_29408508_537c9d0ffb.jpg,inaturalist_research,https://inaturalist-open-data.s3.amazonaws.com/photos/45897167/medium.jpeg,29408508,45897167,Lilium philippinense (Benguet Lily),cc-by-nc,537c9d0ffbebe990054ef6d0ac3a82ab385366e0b9d987c664444bc983a6010c,d95b47c6e08593e4,375,500,verified_valid,unique,Botanist-verified research-grade observation of Lilium philippinense (375x500),2026-10-10 09:49:40 UTC
lilium,lilium_inaturalist_138034159_95d8838131.jpg,raw_acquisitions/lilium/inaturalist_research/lilium_inaturalist_138034159_95d8838131.jpg,inaturalist_research,https://inaturalist-open-data.s3.amazonaws.com/photos/235850112/medium.jpg,138034159,235850112,Lilium philadelphicum (Wood Lily),cc-by-nc,95d8838131b836d66366def79c888cd703c6ddfd67188a25acd50fb1c1fe0802,c9573979f0920f4c,500,333,verified_valid,unique,Botanist-verified research-grade observation of Lilium philadelphicum (500x333),2026-10-10 09:49:40 UTC
lilium,lilium_inaturalist_31069963_24bb3aa4cb.jpg,raw_acquisitions/lilium/inaturalist_research/lilium_inaturalist_31069963_24bb3aa4cb.jpg,inaturalist_research,https://static.inaturalist.org/photos/48590399/medium.jpg,31069963,48590399,Lilium formosanum (Formosa lily),cc-by-nc,24bb3aa4cbdea828d5193c25a893799dacdfe680f83a7d9096f7314069bf8ab8,9190d1d164e66f9b,375,500,verified_valid,unique,Botanist-verified research-grade observation of Lilium formosanum (375x500),2026-10-10 09:49:40 UTC
lilium,lilium_inaturalist_18365741_615e85a3e3.jpg,raw_acquisitions/lilium/inaturalist_research/lilium_inaturalist_18365741_615e85a3e3.jpg,inaturalist_research,https://static.inaturalist.org/photos/28070539/medium.jpg,18365741,28070539,Lilium michiganense (Michigan lily),cc-by-nc,615e85a3e384fda787af8bf728150460d6c5cc8d54af66321213d532a985aeed,f7b40ccb88ec3316,500,375,verified_valid,unique,Botanist-verified research-grade observation of Lilium michiganense (500x375),2026-10-10 09:49:40 UTC
lilium,lilium_inaturalist_27470402_e23fdebbbc.jpg,raw_acquisitions/lilium/inaturalist_research/lilium_inaturalist_27470402_e23fdebbbc.jpg,inaturalist_research,https://inaturalist-open-data.s3.amazonaws.com/photos/42744407/medium.jpeg,27470402,42744407,Lilium pardalinum pitkinense (pitkin marsh lily),cc0,e23fdebbbca56d8d225e28666c38775d819fdb5388d026b2905f4de0bf313ba2,bd63001f5e981abb,500,375,verified_valid,unique,Botanist-verified research-grade observation of Lilium pardalinum pitkinense (500x375),2026-10-10 09:49:40 UTC
lilium,lilium_inaturalist_14083426_428b5571b4.jpg,raw_acquisitions/lilium/inaturalist_research/lilium_inaturalist_14083426_428b5571b4.jpg,inaturalist_research,https://inaturalist-open-data.s3.amazonaws.com/photos/20850634/medium.jpeg,14083426,20850634,Lilium philadelphicum (Wood Lily),cc-by-nc,428b5571b4930c2ee7976e03f2dd99fd46a2d409e538acf4a0bac09e85d017cf,df85a1bdc0836378,375,500,verified_valid,unique,Botanist-verified research-grade observation of Lilium philadelphicum (375x500),2026-10-10 09:49:40 UTC
lilium,lilium_inaturalist_248609181_28e5e11512.jpg,raw_acquisitions/lilium/inaturalist_research/lilium_inaturalist_248609181_28e5e11512.jpg,inaturalist_research,https://inaturalist-open-data.s3.amazonaws.com/photos/444246926/medium.jpeg,248609181,444246926,Lilium parryi (lemon lily),cc-by,28e5e1151284272a0a5b47e54658e9875e334c5fe8fb0dfcbd00e193a9e3d686,dbfa6322244b9a39,375,500,verified_valid,unique,Botanist-verified research-grade observation of Lilium parryi (375x500),2026-10-10 09:49:40 UTC
lilium,lilium_inaturalist_125048570_79b969f077.jpg,raw_acquisitions/lilium/inaturalist_research/lilium_inaturalist_125048570_79b969f077.jpg,inaturalist_research,https://static.inaturalist.org/photos/212023990/medium.jpg,125048570,212023990,Lilium superbum (Turk's-cap lily),cc-by-nc,79b969f07798d1854de7e5f02236c231093a3515ac233434fb85e46694c3530d,b042db33749cacb5,500,375,verified_valid,unique,Botanist-verified research-grade observation of Lilium superbum (500x375),2026-10-10 09:49:40 UTC
lilium,lilium_inaturalist_110495975_030482b907.jpg,raw_acquisitions/lilium/inaturalist_research/lilium_inaturalist_110495975_030482b907.jpg,inaturalist_research,https://inaturalist-open-data.s3.amazonaws.com/photos/186405682/medium.jpeg,110495975,186405682,Lilium martagon (Martagon Lily),cc-by-nc,030482b907e4021b060160e2055488d6775bfe907fd85bf070126b2edf733137,8d422a669d8ebe33,375,500,verified_valid,unique,Botanist-verified research-grade observation of Lilium martagon (375x500),2026-10-10 09:49:40 UTC
lilium,lilium_inaturalist_13358991_0bc17f0648.jpg,raw_acquisitions/lilium/inaturalist_research/lilium_inaturalist_13358991_0bc17f0648.jpg,inaturalist_research,https://inaturalist-open-data.s3.amazonaws.com/photos/19582360/medium.jpeg,13358991,19582360,Lilium catesbaei (Pine lily),cc-by-nc,0bc17f06484cfc8bd37b50435196c52f17f47f00378b1a098214914389141050,95c77d8066bba611,500,375,verified_valid,unique,Botanist-verified research-grade observation of Lilium catesbaei (500x375),2026-10-10 09:49:40 UTC
lilium,lilium_inaturalist_14114525_fb88c53151.jpg,raw_acquisitions/lilium/inaturalist_research/lilium_inaturalist_14114525_fb88c53151.jpg,inaturalist_research,https://inaturalist-open-data.s3.amazonaws.com/photos/20906173/medium.jpeg,14114525,20906173,Lilium michiganense (Michigan lily),cc-by-nc,fb88c53151b5216493024af38071aa8336275308e8da7de933218e098f175c8c,cb83e6638d9a616c,500,281,verified_valid,unique,Botanist-verified research-grade observation of Lilium michiganense (500x281),2026-10-10 09:49:40 UTC
lilium,lilium_inaturalist_169670245_01d1aee11c.jpg,raw_acquisitions/lilium/inaturalist_research/lilium_inaturalist_169670245_01d1aee11c.jpg,inaturalist_research,https://inaturalist-open-data.s3.amazonaws.com/photos/294186407/medium.jpg,169670245,294186407,Lilium philadelphicum immaculatum (),cc-by-nc,01d1aee11c29ad889296321ba15f4e0e61d291f0e4bcaa4d443f387ba224811c,8d96703987a7d9c8,375,500,verified_valid,unique,Botanist-verified research-grade observation of Lilium philadelphicum immaculatum (375x500),2026-10-10 09:49:40 UTC
lilium,lilium_inaturalist_125394279_72b6bf6e92.jpg,raw_acquisitions/lilium/inaturalist_research/lilium_inaturalist_125394279_72b6bf6e92.jpg,inaturalist_research,https://static.inaturalist.org/photos/212645213/medium.jpg,125394279,212645213,Lilium philadelphicum (Wood Lily),cc-by-nc,72b6bf6e92c81e1de5a8b4b30a3fcf4775a61f0553a112cd50e07ed8d78c45c4,8f86b3690f862e2d,375,500,verified_valid,unique,Botanist-verified research-grade observation of Lilium philadelphicum (375x500),2026-10-10 09:49:40 UTC
lilium,lilium_inaturalist_185646896_480f66c750.jpg,raw_acquisitions/lilium/inaturalist_research/lilium_inaturalist_185646896_480f66c750.jpg,inaturalist_research,https://inaturalist-open-data.s3.amazonaws.com/photos/324259562/medium.jpg,185646896,324259562,Lilium catesbaei (Pine lily),cc-by-nc-sa,480f66c75076fbdc0e35de5743532d50760255966f724324ce672d1ad608681e,8e8838a6ee731ae9,500,333,verified_valid,unique,Botanist-verified research-grade observation of Lilium catesbaei (500x333),2026-10-10 09:49:40 UTC
lilium,lilium_inaturalist_42449228_c6ecdfd838.jpg,raw_acquisitions/lilium/inaturalist_research/lilium_inaturalist_42449228_c6ecdfd838.jpg,inaturalist_research,https://static.inaturalist.org/photos/67400767/medium.jpg,42449228,67400767,Lilium michiganense (Michigan lily),cc-by-nc,c6ecdfd838ab95cdd42e51358b28f5028262490379a5699fd9730abc63c1519c,f09e8d314ed3c998,500,333,verified_valid,unique,Botanist-verified research-grade observation of Lilium michiganense (500x333),2026-10-10 09:49:40 UTC
lilium,lilium_inaturalist_196780746_4bd067f448.jpg,raw_acquisitions/lilium/inaturalist_research/lilium_inaturalist_196780746_4bd067f448.jpg,inaturalist_research,https://inaturalist-open-data.s3.amazonaws.com/photos/346411684/medium.jpg,196780746,346411684,Lilium superbum (Turk's-cap lily),cc-by-nc,4bd067f4480939db4ecbd466a0dcc4cb8a557a0e6020a36c15518ab0c6127feb,d9343a3d2757b4c0,372,500,verified_valid,unique,Botanist-verified research-grade observation of Lilium superbum (372x500),2026-10-10 09:49:40 UTC
lilium,lilium_inaturalist_82134616_33323173d6.jpg,raw_acquisitions/lilium/inaturalist_research/lilium_inaturalist_82134616_33323173d6.jpg,inaturalist_research,https://static.inaturalist.org/photos/134782307/medium.jpg,82134616,134782307,Lilium bulbiferum (fire lily),cc-by-nc,33323173d62d954f1df14cbd4141022fc5e183cf07097bebefdd9738dd759f08,8a577c8ec0a7db41,375,500,verified_valid,unique,Botanist-verified research-grade observation of Lilium bulbiferum (375x500),2026-10-10 09:49:40 UTC
lilium,lilium_inaturalist_93930107_0f2c44b054.jpg,raw_acquisitions/lilium/inaturalist_research/lilium_inaturalist_93930107_0f2c44b054.jpg,inaturalist_research,https://static.inaturalist.org/photos/155745897/medium.jpg,93930107,155745897,Lilium parvum (Sierra Tiger Lily),cc-by-nc,0f2c44b0549bab0b6694705847be4851e09014f13dda6c832104eeddcb476c3f,f43740c2b82b7aec,375,500,verified_valid,unique,Botanist-verified research-grade observation of Lilium parvum (375x500),2026-10-10 09:49:40 UTC
lilium,lilium_inaturalist_52764311_3a0261cab5.jpg,raw_acquisitions/lilium/inaturalist_research/lilium_inaturalist_52764311_3a0261cab5.jpg,inaturalist_research,https://inaturalist-open-data.s3.amazonaws.com/photos/83897155/medium.jpeg,52764311,83897155,Lilium superbum (Turk's-cap lily),cc-by,3a0261cab5d2e8140ecd2f7322e1ca76f5decbf83d655e6f7e8fa4a732de0fee,9d5b6824c78598db,375,500,verified_valid,unique,Botanist-verified research-grade observation of Lilium superbum (375x500),2026-10-10 09:49:40 UTC
lilium,lilium_inaturalist_54669333_ca2081d9e5.jpg,raw_acquisitions/lilium/inaturalist_research/lilium_inaturalist_54669333_ca2081d9e5.jpg,inaturalist_research,https://inaturalist-open-data.s3.amazonaws.com/photos/87001069/medium.jpeg,54669333,87001069,Lilium formosanum (Formosa lily),cc-by-nc,ca2081d9e55f51540a216ea592e416115063a49361f2c7472aa646e55abad34b,984e67792de43233,500,375,verified_valid,unique,Botanist-verified research-grade observation of Lilium formosanum (500x375),2026-10-10 09:49:40 UTC
lilium,lilium_inaturalist_225820785_b364163142.jpg,raw_acquisitions/lilium/inaturalist_research/lilium_inaturalist_225820785_b364163142.jpg,inaturalist_research,https://inaturalist-open-data.s3.amazonaws.com/photos/400419435/medium.jpg,225820785,400419435,Lilium humboldtii ocellatum (ocellated Humboldt lily),cc-by-nc,b36416314210fd1d66b6f14b9978d0c71aea40a1dec7b6c974bb8a53643e6f8e,893a636cd9799962,500,375,verified_valid,unique,Botanist-verified research-grade observation of Lilium humboldtii ocellatum (500x375),2026-10-10 09:49:40 UTC
lilium,lilium_inaturalist_173706217_73fc7f0651.jpg,raw_acquisitions/lilium/inaturalist_research/lilium_inaturalist_173706217_73fc7f0651.jpg,inaturalist_research,https://inaturalist-open-data.s3.amazonaws.com/photos/301692055/medium.jpg,173706217,301692055,Lilium iridollae (Pot-of-Gold Lily),cc-by-nc,73fc7f0651331960200a980a03bb5cfb80be80d84582c5ec1ab0654e84d91841,da56372f98942e32,500,363,verified_valid,unique,Botanist-verified research-grade observation of Lilium iridollae (500x363),2026-10-10 09:49:40 UTC
lilium,lilium_inaturalist_223030596_ff930cbcd5.jpg,raw_acquisitions/lilium/inaturalist_research/lilium_inaturalist_223030596_ff930cbcd5.jpg,inaturalist_research,https://inaturalist-open-data.s3.amazonaws.com/photos/395141571/medium.jpeg,223030596,395141571,Lilium monadelphum (Caucasian Lily),cc-by-nc,ff930cbcd574aebf822123c6856baad6006f2d81b9bc71a3e20296ee13b8a224,a8b64f355748a1a7,375,500,verified_valid,unique,Botanist-verified research-grade observation of Lilium monadelphum (375x500),2026-10-10 09:49:40 UTC
lilium,lilium_inaturalist_14534330_96c2e4c763.jpg,raw_acquisitions/lilium/inaturalist_research/lilium_inaturalist_14534330_96c2e4c763.jpg,inaturalist_research,https://inaturalist-open-data.s3.amazonaws.com/photos/21645763/medium.jpg,14534330,21645763,Lilium parvum (Sierra Tiger Lily),cc-by-nc,96c2e4c7632358af5dfffc49a895dde610b6ed7258b184073008c21ec7f7a847,c678461ca7a6f1c6,375,500,verified_valid,unique,Botanist-verified research-grade observation of Lilium parvum (375x500),2026-10-10 09:49:40 UTC
lilium,lilium_inaturalist_171851912_0c08590ee0.jpg,raw_acquisitions/lilium/inaturalist_research/lilium_inaturalist_171851912_0c08590ee0.jpg,inaturalist_research,https://inaturalist-open-data.s3.amazonaws.com/photos/298249825/medium.jpeg,171851912,298249825,Lilium philadelphicum (Wood Lily),cc-by-nc-nd,0c08590ee09185da5d0d4401c3d84f691490d455a55022480b6e71f62a9b902a,d42d22adb664ce35,375,500,verified_valid,unique,Botanist-verified research-grade observation of Lilium philadelphicum (375x500),2026-10-10 09:49:40 UTC
lilium,lilium_inaturalist_14977786_8f869fc852.jpg,raw_acquisitions/lilium/inaturalist_research/lilium_inaturalist_14977786_8f869fc852.jpg,inaturalist_research,https://inaturalist-open-data.s3.amazonaws.com/photos/22343479/medium.jpg,14977786,22343479,Lilium superbum (Turk's-cap lily),cc-by-nc,8f869fc8525eed420238892c0d1940dd431d954b6599dc72b1b523b72e324094,c060bb0b7c969c7b,375,500,verified_valid,unique,Botanist-verified research-grade observation of Lilium superbum (375x500),2026-10-10 09:49:40 UTC
lilium,lilium_inaturalist_89580158_7db63f58bc.jpg,raw_acquisitions/lilium/inaturalist_research/lilium_inaturalist_89580158_7db63f58bc.jpg,inaturalist_research,https://inaturalist-open-data.s3.amazonaws.com/photos/147944326/medium.jpeg,89580158,147944326,Lilium superbum (Turk's-cap lily),cc-by-nc,7db63f58bcc4b91b839d4248200a598d8ec9154c8e774916de661e99017bfc00,f894ddd782a2aa91,281,500,verified_valid,unique,Botanist-verified research-grade observation of Lilium superbum (281x500),2026-10-10 09:49:40 UTC
lilium,lilium_inaturalist_370015560_84567fab79.jpg,raw_acquisitions/lilium/inaturalist_research/lilium_inaturalist_370015560_84567fab79.jpg,inaturalist_research,https://inaturalist-open-data.s3.amazonaws.com/photos/675952354/medium.jpg,370015560,675952354,Lilium philadelphicum (Wood Lily),cc-by,84567fab79c70207bc916b2ad0be708abc2337fc4b6505e7dd838c12f70c599d,cdc076fe0d774490,500,333,verified_valid,unique,Botanist-verified research-grade observation of Lilium philadelphicum (500x333),2026-10-10 09:49:40 UTC
lilium,lilium_inaturalist_199499984_610fb98aa7.jpg,raw_acquisitions/lilium/inaturalist_research/lilium_inaturalist_199499984_610fb98aa7.jpg,inaturalist_research,https://inaturalist-open-data.s3.amazonaws.com/photos/351831155/medium.jpeg,199499984,351831155,Lilium bosniacum (Bosnian Lily),cc-by-nc,610fb98aa778fb92a43fbc9e72003fce4ab2d6bc34fea66b7665a651f4d8c4e0,85e86a7f22a6d06e,500,375,verified_valid,unique,Botanist-verified research-grade observation of Lilium bosniacum (500x375),2026-10-10 09:49:40 UTC
lilium,lilium_inaturalist_29527823_b94828e3bb.jpg,raw_acquisitions/lilium/inaturalist_research/lilium_inaturalist_29527823_b94828e3bb.jpg,inaturalist_research,https://static.inaturalist.org/photos/46087273/medium.jpg,29527823,46087273,Lilium columbianum (Columbia lily),cc-by-nc,b94828e3bb508d41ecd583c390727f27e85dddfeeb5cbc634c869e5f95dc614b,9b6702bc86c74f52,375,500,verified_valid,unique,Botanist-verified research-grade observation of Lilium columbianum (375x500),2026-10-10 09:49:40 UTC
lilium,lilium_inaturalist_63818616_81a77796a8.jpg,raw_acquisitions/lilium/inaturalist_research/lilium_inaturalist_63818616_81a77796a8.jpg,inaturalist_research,https://inaturalist-open-data.s3.amazonaws.com/photos/102490387/medium.jpeg,63818616,102490387,Lilium catesbaei (Pine lily),cc-by-nc,81a77796a8971420185b455e12895d80ef1a5bbc2e70f432058409db320e0057,db4b2822d6f97816,237,500,verified_valid,unique,Botanist-verified research-grade observation of Lilium catesbaei (237x500),2026-10-10 09:49:40 UTC
lilium,lilium_inaturalist_170846364_421c6282e8.jpg,raw_acquisitions/lilium/inaturalist_research/lilium_inaturalist_170846364_421c6282e8.jpg,inaturalist_research,https://inaturalist-open-data.s3.amazonaws.com/photos/296386230/medium.jpg,170846364,296386230,Lilium humboldtii humboldtii (humboldt lily),cc-by-nc,421c6282e83b8b1dd4d7678e532b5da0f7810925467531dca68f71e78fe7bd4d,ac01af04766b4fea,375,500,verified_valid,unique,Botanist-verified research-grade observation of Lilium humboldtii humboldtii (375x500),2026-10-10 09:49:40 UTC
lilium,lilium_inaturalist_229603772_2f5e09692b.jpg,raw_acquisitions/lilium/inaturalist_research/lilium_inaturalist_229603772_2f5e09692b.jpg,inaturalist_research,https://inaturalist-open-data.s3.amazonaws.com/photos/407654939/medium.jpeg,229603772,407654939,Lilium philadelphicum (Wood Lily),cc-by,2f5e09692be697c4195aaa236c401c3f934b971b44c00aa2c1a150b75c9cc8ec,cbed3483d38d2d30,375,500,verified_valid,unique,Botanist-verified research-grade observation of Lilium philadelphicum (375x500),2026-10-10 09:49:40 UTC
lilium,lilium_inaturalist_87148314_ace1e554e8.jpg,raw_acquisitions/lilium/inaturalist_research/lilium_inaturalist_87148314_ace1e554e8.jpg,inaturalist_research,https://inaturalist-open-data.s3.amazonaws.com/photos/143655916/medium.jpg,87148314,143655916,Lilium philadelphicum (Wood Lily),cc-by-nc,ace1e554e831d2002ccbbd4ec7a9dbd1e111264e3b0f365403b750e560f3a3bf,91c92cac2477cef2,375,500,verified_valid,unique,Botanist-verified research-grade observation of Lilium philadelphicum (375x500),2026-10-10 09:49:40 UTC
lilium,lilium_inaturalist_281354803_dd00b04cfa.jpg,raw_acquisitions/lilium/inaturalist_research/lilium_inaturalist_281354803_dd00b04cfa.jpg,inaturalist_research,https://inaturalist-open-data.s3.amazonaws.com/photos/505402544/medium.jpg,281354803,505402544,Lilium pardalinum (Leopard Lily),cc-by-nc,dd00b04cfa70983b6feed065b84d5bac0a74f17a1dde6d6f136a215b41cfcd2a,c6fa49c4bb18c4f2,375,500,verified_valid,unique,Botanist-verified research-grade observation of Lilium pardalinum (375x500),2026-10-10 09:49:40 UTC
lilium,lilium_inaturalist_230923060_077523cac2.jpg,raw_acquisitions/lilium/inaturalist_research/lilium_inaturalist_230923060_077523cac2.jpg,inaturalist_research,https://inaturalist-open-data.s3.amazonaws.com/photos/410076831/medium.jpeg,230923060,410076831,Lilium columbianum (Columbia lily),cc-by-nd,077523cac2b026afb13faae0538542af4700f7134baefdf6262064b01a365e02,c3cdadb587035361,375,500,verified_valid,unique,Botanist-verified research-grade observation of Lilium columbianum (375x500),2026-10-10 09:49:40 UTC
lilium,lilium_inaturalist_172262516_913a2e81ba.jpg,raw_acquisitions/lilium/inaturalist_research/lilium_inaturalist_172262516_913a2e81ba.jpg,inaturalist_research,https://static.inaturalist.org/photos/299020074/medium.jpg,172262516,299020074,Lilium michiganense (Michigan lily),cc-by-nc,913a2e81bac10d02a5df8eb6ad3f5641c7e9fafb0b5726ae595ec886a5e470dd,8f4f79703032b4ba,375,500,verified_valid,unique,Botanist-verified research-grade observation of Lilium michiganense (375x500),2026-10-10 09:49:40 UTC
lilium,lilium_inaturalist_123961317_e586158fb1.jpg,raw_acquisitions/lilium/inaturalist_research/lilium_inaturalist_123961317_e586158fb1.jpg,inaturalist_research,https://inaturalist-open-data.s3.amazonaws.com/photos/210060579/medium.jpg,123961317,210060579,Lilium pardalinum vollmeri (vollmer's lily),cc-by-nc,e586158fb1b560a97b0b9f1057d32d9ea22689ce129e336dc9baaae1d2ad7082,bec8d11cf0724eb2,500,500,verified_valid,unique,Botanist-verified research-grade observation of Lilium pardalinum vollmeri (500x500),2026-10-10 09:49:40 UTC
lilium,lilium_inaturalist_172247531_07328f8ff8.jpg,raw_acquisitions/lilium/inaturalist_research/lilium_inaturalist_172247531_07328f8ff8.jpg,inaturalist_research,https://inaturalist-open-data.s3.amazonaws.com/photos/298998764/medium.jpg,172247531,298998764,Lilium philadelphicum (Wood Lily),cc-by-nc,07328f8ff84b34fcbdb40346f43f2bc33a4362a820c5c0ab6a2847222028ec28,c5f32a24162bf972,231,500,verified_valid,unique,Botanist-verified research-grade observation of Lilium philadelphicum (231x500),2026-10-10 09:49:40 UTC
lilium,lilium_inaturalist_284182800_09075cc044.jpg,raw_acquisitions/lilium/inaturalist_research/lilium_inaturalist_284182800_09075cc044.jpg,inaturalist_research,https://inaturalist-open-data.s3.amazonaws.com/photos/510703370/medium.jpg,284182800,510703370,Lilium candidum (Madonna lily),cc-by-nc,09075cc044445aabbe5fad824887d307851d0b3e4dafb3606a620e84a033c27c,d6e768789183c2ce,375,500,verified_valid,unique,Botanist-verified research-grade observation of Lilium candidum (375x500),2026-10-10 09:49:40 UTC
lilium,lilium_inaturalist_52898950_aac6ff91bf.jpg,raw_acquisitions/lilium/inaturalist_research/lilium_inaturalist_52898950_aac6ff91bf.jpg,inaturalist_research,https://static.inaturalist.org/photos/84114052/medium.jpg,52898950,84114052,Lilium philadelphicum (Wood Lily),cc-by-nc,aac6ff91bf154790f9a499774ed2814b0aa70f922a33fae12a4944729348794a,90896f3ed1c09f2e,333,500,verified_valid,unique,Botanist-verified research-grade observation of Lilium philadelphicum (333x500),2026-10-10 09:49:40 UTC
lilium,lilium_inaturalist_54875197_9295e821a0.jpg,raw_acquisitions/lilium/inaturalist_research/lilium_inaturalist_54875197_9295e821a0.jpg,inaturalist_research,https://inaturalist-open-data.s3.amazonaws.com/photos/87718716/medium.jpg,54875197,87718716,Lilium pardalinum (Leopard Lily),cc-by-nc,9295e821a076d5012493ef68affa5ead83ae648e07985f89c0473959fd56243b,d643812ba2bb7356,500,375,verified_valid,unique,Botanist-verified research-grade observation of Lilium pardalinum (500x375),2026-10-10 09:49:40 UTC
lilium,lilium_inaturalist_14560968_95d66fb116.jpg,raw_acquisitions/lilium/inaturalist_research/lilium_inaturalist_14560968_95d66fb116.jpg,inaturalist_research,https://static.inaturalist.org/photos/21693972/medium.jpeg,14560968,21693972,Lilium kelloggii (Kellogg's lily),cc-by-nc,95d66fb1168813c90d8ca5d8bb1a3f37839cadc9909e1d107efbc07bd907070c,8ddf213476a37162,500,333,verified_valid,unique,Botanist-verified research-grade observation of Lilium kelloggii (500x333),2026-10-10 09:49:40 UTC
lilium,lilium_inaturalist_50214150_b85fa5f856.jpg,raw_acquisitions/lilium/inaturalist_research/lilium_inaturalist_50214150_b85fa5f856.jpg,inaturalist_research,https://inaturalist-open-data.s3.amazonaws.com/photos/79738384/medium.jpg,50214150,79738384,Lilium pardalinum (Leopard Lily),cc-by-nc,b85fa5f856a807e1275f63875dd822ba0bbf31a28cfe08baa94fb099300b3523,d65713844b1e4b2f,491,500,verified_valid,unique,Botanist-verified research-grade observation of Lilium pardalinum (491x500),2026-10-10 09:49:40 UTC
lilium,lilium_inaturalist_128351233_eed062b864.jpg,raw_acquisitions/lilium/inaturalist_research/lilium_inaturalist_128351233_eed062b864.jpg,inaturalist_research,https://inaturalist-open-data.s3.amazonaws.com/photos/218002461/medium.jpg,128351233,218002461,Lilium philadelphicum (Wood Lily),cc-by-nc,eed062b86468457ce4175c21e10af5e3ccb7b222668ff43cf1496b107cf1a8a4,f0c5c4e8aa5a326f,225,500,verified_valid,unique,Botanist-verified research-grade observation of Lilium philadelphicum (225x500),2026-10-10 09:49:40 UTC
lilium,lilium_inaturalist_3507676_7fc4bc1b90.jpg,raw_acquisitions/lilium/inaturalist_research/lilium_inaturalist_3507676_7fc4bc1b90.jpg,inaturalist_research,https://static.inaturalist.org/photos/4082691/medium.jpeg,3507676,4082691,Lilium parvum (Sierra Tiger Lily),cc-by-nc,7fc4bc1b9033176406ac6351cba4b9094476bdfd28ed1ef74369cc8313566f99,c787bbb9e0006dd8,297,500,verified_valid,unique,Botanist-verified research-grade observation of Lilium parvum (297x500),2026-10-10 09:49:40 UTC
lilium,lilium_inaturalist_291843939_9572c3f1c5.jpg,raw_acquisitions/lilium/inaturalist_research/lilium_inaturalist_291843939_9572c3f1c5.jpg,inaturalist_research,https://inaturalist-open-data.s3.amazonaws.com/photos/525123666/medium.jpg,291843939,525123666,Lilium michiganense (Michigan lily),cc-by-nc,9572c3f1c5fd47eb579117faa9b845c6c5474da0fd9230d69bba4cea0896b782,bbb106b46267f11c,375,500,verified_valid,unique,Botanist-verified research-grade observation of Lilium michiganense (375x500),2026-10-10 09:49:40 UTC
lilium,lilium_inaturalist_171896469_b32dc8a899.jpg,raw_acquisitions/lilium/inaturalist_research/lilium_inaturalist_171896469_b32dc8a899.jpg,inaturalist_research,https://inaturalist-open-data.s3.amazonaws.com/photos/298333659/medium.jpg,171896469,298333659,Lilium rubescens (redwood lily),cc-by-nc,b32dc8a899c007c581b9d387fcf58ddb61c41189f15e5b0236cbb59649bf63a4,d3d96d761f20841e,442,500,verified_valid,unique,Botanist-verified research-grade observation of Lilium rubescens (442x500),2026-10-10 09:49:40 UTC
lilium,lilium_inaturalist_84620169_47db3aa956.jpg,raw_acquisitions/lilium/inaturalist_research/lilium_inaturalist_84620169_47db3aa956.jpg,inaturalist_research,https://inaturalist-open-data.s3.amazonaws.com/photos/139104612/medium.jpeg,84620169,139104612,Lilium canadense (Canada lily),cc-by-nc,47db3aa9563bf135abad3f2b1a59f6e16b17787507cc07b53707fd17b39a5725,93bce3ecc0e2f601,281,500,verified_valid,unique,Botanist-verified research-grade observation of Lilium canadense (281x500),2026-10-10 09:49:40 UTC
lilium,lilium_inaturalist_171381917_906c2f3543.jpg,raw_acquisitions/lilium/inaturalist_research/lilium_inaturalist_171381917_906c2f3543.jpg,inaturalist_research,https://static.inaturalist.org/photos/297386416/medium.jpg,171381917,297386416,Lilium canadense (Canada lily),cc-by-nc,906c2f354372ec2a7bc2bf13fb4ff80f0bd88f62b0ab81a0d3637e9b806fafdc,b58466e95a9a9cb8,375,500,verified_valid,unique,Botanist-verified research-grade observation of Lilium canadense (375x500),2026-10-10 09:49:40 UTC
lilium,lilium_inaturalist_46982873_3b5440fcea.jpg,raw_acquisitions/lilium/inaturalist_research/lilium_inaturalist_46982873_3b5440fcea.jpg,inaturalist_research,https://inaturalist-open-data.s3.amazonaws.com/photos/74813614/medium.jpg,46982873,74813614,Lilium humboldtii ocellatum (ocellated Humboldt lily),cc-by-nc,3b5440fcead63e185e28a5c042cbca6bf107850d20ad56a0587d717c80f757be,dfd6c0690397e84a,375,500,verified_valid,unique,Botanist-verified research-grade observation of Lilium humboldtii ocellatum (375x500),2026-10-10 09:49:40 UTC
lilium,lilium_inaturalist_7245917_2c5529985f.jpg,raw_acquisitions/lilium/inaturalist_research/lilium_inaturalist_7245917_2c5529985f.jpg,inaturalist_research,https://inaturalist-open-data.s3.amazonaws.com/photos/9360584/medium.jpg,7245917,9360584,Lilium philadelphicum (Wood Lily),cc-by-sa,2c5529985ff044f519cc8f545bbc833ffadadf864128352e1da7e9d9db94aed6,f1e29c0374d8c39b,500,375,verified_valid,unique,Botanist-verified research-grade observation of Lilium philadelphicum (500x375),2026-10-10 09:49:40 UTC
lilium,lilium_inaturalist_172078914_d090d77c40.jpg,raw_acquisitions/lilium/inaturalist_research/lilium_inaturalist_172078914_d090d77c40.jpg,inaturalist_research,https://inaturalist-open-data.s3.amazonaws.com/photos/298673747/medium.jpeg,172078914,298673747,Lilium michiganense (Michigan lily),cc-by-nc,d090d77c40bec164e006236e8b5727fcba05b5835e66292472a49ceac2c2dbfd,db721e1e0526a5d9,375,500,verified_valid,unique,Botanist-verified research-grade observation of Lilium michiganense (375x500),2026-10-10 09:49:40 UTC
lilium,lilium_inaturalist_296027455_22b0ceb909.jpg,raw_acquisitions/lilium/inaturalist_research/lilium_inaturalist_296027455_22b0ceb909.jpg,inaturalist_research,https://inaturalist-open-data.s3.amazonaws.com/photos/532981854/medium.jpg,296027455,532981854,Lilium michiganense (Michigan lily),cc-by-nc,22b0ceb9095a286dee42dfa140b7d04b978382efa33a999b2183aad7aedc8335,99a7e3983910f6c5,375,500,verified_valid,unique,Botanist-verified research-grade observation of Lilium michiganense (375x500),2026-10-10 09:49:40 UTC
lilium,lilium_inaturalist_222579161_aa6c2092b9.jpg,raw_acquisitions/lilium/inaturalist_research/lilium_inaturalist_222579161_aa6c2092b9.jpg,inaturalist_research,https://static.inaturalist.org/photos/394293922/medium.jpg,222579161,394293922,Lilium kelloggii (Kellogg's lily),cc-by-nc,aa6c2092b9873d24b12b0a083ddf82a316e5b435070ca3529bc6da9cc54f8bfd,f4aa86662ee3a2cc,375,500,verified_valid,unique,Botanist-verified research-grade observation of Lilium kelloggii (375x500),2026-10-10 09:49:40 UTC
lilium,lilium_inaturalist_14550232_6df39dd836.jpg,raw_acquisitions/lilium/inaturalist_research/lilium_inaturalist_14550232_6df39dd836.jpg,inaturalist_research,https://inaturalist-open-data.s3.amazonaws.com/photos/21674888/medium.jpg,14550232,21674888,Lilium parvum (Sierra Tiger Lily),cc0,6df39dd836e955398ae7e8a950eac4e7599cb86de55f648139ef8e7577eaf771,eae0dc5d85c57454,375,500,verified_valid,unique,Botanist-verified research-grade observation of Lilium parvum (375x500),2026-10-10 09:49:40 UTC
lilium,lilium_inaturalist_68756777_c1c0904f26.jpg,raw_acquisitions/lilium/inaturalist_research/lilium_inaturalist_68756777_c1c0904f26.jpg,inaturalist_research,https://inaturalist-open-data.s3.amazonaws.com/photos/111413386/medium.jpeg,68756777,111413386,Lilium pensylvanicum (Siberian Lily),cc-by-nc,c1c0904f26dedd3eaf276c649861fe1695be773e0f5458e265b608a55e770a2b,ced8c738fa344386,500,375,verified_valid,unique,Botanist-verified research-grade observation of Lilium pensylvanicum (500x375),2026-10-10 09:49:40 UTC
lilium,lilium_inaturalist_61230475_b27bdb2f4f.jpg,raw_acquisitions/lilium/inaturalist_research/lilium_inaturalist_61230475_b27bdb2f4f.jpg,inaturalist_research,https://inaturalist-open-data.s3.amazonaws.com/photos/97957251/medium.jpg,61230475,97957251,Lilium callosum (Siebold's Lily),cc-by,b27bdb2f4fbfe322803e73ee9bdb81ba9f58243fc8c38017012111238f752db8,d7e8b740dc2485b9,336,500,verified_valid,unique,Botanist-verified research-grade observation of Lilium callosum (336x500),2026-10-10 09:49:40 UTC
lilium,lilium_inaturalist_85481205_f6f800b12e.jpg,raw_acquisitions/lilium/inaturalist_research/lilium_inaturalist_85481205_f6f800b12e.jpg,inaturalist_research,https://inaturalist-open-data.s3.amazonaws.com/photos/140649516/medium.jpeg,85481205,140649516,Lilium martagon (Martagon Lily),cc-by-nc,f6f800b12ea26cfb815b6ed558f8b6fd8a3859f71ee454e4de530f08d7399800,dccaa4326796699c,500,375,verified_valid,unique,Botanist-verified research-grade observation of Lilium martagon (500x375),2026-10-10 09:49:40 UTC
lilium,lilium_inaturalist_326403148_7edd3fc26c.jpg,raw_acquisitions/lilium/inaturalist_research/lilium_inaturalist_326403148_7edd3fc26c.jpg,inaturalist_research,https://static.inaturalist.org/photos/591144815/medium.jpg,326403148,591144815,Lilium catesbaei (Pine lily),cc-by-nc,7edd3fc26c770e7345472a48166ab59ef255303875fbfdaa97e510aaa6c3c8dc,dcc6646994b2c62f,333,500,verified_valid,unique,Botanist-verified research-grade observation of Lilium catesbaei (333x500),2026-10-10 09:49:40 UTC
lilium,lilium_inaturalist_29430288_a9096efb75.jpg,raw_acquisitions/lilium/inaturalist_research/lilium_inaturalist_29430288_a9096efb75.jpg,inaturalist_research,https://inaturalist-open-data.s3.amazonaws.com/photos/45931849/medium.jpg,29430288,45931849,Lilium parvum (Sierra Tiger Lily),cc-by-nc,a9096efb75df4dfbc1322fc37b22856df59cd4518b9bbab09a17442f20444ba2,a46053a3a97d66d6,375,500,verified_valid,unique,Botanist-verified research-grade observation of Lilium parvum (375x500),2026-10-10 09:49:40 UTC
lilium,lilium_inaturalist_100967701_b9f5d41e6e.jpg,raw_acquisitions/lilium/inaturalist_research/lilium_inaturalist_100967701_b9f5d41e6e.jpg,inaturalist_research,https://inaturalist-open-data.s3.amazonaws.com/photos/168571738/medium.jpeg,100967701,168571738,Lilium superbum (Turk's-cap lily),cc-by-nc,b9f5d41e6eccc288eb3c5a61f10b4c270d43c85d1fa9a4adb7dc3367090b9b45,a2a6dcdd24135b59,500,500,verified_valid,unique,Botanist-verified research-grade observation of Lilium superbum (500x500),2026-10-10 09:49:40 UTC
lilium,lilium_inaturalist_377309416_45a3996dd1.jpg,raw_acquisitions/lilium/inaturalist_research/lilium_inaturalist_377309416_45a3996dd1.jpg,inaturalist_research,https://static.inaturalist.org/photos/689959573/medium.jpg,377309416,689959573,Lilium superbum (Turk's-cap lily),cc-by-nc,45a3996dd15d78cd961dc109ae20eed1df0da4a779b514fdf331c80b98b47616,ef57070bb78a5230,375,500,verified_valid,unique,Botanist-verified research-grade observation of Lilium superbum (375x500),2026-10-10 09:49:40 UTC
lilium,lilium_inaturalist_371053374_7971044662.jpg,raw_acquisitions/lilium/inaturalist_research/lilium_inaturalist_371053374_7971044662.jpg,inaturalist_research,https://inaturalist-open-data.s3.amazonaws.com/photos/677921405/medium.jpg,371053374,677921405,Lilium michiganense (Michigan lily),cc-by-nc,79710446622610393280b8d7721fa64bf3218574b0da2fc177eaef9c381de23b,afbd13cab21314f0,375,500,verified_valid,unique,Botanist-verified research-grade observation of Lilium michiganense (375x500),2026-10-10 09:49:40 UTC
lilium,lilium_inaturalist_36934896_21d4b9d105.jpg,raw_acquisitions/lilium/inaturalist_research/lilium_inaturalist_36934896_21d4b9d105.jpg,inaturalist_research,https://inaturalist-open-data.s3.amazonaws.com/photos/58465395/medium.jpeg,36934896,58465395,Lilium martagon (Martagon Lily),cc-by-nc,21d4b9d105932d5b7624c4614bebd92a97486c54ff0d053fbf81a54cf04f709e,98a6aca531aa7e53,375,500,verified_valid,unique,Botanist-verified research-grade observation of Lilium martagon (375x500),2026-10-10 09:49:40 UTC
lilium,lilium_inaturalist_167825571_cc1e4376cc.jpg,raw_acquisitions/lilium/inaturalist_research/lilium_inaturalist_167825571_cc1e4376cc.jpg,inaturalist_research,https://inaturalist-open-data.s3.amazonaws.com/photos/290778582/medium.jpg,167825571,290778582,Lilium martagon (Martagon Lily),cc-by-nc,cc1e4376ccc91f3d18c0d361a8903c81d52fd6136376bc293a51d018400bc6c6,d7f8a68e9c8588a5,500,334,verified_valid,unique,Botanist-verified research-grade observation of Lilium martagon (500x334),2026-10-10 09:49:40 UTC
lilium,lilium_inaturalist_14362981_d0ddb77916.jpg,raw_acquisitions/lilium/inaturalist_research/lilium_inaturalist_14362981_d0ddb77916.jpg,inaturalist_research,https://static.inaturalist.org/photos/21348930/medium.jpg,14362981,21348930,Lilium washingtonianum (Washington lily),cc-by-nc,d0ddb77916d32a99d475bac3c9f602b424a469851e26e79cf228c0e030685a13,936f3c44aa91cd0f,375,500,verified_valid,unique,Botanist-verified research-grade observation of Lilium washingtonianum (375x500),2026-10-10 09:49:40 UTC
lilium,lilium_inaturalist_52092486_6565ac4fa3.jpg,raw_acquisitions/lilium/inaturalist_research/lilium_inaturalist_52092486_6565ac4fa3.jpg,inaturalist_research,https://static.inaturalist.org/photos/82789725/medium.jpg,52092486,82789725,Lilium philadelphicum (Wood Lily),cc-by-nc,6565ac4fa3ddc161b33dd2e2db8892018c943a21c40406235cafefdc98c9bff9,82e0dac6668cede9,375,500,verified_valid,unique,Botanist-verified research-grade observation of Lilium philadelphicum (375x500),2026-10-10 09:49:40 UTC
lilium,lilium_inaturalist_298290308_ca44dd0f6a.jpg,raw_acquisitions/lilium/inaturalist_research/lilium_inaturalist_298290308_ca44dd0f6a.jpg,inaturalist_research,https://inaturalist-open-data.s3.amazonaws.com/photos/537282200/medium.jpg,298290308,537282200,Lilium superbum (Turk's-cap lily),cc-by-nc,ca44dd0f6a10ca2f9d98a1d965d6d5398fe08b2c9386d7e601e282948c978cf0,c4fa3eb8bc0a3694,375,500,verified_valid,unique,Botanist-verified research-grade observation of Lilium superbum (375x500),2026-10-10 09:49:40 UTC
lilium,lilium_inaturalist_130166101_1c83199b02.jpg,raw_acquisitions/lilium/inaturalist_research/lilium_inaturalist_130166101_1c83199b02.jpg,inaturalist_research,https://inaturalist-open-data.s3.amazonaws.com/photos/221319869/medium.jpg,130166101,221319869,Lilium catesbaei (Pine lily),cc-by-nc,1c83199b02a1977a8b4207127ec2964c844c53997a0f122139124987e9b96f33,a88df08ba6cc29f6,375,500,verified_valid,unique,Botanist-verified research-grade observation of Lilium catesbaei (375x500),2026-10-10 09:49:40 UTC
lilium,lilium_inaturalist_329771268_e244bd02b8.jpg,raw_acquisitions/lilium/inaturalist_research/lilium_inaturalist_329771268_e244bd02b8.jpg,inaturalist_research,https://inaturalist-open-data.s3.amazonaws.com/photos/597835463/medium.jpg,329771268,597835463,Lilium speciosum (Showy Japanese Lily),cc-by-nc,e244bd02b898d2ea1d9e6ce3df29e375a914899bd3d9727031210cc978661021,e4ff5be1b6806094,375,500,verified_valid,unique,Botanist-verified research-grade observation of Lilium speciosum (375x500),2026-10-10 09:49:40 UTC
lilium,lilium_inaturalist_391465583_a505396b90.jpg,raw_acquisitions/lilium/inaturalist_research/lilium_inaturalist_391465583_a505396b90.jpg,inaturalist_research,https://inaturalist-open-data.s3.amazonaws.com/photos/717292997/medium.jpg,391465583,717292997,Lilium pyrenaicum (Pyrenean Lily),cc-by-nc,a505396b90d2ef5c5139f8dd5cfd3acd0c332d9d1d1857dd491e882903c53ff6,c4d63f9ac602333e,500,375,verified_valid,unique,Botanist-verified research-grade observation of Lilium pyrenaicum (500x375),2026-10-10 09:49:40 UTC
lilium,lilium_inaturalist_131273844_1bfb7114ef.jpg,raw_acquisitions/lilium/inaturalist_research/lilium_inaturalist_131273844_1bfb7114ef.jpg,inaturalist_research,https://inaturalist-open-data.s3.amazonaws.com/photos/223370249/medium.jpg,131273844,223370249,Lilium catesbaei (Pine lily),cc-by-nc,1bfb7114ef3413832fb3e5651d6fa28115eba02ddfb571e4d64cce3ec4ce3c2d,ae294ac683ebb634,375,500,verified_valid,unique,Botanist-verified research-grade observation of Lilium catesbaei (375x500),2026-10-10 09:49:40 UTC
lilium,lilium_inaturalist_84493452_733b48fccb.jpg,raw_acquisitions/lilium/inaturalist_research/lilium_inaturalist_84493452_733b48fccb.jpg,inaturalist_research,https://inaturalist-open-data.s3.amazonaws.com/photos/138878388/medium.jpg,84493452,138878388,Lilium pardalinum (Leopard Lily),cc0,733b48fccbca5afe167c1f8a242ae05e680a2fdc908d4a2ec48a718bb37a2e68,b51f61ea1247ce4c,500,375,verified_valid,unique,Botanist-verified research-grade observation of Lilium pardalinum (500x375),2026-10-10 09:49:40 UTC
lilium,lilium_inaturalist_109882675_20d2ea4b33.jpg,raw_acquisitions/lilium/inaturalist_research/lilium_inaturalist_109882675_20d2ea4b33.jpg,inaturalist_research,https://inaturalist-open-data.s3.amazonaws.com/photos/185275506/medium.jpg,109882675,185275506,Lilium philadelphicum (Wood Lily),cc-by,20d2ea4b330802fc7ea69fcff0b44293bc63cb5a050dc67052d05c87d9bae674,829e7c4f7325686a,334,500,verified_valid,unique,Botanist-verified research-grade observation of Lilium philadelphicum (334x500),2026-10-10 09:49:40 UTC
lilium,lilium_inaturalist_94800543_844b96a62b.jpg,raw_acquisitions/lilium/inaturalist_research/lilium_inaturalist_94800543_844b96a62b.jpg,inaturalist_research,https://static.inaturalist.org/photos/157302300/medium.jpg,94800543,157302300,Lilium rubellum (Maiden Lily),cc-by-nc,844b96a62b5d6e734270c7042498f6051be2f66ba4693b70d74640779afeef2a,82c0784e9fbb2376,500,333,verified_valid,unique,Botanist-verified research-grade observation of Lilium rubellum (500x333),2026-10-10 09:49:40 UTC
lilium,lilium_inaturalist_28781033_a696f7abdf.jpg,raw_acquisitions/lilium/inaturalist_research/lilium_inaturalist_28781033_a696f7abdf.jpg,inaturalist_research,https://inaturalist-open-data.s3.amazonaws.com/photos/44887804/medium.jpeg,28781033,44887804,Lilium szovitsianum (Crimson-anthered Lily),cc-by-nc,a696f7abdf8b3cde17916de167d9aa681e393e29e9df3bef28695f71663f59fe,c00b3e3fe2c6093f,375,500,verified_valid,unique,Botanist-verified research-grade observation of Lilium szovitsianum (375x500),2026-10-10 09:49:40 UTC
lilium,lilium_inaturalist_146418554_46796ea84a.jpg,raw_acquisitions/lilium/inaturalist_research/lilium_inaturalist_146418554_46796ea84a.jpg,inaturalist_research,https://inaturalist-open-data.s3.amazonaws.com/photos/251724344/medium.jpg,146418554,251724344,Lilium michauxii (Carolina lily),cc-by-nc,46796ea84a34020bfbefba844e43128112e080d446e89459875c47608cbdcea1,811d6f63c3e64ca5,500,375,verified_valid,unique,Botanist-verified research-grade observation of Lilium michauxii (500x375),2026-10-10 09:49:40 UTC
lilium,lilium_inaturalist_49550322_38c7c4ec3e.jpg,raw_acquisitions/lilium/inaturalist_research/lilium_inaturalist_49550322_38c7c4ec3e.jpg,inaturalist_research,https://inaturalist-open-data.s3.amazonaws.com/photos/78663622/medium.jpg,49550322,78663622,Lilium pardalinum (Leopard Lily),cc-by-nc,38c7c4ec3efc95402fe1f2cc259c1756460153fd3804c7ee22fa981c3f714bcf,c0f37bea6c8de082,453,500,verified_valid,unique,Botanist-verified research-grade observation of Lilium pardalinum (453x500),2026-10-10 09:49:40 UTC
lilium,lilium_inaturalist_124789322_b3e7d94d92.jpg,raw_acquisitions/lilium/inaturalist_research/lilium_inaturalist_124789322_b3e7d94d92.jpg,inaturalist_research,https://inaturalist-open-data.s3.amazonaws.com/photos/211548533/medium.jpg,124789322,211548533,Lilium pardalinum (Leopard Lily),cc-by-nc,b3e7d94d92bd4b65f77db87e1ea2c862f4a626f8458cfaaef0d7871ab5afef71,dada981b13cacb46,500,333,verified_valid,unique,Botanist-verified research-grade observation of Lilium pardalinum (500x333),2026-10-10 09:49:40 UTC
gypsophila,gypsophila_inaturalist_170709895_4e5471a1ca.jpg,raw_acquisitions/gypsophila/inaturalist_research/gypsophila_inaturalist_170709895_4e5471a1ca.jpg,inaturalist_research,https://inaturalist-open-data.s3.amazonaws.com/photos/296112740/medium.jpeg,170709895,296112740,Gypsophila repens (Creeping Baby's-breath),cc-by,4e5471a1ca2324c216e0b9cfb25968afb2b54028e5108a57ef622d28e7b66eb3,9395b4f45d3640b3,500,466,verified_valid,unique,Botanist-verified research-grade observation of Gypsophila repens (500x466),2026-10-10 09:50:57 UTC
gypsophila,gypsophila_inaturalist_176884948_9ba7b8c31f.jpg,raw_acquisitions/gypsophila/inaturalist_research/gypsophila_inaturalist_176884948_9ba7b8c31f.jpg,inaturalist_research,https://inaturalist-open-data.s3.amazonaws.com/photos/307574256/medium.jpeg,176884948,307574256,Gypsophila scorzonerifolia (Glandular Baby's-breath),cc-by,9ba7b8c31fac98bf5ef3953578e710db54813e1bb7c9a8cfcca8e3581b7a337e,d7e56496da70611a,375,500,verified_valid,unique,Botanist-verified research-grade observation of Gypsophila scorzonerifolia (375x500),2026-10-10 09:50:57 UTC
gypsophila,gypsophila_inaturalist_300141349_9dc2fdd42b.jpg,raw_acquisitions/gypsophila/inaturalist_research/gypsophila_inaturalist_300141349_9dc2fdd42b.jpg,inaturalist_research,https://inaturalist-open-data.s3.amazonaws.com/photos/540765421/medium.jpg,300141349,540765421,Gypsophila aretioides (),cc-by-nc,9dc2fdd42b55eb938916674de1e78f66981a2a87f76b16a5ef7c1b4723d4543d,e799b2004d4d4ede,500,225,verified_valid,unique,Botanist-verified research-grade observation of Gypsophila aretioides (500x225),2026-10-10 09:50:57 UTC
gypsophila,gypsophila_inaturalist_173878092_b80d652368.jpg,raw_acquisitions/gypsophila/inaturalist_research/gypsophila_inaturalist_173878092_b80d652368.jpg,inaturalist_research,https://inaturalist-open-data.s3.amazonaws.com/photos/302011447/medium.jpg,173878092,302011447,Gypsophila paniculata (baby's-breath),cc-by-nc,b80d652368d90bbdcce32360fe6f922152309a7b09acf4e033ef5480b980b8f6,bba82ed0f915a0cb,375,500,verified_valid,unique,Botanist-verified research-grade observation of Gypsophila paniculata (375x500),2026-10-10 09:50:57 UTC
gypsophila,gypsophila_inaturalist_215277830_73cd00a0f0.jpg,raw_acquisitions/gypsophila/inaturalist_research/gypsophila_inaturalist_215277830_73cd00a0f0.jpg,inaturalist_research,https://inaturalist-open-data.s3.amazonaws.com/photos/380592757/medium.jpg,215277830,380592757,Gypsophila elegans (showy baby's-breath),cc-by-nc,73cd00a0f015fed2e60f3cb1c0f93d1d68a9590706bb96044f88e1216ab079b2,fc6b36c0c3cc38a6,375,500,verified_valid,unique,Botanist-verified research-grade observation of Gypsophila elegans (375x500),2026-10-10 09:50:57 UTC
gypsophila,gypsophila_inaturalist_177049777_7bc3ad9782.jpg,raw_acquisitions/gypsophila/inaturalist_research/gypsophila_inaturalist_177049777_7bc3ad9782.jpg,inaturalist_research,https://inaturalist-open-data.s3.amazonaws.com/photos/307868198/medium.jpeg,177049777,307868198,Gypsophila scorzonerifolia (Glandular Baby's-breath),cc-by-nc,7bc3ad978288aa4233d0c5800007146c11706eadf88b359bd55b951d5264a3cf,92b8b2ec84c63ead,500,333,verified_valid,unique,Botanist-verified research-grade observation of Gypsophila scorzonerifolia (500x333),2026-10-10 09:50:57 UTC
gypsophila,gypsophila_inaturalist_40977018_129a0719e2.jpg,raw_acquisitions/gypsophila/inaturalist_research/gypsophila_inaturalist_40977018_129a0719e2.jpg,inaturalist_research,https://inaturalist-open-data.s3.amazonaws.com/photos/64974211/medium.jpeg,40977018,64974211,Gypsophila repens (Creeping Baby's-breath),cc-by-nc,129a0719e256bb01f0b1317bee48280455a209805f4918536aee8d4f09ccd1e0,cabef496069293a5,500,375,verified_valid,unique,Botanist-verified research-grade observation of Gypsophila repens (500x375),2026-10-10 09:50:57 UTC
gypsophila,gypsophila_inaturalist_235899835_ec95135ffc.jpg,raw_acquisitions/gypsophila/inaturalist_research/gypsophila_inaturalist_235899835_ec95135ffc.jpg,inaturalist_research,https://inaturalist-open-data.s3.amazonaws.com/photos/419601713/medium.jpeg,235899835,419601713,Gypsophila scorzonerifolia (Glandular Baby's-breath),cc-by-nc,ec95135ffc8d79477537c17c32f0232308a24dd24815e02fcaef2814ccc158cc,fd0cb2c7b12738c2,375,500,verified_valid,unique,Botanist-verified research-grade observation of Gypsophila scorzonerifolia (375x500),2026-10-10 09:50:57 UTC
gypsophila,gypsophila_inaturalist_67703043_0d6c597c4d.jpg,raw_acquisitions/gypsophila/inaturalist_research/gypsophila_inaturalist_67703043_0d6c597c4d.jpg,inaturalist_research,https://inaturalist-open-data.s3.amazonaws.com/photos/109453795/medium.jpeg,67703043,109453795,Gypsophila aretioides (),cc-by,0d6c597c4d35a142ff63671a6147295bea833188251f3aff4ad1ab6b9699c872,989de6441339b4d7,500,333,verified_valid,unique,Botanist-verified research-grade observation of Gypsophila aretioides (500x333),2026-10-10 09:50:57 UTC
gypsophila,gypsophila_inaturalist_167759599_352bcc80e9.jpg,raw_acquisitions/gypsophila/inaturalist_research/gypsophila_inaturalist_167759599_352bcc80e9.jpg,inaturalist_research,https://inaturalist-open-data.s3.amazonaws.com/photos/290650052/medium.jpeg,167759599,290650052,Gypsophila vaccaria (Cowherb),cc-by-nc,352bcc80e96e4b5a4414651088347cfb22400c97a2b184213e52587fe7325c89,89d82433e3ed9972,500,355,verified_valid,unique,Botanist-verified research-grade observation of Gypsophila vaccaria (500x355),2026-10-10 09:50:57 UTC
gypsophila,gypsophila_inaturalist_367850625_f3df37f49b.jpg,raw_acquisitions/gypsophila/inaturalist_research/gypsophila_inaturalist_367850625_f3df37f49b.jpg,inaturalist_research,https://inaturalist-open-data.s3.amazonaws.com/photos/671799293/medium.jpg,367850625,671799293,Gypsophila vaccaria (Cowherb),cc-by,f3df37f49b74275b8b0c9e69bfbfa84be8a40a29bd7d8b20691bf3c6fd0d5ff4,c7960b871a2f4d2d,500,500,verified_valid,unique,Botanist-verified research-grade observation of Gypsophila vaccaria (500x500),2026-10-10 09:50:57 UTC
gypsophila,gypsophila_inaturalist_154224512_28858bf999.jpg,raw_acquisitions/gypsophila/inaturalist_research/gypsophila_inaturalist_154224512_28858bf999.jpg,inaturalist_research,https://inaturalist-open-data.s3.amazonaws.com/photos/266458632/medium.jpeg,154224512,266458632,Gypsophila aretioides (),cc0,28858bf999a130d801f50f3ffdd82ad19489ae1b340219e4568351d7c30b2f97,f5138f38966e1368,500,375,verified_valid,unique,Botanist-verified research-grade observation of Gypsophila aretioides (500x375),2026-10-10 09:50:57 UTC
gypsophila,gypsophila_inaturalist_25704733_38557c73bb.jpg,raw_acquisitions/gypsophila/inaturalist_research/gypsophila_inaturalist_25704733_38557c73bb.jpg,inaturalist_research,https://static.inaturalist.org/photos/39842097/medium.jpg,25704733,39842097,Gypsophila elegans (showy baby's-breath),cc-by-nc,38557c73bbb1cc999f92fdb3b87002c43363c2735b7ec70b597f8954c68a3521,e79439cbd031b28e,375,500,verified_valid,unique,Botanist-verified research-grade observation of Gypsophila elegans (375x500),2026-10-10 09:50:57 UTC
gypsophila,gypsophila_inaturalist_191281264_b8ca6e6e26.jpg,raw_acquisitions/gypsophila/inaturalist_research/gypsophila_inaturalist_191281264_b8ca6e6e26.jpg,inaturalist_research,https://inaturalist-open-data.s3.amazonaws.com/photos/335514792/medium.jpg,191281264,335514792,Gypsophila altissima (),cc-by-nc,b8ca6e6e266a307d99c5202224a02717dac5fdda874c206a6e9b2a3e484131d1,cd2923e64ad9f342,500,375,verified_valid,unique,Botanist-verified research-grade observation of Gypsophila altissima (500x375),2026-10-10 09:50:57 UTC
gypsophila,gypsophila_inaturalist_281005412_9b8616cb3b.jpg,raw_acquisitions/gypsophila/inaturalist_research/gypsophila_inaturalist_281005412_9b8616cb3b.jpg,inaturalist_research,https://static.inaturalist.org/photos/504754016/medium.jpg,281005412,504754016,Gypsophila vaccaria (Cowherb),cc-by-nc,9b8616cb3b2a42ad42db549975e4be13727504f3d4037ee8e4bf5fe2a313e9f9,9be75753a1844c6a,375,500,verified_valid,unique,Botanist-verified research-grade observation of Gypsophila vaccaria (375x500),2026-10-10 09:50:57 UTC
gypsophila,gypsophila_inaturalist_119860573_7232736f64.jpg,raw_acquisitions/gypsophila/inaturalist_research/gypsophila_inaturalist_119860573_7232736f64.jpg,inaturalist_research,https://static.inaturalist.org/photos/202667642/medium.jpeg,119860573,202667642,Gypsophila patrinii (),cc-by-nc,7232736f6429bd5dc2729d918ef9032fb39e48c3c95b8d6a230e2aa3fcce5a3f,bb91b8ab35184e96,500,375,verified_valid,unique,Botanist-verified research-grade observation of Gypsophila patrinii (500x375),2026-10-10 09:50:57 UTC
gypsophila,gypsophila_inaturalist_304776260_7584d43da3.jpg,raw_acquisitions/gypsophila/inaturalist_research/gypsophila_inaturalist_304776260_7584d43da3.jpg,inaturalist_research,https://inaturalist-open-data.s3.amazonaws.com/photos/549457281/medium.jpg,304776260,549457281,Gypsophila scorzonerifolia (Glandular Baby's-breath),cc-by-nc,7584d43da35fa1666f1d41fb97bb2d88ad569d72c37da9d24559ffcd0b6d15eb,c3ba7277950629cc,466,500,verified_valid,unique,Botanist-verified research-grade observation of Gypsophila scorzonerifolia (466x500),2026-10-10 09:50:57 UTC
gypsophila,gypsophila_inaturalist_29524914_c6c092a138.jpg,raw_acquisitions/gypsophila/inaturalist_research/gypsophila_inaturalist_29524914_c6c092a138.jpg,inaturalist_research,https://inaturalist-open-data.s3.amazonaws.com/photos/46082104/medium.jpg,29524914,46082104,Gypsophila perfoliata (Perfoliate Baby's-breath),cc-by-nc,c6c092a1387ffd805b869f4c8cd1c07cc84a198f321bd7e953218c0cef7e186b,9c98ca35860bf59d,500,375,verified_valid,unique,Botanist-verified research-grade observation of Gypsophila perfoliata (500x375),2026-10-10 09:50:57 UTC
gypsophila,gypsophila_inaturalist_94337484_594c3702c7.jpg,raw_acquisitions/gypsophila/inaturalist_research/gypsophila_inaturalist_94337484_594c3702c7.jpg,inaturalist_research,https://inaturalist-open-data.s3.amazonaws.com/photos/156477415/medium.jpeg,94337484,156477415,Gypsophila vaccaria (Cowherb),cc-by-nc,594c3702c7f092bcc92a1e899c375d9b1fa0c464dbf0375c26e70eb5d33ffb54,d1bd3324909e3e36,500,331,verified_valid,unique,Botanist-verified research-grade observation of Gypsophila vaccaria (500x331),2026-10-10 09:50:57 UTC
gypsophila,gypsophila_inaturalist_53023140_c257269ddd.jpg,raw_acquisitions/gypsophila/inaturalist_research/gypsophila_inaturalist_53023140_c257269ddd.jpg,inaturalist_research,https://inaturalist-open-data.s3.amazonaws.com/photos/84317927/medium.jpeg,53023140,84317927,Gypsophila patrinii (),cc-by-nc,c257269ddde73fab3076f2a6ccc54314fa593ccfb05b28fc78c5f0019c8c0307,f79e9809e8375470,500,375,verified_valid,unique,Botanist-verified research-grade observation of Gypsophila patrinii (500x375),2026-10-10 09:50:57 UTC
gypsophila,gypsophila_inaturalist_184173989_608ba8e5f0.jpg,raw_acquisitions/gypsophila/inaturalist_research/gypsophila_inaturalist_184173989_608ba8e5f0.jpg,inaturalist_research,https://inaturalist-open-data.s3.amazonaws.com/photos/321440619/medium.jpg,184173989,321440619,Gypsophila perfoliata (Perfoliate Baby's-breath),cc-by-nc,608ba8e5f03d69211848987e1affb3d967d9cab62d2bcd30dc3e41215142bcb8,d4397bf1c280acdc,500,375,verified_valid,unique,Botanist-verified research-grade observation of Gypsophila perfoliata (500x375),2026-10-10 09:50:57 UTC
gypsophila,gypsophila_inaturalist_19963920_a02284c20e.jpg,raw_acquisitions/gypsophila/inaturalist_research/gypsophila_inaturalist_19963920_a02284c20e.jpg,inaturalist_research,https://inaturalist-open-data.s3.amazonaws.com/photos/30805999/medium.jpeg,19963920,30805999,Gypsophila australis (),cc-by,a02284c20ef2218c443e6333f0f6f6f7a3c28cca95437a6eec46c277456e9335,be53e54acfa10855,500,281,verified_valid,unique,Botanist-verified research-grade observation of Gypsophila australis (500x281),2026-10-10 09:50:57 UTC
gypsophila,gypsophila_inaturalist_38676816_eadc9ef6d8.jpg,raw_acquisitions/gypsophila/inaturalist_research/gypsophila_inaturalist_38676816_eadc9ef6d8.jpg,inaturalist_research,https://inaturalist-open-data.s3.amazonaws.com/photos/61505234/medium.jpeg,38676816,61505234,Gypsophila sambukii (),cc-by-nc,eadc9ef6d86b3a77029b0672df27c1442eade19ae7a9c8acd649725a8e804b01,d4ab99b446b92276,500,375,verified_valid,unique,Botanist-verified research-grade observation of Gypsophila sambukii (500x375),2026-10-10 09:50:57 UTC
gypsophila,gypsophila_inaturalist_285886930_bacc27ab72.jpg,raw_acquisitions/gypsophila/inaturalist_research/gypsophila_inaturalist_285886930_bacc27ab72.jpg,inaturalist_research,https://inaturalist-open-data.s3.amazonaws.com/photos/513898582/medium.jpg,285886930,513898582,Gypsophila aretioides (),cc-by-nc,bacc27ab72651c8951dae7a74e7eb087c4f9ffc093cc58ce8a1ce9a467e7d596,a2947de166c4817f,500,331,verified_valid,unique,Botanist-verified research-grade observation of Gypsophila aretioides (500x331),2026-10-10 09:50:57 UTC
gypsophila,gypsophila_inaturalist_14098795_b2f1bcd1f4.jpg,raw_acquisitions/gypsophila/inaturalist_research/gypsophila_inaturalist_14098795_b2f1bcd1f4.jpg,inaturalist_research,https://static.inaturalist.org/photos/20878716/medium.jpeg,14098795,20878716,Gypsophila vaccaria (Cowherb),cc-by-nc,b2f1bcd1f4cfbec660acc2fec5d5374bacc004bc0fd446d80c78f41c939c183e,81c33d1ae94733b5,375,500,verified_valid,unique,Botanist-verified research-grade observation of Gypsophila vaccaria (375x500),2026-10-10 09:50:57 UTC
gypsophila,gypsophila_inaturalist_294346089_23e490acc8.jpg,raw_acquisitions/gypsophila/inaturalist_research/gypsophila_inaturalist_294346089_23e490acc8.jpg,inaturalist_research,https://static.inaturalist.org/photos/529801282/medium.jpg,294346089,529801282,Gypsophila vaccaria (Cowherb),cc-by-nc,23e490acc8d1f8e76ec50cd81b8ac89c3d7f84aeed2eebf99ca8776b84c39002,c66b6bda9ca42263,281,500,verified_valid,unique,Botanist-verified research-grade observation of Gypsophila vaccaria (281x500),2026-10-10 09:50:57 UTC
gypsophila,gypsophila_inaturalist_144746071_87a6c2a8a5.jpg,raw_acquisitions/gypsophila/inaturalist_research/gypsophila_inaturalist_144746071_87a6c2a8a5.jpg,inaturalist_research,https://static.inaturalist.org/photos/248488273/medium.jpeg,144746071,248488273,Gypsophila arrostii nebulosa (),cc-by-nc,87a6c2a8a5ea3470bab8b8b37aabe422a1d7be03ad41144b02dc1b98c9871f3f,f0e0768d88e93727,500,334,verified_valid,unique,Botanist-verified research-grade observation of Gypsophila arrostii nebulosa (500x334),2026-10-10 09:50:57 UTC
gypsophila,gypsophila_inaturalist_30680705_33bf30c68a.jpg,raw_acquisitions/gypsophila/inaturalist_research/gypsophila_inaturalist_30680705_33bf30c68a.jpg,inaturalist_research,https://static.inaturalist.org/photos/47944156/medium.jpeg,30680705,47944156,Gypsophila repens (Creeping Baby's-breath),cc-by-nc,33bf30c68a9e04db9349e294fbd045e4ec516f8b7f0c12a42974050185068b1a,c9ecb7e95083e149,500,333,verified_valid,unique,Botanist-verified research-grade observation of Gypsophila repens (500x333),2026-10-10 09:50:57 UTC
gypsophila,gypsophila_inaturalist_81181800_3263a3cf95.jpg,raw_acquisitions/gypsophila/inaturalist_research/gypsophila_inaturalist_81181800_3263a3cf95.jpg,inaturalist_research,https://inaturalist-open-data.s3.amazonaws.com/photos/133131799/medium.jpg,81181800,133131799,Gypsophila pacifica (Pink baby’s-breath),cc-by-nc,3263a3cf95073b0781c26b7230ab1ef92ed379564a51c134e0a722fe4155013a,c886b199a2e8e6db,375,500,verified_valid,unique,Botanist-verified research-grade observation of Gypsophila pacifica (375x500),2026-10-10 09:50:57 UTC
gypsophila,gypsophila_inaturalist_57625903_c0f1a1b274.jpg,raw_acquisitions/gypsophila/inaturalist_research/gypsophila_inaturalist_57625903_c0f1a1b274.jpg,inaturalist_research,https://inaturalist-open-data.s3.amazonaws.com/photos/91937379/medium.jpg,57625903,91937379,Gypsophila pallasii (),cc-by-nc,c0f1a1b27452c37a2822c041c945e1746b10fcc2a9f4a5274957f6263d173645,df391d0dd46a8362,500,348,verified_valid,unique,Botanist-verified research-grade observation of Gypsophila pallasii (500x348),2026-10-10 09:50:57 UTC
gypsophila,gypsophila_inaturalist_330962051_87651c56d9.jpg,raw_acquisitions/gypsophila/inaturalist_research/gypsophila_inaturalist_330962051_87651c56d9.jpg,inaturalist_research,https://inaturalist-open-data.s3.amazonaws.com/photos/600279070/medium.jpg,330962051,600279070,Gypsophila tubulosa (),cc-by-nc,87651c56d913c670e86aeb072699a0e1b805c5fca3def850aced7c4fa5f11b7d,af68cff2b02ec103,281,500,verified_valid,unique,Botanist-verified research-grade observation of Gypsophila tubulosa (281x500),2026-10-10 09:50:57 UTC
gypsophila,gypsophila_inaturalist_299110876_6187bdd865.jpg,raw_acquisitions/gypsophila/inaturalist_research/gypsophila_inaturalist_299110876_6187bdd865.jpg,inaturalist_research,https://inaturalist-open-data.s3.amazonaws.com/photos/538858659/medium.jpg,299110876,538858659,Gypsophila nabelekii (),cc-by-nc,6187bdd865b3be633e47baeec7f19318aa11c6f426819a0d17b43b77ad6f30d7,878d701f4a58677c,375,500,verified_valid,unique,Botanist-verified research-grade observation of Gypsophila nabelekii (375x500),2026-10-10 09:50:57 UTC
gypsophila,gypsophila_inaturalist_325400018_b017b75913.jpg,raw_acquisitions/gypsophila/inaturalist_research/gypsophila_inaturalist_325400018_b017b75913.jpg,inaturalist_research,https://inaturalist-open-data.s3.amazonaws.com/photos/589147395/medium.jpg,325400018,589147395,Gypsophila bellidifolia (),cc-by-nc,b017b75913550cc230225b135de79de3ea77301c31cd3ab6692d1a6aecc19af8,e0dd9d604bf72650,375,500,verified_valid,unique,Botanist-verified research-grade observation of Gypsophila bellidifolia (375x500),2026-10-10 09:50:57 UTC
gypsophila,gypsophila_inaturalist_58976113_a3dafdf5c5.jpg,raw_acquisitions/gypsophila/inaturalist_research/gypsophila_inaturalist_58976113_a3dafdf5c5.jpg,inaturalist_research,https://inaturalist-open-data.s3.amazonaws.com/photos/94193413/medium.jpeg,58976113,94193413,Gypsophila paniculata (baby's-breath),cc-by-nc,a3dafdf5c5b272bfb4ebe877e68dd1a9ed5bad66ecf9ccd9fba49480b1a687c1,87baf0619cc78b70,500,333,verified_valid,unique,Botanist-verified research-grade observation of Gypsophila paniculata (500x333),2026-10-10 09:50:57 UTC
gypsophila,gypsophila_inaturalist_294136997_7cc70d5597.jpg,raw_acquisitions/gypsophila/inaturalist_research/gypsophila_inaturalist_294136997_7cc70d5597.jpg,inaturalist_research,https://inaturalist-open-data.s3.amazonaws.com/photos/529398218/medium.jpg,294136997,529398218,Gypsophila paniculata (baby's-breath),cc-by-nc,7cc70d5597054b5326fe1b75228000729bf7c66249260463027cc9fab7aa9d43,ca2b6d34b9d27489,500,375,verified_valid,unique,Botanist-verified research-grade observation of Gypsophila paniculata (500x375),2026-10-10 09:50:57 UTC
gypsophila,gypsophila_inaturalist_215506209_351110c303.jpg,raw_acquisitions/gypsophila/inaturalist_research/gypsophila_inaturalist_215506209_351110c303.jpg,inaturalist_research,https://inaturalist-open-data.s3.amazonaws.com/photos/381022578/medium.jpeg,215506209,381022578,Gypsophila vaccaria (Cowherb),cc-by-nc,351110c303a10f0d900fb8e0206f153433a3379b10a2a0b5757f4be469c944d5,e14cd7e4394381f3,375,500,verified_valid,unique,Botanist-verified research-grade observation of Gypsophila vaccaria (375x500),2026-10-10 09:50:57 UTC
gypsophila,gypsophila_inaturalist_225687916_cc70680913.jpg,raw_acquisitions/gypsophila/inaturalist_research/gypsophila_inaturalist_225687916_cc70680913.jpg,inaturalist_research,https://static.inaturalist.org/photos/400170607/medium.jpeg,225687916,400170607,Gypsophila vaccaria (Cowherb),cc-by-nc,cc70680913582535a0f3266c32b108f6223174a26fd6d9a92771375389fc7bf2,90f5ed682a7a44b5,375,500,verified_valid,unique,Botanist-verified research-grade observation of Gypsophila vaccaria (375x500),2026-10-10 09:50:57 UTC
gypsophila,gypsophila_inaturalist_50167366_5b1b726ca2.jpg,raw_acquisitions/gypsophila/inaturalist_research/gypsophila_inaturalist_50167366_5b1b726ca2.jpg,inaturalist_research,https://inaturalist-open-data.s3.amazonaws.com/photos/79661652/medium.jpeg,50167366,79661652,Gypsophila repens (Creeping Baby's-breath),cc0,5b1b726ca25987f0987bfb2bb74cd80d547b110a6b4427aa07f6024db59b9a30,959d6913ca4f24b6,375,500,verified_valid,unique,Botanist-verified research-grade observation of Gypsophila repens (375x500),2026-10-10 09:50:57 UTC
gypsophila,gypsophila_inaturalist_92784638_fdfa826ca7.jpg,raw_acquisitions/gypsophila/inaturalist_research/gypsophila_inaturalist_92784638_fdfa826ca7.jpg,inaturalist_research,https://static.inaturalist.org/photos/153681226/medium.jpeg,92784638,153681226,Gypsophila perfoliata (Perfoliate Baby's-breath),cc-by-nc,fdfa826ca7335b30ded0b286a9e9616efb7c825fa5ce8e42f4e74d7523a59f16,e5dfc2651c26a83a,500,375,verified_valid,unique,Botanist-verified research-grade observation of Gypsophila perfoliata (500x375),2026-10-10 09:50:57 UTC
gypsophila,gypsophila_inaturalist_46626562_61d23652f5.jpg,raw_acquisitions/gypsophila/inaturalist_research/gypsophila_inaturalist_46626562_61d23652f5.jpg,inaturalist_research,https://static.inaturalist.org/photos/73952659/medium.jpeg,46626562,73952659,Gypsophila repens (Creeping Baby's-breath),cc-by-nc,61d23652f5e4bd3be48bead81d911c5671925dbf562000a5693b27c48475d5db,b0e78c9819f37266,375,500,verified_valid,unique,Botanist-verified research-grade observation of Gypsophila repens (375x500),2026-10-10 09:50:57 UTC
gypsophila,gypsophila_inaturalist_29524866_a70b6bb8b4.jpg,raw_acquisitions/gypsophila/inaturalist_research/gypsophila_inaturalist_29524866_a70b6bb8b4.jpg,inaturalist_research,https://inaturalist-open-data.s3.amazonaws.com/photos/46080795/medium.jpg,29524866,46080795,Gypsophila perfoliata (Perfoliate Baby's-breath),cc-by-nc,a70b6bb8b481d35b2e1a0270ef1d03050bba648e4851d969ca2f0c25bcabc91f,b6d4753e2a8543aa,500,375,verified_valid,unique,Botanist-verified research-grade observation of Gypsophila perfoliata (500x375),2026-10-10 09:50:57 UTC
gypsophila,gypsophila_inaturalist_92676832_7b0a61bdb4.jpg,raw_acquisitions/gypsophila/inaturalist_research/gypsophila_inaturalist_92676832_7b0a61bdb4.jpg,inaturalist_research,https://inaturalist-open-data.s3.amazonaws.com/photos/153487943/medium.jpeg,92676832,153487943,Gypsophila paniculata (baby's-breath),cc-by-nc,7b0a61bdb4a54d980e0f0130361ce394f480880ee917230d473fe744b0cb4266,87d07c9e51701b3e,375,500,verified_valid,unique,Botanist-verified research-grade observation of Gypsophila paniculata (375x500),2026-10-10 09:50:57 UTC
gypsophila,gypsophila_inaturalist_204047701_cfde8679e1.jpg,raw_acquisitions/gypsophila/inaturalist_research/gypsophila_inaturalist_204047701_cfde8679e1.jpg,inaturalist_research,https://inaturalist-open-data.s3.amazonaws.com/photos/360604611/medium.jpeg,204047701,360604611,Gypsophila vaccaria (Cowherb),cc-by-nc,cfde8679e145d9d5461a2d66be20aed04d88b103b8a8b763b5bc18c522311ad2,9b97ec8b88e11c66,360,500,verified_valid,unique,Botanist-verified research-grade observation of Gypsophila vaccaria (360x500),2026-10-10 09:50:57 UTC
gypsophila,gypsophila_inaturalist_390794393_2016fb8591.jpg,raw_acquisitions/gypsophila/inaturalist_research/gypsophila_inaturalist_390794393_2016fb8591.jpg,inaturalist_research,https://inaturalist-open-data.s3.amazonaws.com/photos/715997147/medium.jpg,390794393,715997147,Gypsophila nana (),cc-by-nc,2016fb85919e1ac62fda4e9417b6896c85e8dfadb10aa705f2a9fe24888ac100,f42620b594727acf,500,398,verified_valid,unique,Botanist-verified research-grade observation of Gypsophila nana (500x398),2026-10-10 09:50:57 UTC
gypsophila,gypsophila_inaturalist_202091753_246671930f.jpg,raw_acquisitions/gypsophila/inaturalist_research/gypsophila_inaturalist_202091753_246671930f.jpg,inaturalist_research,https://inaturalist-open-data.s3.amazonaws.com/photos/356854371/medium.jpeg,202091753,356854371,Gypsophila vaccaria (Cowherb),cc-by-nc,246671930faff5a39babf3d2618c3973efb4d1a39d7a6111f79bd304d5781567,d236a9d2aa6cd02f,375,500,verified_valid,unique,Botanist-verified research-grade observation of Gypsophila vaccaria (375x500),2026-10-10 09:50:57 UTC
gypsophila,gypsophila_inaturalist_81144989_54a0108672.jpg,raw_acquisitions/gypsophila/inaturalist_research/gypsophila_inaturalist_81144989_54a0108672.jpg,inaturalist_research,https://inaturalist-open-data.s3.amazonaws.com/photos/133068870/medium.jpeg,81144989,133068870,Gypsophila perfoliata (Perfoliate Baby's-breath),cc-by-nc,54a01086723fecbff784bc40eae0e51ddf97432bfd4cbba031cf1303e9b0f549,e609e6d3c836b94c,375,500,verified_valid,unique,Botanist-verified research-grade observation of Gypsophila perfoliata (375x500),2026-10-10 09:50:57 UTC
gypsophila,gypsophila_inaturalist_151551274_e14ea0d900.jpg,raw_acquisitions/gypsophila/inaturalist_research/gypsophila_inaturalist_151551274_e14ea0d900.jpg,inaturalist_research,https://inaturalist-open-data.s3.amazonaws.com/photos/261504653/medium.jpg,151551274,261504653,Gypsophila vaccaria (Cowherb),cc-by-nc,e14ea0d900bb1a30f8eaf63877024d2f57a6998d4251bafe5951303081d8c342,d6d817928025dbde,500,375,verified_valid,unique,Botanist-verified research-grade observation of Gypsophila vaccaria (500x375),2026-10-10 09:50:57 UTC
gypsophila,gypsophila_inaturalist_224842682_b99b0ed22e.jpg,raw_acquisitions/gypsophila/inaturalist_research/gypsophila_inaturalist_224842682_b99b0ed22e.jpg,inaturalist_research,https://inaturalist-open-data.s3.amazonaws.com/photos/398559263/medium.jpeg,224842682,398559263,Gypsophila vaccaria (Cowherb),cc-by-nc,b99b0ed22eb0ad0f31aeb2fc3436a1fd22a1e255e3b436bf0d76ba5ee6077933,87c95f3c23930f1c,375,500,verified_valid,unique,Botanist-verified research-grade observation of Gypsophila vaccaria (375x500),2026-10-10 09:50:57 UTC
gypsophila,gypsophila_inaturalist_151113994_6234537baa.jpg,raw_acquisitions/gypsophila/inaturalist_research/gypsophila_inaturalist_151113994_6234537baa.jpg,inaturalist_research,https://inaturalist-open-data.s3.amazonaws.com/photos/260685941/medium.jpeg,151113994,260685941,Gypsophila australis (),cc-by-sa,6234537baaa8f07e05da4190fa5ea44be68b9630e5fe5382dd25801004258781,cc1d62b2664899fd,500,333,verified_valid,unique,Botanist-verified research-grade observation of Gypsophila australis (500x333),2026-10-10 09:50:57 UTC
gypsophila,gypsophila_inaturalist_109043371_5c53371684.jpg,raw_acquisitions/gypsophila/inaturalist_research/gypsophila_inaturalist_109043371_5c53371684.jpg,inaturalist_research,https://inaturalist-open-data.s3.amazonaws.com/photos/183709239/medium.jpeg,109043371,183709239,Gypsophila fastigiata (Fastigiate Gypsophila),cc-by,5c5337168462ec07c3b041fd1de2935dc030b48e41e4ff4c90c4ecc242943f9b,c6e363463b6d41c6,500,375,verified_valid,unique,Botanist-verified research-grade observation of Gypsophila fastigiata (500x375),2026-10-10 09:50:57 UTC
gypsophila,gypsophila_inaturalist_335967846_4befae9ff4.jpg,raw_acquisitions/gypsophila/inaturalist_research/gypsophila_inaturalist_335967846_4befae9ff4.jpg,inaturalist_research,https://static.inaturalist.org/photos/610436762/medium.jpg,335967846,610436762,Gypsophila elegans (showy baby's-breath),cc-by-nc,4befae9ff4934c4a3f2b982ada686efe86b1e5b5a2837c75d42c1138063837e7,881f694da7e366a1,367,500,verified_valid,unique,Botanist-verified research-grade observation of Gypsophila elegans (367x500),2026-10-10 09:50:57 UTC
gypsophila,gypsophila_inaturalist_233350441_3c74579ccd.jpg,raw_acquisitions/gypsophila/inaturalist_research/gypsophila_inaturalist_233350441_3c74579ccd.jpg,inaturalist_research,https://inaturalist-open-data.s3.amazonaws.com/photos/414689804/medium.jpeg,233350441,414689804,Gypsophila ruscifolia (),cc-by-nc,3c74579ccd30670a1669d67769059ae7a309c6f422523d073c782e5b0085b53a,e41c2ef5f1613a86,375,500,verified_valid,unique,Botanist-verified research-grade observation of Gypsophila ruscifolia (375x500),2026-10-10 09:50:57 UTC
gypsophila,gypsophila_inaturalist_153064560_fd755f25e7.jpg,raw_acquisitions/gypsophila/inaturalist_research/gypsophila_inaturalist_153064560_fd755f25e7.jpg,inaturalist_research,https://inaturalist-open-data.s3.amazonaws.com/photos/264291197/medium.jpeg,153064560,264291197,Gypsophila paniculata (baby's-breath),cc-by-nc,fd755f25e77d363ff6996aaa9e3f42a0faef70ce0fe31342104d3ef1e374ae6a,d0dbfe380b73d480,500,333,verified_valid,unique,Botanist-verified research-grade observation of Gypsophila paniculata (500x333),2026-10-10 09:50:57 UTC
gypsophila,gypsophila_inaturalist_87837630_678023e98f.jpg,raw_acquisitions/gypsophila/inaturalist_research/gypsophila_inaturalist_87837630_678023e98f.jpg,inaturalist_research,https://inaturalist-open-data.s3.amazonaws.com/photos/144864768/medium.jpeg,87837630,144864768,Gypsophila patrinii (),cc-by-nc,678023e98f23193acb056de1c742516d062ea4dc5d35f0d7e5001abef2f38a75,f6574e534c427f01,375,500,verified_valid,unique,Botanist-verified research-grade observation of Gypsophila patrinii (375x500),2026-10-10 09:50:57 UTC
gypsophila,gypsophila_inaturalist_21998025_3fade0ce89.jpg,raw_acquisitions/gypsophila/inaturalist_research/gypsophila_inaturalist_21998025_3fade0ce89.jpg,inaturalist_research,https://inaturalist-open-data.s3.amazonaws.com/photos/34097747/medium.jpeg,21998025,34097747,Gypsophila imbricata (),cc-by-nc,3fade0ce8998281c7b1ff96622147b19fe47533bbb3db8a5b44ea6b7cb446aff,905f08ab5546ebe9,500,333,verified_valid,unique,Botanist-verified research-grade observation of Gypsophila imbricata (500x333),2026-10-10 09:50:57 UTC
gypsophila,gypsophila_inaturalist_246752086_6df7be1875.jpg,raw_acquisitions/gypsophila/inaturalist_research/gypsophila_inaturalist_246752086_6df7be1875.jpg,inaturalist_research,https://inaturalist-open-data.s3.amazonaws.com/photos/440569890/medium.jpg,246752086,440569890,Gypsophila fastigiata (Fastigiate Gypsophila),cc-by-nc,6df7be1875bbff1d249f5788eef16b5f7165b4fe41af720615d34ab035fef177,8db9744f65289b89,400,500,verified_valid,unique,Botanist-verified research-grade observation of Gypsophila fastigiata (400x500),2026-10-10 09:50:57 UTC
gypsophila,gypsophila_inaturalist_190101896_f55b88c9dc.jpg,raw_acquisitions/gypsophila/inaturalist_research/gypsophila_inaturalist_190101896_f55b88c9dc.jpg,inaturalist_research,https://inaturalist-open-data.s3.amazonaws.com/photos/333178493/medium.jpeg,190101896,333178493,Gypsophila fastigiata (Fastigiate Gypsophila),cc-by-nc,f55b88c9dc1dd0301dc226a0d63d86811de656e15fad70371ecfc225b2d3cc3f,fdb11de2acb3c480,500,375,verified_valid,unique,Botanist-verified research-grade observation of Gypsophila fastigiata (500x375),2026-10-10 09:50:57 UTC
gypsophila,gypsophila_inaturalist_218439158_44b82324d9.jpg,raw_acquisitions/gypsophila/inaturalist_research/gypsophila_inaturalist_218439158_44b82324d9.jpg,inaturalist_research,https://inaturalist-open-data.s3.amazonaws.com/photos/386534114/medium.jpg,218439158,386534114,Gypsophila vaccaria (Cowherb),cc-by-nc,44b82324d9e6f1ea3b279333b684a3c5e924636a15e0e6799282099dd2af96f7,c56a760f29351ed1,375,500,verified_valid,unique,Botanist-verified research-grade observation of Gypsophila vaccaria (375x500),2026-10-10 09:50:57 UTC
gypsophila,gypsophila_inaturalist_123433191_ac5db17678.jpg,raw_acquisitions/gypsophila/inaturalist_research/gypsophila_inaturalist_123433191_ac5db17678.jpg,inaturalist_research,https://inaturalist-open-data.s3.amazonaws.com/photos/209099841/medium.jpg,123433191,209099841,Gypsophila altissima (),cc-by-nc,ac5db1767889e20f88bafae6e8103013f3284b3ab9764b69092a5b7f15da8e24,d86fd02af8c32cca,375,500,verified_valid,unique,Botanist-verified research-grade observation of Gypsophila altissima (375x500),2026-10-10 09:50:57 UTC
gypsophila,gypsophila_inaturalist_243210105_fcf98a433d.jpg,raw_acquisitions/gypsophila/inaturalist_research/gypsophila_inaturalist_243210105_fcf98a433d.jpg,inaturalist_research,https://static.inaturalist.org/photos/433650985/medium.jpeg,243210105,433650985,Gypsophila elegans (showy baby's-breath),cc-by-nc,fcf98a433d7d1117bb277249ca87abd6a731f29d360274d5b0a58af7fcbbb3f0,e4be7ba782225b18,500,375,verified_valid,unique,Botanist-verified research-grade observation of Gypsophila elegans (500x375),2026-10-10 09:50:57 UTC
gypsophila,gypsophila_inaturalist_96206956_c6be725b03.jpg,raw_acquisitions/gypsophila/inaturalist_research/gypsophila_inaturalist_96206956_c6be725b03.jpg,inaturalist_research,https://inaturalist-open-data.s3.amazonaws.com/photos/159800140/medium.jpeg,96206956,159800140,Gypsophila tenuifolia (),cc-by-nc,c6be725b03fe2655447f6b77f8f0115fb3b92d51bf84fd7b4d2beac5cbaad266,e17b4d709798274a,500,342,verified_valid,unique,Botanist-verified research-grade observation of Gypsophila tenuifolia (500x342),2026-10-10 09:50:57 UTC
gypsophila,gypsophila_inaturalist_184174000_2701f94012.jpg,raw_acquisitions/gypsophila/inaturalist_research/gypsophila_inaturalist_184174000_2701f94012.jpg,inaturalist_research,https://inaturalist-open-data.s3.amazonaws.com/photos/321440660/medium.jpg,184174000,321440660,Gypsophila perfoliata (Perfoliate Baby's-breath),cc-by-nc,2701f940124feccdf489dba73ef9f3a89406dd92c5f092f52b2e1749547e609d,9794b26c2a4bc9d5,500,375,verified_valid,unique,Botanist-verified research-grade observation of Gypsophila perfoliata (500x375),2026-10-10 09:50:57 UTC
gypsophila,gypsophila_inaturalist_94362007_b358d4dda7.jpg,raw_acquisitions/gypsophila/inaturalist_research/gypsophila_inaturalist_94362007_b358d4dda7.jpg,inaturalist_research,https://inaturalist-open-data.s3.amazonaws.com/photos/156519795/medium.jpg,94362007,156519795,Gypsophila papillosa (),cc-by-nc,b358d4dda7e62494b377e7cbf6097d393538ebc7966bd45f03c96c57384d868b,82912b7385768bf5,375,500,verified_valid,unique,Botanist-verified research-grade observation of Gypsophila papillosa (375x500),2026-10-10 09:50:57 UTC
gypsophila,gypsophila_inaturalist_177081994_0a15b49f1e.jpg,raw_acquisitions/gypsophila/inaturalist_research/gypsophila_inaturalist_177081994_0a15b49f1e.jpg,inaturalist_research,https://static.inaturalist.org/photos/307928451/medium.jpeg,177081994,307928451,Gypsophila scorzonerifolia (Glandular Baby's-breath),cc-by-nc,0a15b49f1e609f660e5837b5c7af5c3f4d37c550f41c8904ab988a3f07458394,d9793e44511365e6,500,333,verified_valid,unique,Botanist-verified research-grade observation of Gypsophila scorzonerifolia (500x333),2026-10-10 09:50:57 UTC
gypsophila,gypsophila_inaturalist_136906362_fe743ae5f7.jpg,raw_acquisitions/gypsophila/inaturalist_research/gypsophila_inaturalist_136906362_fe743ae5f7.jpg,inaturalist_research,https://static.inaturalist.org/photos/233728910/medium.jpg,136906362,233728910,Gypsophila davurica (),cc-by-nc,fe743ae5f781c3ae4d84c3b1c82d62302cac9fae5f4704eb7cb9da0c20c5b367,932d3cc3d33c2cc3,375,500,verified_valid,unique,Botanist-verified research-grade observation of Gypsophila davurica (375x500),2026-10-10 09:50:57 UTC
gypsophila,gypsophila_inaturalist_189736965_85d87de882.jpg,raw_acquisitions/gypsophila/inaturalist_research/gypsophila_inaturalist_189736965_85d87de882.jpg,inaturalist_research,https://inaturalist-open-data.s3.amazonaws.com/photos/332459378/medium.jpg,189736965,332459378,Gypsophila uralensis (),cc-by-nc,85d87de882048cac9f6d70f6620e18c77dd6edcf551a79daeb2bea3dccfc02fa,d6cf2592989c4c6e,500,375,verified_valid,unique,Botanist-verified research-grade observation of Gypsophila uralensis (500x375),2026-10-10 09:50:57 UTC
gypsophila,gypsophila_inaturalist_226540474_f007b60411.jpg,raw_acquisitions/gypsophila/inaturalist_research/gypsophila_inaturalist_226540474_f007b60411.jpg,inaturalist_research,https://static.inaturalist.org/photos/401782665/medium.jpeg,226540474,401782665,Gypsophila vaccaria (Cowherb),cc-by-nc,f007b60411d6d0bfa3319ce80d5df69b75338c4da8902b41cf10422dad4467fb,968e68696187bd96,375,500,verified_valid,unique,Botanist-verified research-grade observation of Gypsophila vaccaria (375x500),2026-10-10 09:50:57 UTC
gypsophila,gypsophila_inaturalist_102837916_422acf7eed.jpg,raw_acquisitions/gypsophila/inaturalist_research/gypsophila_inaturalist_102837916_422acf7eed.jpg,inaturalist_research,https://inaturalist-open-data.s3.amazonaws.com/photos/171989951/medium.jpeg,102837916,171989951,Gypsophila aretioides (),cc-by,422acf7eed9077c7d7fab544405ac4a07bc42efcb3023702fa7d5bffd5296080,95944c3cb9163a7e,500,383,verified_valid,unique,Botanist-verified research-grade observation of Gypsophila aretioides (500x383),2026-10-10 09:50:57 UTC
gypsophila,gypsophila_inaturalist_98508054_7364d671b3.jpg,raw_acquisitions/gypsophila/inaturalist_research/gypsophila_inaturalist_98508054_7364d671b3.jpg,inaturalist_research,https://inaturalist-open-data.s3.amazonaws.com/photos/164022530/medium.jpeg,98508054,164022530,Gypsophila altissima (),cc-by-nc,7364d671b3567154dcb82d26c555bf9bfc23442c7f8932e3188f00203f6417b8,d7e469433e1d6131,453,500,verified_valid,unique,Botanist-verified research-grade observation of Gypsophila altissima (453x500),2026-10-10 09:50:57 UTC
gypsophila,gypsophila_inaturalist_126341639_1104745fd1.jpg,raw_acquisitions/gypsophila/inaturalist_research/gypsophila_inaturalist_126341639_1104745fd1.jpg,inaturalist_research,https://inaturalist-open-data.s3.amazonaws.com/photos/214356428/medium.jpeg,126341639,214356428,Gypsophila altissima (),cc-by-nc,1104745fd11d8e03684547cda90627e0f0db9ddc9105662e77c9278dfd81644d,80f5ce4d32f39847,500,375,verified_valid,unique,Botanist-verified research-grade observation of Gypsophila altissima (500x375),2026-10-10 09:50:57 UTC
gypsophila,gypsophila_inaturalist_86155609_1a8e54ac4a.jpg,raw_acquisitions/gypsophila/inaturalist_research/gypsophila_inaturalist_86155609_1a8e54ac4a.jpg,inaturalist_research,https://inaturalist-open-data.s3.amazonaws.com/photos/141883928/medium.jpeg,86155609,141883928,Gypsophila repens (Creeping Baby's-breath),cc-by-nc,1a8e54ac4a34a73d3dd3e387aaa05838d0e5b37b798f80ec74ead48b8f640325,9e89219e6b339365,500,333,verified_valid,unique,Botanist-verified research-grade observation of Gypsophila repens (500x333),2026-10-10 09:50:57 UTC
gypsophila,gypsophila_inaturalist_258361539_cb429d2dcb.jpg,raw_acquisitions/gypsophila/inaturalist_research/gypsophila_inaturalist_258361539_cb429d2dcb.jpg,inaturalist_research,https://inaturalist-open-data.s3.amazonaws.com/photos/463523309/medium.jpeg,258361539,463523309,Gypsophila oldhamiana (Oldham's baby's-breath),cc-by-nc,cb429d2dcb66e670c720c2c60e263be677aced58982663ef91bef7ead7c11f2b,c1f16dc3620eb6f0,500,375,verified_valid,unique,Botanist-verified research-grade observation of Gypsophila oldhamiana (500x375),2026-10-10 09:50:57 UTC
gypsophila,gypsophila_inaturalist_246753576_632874ddbe.jpg,raw_acquisitions/gypsophila/inaturalist_research/gypsophila_inaturalist_246753576_632874ddbe.jpg,inaturalist_research,https://inaturalist-open-data.s3.amazonaws.com/photos/440572953/medium.jpg,246753576,440572953,Gypsophila fastigiata (Fastigiate Gypsophila),cc-by-nc,632874ddbe69540a9a73fc076f86bbfc79b43a5e91cc7e6ce84bccda90186dd9,d8a1ca9b37b9b340,500,333,verified_valid,unique,Botanist-verified research-grade observation of Gypsophila fastigiata (500x333),2026-10-10 09:50:57 UTC
gypsophila,gypsophila_inaturalist_312743606_76f5854551.jpg,raw_acquisitions/gypsophila/inaturalist_research/gypsophila_inaturalist_312743606_76f5854551.jpg,inaturalist_research,https://inaturalist-open-data.s3.amazonaws.com/photos/564691902/medium.jpg,312743606,564691902,Gypsophila fastigiata (Fastigiate Gypsophila),cc-by-nc,76f585455109ff6248a283cd3a61e2be6c8163aebb389549ff318c36265c6220,9182730f7a6a3de4,500,375,verified_valid,unique,Botanist-verified research-grade observation of Gypsophila fastigiata (500x375),2026-10-10 09:50:57 UTC
gypsophila,gypsophila_inaturalist_79537150_af00fcbe76.jpg,raw_acquisitions/gypsophila/inaturalist_research/gypsophila_inaturalist_79537150_af00fcbe76.jpg,inaturalist_research,https://inaturalist-open-data.s3.amazonaws.com/photos/130282015/medium.jpg,79537150,130282015,Gypsophila altissima (),cc-by,af00fcbe768326f4e174f95f9489892e2d42003574e57cf649915c3f5f268c9a,99e24ca6c3b8b66c,375,500,verified_valid,unique,Botanist-verified research-grade observation of Gypsophila altissima (375x500),2026-10-10 09:50:57 UTC
gypsophila,gypsophila_inaturalist_105993996_69ef81ac06.jpg,raw_acquisitions/gypsophila/inaturalist_research/gypsophila_inaturalist_105993996_69ef81ac06.jpg,inaturalist_research,https://static.inaturalist.org/photos/177968587/medium.jpg,105993996,177968587,Gypsophila paniculata (baby's-breath),cc-by-nc,69ef81ac06ec3bde9f9cdca24e0a325bdd83ef1e61f2bc4c9d0b5dc720519126,8d3d69c0d19374cb,375,500,verified_valid,unique,Botanist-verified research-grade observation of Gypsophila paniculata (375x500),2026-10-10 09:50:57 UTC
gypsophila,gypsophila_inaturalist_390791021_7b348d5587.jpg,raw_acquisitions/gypsophila/inaturalist_research/gypsophila_inaturalist_390791021_7b348d5587.jpg,inaturalist_research,https://inaturalist-open-data.s3.amazonaws.com/photos/715991620/medium.jpg,390791021,715991620,Gypsophila nana (),cc-by-nc,7b348d55874ca555b79948250399395cc0619d5e0a497de5dbbcbd5219a06020,f87887338b950aad,500,342,verified_valid,unique,Botanist-verified research-grade observation of Gypsophila nana (500x342),2026-10-10 09:50:57 UTC
gypsophila,gypsophila_inaturalist_151059795_1142fb7bc0.jpg,raw_acquisitions/gypsophila/inaturalist_research/gypsophila_inaturalist_151059795_1142fb7bc0.jpg,inaturalist_research,https://inaturalist-open-data.s3.amazonaws.com/photos/260583736/medium.jpg,151059795,260583736,Gypsophila vaccaria (Cowherb),cc-by-nc,1142fb7bc09c03e9c5208324d42bbde6ba4bcff3008b9a41ee00004c656d422a,d5abd225def10c09,375,500,verified_valid,unique,Botanist-verified research-grade observation of Gypsophila vaccaria (375x500),2026-10-10 09:50:57 UTC
gypsophila,gypsophila_inaturalist_238964963_c0d0e222f0.jpg,raw_acquisitions/gypsophila/inaturalist_research/gypsophila_inaturalist_238964963_c0d0e222f0.jpg,inaturalist_research,https://static.inaturalist.org/photos/425518723/medium.jpeg,238964963,425518723,Gypsophila patrinii (),cc-by-nc,c0d0e222f09e6ade845440871a1776c157c51b92f7e5cd301ebd3e6b6c661dad,b1cec12e7493689d,375,500,verified_valid,unique,Botanist-verified research-grade observation of Gypsophila patrinii (375x500),2026-10-10 09:50:57 UTC
gypsophila,gypsophila_inaturalist_285750645_b15d7a3452.jpg,raw_acquisitions/gypsophila/inaturalist_research/gypsophila_inaturalist_285750645_b15d7a3452.jpg,inaturalist_research,https://inaturalist-open-data.s3.amazonaws.com/photos/513633607/medium.jpg,285750645,513633607,Gypsophila vaccaria (Cowherb),cc-by,b15d7a3452b394ad31714bd8ace6264ba0b5e94bb86ecdd7bdea4ed772a712ce,c691b6acab8cd9c4,500,375,verified_valid,unique,Botanist-verified research-grade observation of Gypsophila vaccaria (500x375),2026-10-10 09:50:57 UTC
gypsophila,gypsophila_inaturalist_288145806_b61ca9b7c3.jpg,raw_acquisitions/gypsophila/inaturalist_research/gypsophila_inaturalist_288145806_b61ca9b7c3.jpg,inaturalist_research,https://inaturalist-open-data.s3.amazonaws.com/photos/518160678/medium.jpg,288145806,518160678,Gypsophila vaccaria (Cowherb),cc-by-nc,b61ca9b7c39a9a28ac44cef01e5c00cbefc36b2a3ec45180bd893b932a2ce7b1,81b96ea7dbf8040b,500,375,verified_valid,unique,Botanist-verified research-grade observation of Gypsophila vaccaria (500x375),2026-10-10 09:50:57 UTC
gypsophila,gypsophila_inaturalist_86276467_dc1b5062b6.jpg,raw_acquisitions/gypsophila/inaturalist_research/gypsophila_inaturalist_86276467_dc1b5062b6.jpg,inaturalist_research,https://inaturalist-open-data.s3.amazonaws.com/photos/142104134/medium.jpeg,86276467,142104134,Gypsophila glomerata (),cc-by,dc1b5062b60acfbef68bb432ee8f5bad2d50f68e222e0b8e612e7fcc51f3c52e,cb0064cb9ee0177f,283,500,verified_valid,unique,Botanist-verified research-grade observation of Gypsophila glomerata (283x500),2026-10-10 09:50:57 UTC
gypsophila,gypsophila_inaturalist_184173976_88200c8a31.jpg,raw_acquisitions/gypsophila/inaturalist_research/gypsophila_inaturalist_184173976_88200c8a31.jpg,inaturalist_research,https://inaturalist-open-data.s3.amazonaws.com/photos/321440444/medium.jpg,184173976,321440444,Gypsophila perfoliata (Perfoliate Baby's-breath),cc-by-nc,88200c8a31894f7b276fba060922be4a0c282e9607d7c2737694a597a307c18f,b1b3e06e4c38f18d,500,375,verified_valid,unique,Botanist-verified research-grade observation of Gypsophila perfoliata (500x375),2026-10-10 09:50:57 UTC
gypsophila,gypsophila_inaturalist_49441937_0a17b61a82.jpg,raw_acquisitions/gypsophila/inaturalist_research/gypsophila_inaturalist_49441937_0a17b61a82.jpg,inaturalist_research,https://inaturalist-open-data.s3.amazonaws.com/photos/78487534/medium.jpg,49441937,78487534,Gypsophila vaccaria (Cowherb),cc-by-nc,0a17b61a827563dfaf1b6a75719bc2b9386a788ddc9d22ffb337ad7209198e36,f80c84b9265beb63,375,500,verified_valid,unique,Botanist-verified research-grade observation of Gypsophila vaccaria (375x500),2026-10-10 09:50:57 UTC
gypsophila,gypsophila_inaturalist_170089500_b3168b3517.jpg,raw_acquisitions/gypsophila/inaturalist_research/gypsophila_inaturalist_170089500_b3168b3517.jpg,inaturalist_research,https://inaturalist-open-data.s3.amazonaws.com/photos/294958970/medium.jpeg,170089500,294958970,Gypsophila elegans (showy baby's-breath),cc-by-nc,b3168b351783606ef6d58e5d4c36dc31c5e0e960e201471520c4fabd6c4b714e,ccb356986aca712d,461,500,verified_valid,unique,Botanist-verified research-grade observation of Gypsophila elegans (461x500),2026-10-10 09:50:57 UTC
gypsophila,gypsophila_inaturalist_85119656_559a4bb845.jpg,raw_acquisitions/gypsophila/inaturalist_research/gypsophila_inaturalist_85119656_559a4bb845.jpg,inaturalist_research,https://static.inaturalist.org/photos/139997057/medium.jpeg,85119656,139997057,Gypsophila vaccaria (Cowherb),cc-by-nc,559a4bb84515962bd52fe44a46a596dbc974df7096cb181e12a7aa99dc9f0605,8cee7e09e04b7466,281,500,verified_valid,unique,Botanist-verified research-grade observation of Gypsophila vaccaria (281x500),2026-10-10 09:50:57 UTC
gypsophila,gypsophila_inaturalist_51206393_82deba9013.jpg,raw_acquisitions/gypsophila/inaturalist_research/gypsophila_inaturalist_51206393_82deba9013.jpg,inaturalist_research,https://static.inaturalist.org/photos/81343444/medium.jpeg,51206393,81343444,Gypsophila fastigiata (Fastigiate Gypsophila),cc-by-nc,82deba9013ae48d0715f96ebee6770ab453ddb3fd73d734525226c027232fdf5,81f40d3b2cd7dd06,375,500,verified_valid,unique,Botanist-verified research-grade observation of Gypsophila fastigiata (375x500),2026-10-10 09:50:57 UTC
gypsophila,gypsophila_inaturalist_237571453_eb395bbae8.jpg,raw_acquisitions/gypsophila/inaturalist_research/gypsophila_inaturalist_237571453_eb395bbae8.jpg,inaturalist_research,https://inaturalist-open-data.s3.amazonaws.com/photos/422827632/medium.jpeg,237571453,422827632,Gypsophila elegans (showy baby's-breath),cc-by-nc,eb395bbae8ac011a8ae2f3bed89298b621f34b2eeffda923c413034fff8f3ea2,b37e43cf94c13443,375,500,verified_valid,unique,Botanist-verified research-grade observation of Gypsophila elegans (375x500),2026-10-10 09:50:57 UTC
gypsophila,gypsophila_inaturalist_259429731_dcfe41a2db.jpg,raw_acquisitions/gypsophila/inaturalist_research/gypsophila_inaturalist_259429731_dcfe41a2db.jpg,inaturalist_research,https://static.inaturalist.org/photos/465703048/medium.jpeg,259429731,465703048,Gypsophila tenuifolia (),cc-by-nc,dcfe41a2db62dae9ea1652bbe2a324b564c5d01d47ab637a33d900101901b548,adcbb790964d9494,281,500,verified_valid,unique,Botanist-verified research-grade observation of Gypsophila tenuifolia (281x500),2026-10-10 09:50:57 UTC
gypsophila,gypsophila_inaturalist_121775265_78e6c4aaa9.jpg,raw_acquisitions/gypsophila/inaturalist_research/gypsophila_inaturalist_121775265_78e6c4aaa9.jpg,inaturalist_research,https://static.inaturalist.org/photos/206106415/medium.jpeg,121775265,206106415,Gypsophila paniculata (baby's-breath),cc-by-nc,78e6c4aaa923147108ca7a92b87160789ab6d086d4c2d9895c222e7697d5d07b,c9b53252c9e9993a,376,500,verified_valid,unique,Botanist-verified research-grade observation of Gypsophila paniculata (376x500),2026-10-10 09:50:57 UTC
gypsophila,gypsophila_inaturalist_258586583_cbc4e6805a.jpg,raw_acquisitions/gypsophila/inaturalist_research/gypsophila_inaturalist_258586583_cbc4e6805a.jpg,inaturalist_research,https://inaturalist-open-data.s3.amazonaws.com/photos/463982431/medium.jpeg,258586583,463982431,Gypsophila bellidifolia (),cc-by-nc,cbc4e6805a4db2f091d73c4cd53da7b4d348773851c0c8a5a72cbcb75c42304f,e79896b50ac7a81d,500,375,verified_valid,unique,Botanist-verified research-grade observation of Gypsophila bellidifolia (500x375),2026-10-10 09:50:57 UTC
gypsophila,gypsophila_inaturalist_184173981_26180d600c.jpg,raw_acquisitions/gypsophila/inaturalist_research/gypsophila_inaturalist_184173981_26180d600c.jpg,inaturalist_research,https://inaturalist-open-data.s3.amazonaws.com/photos/321440497/medium.jpg,184173981,321440497,Gypsophila perfoliata (Perfoliate Baby's-breath),cc-by-nc,26180d600c536bec3f274b8439836bcda01a6f9d979a7cba1fa091eb426de730,f9339a0907be15a5,500,375,verified_valid,unique,Botanist-verified research-grade observation of Gypsophila perfoliata (500x375),2026-10-10 09:50:57 UTC
gypsophila,gypsophila_inaturalist_243958420_e6c6f1c87e.jpg,raw_acquisitions/gypsophila/inaturalist_research/gypsophila_inaturalist_243958420_e6c6f1c87e.jpg,inaturalist_research,https://inaturalist-open-data.s3.amazonaws.com/photos/435094876/medium.jpeg,243958420,435094876,Gypsophila elegans (showy baby's-breath),cc-by-nc,e6c6f1c87e63bcfbec99f185a19a60e729fb063d8b260129f19db48d05d65a2f,887be5837f121e1c,375,500,verified_valid,unique,Botanist-verified research-grade observation of Gypsophila elegans (375x500),2026-10-10 09:50:57 UTC
gypsophila,gypsophila_inaturalist_246824690_4144335f94.jpg,raw_acquisitions/gypsophila/inaturalist_research/gypsophila_inaturalist_246824690_4144335f94.jpg,inaturalist_research,https://inaturalist-open-data.s3.amazonaws.com/photos/440710268/medium.jpg,246824690,440710268,Gypsophila fastigiata (Fastigiate Gypsophila),cc-by-nc,4144335f94fc8a85fa4bf64207459766118675d0a7e0819e1ee5c1702b2ead5f,c39dd08590f9e5e2,500,375,verified_valid,unique,Botanist-verified research-grade observation of Gypsophila fastigiata (500x375),2026-10-10 09:50:57 UTC
gypsophila,gypsophila_inaturalist_191453924_6ba75f2875.jpg,raw_acquisitions/gypsophila/inaturalist_research/gypsophila_inaturalist_191453924_6ba75f2875.jpg,inaturalist_research,https://inaturalist-open-data.s3.amazonaws.com/photos/335872043/medium.jpeg,191453924,335872043,Gypsophila aretioides (),cc0,6ba75f2875487ccb00609527e0646607e491206a5c9321759e03889f09b8b0f0,fdc70318ae62b0ce,374,500,verified_valid,unique,Botanist-verified research-grade observation of Gypsophila aretioides (374x500),2026-10-10 09:50:57 UTC
gypsophila,gypsophila_inaturalist_240778749_4b12568fbe.jpg,raw_acquisitions/gypsophila/inaturalist_research/gypsophila_inaturalist_240778749_4b12568fbe.jpg,inaturalist_research,https://inaturalist-open-data.s3.amazonaws.com/photos/429024721/medium.jpeg,240778749,429024721,Gypsophila repens (Creeping Baby's-breath),cc-by-nc,4b12568fbe0c563cd5e63e16e02301a935b34b7c92946b25c0793329c7c3a94c,b6c5a34979a8b554,375,500,verified_valid,unique,Botanist-verified research-grade observation of Gypsophila repens (375x500),2026-10-10 09:50:57 UTC
gypsophila,gypsophila_inaturalist_188642157_85ad7ac7e2.jpg,raw_acquisitions/gypsophila/inaturalist_research/gypsophila_inaturalist_188642157_85ad7ac7e2.jpg,inaturalist_research,https://inaturalist-open-data.s3.amazonaws.com/photos/330231677/medium.jpg,188642157,330231677,Gypsophila fastigiata (Fastigiate Gypsophila),cc-by-nc,85ad7ac7e29df13db555608bec9f989e3e9aea8cb8c92b680f38e7fe66c2a9b2,85983a63a37eda8a,400,500,verified_valid,unique,Botanist-verified research-grade observation of Gypsophila fastigiata (400x500),2026-10-10 09:50:57 UTC
gypsophila,gypsophila_inaturalist_227765737_03b50de048.jpg,raw_acquisitions/gypsophila/inaturalist_research/gypsophila_inaturalist_227765737_03b50de048.jpg,inaturalist_research,https://inaturalist-open-data.s3.amazonaws.com/photos/404096574/medium.jpeg,227765737,404096574,Gypsophila patrinii (),cc-by-nc,03b50de048c8c1ed4fb7adeab8edf0940399096102f9b1856eaa0046595b1b62,b7c05833f3c2869e,375,500,verified_valid,unique,Botanist-verified research-grade observation of Gypsophila patrinii (375x500),2026-10-10 09:50:57 UTC
gypsophila,gypsophila_inaturalist_253989935_9f4d0b4de8.jpg,raw_acquisitions/gypsophila/inaturalist_research/gypsophila_inaturalist_253989935_9f4d0b4de8.jpg,inaturalist_research,https://inaturalist-open-data.s3.amazonaws.com/photos/454856363/medium.jpeg,253989935,454856363,Gypsophila repens (Creeping Baby's-breath),cc-by,9f4d0b4de8c103f5dbd7244b86e88a8631401a179106b1ba16b9d8140986015c,ac0167729b0f7267,500,375,verified_valid,unique,Botanist-verified research-grade observation of Gypsophila repens (500x375),2026-10-10 09:50:57 UTC
gypsophila,gypsophila_inaturalist_283469809_d69dd30263.jpg,raw_acquisitions/gypsophila/inaturalist_research/gypsophila_inaturalist_283469809_d69dd30263.jpg,inaturalist_research,https://inaturalist-open-data.s3.amazonaws.com/photos/509356612/medium.jpg,283469809,509356612,Gypsophila ruscifolia (),cc-by-nc,d69dd302638753033d75e7c22216ff47079d6ad81a9cea2c6b8680246b61b3dd,d878e4278b9a2765,375,500,verified_valid,unique,Botanist-verified research-grade observation of Gypsophila ruscifolia (375x500),2026-10-10 09:50:57 UTC
gypsophila,gypsophila_inaturalist_264955824_905f06fc37.jpg,raw_acquisitions/gypsophila/inaturalist_research/gypsophila_inaturalist_264955824_905f06fc37.jpg,inaturalist_research,https://static.inaturalist.org/photos/475833187/medium.jpeg,264955824,475833187,Gypsophila bellidifolia (),cc-by-nc,905f06fc370ca14058b2d0a61fa82a5c19e38ec8197e7dc087bf869ba94d76b1,ac47087697ed622d,375,500,verified_valid,unique,Botanist-verified research-grade observation of Gypsophila bellidifolia (375x500),2026-10-10 09:50:57 UTC
gypsophila,gypsophila_inaturalist_267907503_8ffd73c4cb.jpg,raw_acquisitions/gypsophila/inaturalist_research/gypsophila_inaturalist_267907503_8ffd73c4cb.jpg,inaturalist_research,https://static.inaturalist.org/photos/481506909/medium.jpg,267907503,481506909,Gypsophila pilosa (),cc-by-nc,8ffd73c4cbab76843a2e08db40359f291ef8a2fd96455a123359904d52d86828,d9819bf951333626,375,500,verified_valid,unique,Botanist-verified research-grade observation of Gypsophila pilosa (375x500),2026-10-10 09:50:57 UTC
gypsophila,gypsophila_inaturalist_265116036_4756a66fa9.jpg,raw_acquisitions/gypsophila/inaturalist_research/gypsophila_inaturalist_265116036_4756a66fa9.jpg,inaturalist_research,https://static.inaturalist.org/photos/476150547/medium.jpeg,265116036,476150547,Gypsophila aretioides (),cc-by-nc,4756a66fa9de3c3cdb18ceb7b395911eaa38c8eea4b947d33be1f3ff3660b527,81cee033fce08f6c,500,500,verified_valid,unique,Botanist-verified research-grade observation of Gypsophila aretioides (500x500),2026-10-10 09:50:57 UTC
gypsophila,gypsophila_inaturalist_332204497_391bc1b19f.jpg,raw_acquisitions/gypsophila/inaturalist_research/gypsophila_inaturalist_332204497_391bc1b19f.jpg,inaturalist_research,https://static.inaturalist.org/photos/602820702/medium.jpg,332204497,602820702,Gypsophila fastigiata (Fastigiate Gypsophila),cc-by-nc,391bc1b19fbe9947024bedffa2336cf38f18844c9351a0a68b8b8c218921137b,b4ec621d5c2bb392,375,500,verified_valid,unique,Botanist-verified research-grade observation of Gypsophila fastigiata (375x500),2026-10-10 09:50:57 UTC
gypsophila,gypsophila_inaturalist_293362823_dee396edcd.jpg,raw_acquisitions/gypsophila/inaturalist_research/gypsophila_inaturalist_293362823_dee396edcd.jpg,inaturalist_research,https://inaturalist-open-data.s3.amazonaws.com/photos/528006954/medium.jpg,293362823,528006954,Gypsophila struthium struthium (),cc-by-nc,dee396edcd63b0a99f921270949fa707e8696de434e11abfb6a88158b147deb7,ecbb3ac08f68cca2,500,500,verified_valid,unique,Botanist-verified research-grade observation of Gypsophila struthium struthium (500x500),2026-10-10 09:50:57 UTC
gypsophila,gypsophila_inaturalist_242555401_f5308f9790.jpg,raw_acquisitions/gypsophila/inaturalist_research/gypsophila_inaturalist_242555401_f5308f9790.jpg,inaturalist_research,https://inaturalist-open-data.s3.amazonaws.com/photos/432414413/medium.jpeg,242555401,432414413,Gypsophila altissima (),cc-by,f5308f9790e4683be69c9e4995657263732b0bd9269ed5d8e80aeab508149b32,dd2a8543751e66a5,375,500,verified_valid,unique,Botanist-verified research-grade observation of Gypsophila altissima (375x500),2026-10-10 09:50:57 UTC
gypsophila,gypsophila_inaturalist_61931787_35e504bb1a.jpg,raw_acquisitions/gypsophila/inaturalist_research/gypsophila_inaturalist_61931787_35e504bb1a.jpg,inaturalist_research,https://inaturalist-open-data.s3.amazonaws.com/photos/99164301/medium.jpeg,61931787,99164301,Gypsophila collina (),cc-by-nc,35e504bb1a91d6309b3aa8dc484036d035ebd3984baf35d3821ec6a9ca77d584,81ce75e996a9aa86,375,500,verified_valid,unique,Botanist-verified research-grade observation of Gypsophila collina (375x500),2026-10-10 09:50:57 UTC
gypsophila,gypsophila_inaturalist_214137961_d826891465.jpg,raw_acquisitions/gypsophila/inaturalist_research/gypsophila_inaturalist_214137961_d826891465.jpg,inaturalist_research,https://inaturalist-open-data.s3.amazonaws.com/photos/378475211/medium.jpeg,214137961,378475211,Gypsophila aretioides (),cc-by-nc,d826891465fb88935971b057c447c6a4784fa1bf1eca245baa12e83c8025b134,aac294ce9dade1a2,375,500,verified_valid,unique,Botanist-verified research-grade observation of Gypsophila aretioides (375x500),2026-10-10 09:50:57 UTC
gypsophila,gypsophila_inaturalist_195870431_7f584dd433.jpg,raw_acquisitions/gypsophila/inaturalist_research/gypsophila_inaturalist_195870431_7f584dd433.jpg,inaturalist_research,https://static.inaturalist.org/photos/344699364/medium.jpeg,195870431,344699364,Gypsophila paniculata (baby's-breath),cc-by-nc,7f584dd433e8ba01fe59af527cfb81bb375d9ef93d34411a96463a8c6bc30e2b,95e933ce12a40fe6,375,500,verified_valid,unique,Botanist-verified research-grade observation of Gypsophila paniculata (375x500),2026-10-10 09:50:57 UTC
gypsophila,gypsophila_inaturalist_215503079_2a41d23578.jpg,raw_acquisitions/gypsophila/inaturalist_research/gypsophila_inaturalist_215503079_2a41d23578.jpg,inaturalist_research,https://inaturalist-open-data.s3.amazonaws.com/photos/381005577/medium.jpg,215503079,381005577,Gypsophila aretioides (),cc-by,2a41d23578ea755d408ce5136406c6c691b0db7d5968566e570ec8a0d6b446f2,97941e1f3a587c70,500,333,verified_valid,unique,Botanist-verified research-grade observation of Gypsophila aretioides (500x333),2026-10-10 09:50:57 UTC
gypsophila,gypsophila_inaturalist_65014107_7c9904fd64.jpg,raw_acquisitions/gypsophila/inaturalist_research/gypsophila_inaturalist_65014107_7c9904fd64.jpg,inaturalist_research,https://inaturalist-open-data.s3.amazonaws.com/photos/104607551/medium.jpeg,65014107,104607551,Gypsophila sambukii (),cc-by-nc,7c9904fd64d3848ad17872d660d0c32ddff876c90ff94253f1324908369bb0f2,b1c8c6133ae3a1dd,500,375,verified_valid,unique,Botanist-verified research-grade observation of Gypsophila sambukii (500x375),2026-10-10 09:50:57 UTC
gypsophila,gypsophila_inaturalist_101208612_5cff1339f5.jpg,raw_acquisitions/gypsophila/inaturalist_research/gypsophila_inaturalist_101208612_5cff1339f5.jpg,inaturalist_research,https://inaturalist-open-data.s3.amazonaws.com/photos/168988425/medium.jpg,101208612,168988425,Gypsophila perfoliata (Perfoliate Baby's-breath),cc-by-nc,5cff1339f5158bf97f7fb7cef7aa5b9f2a7fcff069f57062e6f1da8037011ac4,f23b89e53617a524,375,500,verified_valid,unique,Botanist-verified research-grade observation of Gypsophila perfoliata (375x500),2026-10-10 09:50:57 UTC
gypsophila,gypsophila_inaturalist_51071027_19082fac9b.jpg,raw_acquisitions/gypsophila/inaturalist_research/gypsophila_inaturalist_51071027_19082fac9b.jpg,inaturalist_research,https://inaturalist-open-data.s3.amazonaws.com/photos/81127145/medium.jpeg,51071027,81127145,Gypsophila perfoliata (Perfoliate Baby's-breath),cc-by,19082fac9ba1d3a031cef73deb97d5a34bbfa028932203024e5c9021637953bd,8ef17264058fb647,375,500,verified_valid,unique,Botanist-verified research-grade observation of Gypsophila perfoliata (375x500),2026-10-10 09:50:57 UTC
gypsophila,gypsophila_inaturalist_257040239_62847ef608.jpg,raw_acquisitions/gypsophila/inaturalist_research/gypsophila_inaturalist_257040239_62847ef608.jpg,inaturalist_research,https://inaturalist-open-data.s3.amazonaws.com/photos/461003813/medium.jpeg,257040239,461003813,Gypsophila struthium hispanica (),cc-by-nc,62847ef608e8b4f747afd703013cbfa384f62d3f13fea60b4af962c422285b12,d5d520860b6b3e75,333,500,verified_valid,unique,Botanist-verified research-grade observation of Gypsophila struthium hispanica (333x500),2026-10-10 09:50:57 UTC
gypsophila,gypsophila_inaturalist_91169308_ce03a4639b.jpg,raw_acquisitions/gypsophila/inaturalist_research/gypsophila_inaturalist_91169308_ce03a4639b.jpg,inaturalist_research,https://inaturalist-open-data.s3.amazonaws.com/photos/150760003/medium.jpeg,91169308,150760003,Gypsophila paniculata (baby's-breath),cc-by-nc,ce03a4639b15a6849c4c957448246835d7afd4867c99824d4d32fd0499512388,849f4dcf4a496f48,375,500,verified_valid,unique,Botanist-verified research-grade observation of Gypsophila paniculata (375x500),2026-10-10 09:50:57 UTC
gypsophila,gypsophila_inaturalist_107519977_a4f1c30b32.jpg,raw_acquisitions/gypsophila/inaturalist_research/gypsophila_inaturalist_107519977_a4f1c30b32.jpg,inaturalist_research,https://static.inaturalist.org/photos/180850045/medium.jpeg,107519977,180850045,Gypsophila bellidifolia (),cc-by-nc,a4f1c30b32c93c57006c43e7e3d71098e892cbae943a31097d389914b11ca76a,87e5383856c7c5ac,333,500,verified_valid,unique,Botanist-verified research-grade observation of Gypsophila bellidifolia (333x500),2026-10-10 09:50:57 UTC
gypsophila,gypsophila_inaturalist_90744662_61017b3d51.jpg,raw_acquisitions/gypsophila/inaturalist_research/gypsophila_inaturalist_90744662_61017b3d51.jpg,inaturalist_research,https://inaturalist-open-data.s3.amazonaws.com/photos/150006916/medium.jpeg,90744662,150006916,Gypsophila repens (Creeping Baby's-breath),cc-by-nc,61017b3d511692978ca33446bcd0702cd4a3021d2373d1718431bde7289335e8,d99b3e2c63e2102f,500,425,verified_valid,unique,Botanist-verified research-grade observation of Gypsophila repens (500x425),2026-10-10 09:50:57 UTC
gypsophila,gypsophila_inaturalist_58859275_27ffaccf12.jpg,raw_acquisitions/gypsophila/inaturalist_research/gypsophila_inaturalist_58859275_27ffaccf12.jpg,inaturalist_research,https://inaturalist-open-data.s3.amazonaws.com/photos/93995976/medium.jpeg,58859275,93995976,Gypsophila paniculata (baby's-breath),cc-by-nc,27ffaccf1236ffbde8c64d16ca3cb597da99773b8633be0594f1e1deaaff34d1,d023830c5e5bddda,500,333,verified_valid,unique,Botanist-verified research-grade observation of Gypsophila paniculata (500x333),2026-10-10 09:50:57 UTC
gypsophila,gypsophila_inaturalist_22273007_f8659d456f.jpg,raw_acquisitions/gypsophila/inaturalist_research/gypsophila_inaturalist_22273007_f8659d456f.jpg,inaturalist_research,https://inaturalist-open-data.s3.amazonaws.com/photos/34492971/medium.jpeg,22273007,34492971,Gypsophila paniculata (baby's-breath),cc-by-nc,f8659d456feb6f39262fa3f4994685ce9e407f3035bb32289db6e6671e0d0597,88435f7d7861b1b4,500,301,verified_valid,unique,Botanist-verified research-grade observation of Gypsophila paniculata (500x301),2026-10-10 09:50:57 UTC
gypsophila,gypsophila_inaturalist_228504326_3374cb89f8.jpg,raw_acquisitions/gypsophila/inaturalist_research/gypsophila_inaturalist_228504326_3374cb89f8.jpg,inaturalist_research,https://inaturalist-open-data.s3.amazonaws.com/photos/405493609/medium.jpeg,228504326,405493609,Gypsophila fastigiata (Fastigiate Gypsophila),cc-by-nc,3374cb89f8e92b49c3817b7a1dd13b58ff5804492d84eb4d6275476186d13018,c26d6f92b40e5ae2,375,500,verified_valid,unique,Botanist-verified research-grade observation of Gypsophila fastigiata (375x500),2026-10-10 09:50:57 UTC
gypsophila,gypsophila_inaturalist_59992301_a3a1093c01.jpg,raw_acquisitions/gypsophila/inaturalist_research/gypsophila_inaturalist_59992301_a3a1093c01.jpg,inaturalist_research,https://inaturalist-open-data.s3.amazonaws.com/photos/95896318/medium.jpeg,59992301,95896318,Gypsophila tenuifolia (),cc-by-nc,a3a1093c01d5f2da8124cdbbbce82de3deb270a70a19231db475b90a1c235a86,aa15caee1ca9fa28,500,328,verified_valid,unique,Botanist-verified research-grade observation of Gypsophila tenuifolia (500x328),2026-10-10 09:50:57 UTC
gypsophila,gypsophila_inaturalist_153074606_5c1415b857.jpg,raw_acquisitions/gypsophila/inaturalist_research/gypsophila_inaturalist_153074606_5c1415b857.jpg,inaturalist_research,https://inaturalist-open-data.s3.amazonaws.com/photos/264334692/medium.jpeg,153074606,264334692,Gypsophila paniculata (baby's-breath),cc-by-nc,5c1415b857ecad687063e452525efe79f7629b78c2e20f28c5b9adbf40630d7a,9c83abb4175c30b7,500,333,verified_valid,unique,Botanist-verified research-grade observation of Gypsophila paniculata (500x333),2026-10-10 09:50:57 UTC
gypsophila,gypsophila_inaturalist_296367969_d684f01c8e.jpg,raw_acquisitions/gypsophila/inaturalist_research/gypsophila_inaturalist_296367969_d684f01c8e.jpg,inaturalist_research,https://inaturalist-open-data.s3.amazonaws.com/photos/533638304/medium.jpg,296367969,533638304,Gypsophila fastigiata (Fastigiate Gypsophila),cc-by-nc,d684f01c8ecde69dcad64ab50562859eb31e7e85b78c919e257ffe413c512b3c,ab813eb6876e6093,500,375,verified_valid,unique,Botanist-verified research-grade observation of Gypsophila fastigiata (500x375),2026-10-10 09:50:57 UTC
gypsophila,gypsophila_inaturalist_91231065_1b94e11a5a.jpg,raw_acquisitions/gypsophila/inaturalist_research/gypsophila_inaturalist_91231065_1b94e11a5a.jpg,inaturalist_research,https://static.inaturalist.org/photos/151099680/medium.jpeg,91231065,151099680,Gypsophila pacifica (Pink baby’s-breath),cc-by-nc,1b94e11a5a43e62c661a53d981b18cf3e41911a792285401af0eb1a47f0e1adc,87392fe30bc530c7,375,500,verified_valid,unique,Botanist-verified research-grade observation of Gypsophila pacifica (375x500),2026-10-10 09:50:57 UTC
gypsophila,gypsophila_inaturalist_247436897_8b64cb521c.jpg,raw_acquisitions/gypsophila/inaturalist_research/gypsophila_inaturalist_247436897_8b64cb521c.jpg,inaturalist_research,https://inaturalist-open-data.s3.amazonaws.com/photos/441928934/medium.jpg,247436897,441928934,Gypsophila struthium hispanica (),cc-by-nc,8b64cb521c8ea1b3b924069732439f30d194cd98e035538d4a6be4b89fb84e73,faa183c6ec11e479,500,500,verified_valid,unique,Botanist-verified research-grade observation of Gypsophila struthium hispanica (500x500),2026-10-10 09:50:57 UTC
gypsophila,gypsophila_inaturalist_194267308_3177f85402.jpg,raw_acquisitions/gypsophila/inaturalist_research/gypsophila_inaturalist_194267308_3177f85402.jpg,inaturalist_research,https://inaturalist-open-data.s3.amazonaws.com/photos/341427800/medium.jpeg,194267308,341427800,Gypsophila australis (),cc-by,3177f854022d15130836db7f4230f44bb7947b509eafce922e93c8acf92593d5,f2928f40cb781eab,500,375,verified_valid,unique,Botanist-verified research-grade observation of Gypsophila australis (500x375),2026-10-10 09:50:57 UTC
gypsophila,gypsophila_inaturalist_22481468_accfe2ffc2.jpg,raw_acquisitions/gypsophila/inaturalist_research/gypsophila_inaturalist_22481468_accfe2ffc2.jpg,inaturalist_research,https://inaturalist-open-data.s3.amazonaws.com/photos/34825828/medium.jpeg,22481468,34825828,Gypsophila vaccaria (Cowherb),cc-by-nc,accfe2ffc247f81e69e7769782ac2e3bb37ba43155c5135f00146c851fd42f3d,b5d7525289b4125f,375,500,verified_valid,unique,Botanist-verified research-grade observation of Gypsophila vaccaria (375x500),2026-10-10 09:50:57 UTC
gypsophila,gypsophila_inaturalist_91437792_c9e4f946c8.jpg,raw_acquisitions/gypsophila/inaturalist_research/gypsophila_inaturalist_91437792_c9e4f946c8.jpg,inaturalist_research,https://inaturalist-open-data.s3.amazonaws.com/photos/151247030/medium.jpeg,91437792,151247030,Gypsophila uralensis (),cc-by-nc,c9e4f946c877e6ff84cb766c95f91cad021aa49eb1fe92c794fe68cedcb81b3e,a2c8b5a85a657ab6,281,500,verified_valid,unique,Botanist-verified research-grade observation of Gypsophila uralensis (281x500),2026-10-10 09:50:57 UTC
gypsophila,gypsophila_inaturalist_83674071_9a031e0c17.jpg,raw_acquisitions/gypsophila/inaturalist_research/gypsophila_inaturalist_83674071_9a031e0c17.jpg,inaturalist_research,https://inaturalist-open-data.s3.amazonaws.com/photos/137439315/medium.jpeg,83674071,137439315,Gypsophila capillaris (),cc-by-nc,9a031e0c17e42795ddddbc7c8629fd6ccd2a3c5d51b666b83f0c74a940a0b8a4,d3b1647e901e446f,500,375,verified_valid,unique,Botanist-verified research-grade observation of Gypsophila capillaris (500x375),2026-10-10 09:50:57 UTC
gypsophila,gypsophila_inaturalist_90696201_c635c06184.jpg,raw_acquisitions/gypsophila/inaturalist_research/gypsophila_inaturalist_90696201_c635c06184.jpg,inaturalist_research,https://inaturalist-open-data.s3.amazonaws.com/photos/149918360/medium.jpeg,90696201,149918360,Gypsophila repens (Creeping Baby's-breath),cc-by,c635c061844c1b24acf6c23ecce1183fde43abe9ad159a96f2ef4b4b9d2161bf,a4c9c1763a89f764,375,500,verified_valid,unique,Botanist-verified research-grade observation of Gypsophila repens (375x500),2026-10-10 09:50:57 UTC
gypsophila,gypsophila_inaturalist_15253377_5d767d15b6.jpg,raw_acquisitions/gypsophila/inaturalist_research/gypsophila_inaturalist_15253377_5d767d15b6.jpg,inaturalist_research,https://inaturalist-open-data.s3.amazonaws.com/photos/22822579/medium.jpg,15253377,22822579,Gypsophila repens (Creeping Baby's-breath),cc-by,5d767d15b6f77b147ed1be6dee44c61efa783612e01213f20d5d644581d73fa8,e2878b1aed41b8d6,500,375,verified_valid,unique,Botanist-verified research-grade observation of Gypsophila repens (500x375),2026-10-10 09:50:57 UTC
gypsophila,gypsophila_inaturalist_83446760_3bb1837e02.jpg,raw_acquisitions/gypsophila/inaturalist_research/gypsophila_inaturalist_83446760_3bb1837e02.jpg,inaturalist_research,https://inaturalist-open-data.s3.amazonaws.com/photos/137050900/medium.jpeg,83446760,137050900,Gypsophila patrinii (),cc-by-nc,3bb1837e027059cf82abe5b6a0cccaa30e56d19e02e1effa4665694ca9bdbeee,c3fc03f71a03cd54,500,375,verified_valid,unique,Botanist-verified research-grade observation of Gypsophila patrinii (500x375),2026-10-10 09:50:57 UTC
gypsophila,gypsophila_inaturalist_15593118_2417780545.jpg,raw_acquisitions/gypsophila/inaturalist_research/gypsophila_inaturalist_15593118_2417780545.jpg,inaturalist_research,https://inaturalist-open-data.s3.amazonaws.com/photos/23315009/medium.jpeg,15593118,23315009,Gypsophila elegans (showy baby's-breath),cc-by-nc,24177805458fba8616e02bbd52fe9450f630ff43c63b6a794236bd7affff2875,c73c4257ac3837d2,500,281,verified_valid,unique,Botanist-verified research-grade observation of Gypsophila elegans (500x281),2026-10-10 09:50:57 UTC
gypsophila,gypsophila_inaturalist_95293463_2614e5e9cb.jpg,raw_acquisitions/gypsophila/inaturalist_research/gypsophila_inaturalist_95293463_2614e5e9cb.jpg,inaturalist_research,https://inaturalist-open-data.s3.amazonaws.com/photos/158180544/medium.jpeg,95293463,158180544,Gypsophila perfoliata (Perfoliate Baby's-breath),cc-by,2614e5e9cbf0a6b388618a5972bc822baf84908060ad5babb0033128e64af055,c93659dd67037e04,421,500,verified_valid,unique,Botanist-verified research-grade observation of Gypsophila perfoliata (421x500),2026-10-10 09:50:57 UTC
gypsophila,gypsophila_inaturalist_85184528_aa8e5cb470.jpg,raw_acquisitions/gypsophila/inaturalist_research/gypsophila_inaturalist_85184528_aa8e5cb470.jpg,inaturalist_research,https://inaturalist-open-data.s3.amazonaws.com/photos/140119269/medium.jpeg,85184528,140119269,Gypsophila repens (Creeping Baby's-breath),cc-by-nc,aa8e5cb4709f98cc9c325633f04da5ac08fa06a17eab2fb62decc7e535774d1e,93f23c2e93833c3c,250,500,verified_valid,unique,Botanist-verified research-grade observation of Gypsophila repens (250x500),2026-10-10 09:50:57 UTC
gypsophila,gypsophila_inaturalist_92155944_886b46c773.jpg,raw_acquisitions/gypsophila/inaturalist_research/gypsophila_inaturalist_92155944_886b46c773.jpg,inaturalist_research,https://inaturalist-open-data.s3.amazonaws.com/photos/152539502/medium.jpg,92155944,152539502,Gypsophila paniculata (baby's-breath),cc-by-nc,886b46c773f6277ea705571b997414fe15aee52b890df5415ebcbec9c5d02bb9,8d27c3b8e978368c,375,500,verified_valid,unique,Botanist-verified research-grade observation of Gypsophila paniculata (375x500),2026-10-10 09:50:57 UTC
gypsophila,gypsophila_inaturalist_28067216_2bafe24dde.jpg,raw_acquisitions/gypsophila/inaturalist_research/gypsophila_inaturalist_28067216_2bafe24dde.jpg,inaturalist_research,https://inaturalist-open-data.s3.amazonaws.com/photos/43726222/medium.jpeg,28067216,43726222,Gypsophila acutifolia (Sharp-leaf Baby's-breath),cc-by-nc,2bafe24dde55f33beaae3d06a6fe73ba4b69a46c5361a743f8685e082c474cfd,bd23d2687af8484e,500,375,verified_valid,unique,Botanist-verified research-grade observation of Gypsophila acutifolia (500x375),2026-10-10 09:50:57 UTC
gypsophila,gypsophila_inaturalist_96206261_7556388620.jpg,raw_acquisitions/gypsophila/inaturalist_research/gypsophila_inaturalist_96206261_7556388620.jpg,inaturalist_research,https://inaturalist-open-data.s3.amazonaws.com/photos/159799971/medium.jpeg,96206261,159799971,Gypsophila patrinii (),cc-by-nc,7556388620c5e9371e55cbaaee70835658f14d8e26b6d64f8ff3841bd43c08c6,de90ae88f0270f5e,225,500,verified_valid,unique,Botanist-verified research-grade observation of Gypsophila patrinii (225x500),2026-10-10 09:50:57 UTC
gypsophila,gypsophila_inaturalist_28230657_72aaa26fe9.jpg,raw_acquisitions/gypsophila/inaturalist_research/gypsophila_inaturalist_28230657_72aaa26fe9.jpg,inaturalist_research,https://inaturalist-open-data.s3.amazonaws.com/photos/43990851/medium.jpeg,28230657,43990851,Gypsophila altissima (),cc-by-nc,72aaa26fe95e7ebd34d9984868989fcb7cbddfb1a5d0b0d4373f3152439192df,819d2f702de30f6c,375,500,verified_valid,unique,Botanist-verified research-grade observation of Gypsophila altissima (375x500),2026-10-10 09:50:57 UTC
gypsophila,gypsophila_inaturalist_92652341_6e7ac5150d.jpg,raw_acquisitions/gypsophila/inaturalist_research/gypsophila_inaturalist_92652341_6e7ac5150d.jpg,inaturalist_research,https://inaturalist-open-data.s3.amazonaws.com/photos/153444878/medium.jpeg,92652341,153444878,Gypsophila fastigiata (Fastigiate Gypsophila),cc-by-nc,6e7ac5150d346302ebfc0c30f89ecb9df585aae1a8cdf2b87453dd02ccf4f3ac,cb8be484df857aa0,375,500,verified_valid,unique,Botanist-verified research-grade observation of Gypsophila fastigiata (375x500),2026-10-10 09:50:57 UTC
gypsophila,gypsophila_inaturalist_96243215_aed70fa882.jpg,raw_acquisitions/gypsophila/inaturalist_research/gypsophila_inaturalist_96243215_aed70fa882.jpg,inaturalist_research,https://inaturalist-open-data.s3.amazonaws.com/photos/159864136/medium.jpg,96243215,159864136,Gypsophila altissima (),cc-by-nc,aed70fa8824218eab7a24b3fd37f11f131b3b0048b1af0c876c58ad015ae3130,c14c7dde5782929c,375,500,verified_valid,unique,Botanist-verified research-grade observation of Gypsophila altissima (375x500),2026-10-10 09:50:57 UTC
gypsophila,gypsophila_inaturalist_94852067_1ddf3b8c1b.jpg,raw_acquisitions/gypsophila/inaturalist_research/gypsophila_inaturalist_94852067_1ddf3b8c1b.jpg,inaturalist_research,https://inaturalist-open-data.s3.amazonaws.com/photos/157386717/medium.jpeg,94852067,157386717,Gypsophila pallasii (),cc-by-nc,1ddf3b8c1be9f3edef74c29530c464ee7250e50806d18b499c2a1325f3c4d10d,81ebd5190c64afe5,500,334,verified_valid,unique,Botanist-verified research-grade observation of Gypsophila pallasii (500x334),2026-10-10 09:50:57 UTC
gypsophila,gypsophila_inaturalist_92204939_9e42c1426e.jpg,raw_acquisitions/gypsophila/inaturalist_research/gypsophila_inaturalist_92204939_9e42c1426e.jpg,inaturalist_research,https://inaturalist-open-data.s3.amazonaws.com/photos/152628876/medium.jpg,92204939,152628876,Gypsophila uralensis (),cc-by,9e42c1426e407a0657478ef9ff430218fb18de442cc61986866202ec0fb5f22d,a2b0a36293734f6b,375,500,verified_valid,unique,Botanist-verified research-grade observation of Gypsophila uralensis (375x500),2026-10-10 09:50:57 UTC
gypsophila,gypsophila_inaturalist_92145697_8199b3d062.jpg,raw_acquisitions/gypsophila/inaturalist_research/gypsophila_inaturalist_92145697_8199b3d062.jpg,inaturalist_research,https://static.inaturalist.org/photos/152522585/medium.jpeg,92145697,152522585,Gypsophila repens (Creeping Baby's-breath),cc-by-nc,8199b3d062aeee571995a0abed8665e296fa690e1a2e5d258f9cf84d3b15d537,abf30ce0f03e43ca,237,500,verified_valid,unique,Botanist-verified research-grade observation of Gypsophila repens (237x500),2026-10-10 09:50:57 UTC
gypsophila,gypsophila_inaturalist_92332680_8ecc428a89.jpg,raw_acquisitions/gypsophila/inaturalist_research/gypsophila_inaturalist_92332680_8ecc428a89.jpg,inaturalist_research,https://inaturalist-open-data.s3.amazonaws.com/photos/152869592/medium.jpg,92332680,152869592,Gypsophila repens (Creeping Baby's-breath),cc-by-nc,8ecc428a89a41e7408dc0d18183bafb16d634bd46868fdeda027f90542e9b032,a19bb46376427437,500,369,verified_valid,unique,Botanist-verified research-grade observation of Gypsophila repens (500x369),2026-10-10 09:50:57 UTC
gypsophila,gypsophila_inaturalist_92328274_979ae8b09e.jpg,raw_acquisitions/gypsophila/inaturalist_research/gypsophila_inaturalist_92328274_979ae8b09e.jpg,inaturalist_research,https://inaturalist-open-data.s3.amazonaws.com/photos/152861691/medium.jpg,92328274,152861691,Gypsophila perfoliata (Perfoliate Baby's-breath),cc-by-nc,979ae8b09e1a719eb96e53da810bb5f9a19f994be497eac3a528c9c621a29937,87d0e1f8ab9898b9,500,375,verified_valid,unique,Botanist-verified research-grade observation of Gypsophila perfoliata (500x375),2026-10-10 09:50:57 UTC
gypsophila,gypsophila_inaturalist_90662434_b117083145.jpg,raw_acquisitions/gypsophila/inaturalist_research/gypsophila_inaturalist_90662434_b117083145.jpg,inaturalist_research,https://inaturalist-open-data.s3.amazonaws.com/photos/149859882/medium.jpeg,90662434,149859882,Gypsophila uralensis (),cc0,b1170831452d9c4a3085fbfdc2c5b604669f110c7b0ba29c85e5c6e35c29eef9,9f6087f85b75880d,230,500,verified_valid,unique,Botanist-verified research-grade observation of Gypsophila uralensis (230x500),2026-10-10 09:50:57 UTC
gypsophila,gypsophila_inaturalist_3456616_bad8814c95.jpg,raw_acquisitions/gypsophila/inaturalist_research/gypsophila_inaturalist_3456616_bad8814c95.jpg,inaturalist_research,https://inaturalist-open-data.s3.amazonaws.com/photos/4011731/medium.jpeg,3456616,4011731,Gypsophila paniculata (baby's-breath),cc-by-nc,bad8814c9588147b4d71c7c1a9be4189b9e84e21856a306a8b67493eabf4c693,ce83af8ee4044f71,281,500,verified_valid,unique,Botanist-verified research-grade observation of Gypsophila paniculata (281x500),2026-10-10 09:50:57 UTC
gypsophila,gypsophila_inaturalist_74242037_18f93a1577.jpg,raw_acquisitions/gypsophila/inaturalist_research/gypsophila_inaturalist_74242037_18f93a1577.jpg,inaturalist_research,https://inaturalist-open-data.s3.amazonaws.com/photos/121312023/medium.jpeg,74242037,121312023,Gypsophila patrinii (),cc-by-nc,18f93a157702a9f310b11da802c9776c797167a260844b6e5441a6f14a474916,c9ddb6a4ae38504e,375,500,verified_valid,unique,Botanist-verified research-grade observation of Gypsophila patrinii (375x500),2026-10-10 09:50:57 UTC
gypsophila,gypsophila_inaturalist_71311504_69c793e095.jpg,raw_acquisitions/gypsophila/inaturalist_research/gypsophila_inaturalist_71311504_69c793e095.jpg,inaturalist_research,https://inaturalist-open-data.s3.amazonaws.com/photos/116084169/medium.jpg,71311504,116084169,Gypsophila patrinii (),cc-by-nc,69c793e0952903a09b3205b707de0f5fc57b8c878a8597892a5e7e7c4c905bfc,de9e396160c3d28e,500,333,verified_valid,unique,Botanist-verified research-grade observation of Gypsophila patrinii (500x333),2026-10-10 09:50:57 UTC
gypsophila,gypsophila_inaturalist_371960624_abb3182361.jpg,raw_acquisitions/gypsophila/inaturalist_research/gypsophila_inaturalist_371960624_abb3182361.jpg,inaturalist_research,https://static.inaturalist.org/photos/679648085/medium.jpg,371960624,679648085,Gypsophila fastigiata (Fastigiate Gypsophila),cc-by-nc,abb3182361cd5d35ff066afa028490e0d91360ea2f48bc42dcd4b5ca99d48d97,8e95270a0e1713ff,375,500,verified_valid,unique,Botanist-verified research-grade observation of Gypsophila fastigiata (375x500),2026-10-10 09:50:57 UTC
gypsophila,gypsophila_inaturalist_7806480_0cf3b1ac3e.jpg,raw_acquisitions/gypsophila/inaturalist_research/gypsophila_inaturalist_7806480_0cf3b1ac3e.jpg,inaturalist_research,https://inaturalist-open-data.s3.amazonaws.com/photos/10267057/medium.jpeg,7806480,10267057,Gypsophila paniculata (baby's-breath),cc-by-nc,0cf3b1ac3e6a4dabaa363b981f690162afbfb7652de660c0e5bd77cf027c87dd,d6d56f49204b98ce,500,333,verified_valid,unique,Botanist-verified research-grade observation of Gypsophila paniculata (500x333),2026-10-10 09:50:57 UTC
gypsophila,gypsophila_inaturalist_375065574_c7957b306b.jpg,raw_acquisitions/gypsophila/inaturalist_research/gypsophila_inaturalist_375065574_c7957b306b.jpg,inaturalist_research,https://inaturalist-open-data.s3.amazonaws.com/photos/685612265/medium.jpg,375065574,685612265,Gypsophila paniculata (baby's-breath),cc-by-nc,c7957b306b12517704876fc2a1a94cebaef63da4893fb597811261c8bfb6de8e,bd94b191be56064b,281,500,verified_valid,unique,Botanist-verified research-grade observation of Gypsophila paniculata (281x500),2026-10-10 09:50:57 UTC
gypsophila,gypsophila_inaturalist_375305687_cfc9ea2f36.jpg,raw_acquisitions/gypsophila/inaturalist_research/gypsophila_inaturalist_375305687_cfc9ea2f36.jpg,inaturalist_research,https://inaturalist-open-data.s3.amazonaws.com/photos/686080532/medium.jpg,375305687,686080532,Gypsophila repens (Creeping Baby's-breath),cc-by-nc,cfc9ea2f36388dc73ee3ae1ef993f20626275b1e09e7fab0584484076464a509,b2a9d6524cbb6d30,500,333,verified_valid,unique,Botanist-verified research-grade observation of Gypsophila repens (500x333),2026-10-10 09:50:57 UTC
gypsophila,gypsophila_inaturalist_375150352_023b0c1203.jpg,raw_acquisitions/gypsophila/inaturalist_research/gypsophila_inaturalist_375150352_023b0c1203.jpg,inaturalist_research,https://inaturalist-open-data.s3.amazonaws.com/photos/685781817/medium.jpg,375150352,685781817,Gypsophila paniculata (baby's-breath),cc-by-nc,023b0c120393326cb181d1a9d25fcc8d4ab07f1294225c5929363ec42ec23367,91c26f35b4d25bc8,500,375,verified_valid,unique,Botanist-verified research-grade observation of Gypsophila paniculata (500x375),2026-10-10 09:50:57 UTC
gypsophila,gypsophila_inaturalist_372023779_d11a0cadbc.jpg,raw_acquisitions/gypsophila/inaturalist_research/gypsophila_inaturalist_372023779_d11a0cadbc.jpg,inaturalist_research,https://inaturalist-open-data.s3.amazonaws.com/photos/679766743/medium.jpg,372023779,679766743,Gypsophila perfoliata (Perfoliate Baby's-breath),cc-by-nc,d11a0cadbc801fc02eaceba6fd5a80d6d1a1fce14af854122fdc704d240c3cd3,9ee11beab942590b,375,500,verified_valid,unique,Botanist-verified research-grade observation of Gypsophila perfoliata (375x500),2026-10-10 09:50:57 UTC
gypsophila,gypsophila_inaturalist_376931001_355c2312e7.jpg,raw_acquisitions/gypsophila/inaturalist_research/gypsophila_inaturalist_376931001_355c2312e7.jpg,inaturalist_research,https://static.inaturalist.org/photos/689225134/medium.jpg,376931001,689225134,Gypsophila repens (Creeping Baby's-breath),cc-by-nc,355c2312e7aab465850f4fe7c67334462e00c374550fad052f6a85a5b090f135,c2ed680a7df1ea14,375,500,verified_valid,unique,Botanist-verified research-grade observation of Gypsophila repens (375x500),2026-10-10 09:50:57 UTC
gypsophila,gypsophila_inaturalist_311398290_fddc87a0a9.jpg,raw_acquisitions/gypsophila/inaturalist_research/gypsophila_inaturalist_311398290_fddc87a0a9.jpg,inaturalist_research,https://inaturalist-open-data.s3.amazonaws.com/photos/562132643/medium.jpg,311398290,562132643,Gypsophila patrinii (),cc-by-nc,fddc87a0a9dd78edea7eb47675dda5615dc6372f83ce42832d124a9e376a2c24,9db8432ed48d716a,500,333,verified_valid,unique,Botanist-verified research-grade observation of Gypsophila patrinii (500x333),2026-10-10 09:50:57 UTC
gypsophila,gypsophila_inaturalist_371196963_dced6c78cf.jpg,raw_acquisitions/gypsophila/inaturalist_research/gypsophila_inaturalist_371196963_dced6c78cf.jpg,inaturalist_research,https://inaturalist-open-data.s3.amazonaws.com/photos/678192571/medium.jpg,371196963,678192571,Gypsophila paniculata (baby's-breath),cc-by-nc,dced6c78cf5dbca8a8322a35fbd707dcd64d8f487360aa4aa2578cb3bda8d662,8cfdc3a2b894c59c,375,500,verified_valid,unique,Botanist-verified research-grade observation of Gypsophila paniculata (375x500),2026-10-10 09:50:57 UTC
gypsophila,gypsophila_inaturalist_376500305_6e06c2e2eb.jpg,raw_acquisitions/gypsophila/inaturalist_research/gypsophila_inaturalist_376500305_6e06c2e2eb.jpg,inaturalist_research,https://inaturalist-open-data.s3.amazonaws.com/photos/688394752/medium.jpg,376500305,688394752,Gypsophila paniculata (baby's-breath),cc-by-nc,6e06c2e2eb9f8298e08de71f3360a1d23071016cb520baf16c475c956a108733,d4574928297f7878,376,500,verified_valid,unique,Botanist-verified research-grade observation of Gypsophila paniculata (376x500),2026-10-10 09:50:57 UTC
gypsophila,gypsophila_inaturalist_378770872_249d288b50.jpg,raw_acquisitions/gypsophila/inaturalist_research/gypsophila_inaturalist_378770872_249d288b50.jpg,inaturalist_research,https://static.inaturalist.org/photos/692775864/medium.jpg,378770872,692775864,Gypsophila paniculata (baby's-breath),cc-by-nc,249d288b50e0acd8c321df3d999d7eab72a451040ceda5dc8506309034bea839,93ada859b4ccdaa2,375,500,verified_valid,unique,Botanist-verified research-grade observation of Gypsophila paniculata (375x500),2026-10-10 09:50:57 UTC
gypsophila,gypsophila_inaturalist_377672739_9348cbc387.jpg,raw_acquisitions/gypsophila/inaturalist_research/gypsophila_inaturalist_377672739_9348cbc387.jpg,inaturalist_research,https://static.inaturalist.org/photos/690667446/medium.jpg,377672739,690667446,Gypsophila capillaris (),cc-by-nc,9348cbc387722c93460589e5c2ccbb6d58742d7269bec9eabb80175223029be2,dc34b99f4ae1ac0a,376,500,verified_valid,unique,Botanist-verified research-grade observation of Gypsophila capillaris (376x500),2026-10-10 09:50:57 UTC
gypsophila,gypsophila_inaturalist_316077361_2d205d02c6.jpg,raw_acquisitions/gypsophila/inaturalist_research/gypsophila_inaturalist_316077361_2d205d02c6.jpg,inaturalist_research,https://inaturalist-open-data.s3.amazonaws.com/photos/571040546/medium.jpg,316077361,571040546,Gypsophila paniculata (baby's-breath),cc-by-nc,2d205d02c694696117e1e57386ab09e5d2bf6e6591d747c4e8a17d67a4a1062b,9af4cb1dc7721069,281,500,verified_valid,unique,Botanist-verified research-grade observation of Gypsophila paniculata (281x500),2026-10-10 09:50:57 UTC
gypsophila,gypsophila_inaturalist_310294392_14c0df4612.jpg,raw_acquisitions/gypsophila/inaturalist_research/gypsophila_inaturalist_310294392_14c0df4612.jpg,inaturalist_research,https://static.inaturalist.org/photos/560006124/medium.jpg,310294392,560006124,Gypsophila repens (Creeping Baby's-breath),cc-by-nc,14c0df4612f6579fc815f7b036e0fc33dbc86ff5663abf02851ea03718877bfd,e446fa5577649229,374,500,verified_valid,unique,Botanist-verified research-grade observation of Gypsophila repens (374x500),2026-10-10 09:50:57 UTC
gypsophila,gypsophila_inaturalist_313763829_96f54cad0e.jpg,raw_acquisitions/gypsophila/inaturalist_research/gypsophila_inaturalist_313763829_96f54cad0e.jpg,inaturalist_research,https://inaturalist-open-data.s3.amazonaws.com/photos/566644204/medium.jpg,313763829,566644204,Gypsophila altissima (),cc-by,96f54cad0e6f6ea84f55d0785184a75ca6ac70f0ced550b920671e7bb28dfc9d,b31891fce2f850c7,375,500,verified_valid,unique,Botanist-verified research-grade observation of Gypsophila altissima (375x500),2026-10-10 09:50:57 UTC
gypsophila,gypsophila_inaturalist_378113773_7f0da75ed8.jpg,raw_acquisitions/gypsophila/inaturalist_research/gypsophila_inaturalist_378113773_7f0da75ed8.jpg,inaturalist_research,https://inaturalist-open-data.s3.amazonaws.com/photos/691501089/medium.jpg,378113773,691501089,Gypsophila repens (Creeping Baby's-breath),cc-by-nc,7f0da75ed85c2252e3b65687e52e18684a56f48e3f45601c27cb6775cf6ad10e,9ed8713ac58a7a51,500,375,verified_valid,unique,Botanist-verified research-grade observation of Gypsophila repens (500x375),2026-10-10 09:50:57 UTC
gypsophila,gypsophila_inaturalist_370231186_102cd72c92.jpg,raw_acquisitions/gypsophila/inaturalist_research/gypsophila_inaturalist_370231186_102cd72c92.jpg,inaturalist_research,https://inaturalist-open-data.s3.amazonaws.com/photos/676339450/medium.jpg,370231186,676339450,Gypsophila pacifica (Pink baby’s-breath),cc-by-nc,102cd72c92392870b691521ac08050458dc811af6832e703a24b5052fbc7343a,b3cec99524b68792,500,375,verified_valid,unique,Botanist-verified research-grade observation of Gypsophila pacifica (500x375),2026-10-10 09:50:57 UTC
gypsophila,gypsophila_inaturalist_311521577_44fb128f5f.jpg,raw_acquisitions/gypsophila/inaturalist_research/gypsophila_inaturalist_311521577_44fb128f5f.jpg,inaturalist_research,https://inaturalist-open-data.s3.amazonaws.com/photos/562365138/medium.jpg,311521577,562365138,Gypsophila fastigiata (Fastigiate Gypsophila),cc-by-nc,44fb128f5f9126bb9a18281f0608fe040fcca36dd7f61f271f29ab4c405cde21,f9c714d615c56554,225,500,verified_valid,unique,Botanist-verified research-grade observation of Gypsophila fastigiata (225x500),2026-10-10 09:50:57 UTC
gypsophila,gypsophila_inaturalist_374295713_4de68641f9.jpg,raw_acquisitions/gypsophila/inaturalist_research/gypsophila_inaturalist_374295713_4de68641f9.jpg,inaturalist_research,https://inaturalist-open-data.s3.amazonaws.com/photos/684124947/medium.jpg,374295713,684124947,Gypsophila vaccaria (Cowherb),cc-by-nc,4de68641f9f4132ed0f4c0c5c44623e9ac40153ee82c823332026d1e45680bd5,89caa6c9d2366c9b,375,500,verified_valid,unique,Botanist-verified research-grade observation of Gypsophila vaccaria (375x500),2026-10-10 09:50:57 UTC
gypsophila,gypsophila_inaturalist_378937785_3b4625c070.jpg,raw_acquisitions/gypsophila/inaturalist_research/gypsophila_inaturalist_378937785_3b4625c070.jpg,inaturalist_research,https://inaturalist-open-data.s3.amazonaws.com/photos/693101076/medium.jpg,378937785,693101076,Gypsophila paniculata (baby's-breath),cc-by-nc,3b4625c0700e72ff5eb7c4a85bebc3a48b373269214f89ff40358f079ee1c99d,d42e58d26cb97585,375,500,verified_valid,unique,Botanist-verified research-grade observation of Gypsophila paniculata (375x500),2026-10-10 09:50:57 UTC
gypsophila,gypsophila_inaturalist_309886253_4da129a475.jpg,raw_acquisitions/gypsophila/inaturalist_research/gypsophila_inaturalist_309886253_4da129a475.jpg,inaturalist_research,https://inaturalist-open-data.s3.amazonaws.com/photos/559247385/medium.jpg,309886253,559247385,Gypsophila paniculata (baby's-breath),cc-by-nc,4da129a4756cd52d3070c0d5011fb0fab64ff1dbcf8ce2922d090050d6217b4b,81a41d374fb8d34d,376,500,verified_valid,unique,Botanist-verified research-grade observation of Gypsophila paniculata (376x500),2026-10-10 09:50:57 UTC
gypsophila,gypsophila_inaturalist_234722952_f9689fb93c.jpg,raw_acquisitions/gypsophila/inaturalist_research/gypsophila_inaturalist_234722952_f9689fb93c.jpg,inaturalist_research,https://inaturalist-open-data.s3.amazonaws.com/photos/417326297/medium.jpeg,234722952,417326297,Gypsophila paniculata (baby's-breath),cc-by,f9689fb93ca014ecf0f9634f8590ca9ab0c83f91cce21354bf5d2c3bef0e68f7,c5fb84de983065d8,375,500,verified_valid,unique,Botanist-verified research-grade observation of Gypsophila paniculata (375x500),2026-10-10 09:50:57 UTC
gypsophila,gypsophila_inaturalist_228228153_dd0e36a2c8.jpg,raw_acquisitions/gypsophila/inaturalist_research/gypsophila_inaturalist_228228153_dd0e36a2c8.jpg,inaturalist_research,https://inaturalist-open-data.s3.amazonaws.com/photos/404978118/medium.jpg,228228153,404978118,Gypsophila altissima (),cc-by-nc,dd0e36a2c8945be4d6b7b7fcb9b35b1be071bebdf61aadc2911c7abf7f6f9aea,f9b3e4a2e580231f,375,500,verified_valid,unique,Botanist-verified research-grade observation of Gypsophila altissima (375x500),2026-10-10 09:50:57 UTC
gypsophila,gypsophila_inaturalist_215891612_0565e4da1f.jpg,raw_acquisitions/gypsophila/inaturalist_research/gypsophila_inaturalist_215891612_0565e4da1f.jpg,inaturalist_research,https://inaturalist-open-data.s3.amazonaws.com/photos/381753025/medium.jpg,215891612,381753025,Gypsophila altissima (),cc-by-nc,0565e4da1f10cd4875435b368349e25319023588e9ee828c22795520280fcd0a,c1faa1035ed52ec5,375,500,verified_valid,unique,Botanist-verified research-grade observation of Gypsophila altissima (375x500),2026-10-10 09:50:57 UTC
gypsophila,gypsophila_inaturalist_52347883_9a60baee17.jpg,raw_acquisitions/gypsophila/inaturalist_research/gypsophila_inaturalist_52347883_9a60baee17.jpg,inaturalist_research,https://inaturalist-open-data.s3.amazonaws.com/photos/83211225/medium.jpeg,52347883,83211225,Gypsophila paniculata (baby's-breath),cc-by-nc,9a60baee17c2803345716d1e070015b2d88342ea38b28d335cf7f7304a195b16,c93324ff7a4820d7,375,500,verified_valid,unique,Botanist-verified research-grade observation of Gypsophila paniculata (375x500),2026-10-10 09:50:57 UTC
gypsophila,gypsophila_inaturalist_84177182_17557a66bd.jpg,raw_acquisitions/gypsophila/inaturalist_research/gypsophila_inaturalist_84177182_17557a66bd.jpg,inaturalist_research,https://static.inaturalist.org/photos/138325267/medium.jpeg,84177182,138325267,Gypsophila paniculata (baby's-breath),cc-by-nc,17557a66bdc55f3d9a1ba973e62c4eb98dceee2dd9c3fd875614e5d9ff5e63f6,c4932679836e58ee,375,500,verified_valid,unique,Botanist-verified research-grade observation of Gypsophila paniculata (375x500),2026-10-10 09:50:57 UTC
gypsophila,gypsophila_inaturalist_124856303_4368c158b3.jpg,raw_acquisitions/gypsophila/inaturalist_research/gypsophila_inaturalist_124856303_4368c158b3.jpg,inaturalist_research,https://static.inaturalist.org/photos/211676739/medium.jpeg,124856303,211676739,Gypsophila paniculata (baby's-breath),cc-by-nc,4368c158b330529d4f4d7d257c84b03da7711bfbd298c753e5f42706754a759a,bdc465392a2f5871,375,500,verified_valid,unique,Botanist-verified research-grade observation of Gypsophila paniculata (375x500),2026-10-10 09:50:57 UTC
gypsophila,gypsophila_inaturalist_172329888_9e3c8bf205.jpg,raw_acquisitions/gypsophila/inaturalist_research/gypsophila_inaturalist_172329888_9e3c8bf205.jpg,inaturalist_research,https://inaturalist-open-data.s3.amazonaws.com/photos/299150235/medium.jpg,172329888,299150235,Gypsophila altissima (),cc-by-nc,9e3c8bf205a7b995477a9a82f32c7b76a50ab31b7252d35de6a7656c39e44b95,abbb6d52c81439d4,375,500,verified_valid,unique,Botanist-verified research-grade observation of Gypsophila altissima (375x500),2026-10-10 09:50:57 UTC
gypsophila,gypsophila_inaturalist_376261520_e46264ef1c.jpg,raw_acquisitions/gypsophila/inaturalist_research/gypsophila_inaturalist_376261520_e46264ef1c.jpg,inaturalist_research,https://inaturalist-open-data.s3.amazonaws.com/photos/687895037/medium.jpg,376261520,687895037,Gypsophila paniculata (baby's-breath),cc-by-nc,e46264ef1c0679f16b47aa82aad9076deca1b0d4103b764b037d6a0b637af5b9,ef9e6060f2e3311a,500,281,verified_valid,unique,Botanist-verified research-grade observation of Gypsophila paniculata (500x281),2026-10-10 09:50:57 UTC
gypsophila,gypsophila_inaturalist_121751241_3e4f3334fc.jpg,raw_acquisitions/gypsophila/inaturalist_research/gypsophila_inaturalist_121751241_3e4f3334fc.jpg,inaturalist_research,https://inaturalist-open-data.s3.amazonaws.com/photos/206063015/medium.jpeg,121751241,206063015,Gypsophila paniculata (baby's-breath),cc-by-nc,3e4f3334fcb2b928648663498cd5e1e5026f029b0dbbd7000e42c804f5129d5f,ed01f9fc4a9469c1,225,500,verified_valid,unique,Botanist-verified research-grade observation of Gypsophila paniculata (225x500),2026-10-10 09:50:57 UTC
gypsophila,gypsophila_inaturalist_168692490_fe10828bf2.jpg,raw_acquisitions/gypsophila/inaturalist_research/gypsophila_inaturalist_168692490_fe10828bf2.jpg,inaturalist_research,https://inaturalist-open-data.s3.amazonaws.com/photos/292384955/medium.jpg,168692490,292384955,Gypsophila altissima (),cc-by-nc,fe10828bf24167666162f1d1697a28b088fa8db1e762a376430ec4d3ab7da11f,9f6f3ff1f1002098,500,332,verified_valid,unique,Botanist-verified research-grade observation of Gypsophila altissima (500x332),2026-10-10 09:50:57 UTC
gypsophila,gypsophila_inaturalist_225972100_39a403d30f.jpg,raw_acquisitions/gypsophila/inaturalist_research/gypsophila_inaturalist_225972100_39a403d30f.jpg,inaturalist_research,https://inaturalist-open-data.s3.amazonaws.com/photos/400699756/medium.jpeg,225972100,400699756,Gypsophila paniculata (baby's-breath),cc-by-nc,39a403d30f7d7b14a1065de3c98117933c307cfc09ec4ffc18dbe06bc1bb9bba,cead13366934166b,233,500,verified_valid,unique,Botanist-verified research-grade observation of Gypsophila paniculata (233x500),2026-10-10 09:50:57 UTC
gypsophila,gypsophila_inaturalist_402408374_8e8bc90c7f.jpg,raw_acquisitions/gypsophila/inaturalist_research/gypsophila_inaturalist_402408374_8e8bc90c7f.jpg,inaturalist_research,https://inaturalist-open-data.s3.amazonaws.com/photos/738730237/medium.jpg,402408374,738730237,Gypsophila paniculata (baby's-breath),cc0,8e8bc90c7fe516719f13a3996814eb71b52040d5a2df03c2372cb60cd357c95a,d46722e4d3ef41b0,500,375,verified_valid,unique,Botanist-verified research-grade observation of Gypsophila paniculata (500x375),2026-10-10 09:50:57 UTC
gypsophila,gypsophila_inaturalist_52564052_6864fa213e.jpg,raw_acquisitions/gypsophila/inaturalist_research/gypsophila_inaturalist_52564052_6864fa213e.jpg,inaturalist_research,https://static.inaturalist.org/photos/83568364/medium.jpeg,52564052,83568364,Gypsophila paniculata (baby's-breath),cc-by-nc,6864fa213eca78ae025c0be27525593202575f2ae55c1155aea48ebbae9fe9af,d682b79e09491e67,500,281,verified_valid,unique,Botanist-verified research-grade observation of Gypsophila paniculata (500x281),2026-10-10 09:50:57 UTC
gypsophila,gypsophila_inaturalist_124748206_b449798c6c.jpg,raw_acquisitions/gypsophila/inaturalist_research/gypsophila_inaturalist_124748206_b449798c6c.jpg,inaturalist_research,https://inaturalist-open-data.s3.amazonaws.com/photos/211475461/medium.jpg,124748206,211475461,Gypsophila paniculata (baby's-breath),cc-by-nc,b449798c6c654274ede23274385c9b414718fd50ea24057dd5a3cb5cf7368cc6,80f039fa00fd679b,376,500,verified_valid,unique,Botanist-verified research-grade observation of Gypsophila paniculata (376x500),2026-10-10 09:50:57 UTC
gypsophila,gypsophila_inaturalist_52133301_667356a676.jpg,raw_acquisitions/gypsophila/inaturalist_research/gypsophila_inaturalist_52133301_667356a676.jpg,inaturalist_research,https://static.inaturalist.org/photos/82857819/medium.jpeg,52133301,82857819,Gypsophila paniculata (baby's-breath),cc-by-nc,667356a6763da56a20a0f2b3638f4e46b22a49867cb16f1a3f58315b246e2082,9083b2ccc5cddcd5,375,500,verified_valid,unique,Botanist-verified research-grade observation of Gypsophila paniculata (375x500),2026-10-10 09:50:57 UTC
gypsophila,gypsophila_inaturalist_379421768_1a5a02797c.jpg,raw_acquisitions/gypsophila/inaturalist_research/gypsophila_inaturalist_379421768_1a5a02797c.jpg,inaturalist_research,https://inaturalist-open-data.s3.amazonaws.com/photos/694036629/medium.jpg,379421768,694036629,Gypsophila paniculata (baby's-breath),cc-by-nc,1a5a02797cdd3979cc85f67955d1df06374518ad2bce21f367e73298d1ab20b8,d6e31d9a43622aba,375,500,verified_valid,unique,Botanist-verified research-grade observation of Gypsophila paniculata (375x500),2026-10-10 09:50:57 UTC
gypsophila,gypsophila_inaturalist_141073553_dbf8376414.jpg,raw_acquisitions/gypsophila/inaturalist_research/gypsophila_inaturalist_141073553_dbf8376414.jpg,inaturalist_research,https://inaturalist-open-data.s3.amazonaws.com/photos/241590347/medium.jpeg,141073553,241590347,Gypsophila altissima (),cc-by,dbf8376414d4568cdf92a1b1aa9af628fe42f97cb6ae3c40b4a23fa84797e5d5,f9873e8989723a98,500,333,verified_valid,unique,Botanist-verified research-grade observation of Gypsophila altissima (500x333),2026-10-10 09:50:57 UTC
gypsophila,gypsophila_inaturalist_226656109_afd5e2be5b.jpg,raw_acquisitions/gypsophila/inaturalist_research/gypsophila_inaturalist_226656109_afd5e2be5b.jpg,inaturalist_research,https://static.inaturalist.org/photos/402006254/medium.jpeg,226656109,402006254,Gypsophila paniculata (baby's-breath),cc-by-nc,afd5e2be5b717aaed1fc320b73fe0ff6d6a62afcb7ed48320b8a4b03313f85d7,acc8f54ca531a736,281,500,verified_valid,unique,Botanist-verified research-grade observation of Gypsophila paniculata (281x500),2026-10-10 09:50:57 UTC
gypsophila,gypsophila_inaturalist_84286070_5bcc5781b4.jpg,raw_acquisitions/gypsophila/inaturalist_research/gypsophila_inaturalist_84286070_5bcc5781b4.jpg,inaturalist_research,https://inaturalist-open-data.s3.amazonaws.com/photos/138516259/medium.jpeg,84286070,138516259,Gypsophila paniculata (baby's-breath),cc-by-nc,5bcc5781b4b07c7d2569e7fead7b91bb98dd71f7d265f4a1e113eb3722be8a78,cb91785522ad987b,375,500,verified_valid,unique,Botanist-verified research-grade observation of Gypsophila paniculata (375x500),2026-10-10 09:50:57 UTC
gypsophila,gypsophila_inaturalist_47131489_ee52519e88.jpg,raw_acquisitions/gypsophila/inaturalist_research/gypsophila_inaturalist_47131489_ee52519e88.jpg,inaturalist_research,https://static.inaturalist.org/photos/74746545/medium.jpg,47131489,74746545,Gypsophila paniculata (baby's-breath),cc-by-nc,ee52519e88e4dde9da0d730327dbabcc68c2a6235f2eb9cda5bf76b0c489877e,996cb6d72b18ace0,375,500,verified_valid,unique,Botanist-verified research-grade observation of Gypsophila paniculata (375x500),2026-10-10 09:50:57 UTC
gypsophila,gypsophila_inaturalist_166651773_7b0387c4ad.jpg,raw_acquisitions/gypsophila/inaturalist_research/gypsophila_inaturalist_166651773_7b0387c4ad.jpg,inaturalist_research,https://inaturalist-open-data.s3.amazonaws.com/photos/288604729/medium.jpeg,166651773,288604729,Gypsophila altissima (),cc-by,7b0387c4ad7928333294830a0376e079e4206225e6768fc0a459c19ec7eaf11d,c00d7a8679f39c63,500,333,verified_valid,unique,Botanist-verified research-grade observation of Gypsophila altissima (500x333),2026-10-10 09:50:57 UTC
gypsophila,gypsophila_inaturalist_179955404_239a3f06a8.jpg,raw_acquisitions/gypsophila/inaturalist_research/gypsophila_inaturalist_179955404_239a3f06a8.jpg,inaturalist_research,https://inaturalist-open-data.s3.amazonaws.com/photos/313383878/medium.jpeg,179955404,313383878,Gypsophila paniculata (baby's-breath),cc-by-nc,239a3f06a88274c66109857858f05b71e01232398aeb7e568c0dde159d77994b,a0df1ee839e107a5,483,500,verified_valid,unique,Botanist-verified research-grade observation of Gypsophila paniculata (483x500),2026-10-10 09:50:57 UTC
gypsophila,gypsophila_inaturalist_291776761_1228c0ed4e.jpg,raw_acquisitions/gypsophila/inaturalist_research/gypsophila_inaturalist_291776761_1228c0ed4e.jpg,inaturalist_research,https://inaturalist-open-data.s3.amazonaws.com/photos/524998001/medium.jpg,291776761,524998001,Gypsophila paniculata (baby's-breath),cc-by-nc,1228c0ed4ea7108b67abc1c91bd8cdf9bd434fc96c83be881d091aba20c902d2,88bd37af836ec814,500,333,verified_valid,unique,Botanist-verified research-grade observation of Gypsophila paniculata (500x333),2026-10-10 09:50:57 UTC
gypsophila,gypsophila_inaturalist_280182694_29561265ef.jpg,raw_acquisitions/gypsophila/inaturalist_research/gypsophila_inaturalist_280182694_29561265ef.jpg,inaturalist_research,https://inaturalist-open-data.s3.amazonaws.com/photos/503196539/medium.jpeg,280182694,503196539,Gypsophila altissima (),cc-by,29561265ef372ab0c8c8f80139ad08088b2829c81cdfb4ba9ea65c336d6878f7,8d084adbd3836de6,500,333,verified_valid,unique,Botanist-verified research-grade observation of Gypsophila altissima (500x333),2026-10-10 09:50:57 UTC
gypsophila,gypsophila_inaturalist_136906528_e07f2efe05.jpg,raw_acquisitions/gypsophila/inaturalist_research/gypsophila_inaturalist_136906528_e07f2efe05.jpg,inaturalist_research,https://inaturalist-open-data.s3.amazonaws.com/photos/233729608/medium.jpg,136906528,233729608,Gypsophila altissima (),cc-by-nc,e07f2efe05cdc698e575ce5e70878ebe709bcd603d40d88d43c940097ef78d4e,af608b2b42d8bb93,375,500,verified_valid,unique,Botanist-verified research-grade observation of Gypsophila altissima (375x500),2026-10-10 09:50:57 UTC
gypsophila,gypsophila_inaturalist_66467385_b57bd1a186.jpg,raw_acquisitions/gypsophila/inaturalist_research/gypsophila_inaturalist_66467385_b57bd1a186.jpg,inaturalist_research,https://inaturalist-open-data.s3.amazonaws.com/photos/107154152/medium.jpg,66467385,107154152,Gypsophila altissima (),cc-by-nc,b57bd1a1863702a9bce7633a308cac8b638c46b6674a854533ff31347e7e371e,d3f469c33113d349,500,375,verified_valid,unique,Botanist-verified research-grade observation of Gypsophila altissima (500x375),2026-10-10 09:50:57 UTC
gypsophila,gypsophila_inaturalist_290375286_938d12ffa9.jpg,raw_acquisitions/gypsophila/inaturalist_research/gypsophila_inaturalist_290375286_938d12ffa9.jpg,inaturalist_research,https://inaturalist-open-data.s3.amazonaws.com/photos/522364287/medium.jpg,290375286,522364287,Gypsophila paniculata (baby's-breath),cc-by-nc,938d12ffa9d1fe03eacc6fa497c20eaf405f6a79966cc059edb179dc1a96576a,98c64ae8d9c4f68d,375,500,verified_valid,unique,Botanist-verified research-grade observation of Gypsophila paniculata (375x500),2026-10-10 09:50:57 UTC
gypsophila,gypsophila_inaturalist_225746556_3647242883.jpg,raw_acquisitions/gypsophila/inaturalist_research/gypsophila_inaturalist_225746556_3647242883.jpg,inaturalist_research,https://static.inaturalist.org/photos/400275837/medium.jpeg,225746556,400275837,Gypsophila vaccaria (Cowherb),cc-by-nc,3647242883d2ccccf43abe5ad6832312f2f245a9a6065149a557a255c9291c0c,cd313ff80305bc3a,375,500,verified_valid,unique,Botanist-verified research-grade observation of Gypsophila vaccaria (375x500),2026-10-10 09:50:57 UTC
gypsophila,gypsophila_inaturalist_236189045_f446a12fd1.jpg,raw_acquisitions/gypsophila/inaturalist_research/gypsophila_inaturalist_236189045_f446a12fd1.jpg,inaturalist_research,https://inaturalist-open-data.s3.amazonaws.com/photos/420163055/medium.jpeg,236189045,420163055,Gypsophila perfoliata (Perfoliate Baby's-breath),cc-by-nc,f446a12fd1868f336e8067315bb7a96bdcfb7bc31a246fac5dd23157ef137ba6,e28597110a7e5a3f,500,412,verified_valid,unique,Botanist-verified research-grade observation of Gypsophila perfoliata (500x412),2026-10-10 09:50:57 UTC
gypsophila,gypsophila_inaturalist_172218518_13c94015fa.jpg,raw_acquisitions/gypsophila/inaturalist_research/gypsophila_inaturalist_172218518_13c94015fa.jpg,inaturalist_research,https://inaturalist-open-data.s3.amazonaws.com/photos/298914847/medium.jpg,172218518,298914847,Gypsophila altissima (),cc-by-nc,13c94015fa6deb7739f8dacf3a31b651ef5002058387dd54ee2b2d4ca1201e4d,eec0d1dd82c6e12b,375,500,verified_valid,unique,Botanist-verified research-grade observation of Gypsophila altissima (375x500),2026-10-10 09:50:57 UTC
gypsophila,gypsophila_inaturalist_226081257_e01841b4d7.jpg,raw_acquisitions/gypsophila/inaturalist_research/gypsophila_inaturalist_226081257_e01841b4d7.jpg,inaturalist_research,https://inaturalist-open-data.s3.amazonaws.com/photos/400912120/medium.jpg,226081257,400912120,Gypsophila pacifica (Pink baby’s-breath),cc-by-nc,e01841b4d74a5f9c53a80bc28d2e31dcf038fd75baaa567d68f4d03b8730e2c8,bf1038f1cbb8170e,375,500,verified_valid,unique,Botanist-verified research-grade observation of Gypsophila pacifica (375x500),2026-10-10 09:50:57 UTC
gypsophila,gypsophila_inaturalist_173419049_985b6b9b3d.jpg,raw_acquisitions/gypsophila/inaturalist_research/gypsophila_inaturalist_173419049_985b6b9b3d.jpg,inaturalist_research,https://inaturalist-open-data.s3.amazonaws.com/photos/301162424/medium.jpg,173419049,301162424,Gypsophila paniculata (baby's-breath),cc-by-nc,985b6b9b3d4caae2ac4f1c808e7ec1e50c98ea8de63b6b8041c7fe04d57b5c25,b280a5b9cf83d81f,375,500,verified_valid,unique,Botanist-verified research-grade observation of Gypsophila paniculata (375x500),2026-10-10 09:50:57 UTC
gypsophila,gypsophila_inaturalist_173552962_d0a8a9d417.jpg,raw_acquisitions/gypsophila/inaturalist_research/gypsophila_inaturalist_173552962_d0a8a9d417.jpg,inaturalist_research,https://inaturalist-open-data.s3.amazonaws.com/photos/301410027/medium.jpeg,173552962,301410027,Gypsophila perfoliata (Perfoliate Baby's-breath),cc-by,d0a8a9d41787f47f95e341520fe75746b7e7f6847faddd5a69714694e5aa95b2,e3b8d8434aadfc82,375,500,verified_valid,unique,Botanist-verified research-grade observation of Gypsophila perfoliata (375x500),2026-10-10 09:50:57 UTC
gypsophila,gypsophila_inaturalist_237327341_7144b6dfe8.jpg,raw_acquisitions/gypsophila/inaturalist_research/gypsophila_inaturalist_237327341_7144b6dfe8.jpg,inaturalist_research,https://inaturalist-open-data.s3.amazonaws.com/photos/422345627/medium.jpg,237327341,422345627,Gypsophila patrinii (),cc-by-nc,7144b6dfe80d6c757dd4533fa85c40436f9b13cfbd79aba74ac0e39c85683c15,9b9136355c86c39b,281,500,verified_valid,unique,Botanist-verified research-grade observation of Gypsophila patrinii (281x500),2026-10-10 09:50:57 UTC
gypsophila,gypsophila_inaturalist_175008255_128f6277da.jpg,raw_acquisitions/gypsophila/inaturalist_research/gypsophila_inaturalist_175008255_128f6277da.jpg,inaturalist_research,https://inaturalist-open-data.s3.amazonaws.com/photos/304170494/medium.jpeg,175008255,304170494,Gypsophila altissima (),cc-by-nc,128f6277da72efdb2bdc4660dda8a74bbec5cb98c624333dfd4a1e2167898617,c6a5ae0a4c7c78dc,375,500,verified_valid,unique,Botanist-verified research-grade observation of Gypsophila altissima (375x500),2026-10-10 09:50:57 UTC
gypsophila,gypsophila_inaturalist_175186192_ad7ae70c95.jpg,raw_acquisitions/gypsophila/inaturalist_research/gypsophila_inaturalist_175186192_ad7ae70c95.jpg,inaturalist_research,https://inaturalist-open-data.s3.amazonaws.com/photos/304429303/medium.jpeg,175186192,304429303,Gypsophila tenuifolia (),cc-by-nc,ad7ae70c95d953a93d3c2028c6e45f0447c8f3f042a2c17ad38bc23aff914a1e,efb1c87ac3d4a144,500,375,verified_valid,unique,Botanist-verified research-grade observation of Gypsophila tenuifolia (500x375),2026-10-10 09:50:57 UTC
gypsophila,gypsophila_inaturalist_171956082_cd972bb701.jpg,raw_acquisitions/gypsophila/inaturalist_research/gypsophila_inaturalist_171956082_cd972bb701.jpg,inaturalist_research,https://static.inaturalist.org/photos/298444916/medium.jpeg,171956082,298444916,Gypsophila repens (Creeping Baby's-breath),cc-by-nc,cd972bb7015d294de3cedb422d12947929a23484769a1d7c07f047f922f6caee,df5b3ab4040f39d0,375,500,verified_valid,unique,Botanist-verified research-grade observation of Gypsophila repens (375x500),2026-10-10 09:50:57 UTC
gypsophila,gypsophila_inaturalist_171822526_42e90c97c2.jpg,raw_acquisitions/gypsophila/inaturalist_research/gypsophila_inaturalist_171822526_42e90c97c2.jpg,inaturalist_research,https://static.inaturalist.org/photos/298195506/medium.jpeg,171822526,298195506,Gypsophila repens (Creeping Baby's-breath),cc-by-nc,42e90c97c275a7847c8046ebaf7e95090122448bcdf31c7c364a0461395c2816,c11272be5da46379,500,333,verified_valid,unique,Botanist-verified research-grade observation of Gypsophila repens (500x333),2026-10-10 09:50:57 UTC
gypsophila,gypsophila_inaturalist_174266035_01fbb54d69.jpg,raw_acquisitions/gypsophila/inaturalist_research/gypsophila_inaturalist_174266035_01fbb54d69.jpg,inaturalist_research,https://inaturalist-open-data.s3.amazonaws.com/photos/302730394/medium.jpg,174266035,302730394,Gypsophila paniculata (baby's-breath),cc-by,01fbb54d694376bad815c70dd42278334d424a890cde63e4ffb74512e131c2d6,f4e209f9f0067a72,375,500,verified_valid,unique,Botanist-verified research-grade observation of Gypsophila paniculata (375x500),2026-10-10 09:50:57 UTC
gypsophila,gypsophila_inaturalist_239950202_d01fddf547.jpg,raw_acquisitions/gypsophila/inaturalist_research/gypsophila_inaturalist_239950202_d01fddf547.jpg,inaturalist_research,https://inaturalist-open-data.s3.amazonaws.com/photos/427426897/medium.jpg,239950202,427426897,Gypsophila repens (Creeping Baby's-breath),cc-by-nc,d01fddf5474670d1292d04e3860a1767f784201cf7fa4b46a1cc28b5e8006b81,ad83272b053f4b95,281,500,verified_valid,unique,Botanist-verified research-grade observation of Gypsophila repens (281x500),2026-10-10 09:50:57 UTC
gypsophila,gypsophila_inaturalist_169424104_e9c5ca83b9.jpg,raw_acquisitions/gypsophila/inaturalist_research/gypsophila_inaturalist_169424104_e9c5ca83b9.jpg,inaturalist_research,https://inaturalist-open-data.s3.amazonaws.com/photos/293726326/medium.jpg,169424104,293726326,Gypsophila vaccaria (Cowherb),cc-by-nc,e9c5ca83b93c8fbde1216cbcdcfc329502a70a8430b2362ea46edce40b462b5d,896034abdd784a7b,375,500,verified_valid,unique,Botanist-verified research-grade observation of Gypsophila vaccaria (375x500),2026-10-10 09:50:57 UTC
gypsophila,gypsophila_inaturalist_174346340_75c0b020a2.jpg,raw_acquisitions/gypsophila/inaturalist_research/gypsophila_inaturalist_174346340_75c0b020a2.jpg,inaturalist_research,https://inaturalist-open-data.s3.amazonaws.com/photos/302330921/medium.jpg,174346340,302330921,Gypsophila vaccaria (Cowherb),cc-by-nc,75c0b020a26eb8261d8da479cdc6ded65c04db02d857218bd4161d6972914306,c201876fb05b675e,375,500,verified_valid,unique,Botanist-verified research-grade observation of Gypsophila vaccaria (375x500),2026-10-10 09:50:57 UTC
gypsophila,gypsophila_inaturalist_175210429_c83dcebeba.jpg,raw_acquisitions/gypsophila/inaturalist_research/gypsophila_inaturalist_175210429_c83dcebeba.jpg,inaturalist_research,https://inaturalist-open-data.s3.amazonaws.com/photos/304670559/medium.jpeg,175210429,304670559,Gypsophila perfoliata (Perfoliate Baby's-breath),cc-by-nc,c83dcebeba104745bf1b246e335cd0e6031f9105a39545cd7ba3f428bb311f75,99962614d88f5dd3,500,281,verified_valid,unique,Botanist-verified research-grade observation of Gypsophila perfoliata (500x281),2026-10-10 09:50:57 UTC
gypsophila,gypsophila_inaturalist_171472367_915d5d1821.jpg,raw_acquisitions/gypsophila/inaturalist_research/gypsophila_inaturalist_171472367_915d5d1821.jpg,inaturalist_research,https://inaturalist-open-data.s3.amazonaws.com/photos/297549569/medium.jpeg,171472367,297549569,Gypsophila repens (Creeping Baby's-breath),cc-by-nc,915d5d182179c0a5a339400fb48ad783f0d9efbeb274f14c8133921f9835c152,bda0695ac7cf0598,500,500,verified_valid,unique,Botanist-verified research-grade observation of Gypsophila repens (500x500),2026-10-10 09:50:57 UTC
gypsophila,gypsophila_inaturalist_238402397_015ef0701d.jpg,raw_acquisitions/gypsophila/inaturalist_research/gypsophila_inaturalist_238402397_015ef0701d.jpg,inaturalist_research,https://inaturalist-open-data.s3.amazonaws.com/photos/424401498/medium.jpg,238402397,424401498,Gypsophila vaccaria (Cowherb),cc-by-nc,015ef0701d96ab41aa4386d8990ba9fe81bdd2bee72765f134bedb4a6970b988,b28ef8e1892e678a,500,333,verified_valid,unique,Botanist-verified research-grade observation of Gypsophila vaccaria (500x333),2026-10-10 09:50:57 UTC
gypsophila,gypsophila_inaturalist_243931479_bfe79bcbe4.jpg,raw_acquisitions/gypsophila/inaturalist_research/gypsophila_inaturalist_243931479_bfe79bcbe4.jpg,inaturalist_research,https://inaturalist-open-data.s3.amazonaws.com/photos/435042063/medium.jpeg,243931479,435042063,Gypsophila acutifolia (Sharp-leaf Baby's-breath),cc-by,bfe79bcbe4fae689ef83d8a8d60f14304fde2b133f33a3be3ce266e6fd684710,a000ddbee1e2e7a9,375,500,verified_valid,unique,Botanist-verified research-grade observation of Gypsophila acutifolia (375x500),2026-10-10 09:50:57 UTC
gypsophila,gypsophila_inaturalist_239470591_9eef532e4c.jpg,raw_acquisitions/gypsophila/inaturalist_research/gypsophila_inaturalist_239470591_9eef532e4c.jpg,inaturalist_research,https://inaturalist-open-data.s3.amazonaws.com/photos/426503275/medium.jpg,239470591,426503275,Gypsophila repens (Creeping Baby's-breath),cc-by-nc,9eef532e4c6e7d8beea29d1b468f9126b622d59d953bb8c56b793e9f65958a20,e7b592331969d88c,500,331,verified_valid,unique,Botanist-verified research-grade observation of Gypsophila repens (500x331),2026-10-10 09:50:57 UTC
gypsophila,gypsophila_inaturalist_171218179_b51e9df283.jpg,raw_acquisitions/gypsophila/inaturalist_research/gypsophila_inaturalist_171218179_b51e9df283.jpg,inaturalist_research,https://static.inaturalist.org/photos/297077999/medium.jpeg,171218179,297077999,Gypsophila repens (Creeping Baby's-breath),cc-by-nc,b51e9df2835a46934e438d991ae1b599970940683df5e2b87f0b201d3b9ddfc5,898d6263dfcc6e48,500,333,verified_valid,unique,Botanist-verified research-grade observation of Gypsophila repens (500x333),2026-10-10 09:50:57 UTC
gypsophila,gypsophila_inaturalist_170645720_d0fa71593b.jpg,raw_acquisitions/gypsophila/inaturalist_research/gypsophila_inaturalist_170645720_d0fa71593b.jpg,inaturalist_research,https://inaturalist-open-data.s3.amazonaws.com/photos/296002953/medium.jpeg,170645720,296002953,Gypsophila acutifolia (Sharp-leaf Baby's-breath),cc-by-nc,d0fa71593bab90d2fa73696210e1098cc6ee9af930d14efcc0c849230ab3cf69,d2dc2b47661f4368,333,500,verified_valid,unique,Botanist-verified research-grade observation of Gypsophila acutifolia (333x500),2026-10-10 09:50:57 UTC
gypsophila,gypsophila_inaturalist_174563603_b85beaeb4f.jpg,raw_acquisitions/gypsophila/inaturalist_research/gypsophila_inaturalist_174563603_b85beaeb4f.jpg,inaturalist_research,https://inaturalist-open-data.s3.amazonaws.com/photos/303255607/medium.jpg,174563603,303255607,Gypsophila repens (Creeping Baby's-breath),cc-by-nc,b85beaeb4faed50111a1ce84b56cb30ccf962374b5b91327b06ff44e3c9d6a4a,ea98c2fd852eb891,375,500,verified_valid,unique,Botanist-verified research-grade observation of Gypsophila repens (375x500),2026-10-10 09:50:57 UTC
gypsophila,gypsophila_inaturalist_175683804_7139c1e618.jpg,raw_acquisitions/gypsophila/inaturalist_research/gypsophila_inaturalist_175683804_7139c1e618.jpg,inaturalist_research,https://static.inaturalist.org/photos/305343636/medium.jpg,175683804,305343636,Gypsophila paniculata (baby's-breath),cc-by-nc,7139c1e618a78ccba8411bc358960145dc2c518e09335cb5af9744d1fead143d,af12e56ad164ccc9,281,500,verified_valid,unique,Botanist-verified research-grade observation of Gypsophila paniculata (281x500),2026-10-10 09:50:57 UTC
gypsophila,gypsophila_inaturalist_245821808_ae436dac3a.jpg,raw_acquisitions/gypsophila/inaturalist_research/gypsophila_inaturalist_245821808_ae436dac3a.jpg,inaturalist_research,https://inaturalist-open-data.s3.amazonaws.com/photos/438721930/medium.jpg,245821808,438721930,Gypsophila vaccaria (Cowherb),cc-by-nc,ae436dac3a78d44a584f7b033bcf44a097d451d322a6b600e0b319d943ce575a,e2017326cacf273b,500,333,verified_valid,unique,Botanist-verified research-grade observation of Gypsophila vaccaria (500x333),2026-10-10 09:50:57 UTC
gypsophila,gypsophila_inaturalist_174887686_d50ffd40fa.jpg,raw_acquisitions/gypsophila/inaturalist_research/gypsophila_inaturalist_174887686_d50ffd40fa.jpg,inaturalist_research,https://inaturalist-open-data.s3.amazonaws.com/photos/303876885/medium.jpeg,174887686,303876885,Gypsophila paniculata (baby's-breath),cc-by-nc,d50ffd40fa8b9dd3948a14d4648d07173eb0e428f41bd8cbf6fc04e558e190a2,8cf3689b1dd58784,375,500,verified_valid,unique,Botanist-verified research-grade observation of Gypsophila paniculata (375x500),2026-10-10 09:50:57 UTC
gypsophila,gypsophila_inaturalist_175814698_13590126c5.jpg,raw_acquisitions/gypsophila/inaturalist_research/gypsophila_inaturalist_175814698_13590126c5.jpg,inaturalist_research,https://inaturalist-open-data.s3.amazonaws.com/photos/305583433/medium.jpg,175814698,305583433,Gypsophila repens (Creeping Baby's-breath),cc-by,13590126c5f8ffef5c35fa3a15112917fbd9393b69772e52f704105a96472c06,b0c93b252b46cd1f,375,500,verified_valid,unique,Botanist-verified research-grade observation of Gypsophila repens (375x500),2026-10-10 09:50:57 UTC
gypsophila,gypsophila_inaturalist_175691071_18b0f2c17c.jpg,raw_acquisitions/gypsophila/inaturalist_research/gypsophila_inaturalist_175691071_18b0f2c17c.jpg,inaturalist_research,https://inaturalist-open-data.s3.amazonaws.com/photos/305356709/medium.jpg,175691071,305356709,Gypsophila altissima (),cc-by-nc,18b0f2c17ce3bb51182123f1d98163b4a3686390d67d052de7810088999932d7,d7489e18acb661e5,375,500,verified_valid,unique,Botanist-verified research-grade observation of Gypsophila altissima (375x500),2026-10-10 09:50:57 UTC
gypsophila,gypsophila_inaturalist_245821849_c35a982b8e.jpg,raw_acquisitions/gypsophila/inaturalist_research/gypsophila_inaturalist_245821849_c35a982b8e.jpg,inaturalist_research,https://inaturalist-open-data.s3.amazonaws.com/photos/438722065/medium.jpg,245821849,438722065,Gypsophila vaccaria (Cowherb),cc-by-nc,c35a982b8ee9f6d34180cacab04023e3d8921947656b3e679fa7ae453ce4a036,cc31c44baddb298e,500,333,verified_valid,unique,Botanist-verified research-grade observation of Gypsophila vaccaria (500x333),2026-10-10 09:50:57 UTC
gypsophila,gypsophila_inaturalist_172297297_5f77379eac.jpg,raw_acquisitions/gypsophila/inaturalist_research/gypsophila_inaturalist_172297297_5f77379eac.jpg,inaturalist_research,https://inaturalist-open-data.s3.amazonaws.com/photos/299089582/medium.jpg,172297297,299089582,Gypsophila paniculata (baby's-breath),cc-by-nc,5f77379eac01334f15fd351fcf628bbd9546e45bd83bb935550cfd187166d5da,8fd0be6077243437,375,500,verified_valid,unique,Botanist-verified research-grade observation of Gypsophila paniculata (375x500),2026-10-10 09:50:57 UTC
gypsophila,gypsophila_inaturalist_228919695_e180f101bd.jpg,raw_acquisitions/gypsophila/inaturalist_research/gypsophila_inaturalist_228919695_e180f101bd.jpg,inaturalist_research,https://inaturalist-open-data.s3.amazonaws.com/photos/406291627/medium.jpeg,228919695,406291627,Gypsophila paniculata (baby's-breath),cc-by-nc,e180f101bda3b05eed3497f8a72c7e225ae1fd562b212a93149add9ee399af11,c39ee1e09093ce75,375,500,verified_valid,unique,Botanist-verified research-grade observation of Gypsophila paniculata (375x500),2026-10-10 09:50:57 UTC
gypsophila,gypsophila_inaturalist_226561814_d5d9acb83a.jpg,raw_acquisitions/gypsophila/inaturalist_research/gypsophila_inaturalist_226561814_d5d9acb83a.jpg,inaturalist_research,https://inaturalist-open-data.s3.amazonaws.com/photos/401823871/medium.jpg,226561814,401823871,Gypsophila perfoliata (Perfoliate Baby's-breath),cc-by-nc,d5d9acb83acf3d8d82da480b995199175ce23b192bda8f4d9873031fc84e92d9,ccf62d89130edc71,375,500,verified_valid,unique,Botanist-verified research-grade observation of Gypsophila perfoliata (375x500),2026-10-10 09:50:57 UTC
