wave,model_target,target_class,priority,needed_count,recommended_sources,source_urls,license_terms,expected_image_count,label_quality,crop_disease_compatibility,verification_status,note
Wave 1,model1,gerbera,P0,98,Wikimedia Commons category trees + iNaturalist Research-Grade observations,Wikimedia Commons category trees <https://commons.wikimedia.org> | iNaturalist Research-Grade observations <https://www.inaturalist.org>,"https://commons.wikimedia.org :: Per-file license (mostly CC-BY/CC-BY-SA, varies) — verify each file page at download. | https://www.inaturalist.org :: Per-observation license (CC0/CC-BY/CC-BY-NC/all-rights vary) — filter open licenses only; re-verify each record at download. — RECORD final per-record/per-file license in acquisition manifest; unconfirmed pages must be re-checked at download: Wikimedia Commons category trees | iNaturalist Research-Grade observations.",NOT PRE-COUNTED — 98 verified accepts required after gates; collect surplus to survive dedupe/rejection.,"Community consensus: adequate for crop ID of common species; expert sign-off mandatory for floriculture single-flower ID (gerbera, gypsophila, lilium).",N/A (crop classifier; no disease label),URL_OK; NEEDS_LICENSE_REVERIFY; NEEDS_COUNT_ESTIMATE,Single-flower images with visible ray florets; needs expert ID; zero local pool.
Wave 1,model1,gypsophila,P0,100,Wikimedia Commons category trees + iNaturalist Research-Grade observations,Wikimedia Commons category trees <https://commons.wikimedia.org> | iNaturalist Research-Grade observations <https://www.inaturalist.org>,"https://commons.wikimedia.org :: Per-file license (mostly CC-BY/CC-BY-SA, varies) — verify each file page at download. | https://www.inaturalist.org :: Per-observation license (CC0/CC-BY/CC-BY-NC/all-rights vary) — filter open licenses only; re-verify each record at download. — RECORD final per-record/per-file license in acquisition manifest; unconfirmed pages must be re-checked at download: Wikimedia Commons category trees | iNaturalist Research-Grade observations.",NOT PRE-COUNTED — 100 verified accepts required after gates; collect surplus to survive dedupe/rejection.,"Community consensus: adequate for crop ID of common species; expert sign-off mandatory for floriculture single-flower ID (gerbera, gypsophila, lilium).",N/A (crop classifier; no disease label),URL_OK; NEEDS_LICENSE_REVERIFY; NEEDS_COUNT_ESTIMATE,Floristic ID fragile (baby's-breath vs lookalikes); expert sign-off mandatory.
Wave 3,model1,lilium,P1,63,Oxford Flowers 102 LOCAL archive (already on disk) + Wikimedia Commons category trees,"Oxford Flowers 102 LOCAL archive (already on disk) <local: data/downloads/flowers-102 (8,189 jpgs + imagelabels.mat)> | Wikimedia Commons category trees <https://commons.wikimedia.org>","local: data/downloads/flowers-102 (8,189 jpgs + imagelabels.mat) :: VGG non-commercial research terms — confirm before use. Category-to-crop mapping + SHA dedupe required. | https://commons.wikimedia.org :: Per-file license (mostly CC-BY/CC-BY-SA, varies) — verify each file page at download. — RECORD final per-record/per-file license in acquisition manifest; unconfirmed pages must be re-checked at download: Oxford Flowers 102 LOCAL archive (already on disk) | Wikimedia Commons category trees.",NOT PRE-COUNTED — 63 verified accepts required after gates; collect surplus to survive dedupe/rejection.,"Community consensus: adequate for crop ID of common species; expert sign-off mandatory for floriculture single-flower ID (gerbera, gypsophila, lilium).",N/A (crop classifier; no disease label),URL_OK; NEEDS_LICENSE_REVERIFY; NEEDS_COUNT_ESTIMATE,"LOCAL archive first (label-map + SHA dedupe), then external top-up."
Wave 3,model1,basil,P1,49,iNaturalist Research-Grade observations + Wikimedia Commons category trees,iNaturalist Research-Grade observations <https://www.inaturalist.org> | Wikimedia Commons category trees <https://commons.wikimedia.org>,"https://www.inaturalist.org :: Per-observation license (CC0/CC-BY/CC-BY-NC/all-rights vary) — filter open licenses only; re-verify each record at download. | https://commons.wikimedia.org :: Per-file license (mostly CC-BY/CC-BY-SA, varies) — verify each file page at download. — RECORD final per-record/per-file license in acquisition manifest; unconfirmed pages must be re-checked at download: iNaturalist Research-Grade observations | Wikimedia Commons category trees.",NOT PRE-COUNTED — 49 verified accepts required after gates; collect surplus to survive dedupe/rejection.,"Community consensus: adequate for crop ID of common species; expert sign-off mandatory for floriculture single-flower ID (gerbera, gypsophila, lilium).",N/A (crop classifier; no disease label),URL_OK; NEEDS_LICENSE_REVERIFY; NEEDS_COUNT_ESTIMATE,Healthy foliage only (downy-mildew-free) to avoid M1/M2 cross-contamination.
Wave 3,model1,celery,P1,47,iNaturalist Research-Grade observations + Wikimedia Commons category trees,iNaturalist Research-Grade observations <https://www.inaturalist.org> | Wikimedia Commons category trees <https://commons.wikimedia.org>,"https://www.inaturalist.org :: Per-observation license (CC0/CC-BY/CC-BY-NC/all-rights vary) — filter open licenses only; re-verify each record at download. | https://commons.wikimedia.org :: Per-file license (mostly CC-BY/CC-BY-SA, varies) — verify each file page at download. — RECORD final per-record/per-file license in acquisition manifest; unconfirmed pages must be re-checked at download: iNaturalist Research-Grade observations | Wikimedia Commons category trees.",NOT PRE-COUNTED — 47 verified accepts required after gates; collect surplus to survive dedupe/rejection.,"Community consensus: adequate for crop ID of common species; expert sign-off mandatory for floriculture single-flower ID (gerbera, gypsophila, lilium).",N/A (crop classifier; no disease label),URL_OK; NEEDS_LICENSE_REVERIFY; NEEDS_COUNT_ESTIMATE,Apiaceae petiole detail required.
Wave 3,model1,ginger,P1,27,iNaturalist Research-Grade observations + Wikimedia Commons category trees,iNaturalist Research-Grade observations <https://www.inaturalist.org> | Wikimedia Commons category trees <https://commons.wikimedia.org>,"https://www.inaturalist.org :: Per-observation license (CC0/CC-BY/CC-BY-NC/all-rights vary) — filter open licenses only; re-verify each record at download. | https://commons.wikimedia.org :: Per-file license (mostly CC-BY/CC-BY-SA, varies) — verify each file page at download. — RECORD final per-record/per-file license in acquisition manifest; unconfirmed pages must be re-checked at download: iNaturalist Research-Grade observations | Wikimedia Commons category trees.",NOT PRE-COUNTED — 27 verified accepts required after gates; collect surplus to survive dedupe/rejection.,"Community consensus: adequate for crop ID of common species; expert sign-off mandatory for floriculture single-flower ID (gerbera, gypsophila, lilium).",N/A (crop classifier; no disease label),URL_OK; NEEDS_LICENSE_REVERIFY; NEEDS_COUNT_ESTIMATE,Rice/wheat-distinct lanceolate contexts (Model 1 ginger->rice/wheat errors).
Wave 3,model1,cauliflower,P1,16,iNaturalist Research-Grade observations + Roboflow Universe (per-project datasets),iNaturalist Research-Grade observations <https://www.inaturalist.org> | Roboflow Universe (per-project datasets) <https://universe.roboflow.com>,https://www.inaturalist.org :: Per-observation license (CC0/CC-BY/CC-BY-NC/all-rights vary) — filter open licenses only; re-verify each record at download. | https://universe.roboflow.com :: Per-project license (CC-BY/GPL/custom varies) — verify the license field of EACH project before download. — RECORD final per-record/per-file license in acquisition manifest; unconfirmed pages must be re-checked at download: iNaturalist Research-Grade observations | Roboflow Universe (per-project datasets).,NOT PRE-COUNTED — 16 verified accepts required after gates; collect surplus to survive dedupe/rejection.,"Community consensus: adequate for crop ID of common species; expert sign-off mandatory for floriculture single-flower ID (gerbera, gypsophila, lilium).",N/A (crop classifier; no disease label),URL_OK; NEEDS_LICENSE_REVERIFY; NEEDS_COUNT_ESTIMATE,Brassica pair with broccoli/cabbage distinctness; curd-adjacent foliage.
Wave 3,model1,raspberry,P1,1,iNaturalist Research-Grade observations,iNaturalist Research-Grade observations <https://www.inaturalist.org>,https://www.inaturalist.org :: Per-observation license (CC0/CC-BY/CC-BY-NC/all-rights vary) — filter open licenses only; re-verify each record at download. — RECORD final per-record/per-file license in acquisition manifest; unconfirmed pages must be re-checked at download: iNaturalist Research-Grade observations.,NOT PRE-COUNTED — 1 verified accepts required after gates; collect surplus to survive dedupe/rejection.,"Community consensus: adequate for crop ID of common species; expert sign-off mandatory for floriculture single-flower ID (gerbera, gypsophila, lilium).",N/A (crop classifier; no disease label),URL_OK; NEEDS_LICENSE_REVERIFY; NEEDS_COUNT_ESTIMATE,Token top-up to reach 100; new independent source preferred.
Wave 3,model1,cherry,P1,39,iNaturalist Research-Grade observations + PlantVillage (Kaggle mirror emmarex/plantdisease),iNaturalist Research-Grade observations <https://www.inaturalist.org> | PlantVillage (Kaggle mirror emmarex/plantdisease) <https://www.kaggle.com/datasets/emmarex/plantdisease>,https://www.inaturalist.org :: Per-observation license (CC0/CC-BY/CC-BY-NC/all-rights vary) — filter open licenses only; re-verify each record at download. | https://www.kaggle.com/datasets/emmarex/plantdisease :: Dataset page terms — re-verify at download. Same lab-leaf domain as existing train data: strict SHA dedupe mandatory. — RECORD final per-record/per-file license in acquisition manifest; unconfirmed pages must be re-checked at download: iNaturalist Research-Grade observations | PlantVillage (Kaggle mirror emmarex/plantdisease).,NOT PRE-COUNTED — 39 verified accepts required after gates; collect surplus to survive dedupe/rejection.,"Community consensus: adequate for crop ID of common species; expert sign-off mandatory for floriculture single-flower ID (gerbera, gypsophila, lilium).",N/A (crop classifier; no disease label),URL_OK; NEEDS_LICENSE_REVERIFY; NEEDS_COUNT_ESTIMATE,Canopy-context stone-fruit foliage (current set is tight close-ups).
Wave 4,model1,carnation,P2,59,Wikimedia Commons category trees + iNaturalist Research-Grade observations,Wikimedia Commons category trees <https://commons.wikimedia.org> | iNaturalist Research-Grade observations <https://www.inaturalist.org>,"https://commons.wikimedia.org :: Per-file license (mostly CC-BY/CC-BY-SA, varies) — verify each file page at download. | https://www.inaturalist.org :: Per-observation license (CC0/CC-BY/CC-BY-NC/all-rights vary) — filter open licenses only; re-verify each record at download. — RECORD final per-record/per-file license in acquisition manifest; unconfirmed pages must be re-checked at download: Wikimedia Commons category trees | iNaturalist Research-Grade observations.",NOT PRE-COUNTED — 59 verified accepts required after gates; collect surplus to survive dedupe/rejection.,"Community consensus: adequate for crop ID of common species; expert sign-off mandatory for floriculture single-flower ID (gerbera, gypsophila, lilium).",N/A (crop classifier; no disease label),URL_OK; NEEDS_LICENSE_REVERIFY; NEEDS_COUNT_ESTIMATE,P2 per audit; distinct source from existing single-source pool.
Wave 4,model1,anthurium,P2,16,Wikimedia Commons category trees + iNaturalist Research-Grade observations,Wikimedia Commons category trees <https://commons.wikimedia.org> | iNaturalist Research-Grade observations <https://www.inaturalist.org>,"https://commons.wikimedia.org :: Per-file license (mostly CC-BY/CC-BY-SA, varies) — verify each file page at download. | https://www.inaturalist.org :: Per-observation license (CC0/CC-BY/CC-BY-NC/all-rights vary) — filter open licenses only; re-verify each record at download. — RECORD final per-record/per-file license in acquisition manifest; unconfirmed pages must be re-checked at download: Wikimedia Commons category trees | iNaturalist Research-Grade observations.",NOT PRE-COUNTED — 16 verified accepts required after gates; collect surplus to survive dedupe/rejection.,"Community consensus: adequate for crop ID of common species; expert sign-off mandatory for floriculture single-flower ID (gerbera, gypsophila, lilium).",N/A (crop classifier; no disease label),URL_OK; NEEDS_LICENSE_REVERIFY; NEEDS_COUNT_ESTIMATE,P2 per audit; new independent source.
Wave 4,model1,maple,P2,9,iNaturalist Research-Grade observations,iNaturalist Research-Grade observations <https://www.inaturalist.org>,https://www.inaturalist.org :: Per-observation license (CC0/CC-BY/CC-BY-NC/all-rights vary) — filter open licenses only; re-verify each record at download. — RECORD final per-record/per-file license in acquisition manifest; unconfirmed pages must be re-checked at download: iNaturalist Research-Grade observations.,NOT PRE-COUNTED — 9 verified accepts required after gates; collect surplus to survive dedupe/rejection.,"Community consensus: adequate for crop ID of common species; expert sign-off mandatory for floriculture single-flower ID (gerbera, gypsophila, lilium).",N/A (crop classifier; no disease label),URL_OK; NEEDS_LICENSE_REVERIFY; NEEDS_COUNT_ESTIMATE,P2 per audit; token top-up.
Wave 4,model1,eggplant,P2,42,iNaturalist Research-Grade observations + PlantVillage (Kaggle mirror emmarex/plantdisease),iNaturalist Research-Grade observations <https://www.inaturalist.org> | PlantVillage (Kaggle mirror emmarex/plantdisease) <https://www.kaggle.com/datasets/emmarex/plantdisease>,https://www.inaturalist.org :: Per-observation license (CC0/CC-BY/CC-BY-NC/all-rights vary) — filter open licenses only; re-verify each record at download. | https://www.kaggle.com/datasets/emmarex/plantdisease :: Dataset page terms — re-verify at download. Same lab-leaf domain as existing train data: strict SHA dedupe mandatory. — RECORD final per-record/per-file license in acquisition manifest; unconfirmed pages must be re-checked at download: iNaturalist Research-Grade observations | PlantVillage (Kaggle mirror emmarex/plantdisease).,NOT PRE-COUNTED — 42 verified accepts required after gates; collect surplus to survive dedupe/rejection.,"Community consensus: adequate for crop ID of common species; expert sign-off mandatory for floriculture single-flower ID (gerbera, gypsophila, lilium).",N/A (crop classifier; no disease label),URL_OK; NEEDS_LICENSE_REVERIFY; NEEDS_COUNT_ESTIMATE,P2 per audit; Solanaceae field contexts.
Wave 4,model1,rice,P2,27,iNaturalist Research-Grade observations + Rice Leaf Disease datasets (Kaggle),iNaturalist Research-Grade observations <https://www.inaturalist.org> | Rice Leaf Disease datasets (Kaggle) <SEARCH at download: Kaggle 'rice leaf disease' (URL not pre-verified offline)>,https://www.inaturalist.org :: Per-observation license (CC0/CC-BY/CC-BY-NC/all-rights vary) — filter open licenses only; re-verify each record at download. | SEARCH at download: Kaggle 'rice leaf disease' (URL not pre-verified offline) :: Dataset page terms — re-verify at download. — RECORD final per-record/per-file license in acquisition manifest; unconfirmed pages must be re-checked at download: iNaturalist Research-Grade observations | Rice Leaf Disease datasets (Kaggle).,NOT PRE-COUNTED — 27 verified accepts required after gates; collect surplus to survive dedupe/rejection.,"Community consensus: adequate for crop ID of common species; expert sign-off mandatory for floriculture single-flower ID (gerbera, gypsophila, lilium).",N/A (crop classifier; no disease label),NEEDS_URL_CHECK; NEEDS_LICENSE_REVERIFY; NEEDS_COUNT_ESTIMATE,P2 per audit; paddy contexts distinct from wheat.
Wave 4,model1,garlic,P2,0,iNaturalist Research-Grade observations,iNaturalist Research-Grade observations <https://www.inaturalist.org>,https://www.inaturalist.org :: Per-observation license (CC0/CC-BY/CC-BY-NC/all-rights vary) — filter open licenses only; re-verify each record at download. — RECORD final per-record/per-file license in acquisition manifest; unconfirmed pages must be re-checked at download: iNaturalist Research-Grade observations.,NOT PRE-COUNTED — 0 verified accepts required after gates; collect surplus to survive dedupe/rejection.,"Community consensus: adequate for crop ID of common species; expert sign-off mandatory for floriculture single-flower ID (gerbera, gypsophila, lilium).",N/A (crop classifier; no disease label),URL_OK; NEEDS_LICENSE_REVERIFY; NEEDS_COUNT_ESTIMATE,P2 per audit; already at target — opportunistic diversity only.
Wave 4,model1,plum,P2,0,iNaturalist Research-Grade observations,iNaturalist Research-Grade observations <https://www.inaturalist.org>,https://www.inaturalist.org :: Per-observation license (CC0/CC-BY/CC-BY-NC/all-rights vary) — filter open licenses only; re-verify each record at download. — RECORD final per-record/per-file license in acquisition manifest; unconfirmed pages must be re-checked at download: iNaturalist Research-Grade observations.,NOT PRE-COUNTED — 0 verified accepts required after gates; collect surplus to survive dedupe/rejection.,"Community consensus: adequate for crop ID of common species; expert sign-off mandatory for floriculture single-flower ID (gerbera, gypsophila, lilium).",N/A (crop classifier; no disease label),URL_OK; NEEDS_LICENSE_REVERIFY; NEEDS_COUNT_ESTIMATE,P2 per audit; already at target — opportunistic diversity only.
Wave 4,model1,cabbage,P2,30,iNaturalist Research-Grade observations + Roboflow Universe (per-project datasets),iNaturalist Research-Grade observations <https://www.inaturalist.org> | Roboflow Universe (per-project datasets) <https://universe.roboflow.com>,https://www.inaturalist.org :: Per-observation license (CC0/CC-BY/CC-BY-NC/all-rights vary) — filter open licenses only; re-verify each record at download. | https://universe.roboflow.com :: Per-project license (CC-BY/GPL/custom varies) — verify the license field of EACH project before download. — RECORD final per-record/per-file license in acquisition manifest; unconfirmed pages must be re-checked at download: iNaturalist Research-Grade observations | Roboflow Universe (per-project datasets).,NOT PRE-COUNTED — 30 verified accepts required after gates; collect surplus to survive dedupe/rejection.,"Community consensus: adequate for crop ID of common species; expert sign-off mandatory for floriculture single-flower ID (gerbera, gypsophila, lilium).",N/A (crop classifier; no disease label),URL_OK; NEEDS_LICENSE_REVERIFY; NEEDS_COUNT_ESTIMATE,P2 per audit; Brassica distinctness program.
Wave 4,model1,apple,P2,30,iNaturalist Research-Grade observations + PlantVillage (Kaggle mirror emmarex/plantdisease),iNaturalist Research-Grade observations <https://www.inaturalist.org> | PlantVillage (Kaggle mirror emmarex/plantdisease) <https://www.kaggle.com/datasets/emmarex/plantdisease>,https://www.inaturalist.org :: Per-observation license (CC0/CC-BY/CC-BY-NC/all-rights vary) — filter open licenses only; re-verify each record at download. | https://www.kaggle.com/datasets/emmarex/plantdisease :: Dataset page terms — re-verify at download. Same lab-leaf domain as existing train data: strict SHA dedupe mandatory. — RECORD final per-record/per-file license in acquisition manifest; unconfirmed pages must be re-checked at download: iNaturalist Research-Grade observations | PlantVillage (Kaggle mirror emmarex/plantdisease).,NOT PRE-COUNTED — 30 verified accepts required after gates; collect surplus to survive dedupe/rejection.,"Community consensus: adequate for crop ID of common species; expert sign-off mandatory for floriculture single-flower ID (gerbera, gypsophila, lilium).",N/A (crop classifier; no disease label),URL_OK; NEEDS_LICENSE_REVERIFY; NEEDS_COUNT_ESTIMATE,P2 per audit; orchard/canopy domain diversity (not volume).
Wave 1,model2,coffee__black_rot,P0,95,New Plant Diseases Dataset (Kaggle mirror) + iNaturalist Research-Grade observations,New Plant Diseases Dataset (Kaggle mirror) <SEARCH at download: Kaggle 'new plant diseases dataset' (URL not pre-verified offline)> | iNaturalist Research-Grade observations <https://www.inaturalist.org>,SEARCH at download: Kaggle 'new plant diseases dataset' (URL not pre-verified offline) :: Dataset page terms — re-verify. Verify disease slug matches V4 taxonomy exactly; mirrors vary. | https://www.inaturalist.org :: Per-observation license (CC0/CC-BY/CC-BY-NC/all-rights vary) — filter open licenses only; re-verify each record at download. — RECORD final per-record/per-file license in acquisition manifest; unconfirmed pages must be re-checked at download: New Plant Diseases Dataset (Kaggle mirror) | iNaturalist Research-Grade observations.,NOT PRE-COUNTED — 95 verified accepts required after gates; collect surplus to survive dedupe/rejection.,"Community consensus (iNaturalist/Wikimedia/Roboflow mirrors): strong for crop, WEAK for disease — phytopathologist re-verification mandatory; expert/extension imagery preferred where listed.",OK (registry key present; disease label still requires lesion-level verification),NEEDS_URL_CHECK; NEEDS_LICENSE_REVERIFY; NEEDS_COUNT_ESTIMATE,Zero test support — founding set; lesion-visible fruit/leaf rot required.
Wave 1,model2,peach__rust,P0,94,iNaturalist Research-Grade observations + New Plant Diseases Dataset (Kaggle mirror),iNaturalist Research-Grade observations <https://www.inaturalist.org> | New Plant Diseases Dataset (Kaggle mirror) <SEARCH at download: Kaggle 'new plant diseases dataset' (URL not pre-verified offline)>,https://www.inaturalist.org :: Per-observation license (CC0/CC-BY/CC-BY-NC/all-rights vary) — filter open licenses only; re-verify each record at download. | SEARCH at download: Kaggle 'new plant diseases dataset' (URL not pre-verified offline) :: Dataset page terms — re-verify. Verify disease slug matches V4 taxonomy exactly; mirrors vary. — RECORD final per-record/per-file license in acquisition manifest; unconfirmed pages must be re-checked at download: iNaturalist Research-Grade observations | New Plant Diseases Dataset (Kaggle mirror).,NOT PRE-COUNTED — 94 verified accepts required after gates; collect surplus to survive dedupe/rejection.,"Community consensus (iNaturalist/Wikimedia/Roboflow mirrors): strong for crop, WEAK for disease — phytopathologist re-verification mandatory; expert/extension imagery preferred where listed.",OK (registry key present; disease label still requires lesion-level verification),NEEDS_URL_CHECK; NEEDS_LICENSE_REVERIFY; NEEDS_COUNT_ESTIMATE,6 train; rust pustule evidence required.
Wave 1,model2,broccoli__ring_spot,P0,92,iNaturalist Research-Grade observations + Roboflow Universe (per-project datasets),iNaturalist Research-Grade observations <https://www.inaturalist.org> | Roboflow Universe (per-project datasets) <https://universe.roboflow.com>,https://www.inaturalist.org :: Per-observation license (CC0/CC-BY/CC-BY-NC/all-rights vary) — filter open licenses only; re-verify each record at download. | https://universe.roboflow.com :: Per-project license (CC-BY/GPL/custom varies) — verify the license field of EACH project before download. — RECORD final per-record/per-file license in acquisition manifest; unconfirmed pages must be re-checked at download: iNaturalist Research-Grade observations | Roboflow Universe (per-project datasets).,NOT PRE-COUNTED — 92 verified accepts required after gates; collect surplus to survive dedupe/rejection.,"Community consensus (iNaturalist/Wikimedia/Roboflow mirrors): strong for crop, WEAK for disease — phytopathologist re-verification mandatory; expert/extension imagery preferred where listed.",OK (registry key present; disease label still requires lesion-level verification),URL_OK; NEEDS_LICENSE_REVERIFY; NEEDS_COUNT_ESTIMATE,8 train; Brassica ring-spot lesion verification.
Wave 1,model2,peach__anthracnose,P0,89,iNaturalist Research-Grade observations + New Plant Diseases Dataset (Kaggle mirror),iNaturalist Research-Grade observations <https://www.inaturalist.org> | New Plant Diseases Dataset (Kaggle mirror) <SEARCH at download: Kaggle 'new plant diseases dataset' (URL not pre-verified offline)>,https://www.inaturalist.org :: Per-observation license (CC0/CC-BY/CC-BY-NC/all-rights vary) — filter open licenses only; re-verify each record at download. | SEARCH at download: Kaggle 'new plant diseases dataset' (URL not pre-verified offline) :: Dataset page terms — re-verify. Verify disease slug matches V4 taxonomy exactly; mirrors vary. — RECORD final per-record/per-file license in acquisition manifest; unconfirmed pages must be re-checked at download: iNaturalist Research-Grade observations | New Plant Diseases Dataset (Kaggle mirror).,NOT PRE-COUNTED — 89 verified accepts required after gates; collect surplus to survive dedupe/rejection.,"Community consensus (iNaturalist/Wikimedia/Roboflow mirrors): strong for crop, WEAK for disease — phytopathologist re-verification mandatory; expert/extension imagery preferred where listed.",OK (registry key present; disease label still requires lesion-level verification),NEEDS_URL_CHECK; NEEDS_LICENSE_REVERIFY; NEEDS_COUNT_ESTIMATE,11 train; incoming apple__black_rot confusion noted.
Wave 1,model2,coffee__brown_eye_spot,P0,88,New Plant Diseases Dataset (Kaggle mirror) + iNaturalist Research-Grade observations,New Plant Diseases Dataset (Kaggle mirror) <SEARCH at download: Kaggle 'new plant diseases dataset' (URL not pre-verified offline)> | iNaturalist Research-Grade observations <https://www.inaturalist.org>,SEARCH at download: Kaggle 'new plant diseases dataset' (URL not pre-verified offline) :: Dataset page terms — re-verify. Verify disease slug matches V4 taxonomy exactly; mirrors vary. | https://www.inaturalist.org :: Per-observation license (CC0/CC-BY/CC-BY-NC/all-rights vary) — filter open licenses only; re-verify each record at download. — RECORD final per-record/per-file license in acquisition manifest; unconfirmed pages must be re-checked at download: New Plant Diseases Dataset (Kaggle mirror) | iNaturalist Research-Grade observations.,NOT PRE-COUNTED — 88 verified accepts required after gates; collect surplus to survive dedupe/rejection.,"Community consensus (iNaturalist/Wikimedia/Roboflow mirrors): strong for crop, WEAK for disease — phytopathologist re-verification mandatory; expert/extension imagery preferred where listed.",OK (registry key present; disease label still requires lesion-level verification),NEEDS_URL_CHECK; NEEDS_LICENSE_REVERIFY; NEEDS_COUNT_ESTIMATE,12 train; coffee berry/leaf spot disambiguation.
Wave 1,model2,carrot__cercospora_leaf_blight,P0,87,iNaturalist Research-Grade observations + PlantDoc field dataset (Kaggle/GitHub mirrors),iNaturalist Research-Grade observations <https://www.inaturalist.org> | PlantDoc field dataset (Kaggle/GitHub mirrors) <SEARCH at download: Kaggle 'plantdoc' (URL not pre-verified offline)>,https://www.inaturalist.org :: Per-observation license (CC0/CC-BY/CC-BY-NC/all-rights vary) — filter open licenses only; re-verify each record at download. | SEARCH at download: Kaggle 'plantdoc' (URL not pre-verified offline) :: Research-use terms on dataset page — re-verify at download. — RECORD final per-record/per-file license in acquisition manifest; unconfirmed pages must be re-checked at download: iNaturalist Research-Grade observations | PlantDoc field dataset (Kaggle/GitHub mirrors).,NOT PRE-COUNTED — 87 verified accepts required after gates; collect surplus to survive dedupe/rejection.,"Community consensus (iNaturalist/Wikimedia/Roboflow mirrors): strong for crop, WEAK for disease — phytopathologist re-verification mandatory; expert/extension imagery preferred where listed.",OK (registry key present; disease label still requires lesion-level verification),NEEDS_URL_CHECK; NEEDS_LICENSE_REVERIFY; NEEDS_COUNT_ESTIMATE,13 train; Apiaceae leaf-blight spots.
Wave 1,model2,plum__bacterial_spot,P0,87,iNaturalist Research-Grade observations + New Plant Diseases Dataset (Kaggle mirror),iNaturalist Research-Grade observations <https://www.inaturalist.org> | New Plant Diseases Dataset (Kaggle mirror) <SEARCH at download: Kaggle 'new plant diseases dataset' (URL not pre-verified offline)>,https://www.inaturalist.org :: Per-observation license (CC0/CC-BY/CC-BY-NC/all-rights vary) — filter open licenses only; re-verify each record at download. | SEARCH at download: Kaggle 'new plant diseases dataset' (URL not pre-verified offline) :: Dataset page terms — re-verify. Verify disease slug matches V4 taxonomy exactly; mirrors vary. — RECORD final per-record/per-file license in acquisition manifest; unconfirmed pages must be re-checked at download: iNaturalist Research-Grade observations | New Plant Diseases Dataset (Kaggle mirror).,NOT PRE-COUNTED — 87 verified accepts required after gates; collect surplus to survive dedupe/rejection.,"Community consensus (iNaturalist/Wikimedia/Roboflow mirrors): strong for crop, WEAK for disease — phytopathologist re-verification mandatory; expert/extension imagery preferred where listed.",OK (registry key present; disease label still requires lesion-level verification),NEEDS_URL_CHECK; NEEDS_LICENSE_REVERIFY; NEEDS_COUNT_ESTIMATE,13 train; fails into apple__scab — paired contrast with apple__scab.
Wave 1,model2,raspberry__leaf_spot,P0,85,iNaturalist Research-Grade observations + Roboflow Universe (per-project datasets),iNaturalist Research-Grade observations <https://www.inaturalist.org> | Roboflow Universe (per-project datasets) <https://universe.roboflow.com>,https://www.inaturalist.org :: Per-observation license (CC0/CC-BY/CC-BY-NC/all-rights vary) — filter open licenses only; re-verify each record at download. | https://universe.roboflow.com :: Per-project license (CC-BY/GPL/custom varies) — verify the license field of EACH project before download. — RECORD final per-record/per-file license in acquisition manifest; unconfirmed pages must be re-checked at download: iNaturalist Research-Grade observations | Roboflow Universe (per-project datasets).,NOT PRE-COUNTED — 85 verified accepts required after gates; collect surplus to survive dedupe/rejection.,"Community consensus (iNaturalist/Wikimedia/Roboflow mirrors): strong for crop, WEAK for disease — phytopathologist re-verification mandatory; expert/extension imagery preferred where listed.",OK (registry key present; disease label still requires lesion-level verification),URL_OK; NEEDS_LICENSE_REVERIFY; NEEDS_COUNT_ESTIMATE,15 train; lesion missed → healthy (lesion visibility gate critical).
Wave 1,model2,tobacco__frogeye_leaf_spot,P0,85,iNaturalist Research-Grade observations + New Plant Diseases Dataset (Kaggle mirror),iNaturalist Research-Grade observations <https://www.inaturalist.org> | New Plant Diseases Dataset (Kaggle mirror) <SEARCH at download: Kaggle 'new plant diseases dataset' (URL not pre-verified offline)>,https://www.inaturalist.org :: Per-observation license (CC0/CC-BY/CC-BY-NC/all-rights vary) — filter open licenses only; re-verify each record at download. | SEARCH at download: Kaggle 'new plant diseases dataset' (URL not pre-verified offline) :: Dataset page terms — re-verify. Verify disease slug matches V4 taxonomy exactly; mirrors vary. — RECORD final per-record/per-file license in acquisition manifest; unconfirmed pages must be re-checked at download: iNaturalist Research-Grade observations | New Plant Diseases Dataset (Kaggle mirror).,NOT PRE-COUNTED — 85 verified accepts required after gates; collect surplus to survive dedupe/rejection.,"Community consensus (iNaturalist/Wikimedia/Roboflow mirrors): strong for crop, WEAK for disease — phytopathologist re-verification mandatory; expert/extension imagery preferred where listed.",OK (registry key present; disease label still requires lesion-level verification),NEEDS_URL_CHECK; NEEDS_LICENSE_REVERIFY; NEEDS_COUNT_ESTIMATE,15 train; intra-crop confusion cluster.
Wave 1,model2,ginger__leaf_spot,P0,81,iNaturalist Research-Grade observations + Roboflow Universe (per-project datasets),iNaturalist Research-Grade observations <https://www.inaturalist.org> | Roboflow Universe (per-project datasets) <https://universe.roboflow.com>,https://www.inaturalist.org :: Per-observation license (CC0/CC-BY/CC-BY-NC/all-rights vary) — filter open licenses only; re-verify each record at download. | https://universe.roboflow.com :: Per-project license (CC-BY/GPL/custom varies) — verify the license field of EACH project before download. — RECORD final per-record/per-file license in acquisition manifest; unconfirmed pages must be re-checked at download: iNaturalist Research-Grade observations | Roboflow Universe (per-project datasets).,NOT PRE-COUNTED — 81 verified accepts required after gates; collect surplus to survive dedupe/rejection.,"Community consensus (iNaturalist/Wikimedia/Roboflow mirrors): strong for crop, WEAK for disease — phytopathologist re-verification mandatory; expert/extension imagery preferred where listed.",OK (registry key present; disease label still requires lesion-level verification),URL_OK; NEEDS_LICENSE_REVERIFY; NEEDS_COUNT_ESTIMATE,19 train; perfect-on-n=4 is non-evidence.
Wave 1,model2,bell_pepper__frogeye_leaf_spot,P1,78,iNaturalist Research-Grade observations + PlantDoc field dataset (Kaggle/GitHub mirrors),iNaturalist Research-Grade observations <https://www.inaturalist.org> | PlantDoc field dataset (Kaggle/GitHub mirrors) <SEARCH at download: Kaggle 'plantdoc' (URL not pre-verified offline)>,https://www.inaturalist.org :: Per-observation license (CC0/CC-BY/CC-BY-NC/all-rights vary) — filter open licenses only; re-verify each record at download. | SEARCH at download: Kaggle 'plantdoc' (URL not pre-verified offline) :: Research-use terms on dataset page — re-verify at download. — RECORD final per-record/per-file license in acquisition manifest; unconfirmed pages must be re-checked at download: iNaturalist Research-Grade observations | PlantDoc field dataset (Kaggle/GitHub mirrors).,NOT PRE-COUNTED — 78 verified accepts required after gates; collect surplus to survive dedupe/rejection.,"Community consensus (iNaturalist/Wikimedia/Roboflow mirrors): strong for crop, WEAK for disease — phytopathologist re-verification mandatory; expert/extension imagery preferred where listed.",OK (registry key present; disease label still requires lesion-level verification),NEEDS_URL_CHECK; NEEDS_LICENSE_REVERIFY; NEEDS_COUNT_ESTIMATE,Scattershot errors — no learned boundary.
Wave 1,model2,broccoli__downy_mildew,P1,77,iNaturalist Research-Grade observations + Roboflow Universe (per-project datasets),iNaturalist Research-Grade observations <https://www.inaturalist.org> | Roboflow Universe (per-project datasets) <https://universe.roboflow.com>,https://www.inaturalist.org :: Per-observation license (CC0/CC-BY/CC-BY-NC/all-rights vary) — filter open licenses only; re-verify each record at download. | https://universe.roboflow.com :: Per-project license (CC-BY/GPL/custom varies) — verify the license field of EACH project before download. — RECORD final per-record/per-file license in acquisition manifest; unconfirmed pages must be re-checked at download: iNaturalist Research-Grade observations | Roboflow Universe (per-project datasets).,NOT PRE-COUNTED — 77 verified accepts required after gates; collect surplus to survive dedupe/rejection.,"Community consensus (iNaturalist/Wikimedia/Roboflow mirrors): strong for crop, WEAK for disease — phytopathologist re-verification mandatory; expert/extension imagery preferred where listed.",OK (registry key present; disease label still requires lesion-level verification),URL_OK; NEEDS_LICENSE_REVERIFY; NEEDS_COUNT_ESTIMATE,Brassica confound (errors into cabbage).
Wave 1,model2,celery__anthracnose,P1,75,iNaturalist Research-Grade observations + PlantDoc field dataset (Kaggle/GitHub mirrors),iNaturalist Research-Grade observations <https://www.inaturalist.org> | PlantDoc field dataset (Kaggle/GitHub mirrors) <SEARCH at download: Kaggle 'plantdoc' (URL not pre-verified offline)>,https://www.inaturalist.org :: Per-observation license (CC0/CC-BY/CC-BY-NC/all-rights vary) — filter open licenses only; re-verify each record at download. | SEARCH at download: Kaggle 'plantdoc' (URL not pre-verified offline) :: Research-use terms on dataset page — re-verify at download. — RECORD final per-record/per-file license in acquisition manifest; unconfirmed pages must be re-checked at download: iNaturalist Research-Grade observations | PlantDoc field dataset (Kaggle/GitHub mirrors).,NOT PRE-COUNTED — 75 verified accepts required after gates; collect surplus to survive dedupe/rejection.,"Community consensus (iNaturalist/Wikimedia/Roboflow mirrors): strong for crop, WEAK for disease — phytopathologist re-verification mandatory; expert/extension imagery preferred where listed.",OK (registry key present; disease label still requires lesion-level verification),NEEDS_URL_CHECK; NEEDS_LICENSE_REVERIFY; NEEDS_COUNT_ESTIMATE,Boundary undefined; lesion visibility gate critical.
Wave 1,model2,eggplant__phytophthora_blight,P1,74,iNaturalist Research-Grade observations + New Plant Diseases Dataset (Kaggle mirror),iNaturalist Research-Grade observations <https://www.inaturalist.org> | New Plant Diseases Dataset (Kaggle mirror) <SEARCH at download: Kaggle 'new plant diseases dataset' (URL not pre-verified offline)>,https://www.inaturalist.org :: Per-observation license (CC0/CC-BY/CC-BY-NC/all-rights vary) — filter open licenses only; re-verify each record at download. | SEARCH at download: Kaggle 'new plant diseases dataset' (URL not pre-verified offline) :: Dataset page terms — re-verify. Verify disease slug matches V4 taxonomy exactly; mirrors vary. — RECORD final per-record/per-file license in acquisition manifest; unconfirmed pages must be re-checked at download: iNaturalist Research-Grade observations | New Plant Diseases Dataset (Kaggle mirror).,NOT PRE-COUNTED — 74 verified accepts required after gates; collect surplus to survive dedupe/rejection.,"Community consensus (iNaturalist/Wikimedia/Roboflow mirrors): strong for crop, WEAK for disease — phytopathologist re-verification mandatory; expert/extension imagery preferred where listed.",OK (registry key present; disease label still requires lesion-level verification),NEEDS_URL_CHECK; NEEDS_LICENSE_REVERIFY; NEEDS_COUNT_ESTIMATE,Two-way Phytophthora confusion with tomato__late_blight.
Wave 1,model2,cherry__powdery_mildew,P1,73,iNaturalist Research-Grade observations + PlantDoc field dataset (Kaggle/GitHub mirrors),iNaturalist Research-Grade observations <https://www.inaturalist.org> | PlantDoc field dataset (Kaggle/GitHub mirrors) <SEARCH at download: Kaggle 'plantdoc' (URL not pre-verified offline)>,https://www.inaturalist.org :: Per-observation license (CC0/CC-BY/CC-BY-NC/all-rights vary) — filter open licenses only; re-verify each record at download. | SEARCH at download: Kaggle 'plantdoc' (URL not pre-verified offline) :: Research-use terms on dataset page — re-verify at download. — RECORD final per-record/per-file license in acquisition manifest; unconfirmed pages must be re-checked at download: iNaturalist Research-Grade observations | PlantDoc field dataset (Kaggle/GitHub mirrors).,NOT PRE-COUNTED — 73 verified accepts required after gates; collect surplus to survive dedupe/rejection.,"Community consensus (iNaturalist/Wikimedia/Roboflow mirrors): strong for crop, WEAK for disease — phytopathologist re-verification mandatory; expert/extension imagery preferred where listed.",OK (registry key present; disease label still requires lesion-level verification),NEEDS_URL_CHECK; NEEDS_LICENSE_REVERIFY; NEEDS_COUNT_ESTIMATE,Leaks into healthy — lesion-missed images must be rejected.
Wave 1,model2,celery__early_blight,P1,72,iNaturalist Research-Grade observations + PlantDoc field dataset (Kaggle/GitHub mirrors),iNaturalist Research-Grade observations <https://www.inaturalist.org> | PlantDoc field dataset (Kaggle/GitHub mirrors) <SEARCH at download: Kaggle 'plantdoc' (URL not pre-verified offline)>,https://www.inaturalist.org :: Per-observation license (CC0/CC-BY/CC-BY-NC/all-rights vary) — filter open licenses only; re-verify each record at download. | SEARCH at download: Kaggle 'plantdoc' (URL not pre-verified offline) :: Research-use terms on dataset page — re-verify at download. — RECORD final per-record/per-file license in acquisition manifest; unconfirmed pages must be re-checked at download: iNaturalist Research-Grade observations | PlantDoc field dataset (Kaggle/GitHub mirrors).,NOT PRE-COUNTED — 72 verified accepts required after gates; collect surplus to survive dedupe/rejection.,"Community consensus (iNaturalist/Wikimedia/Roboflow mirrors): strong for crop, WEAK for disease — phytopathologist re-verification mandatory; expert/extension imagery preferred where listed.",OK (registry key present; disease label still requires lesion-level verification),NEEDS_URL_CHECK; NEEDS_LICENSE_REVERIFY; NEEDS_COUNT_ESTIMATE,Cross-family scatter; Apiaceae context required.
Wave 1,model2,plum__rust,P1,71,iNaturalist Research-Grade observations + New Plant Diseases Dataset (Kaggle mirror),iNaturalist Research-Grade observations <https://www.inaturalist.org> | New Plant Diseases Dataset (Kaggle mirror) <SEARCH at download: Kaggle 'new plant diseases dataset' (URL not pre-verified offline)>,https://www.inaturalist.org :: Per-observation license (CC0/CC-BY/CC-BY-NC/all-rights vary) — filter open licenses only; re-verify each record at download. | SEARCH at download: Kaggle 'new plant diseases dataset' (URL not pre-verified offline) :: Dataset page terms — re-verify. Verify disease slug matches V4 taxonomy exactly; mirrors vary. — RECORD final per-record/per-file license in acquisition manifest; unconfirmed pages must be re-checked at download: iNaturalist Research-Grade observations | New Plant Diseases Dataset (Kaggle mirror).,NOT PRE-COUNTED — 71 verified accepts required after gates; collect surplus to survive dedupe/rejection.,"Community consensus (iNaturalist/Wikimedia/Roboflow mirrors): strong for crop, WEAK for disease — phytopathologist re-verification mandatory; expert/extension imagery preferred where listed.",OK (registry key present; disease label still requires lesion-level verification),NEEDS_URL_CHECK; NEEDS_LICENSE_REVERIFY; NEEDS_COUNT_ESTIMATE,Mutual confusion with bean__rust — paired contrast.
Wave 1,model2,lettuce__mosaic_virus,P1,69,iNaturalist Research-Grade observations + PlantDoc field dataset (Kaggle/GitHub mirrors),iNaturalist Research-Grade observations <https://www.inaturalist.org> | PlantDoc field dataset (Kaggle/GitHub mirrors) <SEARCH at download: Kaggle 'plantdoc' (URL not pre-verified offline)>,https://www.inaturalist.org :: Per-observation license (CC0/CC-BY/CC-BY-NC/all-rights vary) — filter open licenses only; re-verify each record at download. | SEARCH at download: Kaggle 'plantdoc' (URL not pre-verified offline) :: Research-use terms on dataset page — re-verify at download. — RECORD final per-record/per-file license in acquisition manifest; unconfirmed pages must be re-checked at download: iNaturalist Research-Grade observations | PlantDoc field dataset (Kaggle/GitHub mirrors).,NOT PRE-COUNTED — 69 verified accepts required after gates; collect surplus to survive dedupe/rejection.,"Community consensus (iNaturalist/Wikimedia/Roboflow mirrors): strong for crop, WEAK for disease — phytopathologist re-verification mandatory; expert/extension imagery preferred where listed.",OK (registry key present; disease label still requires lesion-level verification),NEEDS_URL_CHECK; NEEDS_LICENSE_REVERIFY; NEEDS_COUNT_ESTIMATE,Virus class; symptomatic-stage diversity.
Wave 1,model2,blueberry__rust,P1,66,iNaturalist Research-Grade observations + New Plant Diseases Dataset (Kaggle mirror),iNaturalist Research-Grade observations <https://www.inaturalist.org> | New Plant Diseases Dataset (Kaggle mirror) <SEARCH at download: Kaggle 'new plant diseases dataset' (URL not pre-verified offline)>,https://www.inaturalist.org :: Per-observation license (CC0/CC-BY/CC-BY-NC/all-rights vary) — filter open licenses only; re-verify each record at download. | SEARCH at download: Kaggle 'new plant diseases dataset' (URL not pre-verified offline) :: Dataset page terms — re-verify. Verify disease slug matches V4 taxonomy exactly; mirrors vary. — RECORD final per-record/per-file license in acquisition manifest; unconfirmed pages must be re-checked at download: iNaturalist Research-Grade observations | New Plant Diseases Dataset (Kaggle mirror).,NOT PRE-COUNTED — 66 verified accepts required after gates; collect surplus to survive dedupe/rejection.,"Community consensus (iNaturalist/Wikimedia/Roboflow mirrors): strong for crop, WEAK for disease — phytopathologist re-verification mandatory; expert/extension imagery preferred where listed.",OK (registry key present; disease label still requires lesion-level verification),NEEDS_URL_CHECK; NEEDS_LICENSE_REVERIFY; NEEDS_COUNT_ESTIMATE,Confused with anthracnose + apple__rust.
Wave 1,model2,zucchini__downy_mildew,P1,66,iNaturalist Research-Grade observations + PlantDoc field dataset (Kaggle/GitHub mirrors),iNaturalist Research-Grade observations <https://www.inaturalist.org> | PlantDoc field dataset (Kaggle/GitHub mirrors) <SEARCH at download: Kaggle 'plantdoc' (URL not pre-verified offline)>,https://www.inaturalist.org :: Per-observation license (CC0/CC-BY/CC-BY-NC/all-rights vary) — filter open licenses only; re-verify each record at download. | SEARCH at download: Kaggle 'plantdoc' (URL not pre-verified offline) :: Research-use terms on dataset page — re-verify at download. — RECORD final per-record/per-file license in acquisition manifest; unconfirmed pages must be re-checked at download: iNaturalist Research-Grade observations | PlantDoc field dataset (Kaggle/GitHub mirrors).,NOT PRE-COUNTED — 66 verified accepts required after gates; collect surplus to survive dedupe/rejection.,"Community consensus (iNaturalist/Wikimedia/Roboflow mirrors): strong for crop, WEAK for disease — phytopathologist re-verification mandatory; expert/extension imagery preferred where listed.",OK (registry key present; disease label still requires lesion-level verification),NEEDS_URL_CHECK; NEEDS_LICENSE_REVERIFY; NEEDS_COUNT_ESTIMATE,0/5 test — worst in-band failure; cucurbit disambiguation.
Wave 1,model2,cauliflower__alternaria_leaf_spot,P1,65,iNaturalist Research-Grade observations + Roboflow Universe (per-project datasets),iNaturalist Research-Grade observations <https://www.inaturalist.org> | Roboflow Universe (per-project datasets) <https://universe.roboflow.com>,https://www.inaturalist.org :: Per-observation license (CC0/CC-BY/CC-BY-NC/all-rights vary) — filter open licenses only; re-verify each record at download. | https://universe.roboflow.com :: Per-project license (CC-BY/GPL/custom varies) — verify the license field of EACH project before download. — RECORD final per-record/per-file license in acquisition manifest; unconfirmed pages must be re-checked at download: iNaturalist Research-Grade observations | Roboflow Universe (per-project datasets).,NOT PRE-COUNTED — 65 verified accepts required after gates; collect surplus to survive dedupe/rejection.,"Community consensus (iNaturalist/Wikimedia/Roboflow mirrors): strong for crop, WEAK for disease — phytopathologist re-verification mandatory; expert/extension imagery preferred where listed.",OK (registry key present; disease label still requires lesion-level verification),URL_OK; NEEDS_LICENSE_REVERIFY; NEEDS_COUNT_ESTIMATE,0/4; Alternaria-spot triangle member.
Wave 2,model2,bean__mosaic_virus,P1,103,iNaturalist Research-Grade observations + New Plant Diseases Dataset (Kaggle mirror),iNaturalist Research-Grade observations <https://www.inaturalist.org> | New Plant Diseases Dataset (Kaggle mirror) <SEARCH at download: Kaggle 'new plant diseases dataset' (URL not pre-verified offline)>,https://www.inaturalist.org :: Per-observation license (CC0/CC-BY/CC-BY-NC/all-rights vary) — filter open licenses only; re-verify each record at download. | SEARCH at download: Kaggle 'new plant diseases dataset' (URL not pre-verified offline) :: Dataset page terms — re-verify. Verify disease slug matches V4 taxonomy exactly; mirrors vary. — RECORD final per-record/per-file license in acquisition manifest; unconfirmed pages must be re-checked at download: iNaturalist Research-Grade observations | New Plant Diseases Dataset (Kaggle mirror).,NOT PRE-COUNTED — 103 verified accepts required after gates; collect surplus to survive dedupe/rejection.,"Community consensus (iNaturalist/Wikimedia/Roboflow mirrors): strong for crop, WEAK for disease — phytopathologist re-verification mandatory; expert/extension imagery preferred where listed.",OK (registry key present; disease label still requires lesion-level verification),NEEDS_URL_CHECK; NEEDS_LICENSE_REVERIFY; NEEDS_COUNT_ESTIMATE,PAIRED with soybean__mosaic (mirror boundary; collect both sides).
Wave 2,model2,cabbage__alternaria_leaf_spot,P1,103,iNaturalist Research-Grade observations + Roboflow Universe (per-project datasets),iNaturalist Research-Grade observations <https://www.inaturalist.org> | Roboflow Universe (per-project datasets) <https://universe.roboflow.com>,https://www.inaturalist.org :: Per-observation license (CC0/CC-BY/CC-BY-NC/all-rights vary) — filter open licenses only; re-verify each record at download. | https://universe.roboflow.com :: Per-project license (CC-BY/GPL/custom varies) — verify the license field of EACH project before download. — RECORD final per-record/per-file license in acquisition manifest; unconfirmed pages must be re-checked at download: iNaturalist Research-Grade observations | Roboflow Universe (per-project datasets).,NOT PRE-COUNTED — 103 verified accepts required after gates; collect surplus to survive dedupe/rejection.,"Community consensus (iNaturalist/Wikimedia/Roboflow mirrors): strong for crop, WEAK for disease — phytopathologist re-verification mandatory; expert/extension imagery preferred where listed.",OK (registry key present; disease label still requires lesion-level verification),URL_OK; NEEDS_LICENSE_REVERIFY; NEEDS_COUNT_ESTIMATE,PAIRED with cauliflower/broccoli Alternaria trio; worst reliable F1 0.18.
Wave 2,model2,broccoli__alternaria_leaf_spot,P1,101,iNaturalist Research-Grade observations + Roboflow Universe (per-project datasets),iNaturalist Research-Grade observations <https://www.inaturalist.org> | Roboflow Universe (per-project datasets) <https://universe.roboflow.com>,https://www.inaturalist.org :: Per-observation license (CC0/CC-BY/CC-BY-NC/all-rights vary) — filter open licenses only; re-verify each record at download. | https://universe.roboflow.com :: Per-project license (CC-BY/GPL/custom varies) — verify the license field of EACH project before download. — RECORD final per-record/per-file license in acquisition manifest; unconfirmed pages must be re-checked at download: iNaturalist Research-Grade observations | Roboflow Universe (per-project datasets).,NOT PRE-COUNTED — 101 verified accepts required after gates; collect surplus to survive dedupe/rejection.,"Community consensus (iNaturalist/Wikimedia/Roboflow mirrors): strong for crop, WEAK for disease — phytopathologist re-verification mandatory; expert/extension imagery preferred where listed.",OK (registry key present; disease label still requires lesion-level verification),URL_OK; NEEDS_LICENSE_REVERIFY; NEEDS_COUNT_ESTIMATE,PAIRED Alternaria trio member.
Wave 2,model2,soybean__brown_spot,P1,101,iNaturalist Research-Grade observations + New Plant Diseases Dataset (Kaggle mirror),iNaturalist Research-Grade observations <https://www.inaturalist.org> | New Plant Diseases Dataset (Kaggle mirror) <SEARCH at download: Kaggle 'new plant diseases dataset' (URL not pre-verified offline)>,https://www.inaturalist.org :: Per-observation license (CC0/CC-BY/CC-BY-NC/all-rights vary) — filter open licenses only; re-verify each record at download. | SEARCH at download: Kaggle 'new plant diseases dataset' (URL not pre-verified offline) :: Dataset page terms — re-verify. Verify disease slug matches V4 taxonomy exactly; mirrors vary. — RECORD final per-record/per-file license in acquisition manifest; unconfirmed pages must be re-checked at download: iNaturalist Research-Grade observations | New Plant Diseases Dataset (Kaggle mirror).,NOT PRE-COUNTED — 101 verified accepts required after gates; collect surplus to survive dedupe/rejection.,"Community consensus (iNaturalist/Wikimedia/Roboflow mirrors): strong for crop, WEAK for disease — phytopathologist re-verification mandatory; expert/extension imagery preferred where listed.",OK (registry key present; disease label still requires lesion-level verification),NEEDS_URL_CHECK; NEEDS_LICENSE_REVERIFY; NEEDS_COUNT_ESTIMATE,Soybean spot/rust cluster member.
Wave 2,model2,tomato__mosaic_virus,P1,100,iNaturalist Research-Grade observations + PlantDoc field dataset (Kaggle/GitHub mirrors),iNaturalist Research-Grade observations <https://www.inaturalist.org> | PlantDoc field dataset (Kaggle/GitHub mirrors) <SEARCH at download: Kaggle 'plantdoc' (URL not pre-verified offline)>,https://www.inaturalist.org :: Per-observation license (CC0/CC-BY/CC-BY-NC/all-rights vary) — filter open licenses only; re-verify each record at download. | SEARCH at download: Kaggle 'plantdoc' (URL not pre-verified offline) :: Research-use terms on dataset page — re-verify at download. — RECORD final per-record/per-file license in acquisition manifest; unconfirmed pages must be re-checked at download: iNaturalist Research-Grade observations | PlantDoc field dataset (Kaggle/GitHub mirrors).,NOT PRE-COUNTED — 100 verified accepts required after gates; collect surplus to survive dedupe/rejection.,"Community consensus (iNaturalist/Wikimedia/Roboflow mirrors): strong for crop, WEAK for disease — phytopathologist re-verification mandatory; expert/extension imagery preferred where listed.",OK (registry key present; disease label still requires lesion-level verification),NEEDS_URL_CHECK; NEEDS_LICENSE_REVERIFY; NEEDS_COUNT_ESTIMATE,PAIRED with yellow_leaf_curl_virus (3 test errors).
Wave 2,model2,ginger__sheath_blight,P1,98,iNaturalist Research-Grade observations + PlantDoc field dataset (Kaggle/GitHub mirrors),iNaturalist Research-Grade observations <https://www.inaturalist.org> | PlantDoc field dataset (Kaggle/GitHub mirrors) <SEARCH at download: Kaggle 'plantdoc' (URL not pre-verified offline)>,https://www.inaturalist.org :: Per-observation license (CC0/CC-BY/CC-BY-NC/all-rights vary) — filter open licenses only; re-verify each record at download. | SEARCH at download: Kaggle 'plantdoc' (URL not pre-verified offline) :: Research-use terms on dataset page — re-verify at download. — RECORD final per-record/per-file license in acquisition manifest; unconfirmed pages must be re-checked at download: iNaturalist Research-Grade observations | PlantDoc field dataset (Kaggle/GitHub mirrors).,NOT PRE-COUNTED — 98 verified accepts required after gates; collect surplus to survive dedupe/rejection.,"Community consensus (iNaturalist/Wikimedia/Roboflow mirrors): strong for crop, WEAK for disease — phytopathologist re-verification mandatory; expert/extension imagery preferred where listed.",OK (registry key present; disease label still requires lesion-level verification),NEEDS_URL_CHECK; NEEDS_LICENSE_REVERIFY; NEEDS_COUNT_ESTIMATE,"PAIRED with rice__sheath_blight (same syndrome, different host)."
Wave 2,model2,zucchini__bacterial_wilt,P1,97,iNaturalist Research-Grade observations + PlantDoc field dataset (Kaggle/GitHub mirrors),iNaturalist Research-Grade observations <https://www.inaturalist.org> | PlantDoc field dataset (Kaggle/GitHub mirrors) <SEARCH at download: Kaggle 'plantdoc' (URL not pre-verified offline)>,https://www.inaturalist.org :: Per-observation license (CC0/CC-BY/CC-BY-NC/all-rights vary) — filter open licenses only; re-verify each record at download. | SEARCH at download: Kaggle 'plantdoc' (URL not pre-verified offline) :: Research-use terms on dataset page — re-verify at download. — RECORD final per-record/per-file license in acquisition manifest; unconfirmed pages must be re-checked at download: iNaturalist Research-Grade observations | PlantDoc field dataset (Kaggle/GitHub mirrors).,NOT PRE-COUNTED — 97 verified accepts required after gates; collect surplus to survive dedupe/rejection.,"Community consensus (iNaturalist/Wikimedia/Roboflow mirrors): strong for crop, WEAK for disease — phytopathologist re-verification mandatory; expert/extension imagery preferred where listed.",OK (registry key present; disease label still requires lesion-level verification),NEEDS_URL_CHECK; NEEDS_LICENSE_REVERIFY; NEEDS_COUNT_ESTIMATE,"PAIRED with cucumber__bacterial_wilt (4 out, 2 in)."
Wave 2,model2,apple__black_rot,P1,84,iNaturalist Research-Grade observations + PlantVillage (Kaggle mirror emmarex/plantdisease),iNaturalist Research-Grade observations <https://www.inaturalist.org> | PlantVillage (Kaggle mirror emmarex/plantdisease) <https://www.kaggle.com/datasets/emmarex/plantdisease>,https://www.inaturalist.org :: Per-observation license (CC0/CC-BY/CC-BY-NC/all-rights vary) — filter open licenses only; re-verify each record at download. | https://www.kaggle.com/datasets/emmarex/plantdisease :: Dataset page terms — re-verify at download. Same lab-leaf domain as existing train data: strict SHA dedupe mandatory. — RECORD final per-record/per-file license in acquisition manifest; unconfirmed pages must be re-checked at download: iNaturalist Research-Grade observations | PlantVillage (Kaggle mirror emmarex/plantdisease).,NOT PRE-COUNTED — 84 verified accepts required after gates; collect surplus to survive dedupe/rejection.,"Community consensus (iNaturalist/Wikimedia/Roboflow mirrors): strong for crop, WEAK for disease — phytopathologist re-verification mandatory; expert/extension imagery preferred where listed.",OK (registry key present; disease label still requires lesion-level verification),URL_OK; NEEDS_LICENSE_REVERIFY; NEEDS_COUNT_ESTIMATE,PAIRED with apple__scab + peach__anthracnose (apple-internal confusion).
Wave 2,model2,grape__leaf_spot,P1,80,iNaturalist Research-Grade observations + New Plant Diseases Dataset (Kaggle mirror),iNaturalist Research-Grade observations <https://www.inaturalist.org> | New Plant Diseases Dataset (Kaggle mirror) <SEARCH at download: Kaggle 'new plant diseases dataset' (URL not pre-verified offline)>,https://www.inaturalist.org :: Per-observation license (CC0/CC-BY/CC-BY-NC/all-rights vary) — filter open licenses only; re-verify each record at download. | SEARCH at download: Kaggle 'new plant diseases dataset' (URL not pre-verified offline) :: Dataset page terms — re-verify. Verify disease slug matches V4 taxonomy exactly; mirrors vary. — RECORD final per-record/per-file license in acquisition manifest; unconfirmed pages must be re-checked at download: iNaturalist Research-Grade observations | New Plant Diseases Dataset (Kaggle mirror).,NOT PRE-COUNTED — 80 verified accepts required after gates; collect surplus to survive dedupe/rejection.,"Community consensus (iNaturalist/Wikimedia/Roboflow mirrors): strong for crop, WEAK for disease — phytopathologist re-verification mandatory; expert/extension imagery preferred where listed.",OK (registry key present; disease label still requires lesion-level verification),NEEDS_URL_CHECK; NEEDS_LICENSE_REVERIFY; NEEDS_COUNT_ESTIMATE,Recall 0.40; scattered errors.
Wave 2,model2,soybean__bacterial_blight,P1,80,iNaturalist Research-Grade observations + New Plant Diseases Dataset (Kaggle mirror),iNaturalist Research-Grade observations <https://www.inaturalist.org> | New Plant Diseases Dataset (Kaggle mirror) <SEARCH at download: Kaggle 'new plant diseases dataset' (URL not pre-verified offline)>,https://www.inaturalist.org :: Per-observation license (CC0/CC-BY/CC-BY-NC/all-rights vary) — filter open licenses only; re-verify each record at download. | SEARCH at download: Kaggle 'new plant diseases dataset' (URL not pre-verified offline) :: Dataset page terms — re-verify. Verify disease slug matches V4 taxonomy exactly; mirrors vary. — RECORD final per-record/per-file license in acquisition manifest; unconfirmed pages must be re-checked at download: iNaturalist Research-Grade observations | New Plant Diseases Dataset (Kaggle mirror).,NOT PRE-COUNTED — 80 verified accepts required after gates; collect surplus to survive dedupe/rejection.,"Community consensus (iNaturalist/Wikimedia/Roboflow mirrors): strong for crop, WEAK for disease — phytopathologist re-verification mandatory; expert/extension imagery preferred where listed.",OK (registry key present; disease label still requires lesion-level verification),NEEDS_URL_CHECK; NEEDS_LICENSE_REVERIFY; NEEDS_COUNT_ESTIMATE,Entangled with bean/soybean rust + brown_spot cluster.
Wave 2,model2,tomato__bacterial_leaf_spot,P1,65,iNaturalist Research-Grade observations + PlantDoc field dataset (Kaggle/GitHub mirrors) + University/USDA extension fact sheets & diagnostic clinics,iNaturalist Research-Grade observations <https://www.inaturalist.org> | PlantDoc field dataset (Kaggle/GitHub mirrors) <SEARCH at download: Kaggle 'plantdoc' (URL not pre-verified offline)> | University/USDA extension fact sheets & diagnostic clinics <Per-institution search at download (e.g. site:edu plant disease clinic)>,https://www.inaturalist.org :: Per-observation license (CC0/CC-BY/CC-BY-NC/all-rights vary) — filter open licenses only; re-verify each record at download. | SEARCH at download: Kaggle 'plantdoc' (URL not pre-verified offline) :: Research-use terms on dataset page — re-verify at download. | Per-institution search at download (e.g. site:edu plant disease clinic) :: USDA federal works are public domain; university pages vary — verify EACH page at download. — RECORD final per-record/per-file license in acquisition manifest; unconfirmed pages must be re-checked at download: iNaturalist Research-Grade observations | PlantDoc field dataset (Kaggle/GitHub mirrors) | University/USDA extension fact sheets & diagnostic clinics.,NOT PRE-COUNTED — 65 verified accepts required after gates; collect surplus to survive dedupe/rejection.,"Community consensus (iNaturalist/Wikimedia/Roboflow mirrors): strong for crop, WEAK for disease — phytopathologist re-verification mandatory; expert/extension imagery preferred where listed.",OK (registry key present; disease label still requires lesion-level verification),NEEDS_URL_CHECK; NEEDS_LICENSE_REVERIFY; NEEDS_COUNT_ESTIMATE,PAIRED 4x4 with septoria_leaf_spot; field-realism preferred.
Wave 2,model2,soybean__mosaic,P1,58,iNaturalist Research-Grade observations + New Plant Diseases Dataset (Kaggle mirror),iNaturalist Research-Grade observations <https://www.inaturalist.org> | New Plant Diseases Dataset (Kaggle mirror) <SEARCH at download: Kaggle 'new plant diseases dataset' (URL not pre-verified offline)>,https://www.inaturalist.org :: Per-observation license (CC0/CC-BY/CC-BY-NC/all-rights vary) — filter open licenses only; re-verify each record at download. | SEARCH at download: Kaggle 'new plant diseases dataset' (URL not pre-verified offline) :: Dataset page terms — re-verify. Verify disease slug matches V4 taxonomy exactly; mirrors vary. — RECORD final per-record/per-file license in acquisition manifest; unconfirmed pages must be re-checked at download: iNaturalist Research-Grade observations | New Plant Diseases Dataset (Kaggle mirror).,NOT PRE-COUNTED — 58 verified accepts required after gates; collect surplus to survive dedupe/rejection.,"Community consensus (iNaturalist/Wikimedia/Roboflow mirrors): strong for crop, WEAK for disease — phytopathologist re-verification mandatory; expert/extension imagery preferred where listed.",OK (registry key present; disease label still requires lesion-level verification),NEEDS_URL_CHECK; NEEDS_LICENSE_REVERIFY; NEEDS_COUNT_ESTIMATE,PAIRED mirror of bean__mosaic_virus.
Wave 2,model2,squash__powdery_mildew,P1,50,iNaturalist Research-Grade observations + PlantDoc field dataset (Kaggle/GitHub mirrors) + University/USDA extension fact sheets & diagnostic clinics,iNaturalist Research-Grade observations <https://www.inaturalist.org> | PlantDoc field dataset (Kaggle/GitHub mirrors) <SEARCH at download: Kaggle 'plantdoc' (URL not pre-verified offline)> | University/USDA extension fact sheets & diagnostic clinics <Per-institution search at download (e.g. site:edu plant disease clinic)>,https://www.inaturalist.org :: Per-observation license (CC0/CC-BY/CC-BY-NC/all-rights vary) — filter open licenses only; re-verify each record at download. | SEARCH at download: Kaggle 'plantdoc' (URL not pre-verified offline) :: Research-use terms on dataset page — re-verify at download. | Per-institution search at download (e.g. site:edu plant disease clinic) :: USDA federal works are public domain; university pages vary — verify EACH page at download. — RECORD final per-record/per-file license in acquisition manifest; unconfirmed pages must be re-checked at download: iNaturalist Research-Grade observations | PlantDoc field dataset (Kaggle/GitHub mirrors) | University/USDA extension fact sheets & diagnostic clinics.,NOT PRE-COUNTED — 50 verified accepts required after gates; collect surplus to survive dedupe/rejection.,"Community consensus (iNaturalist/Wikimedia/Roboflow mirrors): strong for crop, WEAK for disease — phytopathologist re-verification mandatory; expert/extension imagery preferred where listed.",OK (registry key present; disease label still requires lesion-level verification),NEEDS_URL_CHECK; NEEDS_LICENSE_REVERIFY; NEEDS_COUNT_ESTIMATE,PAIRED mildew triangle; LOCAL POOL EXHAUSTED — external contrast only.
Wave 2,model2,zucchini__powdery_mildew,P1,50,iNaturalist Research-Grade observations + PlantDoc field dataset (Kaggle/GitHub mirrors) + University/USDA extension fact sheets & diagnostic clinics,iNaturalist Research-Grade observations <https://www.inaturalist.org> | PlantDoc field dataset (Kaggle/GitHub mirrors) <SEARCH at download: Kaggle 'plantdoc' (URL not pre-verified offline)> | University/USDA extension fact sheets & diagnostic clinics <Per-institution search at download (e.g. site:edu plant disease clinic)>,https://www.inaturalist.org :: Per-observation license (CC0/CC-BY/CC-BY-NC/all-rights vary) — filter open licenses only; re-verify each record at download. | SEARCH at download: Kaggle 'plantdoc' (URL not pre-verified offline) :: Research-use terms on dataset page — re-verify at download. | Per-institution search at download (e.g. site:edu plant disease clinic) :: USDA federal works are public domain; university pages vary — verify EACH page at download. — RECORD final per-record/per-file license in acquisition manifest; unconfirmed pages must be re-checked at download: iNaturalist Research-Grade observations | PlantDoc field dataset (Kaggle/GitHub mirrors) | University/USDA extension fact sheets & diagnostic clinics.,NOT PRE-COUNTED — 50 verified accepts required after gates; collect surplus to survive dedupe/rejection.,"Community consensus (iNaturalist/Wikimedia/Roboflow mirrors): strong for crop, WEAK for disease — phytopathologist re-verification mandatory; expert/extension imagery preferred where listed.",OK (registry key present; disease label still requires lesion-level verification),NEEDS_URL_CHECK; NEEDS_LICENSE_REVERIFY; NEEDS_COUNT_ESTIMATE,PAIRED mildew triangle; volume failed (164 train) — disambiguation.
Wave 2,model2,tomato__septoria_leaf_spot,P1,50,iNaturalist Research-Grade observations + PlantDoc field dataset (Kaggle/GitHub mirrors) + University/USDA extension fact sheets & diagnostic clinics,iNaturalist Research-Grade observations <https://www.inaturalist.org> | PlantDoc field dataset (Kaggle/GitHub mirrors) <SEARCH at download: Kaggle 'plantdoc' (URL not pre-verified offline)> | University/USDA extension fact sheets & diagnostic clinics <Per-institution search at download (e.g. site:edu plant disease clinic)>,https://www.inaturalist.org :: Per-observation license (CC0/CC-BY/CC-BY-NC/all-rights vary) — filter open licenses only; re-verify each record at download. | SEARCH at download: Kaggle 'plantdoc' (URL not pre-verified offline) :: Research-use terms on dataset page — re-verify at download. | Per-institution search at download (e.g. site:edu plant disease clinic) :: USDA federal works are public domain; university pages vary — verify EACH page at download. — RECORD final per-record/per-file license in acquisition manifest; unconfirmed pages must be re-checked at download: iNaturalist Research-Grade observations | PlantDoc field dataset (Kaggle/GitHub mirrors) | University/USDA extension fact sheets & diagnostic clinics.,NOT PRE-COUNTED — 50 verified accepts required after gates; collect surplus to survive dedupe/rejection.,"Community consensus (iNaturalist/Wikimedia/Roboflow mirrors): strong for crop, WEAK for disease — phytopathologist re-verification mandatory; expert/extension imagery preferred where listed.",OK (registry key present; disease label still requires lesion-level verification),NEEDS_URL_CHECK; NEEDS_LICENSE_REVERIFY; NEEDS_COUNT_ESTIMATE,PAIRED with bacterial_leaf_spot; 150 field added yet F1 0.41 — lesion pairs.
Wave 2,model2,soybean__rust,P1,50,iNaturalist Research-Grade observations + New Plant Diseases Dataset (Kaggle mirror),iNaturalist Research-Grade observations <https://www.inaturalist.org> | New Plant Diseases Dataset (Kaggle mirror) <SEARCH at download: Kaggle 'new plant diseases dataset' (URL not pre-verified offline)>,https://www.inaturalist.org :: Per-observation license (CC0/CC-BY/CC-BY-NC/all-rights vary) — filter open licenses only; re-verify each record at download. | SEARCH at download: Kaggle 'new plant diseases dataset' (URL not pre-verified offline) :: Dataset page terms — re-verify. Verify disease slug matches V4 taxonomy exactly; mirrors vary. — RECORD final per-record/per-file license in acquisition manifest; unconfirmed pages must be re-checked at download: iNaturalist Research-Grade observations | New Plant Diseases Dataset (Kaggle mirror).,NOT PRE-COUNTED — 50 verified accepts required after gates; collect surplus to survive dedupe/rejection.,"Community consensus (iNaturalist/Wikimedia/Roboflow mirrors): strong for crop, WEAK for disease — phytopathologist re-verification mandatory; expert/extension imagery preferred where listed.",OK (registry key present; disease label still requires lesion-level verification),NEEDS_URL_CHECK; NEEDS_LICENSE_REVERIFY; NEEDS_COUNT_ESTIMATE,PAIRED with bean__rust (5/9 test errors); rust-lesion contrast sets.
Wave 4,model2,bell_pepper__powdery_mildew,P2,78,iNaturalist Research-Grade observations,iNaturalist Research-Grade observations <https://www.inaturalist.org>,https://www.inaturalist.org :: Per-observation license (CC0/CC-BY/CC-BY-NC/all-rights vary) — filter open licenses only; re-verify each record at download. — RECORD final per-record/per-file license in acquisition manifest; unconfirmed pages must be re-checked at download: iNaturalist Research-Grade observations.,NOT PRE-COUNTED — 78 verified accepts required after gates; collect surplus to survive dedupe/rejection.,"Community consensus (iNaturalist/Wikimedia/Roboflow mirrors): strong for crop, WEAK for disease — phytopathologist re-verification mandatory; expert/extension imagery preferred where listed.",OK (registry key present; disease label still requires lesion-level verification),URL_OK; NEEDS_LICENSE_REVERIFY; NEEDS_COUNT_ESTIMATE,P2 per audit.
Wave 4,model2,raspberry__fire_blight,P2,76,iNaturalist Research-Grade observations,iNaturalist Research-Grade observations <https://www.inaturalist.org>,https://www.inaturalist.org :: Per-observation license (CC0/CC-BY/CC-BY-NC/all-rights vary) — filter open licenses only; re-verify each record at download. — RECORD final per-record/per-file license in acquisition manifest; unconfirmed pages must be re-checked at download: iNaturalist Research-Grade observations.,NOT PRE-COUNTED — 76 verified accepts required after gates; collect surplus to survive dedupe/rejection.,"Community consensus (iNaturalist/Wikimedia/Roboflow mirrors): strong for crop, WEAK for disease — phytopathologist re-verification mandatory; expert/extension imagery preferred where listed.",OK (registry key present; disease label still requires lesion-level verification),URL_OK; NEEDS_LICENSE_REVERIFY; NEEDS_COUNT_ESTIMATE,P2 per audit.
Wave 4,model2,plum__pox_virus,P2,75,iNaturalist Research-Grade observations,iNaturalist Research-Grade observations <https://www.inaturalist.org>,https://www.inaturalist.org :: Per-observation license (CC0/CC-BY/CC-BY-NC/all-rights vary) — filter open licenses only; re-verify each record at download. — RECORD final per-record/per-file license in acquisition manifest; unconfirmed pages must be re-checked at download: iNaturalist Research-Grade observations.,NOT PRE-COUNTED — 75 verified accepts required after gates; collect surplus to survive dedupe/rejection.,"Community consensus (iNaturalist/Wikimedia/Roboflow mirrors): strong for crop, WEAK for disease — phytopathologist re-verification mandatory; expert/extension imagery preferred where listed.",OK (registry key present; disease label still requires lesion-level verification),URL_OK; NEEDS_LICENSE_REVERIFY; NEEDS_COUNT_ESTIMATE,P2 per audit.
Wave 4,model2,cauliflower__bacterial_soft_rot,P2,73,iNaturalist Research-Grade observations,iNaturalist Research-Grade observations <https://www.inaturalist.org>,https://www.inaturalist.org :: Per-observation license (CC0/CC-BY/CC-BY-NC/all-rights vary) — filter open licenses only; re-verify each record at download. — RECORD final per-record/per-file license in acquisition manifest; unconfirmed pages must be re-checked at download: iNaturalist Research-Grade observations.,NOT PRE-COUNTED — 73 verified accepts required after gates; collect surplus to survive dedupe/rejection.,"Community consensus (iNaturalist/Wikimedia/Roboflow mirrors): strong for crop, WEAK for disease — phytopathologist re-verification mandatory; expert/extension imagery preferred where listed.",OK (registry key present; disease label still requires lesion-level verification),URL_OK; NEEDS_LICENSE_REVERIFY; NEEDS_COUNT_ESTIMATE,P2 per audit.
Wave 4,model2,blueberry__botrytis_blight,P2,71,iNaturalist Research-Grade observations,iNaturalist Research-Grade observations <https://www.inaturalist.org>,https://www.inaturalist.org :: Per-observation license (CC0/CC-BY/CC-BY-NC/all-rights vary) — filter open licenses only; re-verify each record at download. — RECORD final per-record/per-file license in acquisition manifest; unconfirmed pages must be re-checked at download: iNaturalist Research-Grade observations.,NOT PRE-COUNTED — 71 verified accepts required after gates; collect surplus to survive dedupe/rejection.,"Community consensus (iNaturalist/Wikimedia/Roboflow mirrors): strong for crop, WEAK for disease — phytopathologist re-verification mandatory; expert/extension imagery preferred where listed.",OK (registry key present; disease label still requires lesion-level verification),URL_OK; NEEDS_LICENSE_REVERIFY; NEEDS_COUNT_ESTIMATE,P2 per audit.
Wave 4,model2,raspberry__yellow_rust,P2,71,iNaturalist Research-Grade observations,iNaturalist Research-Grade observations <https://www.inaturalist.org>,https://www.inaturalist.org :: Per-observation license (CC0/CC-BY/CC-BY-NC/all-rights vary) — filter open licenses only; re-verify each record at download. — RECORD final per-record/per-file license in acquisition manifest; unconfirmed pages must be re-checked at download: iNaturalist Research-Grade observations.,NOT PRE-COUNTED — 71 verified accepts required after gates; collect surplus to survive dedupe/rejection.,"Community consensus (iNaturalist/Wikimedia/Roboflow mirrors): strong for crop, WEAK for disease — phytopathologist re-verification mandatory; expert/extension imagery preferred where listed.",OK (registry key present; disease label still requires lesion-level verification),URL_OK; NEEDS_LICENSE_REVERIFY; NEEDS_COUNT_ESTIMATE,P2 per audit; rust lesions.
Wave 4,model2,blueberry__anthracnose,P2,68,iNaturalist Research-Grade observations,iNaturalist Research-Grade observations <https://www.inaturalist.org>,https://www.inaturalist.org :: Per-observation license (CC0/CC-BY/CC-BY-NC/all-rights vary) — filter open licenses only; re-verify each record at download. — RECORD final per-record/per-file license in acquisition manifest; unconfirmed pages must be re-checked at download: iNaturalist Research-Grade observations.,NOT PRE-COUNTED — 68 verified accepts required after gates; collect surplus to survive dedupe/rejection.,"Community consensus (iNaturalist/Wikimedia/Roboflow mirrors): strong for crop, WEAK for disease — phytopathologist re-verification mandatory; expert/extension imagery preferred where listed.",OK (registry key present; disease label still requires lesion-level verification),URL_OK; NEEDS_LICENSE_REVERIFY; NEEDS_COUNT_ESTIMATE,P2 per audit.
Wave 4,model2,raspberry__gray_mold,P2,68,iNaturalist Research-Grade observations,iNaturalist Research-Grade observations <https://www.inaturalist.org>,https://www.inaturalist.org :: Per-observation license (CC0/CC-BY/CC-BY-NC/all-rights vary) — filter open licenses only; re-verify each record at download. — RECORD final per-record/per-file license in acquisition manifest; unconfirmed pages must be re-checked at download: iNaturalist Research-Grade observations.,NOT PRE-COUNTED — 68 verified accepts required after gates; collect surplus to survive dedupe/rejection.,"Community consensus (iNaturalist/Wikimedia/Roboflow mirrors): strong for crop, WEAK for disease — phytopathologist re-verification mandatory; expert/extension imagery preferred where listed.",OK (registry key present; disease label still requires lesion-level verification),URL_OK; NEEDS_LICENSE_REVERIFY; NEEDS_COUNT_ESTIMATE,P2 per audit.
Wave 4,model2,strawberry__leaf_scorch,P2,68,iNaturalist Research-Grade observations,iNaturalist Research-Grade observations <https://www.inaturalist.org>,https://www.inaturalist.org :: Per-observation license (CC0/CC-BY/CC-BY-NC/all-rights vary) — filter open licenses only; re-verify each record at download. — RECORD final per-record/per-file license in acquisition manifest; unconfirmed pages must be re-checked at download: iNaturalist Research-Grade observations.,NOT PRE-COUNTED — 68 verified accepts required after gates; collect surplus to survive dedupe/rejection.,"Community consensus (iNaturalist/Wikimedia/Roboflow mirrors): strong for crop, WEAK for disease — phytopathologist re-verification mandatory; expert/extension imagery preferred where listed.",OK (registry key present; disease label still requires lesion-level verification),URL_OK; NEEDS_LICENSE_REVERIFY; NEEDS_COUNT_ESTIMATE,P2 per audit.
Wave 4,model2,tobacco__mosaic_virus,P2,68,iNaturalist Research-Grade observations,iNaturalist Research-Grade observations <https://www.inaturalist.org>,https://www.inaturalist.org :: Per-observation license (CC0/CC-BY/CC-BY-NC/all-rights vary) — filter open licenses only; re-verify each record at download. — RECORD final per-record/per-file license in acquisition manifest; unconfirmed pages must be re-checked at download: iNaturalist Research-Grade observations.,NOT PRE-COUNTED — 68 verified accepts required after gates; collect surplus to survive dedupe/rejection.,"Community consensus (iNaturalist/Wikimedia/Roboflow mirrors): strong for crop, WEAK for disease — phytopathologist re-verification mandatory; expert/extension imagery preferred where listed.",OK (registry key present; disease label still requires lesion-level verification),URL_OK; NEEDS_LICENSE_REVERIFY; NEEDS_COUNT_ESTIMATE,P2 per audit; virus diversity.
Wave 4,model2,blueberry__scorch,P2,67,iNaturalist Research-Grade observations,iNaturalist Research-Grade observations <https://www.inaturalist.org>,https://www.inaturalist.org :: Per-observation license (CC0/CC-BY/CC-BY-NC/all-rights vary) — filter open licenses only; re-verify each record at download. — RECORD final per-record/per-file license in acquisition manifest; unconfirmed pages must be re-checked at download: iNaturalist Research-Grade observations.,NOT PRE-COUNTED — 67 verified accepts required after gates; collect surplus to survive dedupe/rejection.,"Community consensus (iNaturalist/Wikimedia/Roboflow mirrors): strong for crop, WEAK for disease — phytopathologist re-verification mandatory; expert/extension imagery preferred where listed.",OK (registry key present; disease label still requires lesion-level verification),URL_OK; NEEDS_LICENSE_REVERIFY; NEEDS_COUNT_ESTIMATE,P2 per audit.
Wave 4,model2,eggplant__phomopsis_fruit_rot,P2,64,iNaturalist Research-Grade observations,iNaturalist Research-Grade observations <https://www.inaturalist.org>,https://www.inaturalist.org :: Per-observation license (CC0/CC-BY/CC-BY-NC/all-rights vary) — filter open licenses only; re-verify each record at download. — RECORD final per-record/per-file license in acquisition manifest; unconfirmed pages must be re-checked at download: iNaturalist Research-Grade observations.,NOT PRE-COUNTED — 64 verified accepts required after gates; collect surplus to survive dedupe/rejection.,"Community consensus (iNaturalist/Wikimedia/Roboflow mirrors): strong for crop, WEAK for disease — phytopathologist re-verification mandatory; expert/extension imagery preferred where listed.",OK (registry key present; disease label still requires lesion-level verification),URL_OK; NEEDS_LICENSE_REVERIFY; NEEDS_COUNT_ESTIMATE,P2 per audit.
Wave 4,model2,blueberry__mummy_berry,P2,62,iNaturalist Research-Grade observations,iNaturalist Research-Grade observations <https://www.inaturalist.org>,https://www.inaturalist.org :: Per-observation license (CC0/CC-BY/CC-BY-NC/all-rights vary) — filter open licenses only; re-verify each record at download. — RECORD final per-record/per-file license in acquisition manifest; unconfirmed pages must be re-checked at download: iNaturalist Research-Grade observations.,NOT PRE-COUNTED — 62 verified accepts required after gates; collect surplus to survive dedupe/rejection.,"Community consensus (iNaturalist/Wikimedia/Roboflow mirrors): strong for crop, WEAK for disease — phytopathologist re-verification mandatory; expert/extension imagery preferred where listed.",OK (registry key present; disease label still requires lesion-level verification),URL_OK; NEEDS_LICENSE_REVERIFY; NEEDS_COUNT_ESTIMATE,P2 per audit.
Wave 4,model2,banana__cordana_leaf_spot,P2,108,iNaturalist Research-Grade observations + New Plant Diseases Dataset (Kaggle mirror),iNaturalist Research-Grade observations <https://www.inaturalist.org> | New Plant Diseases Dataset (Kaggle mirror) <SEARCH at download: Kaggle 'new plant diseases dataset' (URL not pre-verified offline)>,https://www.inaturalist.org :: Per-observation license (CC0/CC-BY/CC-BY-NC/all-rights vary) — filter open licenses only; re-verify each record at download. | SEARCH at download: Kaggle 'new plant diseases dataset' (URL not pre-verified offline) :: Dataset page terms — re-verify. Verify disease slug matches V4 taxonomy exactly; mirrors vary. — RECORD final per-record/per-file license in acquisition manifest; unconfirmed pages must be re-checked at download: iNaturalist Research-Grade observations | New Plant Diseases Dataset (Kaggle mirror).,NOT PRE-COUNTED — 108 verified accepts required after gates; collect surplus to survive dedupe/rejection.,"Community consensus (iNaturalist/Wikimedia/Roboflow mirrors): strong for crop, WEAK for disease — phytopathologist re-verification mandatory; expert/extension imagery preferred where listed.",OK (registry key present; disease label still requires lesion-level verification),NEEDS_URL_CHECK; NEEDS_LICENSE_REVERIFY; NEEDS_COUNT_ESTIMATE,P2 per audit.
Wave 4,model2,tobacco__blue_mold,P2,105,iNaturalist Research-Grade observations + New Plant Diseases Dataset (Kaggle mirror),iNaturalist Research-Grade observations <https://www.inaturalist.org> | New Plant Diseases Dataset (Kaggle mirror) <SEARCH at download: Kaggle 'new plant diseases dataset' (URL not pre-verified offline)>,https://www.inaturalist.org :: Per-observation license (CC0/CC-BY/CC-BY-NC/all-rights vary) — filter open licenses only; re-verify each record at download. | SEARCH at download: Kaggle 'new plant diseases dataset' (URL not pre-verified offline) :: Dataset page terms — re-verify. Verify disease slug matches V4 taxonomy exactly; mirrors vary. — RECORD final per-record/per-file license in acquisition manifest; unconfirmed pages must be re-checked at download: iNaturalist Research-Grade observations | New Plant Diseases Dataset (Kaggle mirror).,NOT PRE-COUNTED — 105 verified accepts required after gates; collect surplus to survive dedupe/rejection.,"Community consensus (iNaturalist/Wikimedia/Roboflow mirrors): strong for crop, WEAK for disease — phytopathologist re-verification mandatory; expert/extension imagery preferred where listed.",OK (registry key present; disease label still requires lesion-level verification),NEEDS_URL_CHECK; NEEDS_LICENSE_REVERIFY; NEEDS_COUNT_ESTIMATE,P2 per audit.
Wave 4,model2,banana__cigar_end_rot,P2,103,iNaturalist Research-Grade observations + New Plant Diseases Dataset (Kaggle mirror),iNaturalist Research-Grade observations <https://www.inaturalist.org> | New Plant Diseases Dataset (Kaggle mirror) <SEARCH at download: Kaggle 'new plant diseases dataset' (URL not pre-verified offline)>,https://www.inaturalist.org :: Per-observation license (CC0/CC-BY/CC-BY-NC/all-rights vary) — filter open licenses only; re-verify each record at download. | SEARCH at download: Kaggle 'new plant diseases dataset' (URL not pre-verified offline) :: Dataset page terms — re-verify. Verify disease slug matches V4 taxonomy exactly; mirrors vary. — RECORD final per-record/per-file license in acquisition manifest; unconfirmed pages must be re-checked at download: iNaturalist Research-Grade observations | New Plant Diseases Dataset (Kaggle mirror).,NOT PRE-COUNTED — 103 verified accepts required after gates; collect surplus to survive dedupe/rejection.,"Community consensus (iNaturalist/Wikimedia/Roboflow mirrors): strong for crop, WEAK for disease — phytopathologist re-verification mandatory; expert/extension imagery preferred where listed.",OK (registry key present; disease label still requires lesion-level verification),NEEDS_URL_CHECK; NEEDS_LICENSE_REVERIFY; NEEDS_COUNT_ESTIMATE,P2 per audit.
Wave 4,model2,eggplant__cercospora_leaf_spot,P2,103,iNaturalist Research-Grade observations + New Plant Diseases Dataset (Kaggle mirror),iNaturalist Research-Grade observations <https://www.inaturalist.org> | New Plant Diseases Dataset (Kaggle mirror) <SEARCH at download: Kaggle 'new plant diseases dataset' (URL not pre-verified offline)>,https://www.inaturalist.org :: Per-observation license (CC0/CC-BY/CC-BY-NC/all-rights vary) — filter open licenses only; re-verify each record at download. | SEARCH at download: Kaggle 'new plant diseases dataset' (URL not pre-verified offline) :: Dataset page terms — re-verify. Verify disease slug matches V4 taxonomy exactly; mirrors vary. — RECORD final per-record/per-file license in acquisition manifest; unconfirmed pages must be re-checked at download: iNaturalist Research-Grade observations | New Plant Diseases Dataset (Kaggle mirror).,NOT PRE-COUNTED — 103 verified accepts required after gates; collect surplus to survive dedupe/rejection.,"Community consensus (iNaturalist/Wikimedia/Roboflow mirrors): strong for crop, WEAK for disease — phytopathologist re-verification mandatory; expert/extension imagery preferred where listed.",OK (registry key present; disease label still requires lesion-level verification),NEEDS_URL_CHECK; NEEDS_LICENSE_REVERIFY; NEEDS_COUNT_ESTIMATE,P2 per audit.
Wave 4,model2,plum__pocket_disease,P2,102,iNaturalist Research-Grade observations + New Plant Diseases Dataset (Kaggle mirror),iNaturalist Research-Grade observations <https://www.inaturalist.org> | New Plant Diseases Dataset (Kaggle mirror) <SEARCH at download: Kaggle 'new plant diseases dataset' (URL not pre-verified offline)>,https://www.inaturalist.org :: Per-observation license (CC0/CC-BY/CC-BY-NC/all-rights vary) — filter open licenses only; re-verify each record at download. | SEARCH at download: Kaggle 'new plant diseases dataset' (URL not pre-verified offline) :: Dataset page terms — re-verify. Verify disease slug matches V4 taxonomy exactly; mirrors vary. — RECORD final per-record/per-file license in acquisition manifest; unconfirmed pages must be re-checked at download: iNaturalist Research-Grade observations | New Plant Diseases Dataset (Kaggle mirror).,NOT PRE-COUNTED — 102 verified accepts required after gates; collect surplus to survive dedupe/rejection.,"Community consensus (iNaturalist/Wikimedia/Roboflow mirrors): strong for crop, WEAK for disease — phytopathologist re-verification mandatory; expert/extension imagery preferred where listed.",OK (registry key present; disease label still requires lesion-level verification),NEEDS_URL_CHECK; NEEDS_LICENSE_REVERIFY; NEEDS_COUNT_ESTIMATE,P2 per audit.
Wave 4,model2,tobacco__brown_spot,P2,101,iNaturalist Research-Grade observations + New Plant Diseases Dataset (Kaggle mirror),iNaturalist Research-Grade observations <https://www.inaturalist.org> | New Plant Diseases Dataset (Kaggle mirror) <SEARCH at download: Kaggle 'new plant diseases dataset' (URL not pre-verified offline)>,https://www.inaturalist.org :: Per-observation license (CC0/CC-BY/CC-BY-NC/all-rights vary) — filter open licenses only; re-verify each record at download. | SEARCH at download: Kaggle 'new plant diseases dataset' (URL not pre-verified offline) :: Dataset page terms — re-verify. Verify disease slug matches V4 taxonomy exactly; mirrors vary. — RECORD final per-record/per-file license in acquisition manifest; unconfirmed pages must be re-checked at download: iNaturalist Research-Grade observations | New Plant Diseases Dataset (Kaggle mirror).,NOT PRE-COUNTED — 101 verified accepts required after gates; collect surplus to survive dedupe/rejection.,"Community consensus (iNaturalist/Wikimedia/Roboflow mirrors): strong for crop, WEAK for disease — phytopathologist re-verification mandatory; expert/extension imagery preferred where listed.",OK (registry key present; disease label still requires lesion-level verification),NEEDS_URL_CHECK; NEEDS_LICENSE_REVERIFY; NEEDS_COUNT_ESTIMATE,P2 per audit.
Wave 4,model2,rice__sheath_blight,P2,92,iNaturalist Research-Grade observations + Rice Leaf Disease datasets (Kaggle),iNaturalist Research-Grade observations <https://www.inaturalist.org> | Rice Leaf Disease datasets (Kaggle) <SEARCH at download: Kaggle 'rice leaf disease' (URL not pre-verified offline)>,https://www.inaturalist.org :: Per-observation license (CC0/CC-BY/CC-BY-NC/all-rights vary) — filter open licenses only; re-verify each record at download. | SEARCH at download: Kaggle 'rice leaf disease' (URL not pre-verified offline) :: Dataset page terms — re-verify at download. — RECORD final per-record/per-file license in acquisition manifest; unconfirmed pages must be re-checked at download: iNaturalist Research-Grade observations | Rice Leaf Disease datasets (Kaggle).,NOT PRE-COUNTED — 92 verified accepts required after gates; collect surplus to survive dedupe/rejection.,"Community consensus (iNaturalist/Wikimedia/Roboflow mirrors): strong for crop, WEAK for disease — phytopathologist re-verification mandatory; expert/extension imagery preferred where listed.",OK (registry key present; disease label still requires lesion-level verification),NEEDS_URL_CHECK; NEEDS_LICENSE_REVERIFY; NEEDS_COUNT_ESTIMATE,P2 per audit; PAIRED context with ginger__sheath_blight.
Wave 4,model2,cabbage__downy_mildew,P2,82,iNaturalist Research-Grade observations + Roboflow Universe (per-project datasets),iNaturalist Research-Grade observations <https://www.inaturalist.org> | Roboflow Universe (per-project datasets) <https://universe.roboflow.com>,https://www.inaturalist.org :: Per-observation license (CC0/CC-BY/CC-BY-NC/all-rights vary) — filter open licenses only; re-verify each record at download. | https://universe.roboflow.com :: Per-project license (CC-BY/GPL/custom varies) — verify the license field of EACH project before download. — RECORD final per-record/per-file license in acquisition manifest; unconfirmed pages must be re-checked at download: iNaturalist Research-Grade observations | Roboflow Universe (per-project datasets).,NOT PRE-COUNTED — 82 verified accepts required after gates; collect surplus to survive dedupe/rejection.,"Community consensus (iNaturalist/Wikimedia/Roboflow mirrors): strong for crop, WEAK for disease — phytopathologist re-verification mandatory; expert/extension imagery preferred where listed.",OK (registry key present; disease label still requires lesion-level verification),URL_OK; NEEDS_LICENSE_REVERIFY; NEEDS_COUNT_ESTIMATE,P2 per audit.
Wave 4,model2,rice__blast,P2,82,iNaturalist Research-Grade observations + Rice Leaf Disease datasets (Kaggle),iNaturalist Research-Grade observations <https://www.inaturalist.org> | Rice Leaf Disease datasets (Kaggle) <SEARCH at download: Kaggle 'rice leaf disease' (URL not pre-verified offline)>,https://www.inaturalist.org :: Per-observation license (CC0/CC-BY/CC-BY-NC/all-rights vary) — filter open licenses only; re-verify each record at download. | SEARCH at download: Kaggle 'rice leaf disease' (URL not pre-verified offline) :: Dataset page terms — re-verify at download. — RECORD final per-record/per-file license in acquisition manifest; unconfirmed pages must be re-checked at download: iNaturalist Research-Grade observations | Rice Leaf Disease datasets (Kaggle).,NOT PRE-COUNTED — 82 verified accepts required after gates; collect surplus to survive dedupe/rejection.,"Community consensus (iNaturalist/Wikimedia/Roboflow mirrors): strong for crop, WEAK for disease — phytopathologist re-verification mandatory; expert/extension imagery preferred where listed.",OK (registry key present; disease label still requires lesion-level verification),NEEDS_URL_CHECK; NEEDS_LICENSE_REVERIFY; NEEDS_COUNT_ESTIMATE,P2 per audit.
Wave 4,model2,garlic__leaf_blight,P2,78,iNaturalist Research-Grade observations + New Plant Diseases Dataset (Kaggle mirror),iNaturalist Research-Grade observations <https://www.inaturalist.org> | New Plant Diseases Dataset (Kaggle mirror) <SEARCH at download: Kaggle 'new plant diseases dataset' (URL not pre-verified offline)>,https://www.inaturalist.org :: Per-observation license (CC0/CC-BY/CC-BY-NC/all-rights vary) — filter open licenses only; re-verify each record at download. | SEARCH at download: Kaggle 'new plant diseases dataset' (URL not pre-verified offline) :: Dataset page terms — re-verify. Verify disease slug matches V4 taxonomy exactly; mirrors vary. — RECORD final per-record/per-file license in acquisition manifest; unconfirmed pages must be re-checked at download: iNaturalist Research-Grade observations | New Plant Diseases Dataset (Kaggle mirror).,NOT PRE-COUNTED — 78 verified accepts required after gates; collect surplus to survive dedupe/rejection.,"Community consensus (iNaturalist/Wikimedia/Roboflow mirrors): strong for crop, WEAK for disease — phytopathologist re-verification mandatory; expert/extension imagery preferred where listed.",OK (registry key present; disease label still requires lesion-level verification),NEEDS_URL_CHECK; NEEDS_LICENSE_REVERIFY; NEEDS_COUNT_ESTIMATE,P2 per audit.
Wave 4,model2,tomato__yellow_leaf_curl_virus,P2,78,iNaturalist Research-Grade observations + PlantDoc field dataset (Kaggle/GitHub mirrors),iNaturalist Research-Grade observations <https://www.inaturalist.org> | PlantDoc field dataset (Kaggle/GitHub mirrors) <SEARCH at download: Kaggle 'plantdoc' (URL not pre-verified offline)>,https://www.inaturalist.org :: Per-observation license (CC0/CC-BY/CC-BY-NC/all-rights vary) — filter open licenses only; re-verify each record at download. | SEARCH at download: Kaggle 'plantdoc' (URL not pre-verified offline) :: Research-use terms on dataset page — re-verify at download. — RECORD final per-record/per-file license in acquisition manifest; unconfirmed pages must be re-checked at download: iNaturalist Research-Grade observations | PlantDoc field dataset (Kaggle/GitHub mirrors).,NOT PRE-COUNTED — 78 verified accepts required after gates; collect surplus to survive dedupe/rejection.,"Community consensus (iNaturalist/Wikimedia/Roboflow mirrors): strong for crop, WEAK for disease — phytopathologist re-verification mandatory; expert/extension imagery preferred where listed.",OK (registry key present; disease label still requires lesion-level verification),NEEDS_URL_CHECK; NEEDS_LICENSE_REVERIFY; NEEDS_COUNT_ESTIMATE,P2 per audit; PAIRED with tomato__mosaic_virus.
Wave 4,model2,cherry__leaf_spot,P2,64,iNaturalist Research-Grade observations + PlantDoc field dataset (Kaggle/GitHub mirrors),iNaturalist Research-Grade observations <https://www.inaturalist.org> | PlantDoc field dataset (Kaggle/GitHub mirrors) <SEARCH at download: Kaggle 'plantdoc' (URL not pre-verified offline)>,https://www.inaturalist.org :: Per-observation license (CC0/CC-BY/CC-BY-NC/all-rights vary) — filter open licenses only; re-verify each record at download. | SEARCH at download: Kaggle 'plantdoc' (URL not pre-verified offline) :: Research-use terms on dataset page — re-verify at download. — RECORD final per-record/per-file license in acquisition manifest; unconfirmed pages must be re-checked at download: iNaturalist Research-Grade observations | PlantDoc field dataset (Kaggle/GitHub mirrors).,NOT PRE-COUNTED — 64 verified accepts required after gates; collect surplus to survive dedupe/rejection.,"Community consensus (iNaturalist/Wikimedia/Roboflow mirrors): strong for crop, WEAK for disease — phytopathologist re-verification mandatory; expert/extension imagery preferred where listed.",OK (registry key present; disease label still requires lesion-level verification),NEEDS_URL_CHECK; NEEDS_LICENSE_REVERIFY; NEEDS_COUNT_ESTIMATE,P2 per audit.
Wave 4,model2,wheat__bacterial_leaf_streak_(black_chaff),P2,58,iNaturalist Research-Grade observations + Roboflow Universe (per-project datasets),iNaturalist Research-Grade observations <https://www.inaturalist.org> | Roboflow Universe (per-project datasets) <https://universe.roboflow.com>,https://www.inaturalist.org :: Per-observation license (CC0/CC-BY/CC-BY-NC/all-rights vary) — filter open licenses only; re-verify each record at download. | https://universe.roboflow.com :: Per-project license (CC-BY/GPL/custom varies) — verify the license field of EACH project before download. — RECORD final per-record/per-file license in acquisition manifest; unconfirmed pages must be re-checked at download: iNaturalist Research-Grade observations | Roboflow Universe (per-project datasets).,NOT PRE-COUNTED — 58 verified accepts required after gates; collect surplus to survive dedupe/rejection.,"Community consensus (iNaturalist/Wikimedia/Roboflow mirrors): strong for crop, WEAK for disease — phytopathologist re-verification mandatory; expert/extension imagery preferred where listed.",OK (registry key present; disease label still requires lesion-level verification),URL_OK; NEEDS_LICENSE_REVERIFY; NEEDS_COUNT_ESTIMATE,P2 per audit.
Wave 4,model2,potato__early_blight,P2,30,iNaturalist Research-Grade observations + PlantVillage (Kaggle mirror emmarex/plantdisease),iNaturalist Research-Grade observations <https://www.inaturalist.org> | PlantVillage (Kaggle mirror emmarex/plantdisease) <https://www.kaggle.com/datasets/emmarex/plantdisease>,https://www.inaturalist.org :: Per-observation license (CC0/CC-BY/CC-BY-NC/all-rights vary) — filter open licenses only; re-verify each record at download. | https://www.kaggle.com/datasets/emmarex/plantdisease :: Dataset page terms — re-verify at download. Same lab-leaf domain as existing train data: strict SHA dedupe mandatory. — RECORD final per-record/per-file license in acquisition manifest; unconfirmed pages must be re-checked at download: iNaturalist Research-Grade observations | PlantVillage (Kaggle mirror emmarex/plantdisease).,NOT PRE-COUNTED — 30 verified accepts required after gates; collect surplus to survive dedupe/rejection.,"Community consensus (iNaturalist/Wikimedia/Roboflow mirrors): strong for crop, WEAK for disease — phytopathologist re-verification mandatory; expert/extension imagery preferred where listed.",OK (registry key present; disease label still requires lesion-level verification),URL_OK; NEEDS_LICENSE_REVERIFY; NEEDS_COUNT_ESTIMATE,P2 per audit; diversity top-up.
Wave 4,model2,wheat__leaf_rust,P2,30,iNaturalist Research-Grade observations + Roboflow Universe (per-project datasets),iNaturalist Research-Grade observations <https://www.inaturalist.org> | Roboflow Universe (per-project datasets) <https://universe.roboflow.com>,https://www.inaturalist.org :: Per-observation license (CC0/CC-BY/CC-BY-NC/all-rights vary) — filter open licenses only; re-verify each record at download. | https://universe.roboflow.com :: Per-project license (CC-BY/GPL/custom varies) — verify the license field of EACH project before download. — RECORD final per-record/per-file license in acquisition manifest; unconfirmed pages must be re-checked at download: iNaturalist Research-Grade observations | Roboflow Universe (per-project datasets).,NOT PRE-COUNTED — 30 verified accepts required after gates; collect surplus to survive dedupe/rejection.,"Community consensus (iNaturalist/Wikimedia/Roboflow mirrors): strong for crop, WEAK for disease — phytopathologist re-verification mandatory; expert/extension imagery preferred where listed.",OK (registry key present; disease label still requires lesion-level verification),URL_OK; NEEDS_LICENSE_REVERIFY; NEEDS_COUNT_ESTIMATE,P2 per audit; diversity top-up.
Wave 4,model2,apple__scab,P2,30,iNaturalist Research-Grade observations + PlantVillage (Kaggle mirror emmarex/plantdisease),iNaturalist Research-Grade observations <https://www.inaturalist.org> | PlantVillage (Kaggle mirror emmarex/plantdisease) <https://www.kaggle.com/datasets/emmarex/plantdisease>,https://www.inaturalist.org :: Per-observation license (CC0/CC-BY/CC-BY-NC/all-rights vary) — filter open licenses only; re-verify each record at download. | https://www.kaggle.com/datasets/emmarex/plantdisease :: Dataset page terms — re-verify at download. Same lab-leaf domain as existing train data: strict SHA dedupe mandatory. — RECORD final per-record/per-file license in acquisition manifest; unconfirmed pages must be re-checked at download: iNaturalist Research-Grade observations | PlantVillage (Kaggle mirror emmarex/plantdisease).,NOT PRE-COUNTED — 30 verified accepts required after gates; collect surplus to survive dedupe/rejection.,"Community consensus (iNaturalist/Wikimedia/Roboflow mirrors): strong for crop, WEAK for disease — phytopathologist re-verification mandatory; expert/extension imagery preferred where listed.",OK (registry key present; disease label still requires lesion-level verification),URL_OK; NEEDS_LICENSE_REVERIFY; NEEDS_COUNT_ESTIMATE,P2 per audit; diversity top-up.
Wave 4,model2,tomato__late_blight,P2,30,iNaturalist Research-Grade observations + PlantDoc field dataset (Kaggle/GitHub mirrors) + University/USDA extension fact sheets & diagnostic clinics,iNaturalist Research-Grade observations <https://www.inaturalist.org> | PlantDoc field dataset (Kaggle/GitHub mirrors) <SEARCH at download: Kaggle 'plantdoc' (URL not pre-verified offline)> | University/USDA extension fact sheets & diagnostic clinics <Per-institution search at download (e.g. site:edu plant disease clinic)>,https://www.inaturalist.org :: Per-observation license (CC0/CC-BY/CC-BY-NC/all-rights vary) — filter open licenses only; re-verify each record at download. | SEARCH at download: Kaggle 'plantdoc' (URL not pre-verified offline) :: Research-use terms on dataset page — re-verify at download. | Per-institution search at download (e.g. site:edu plant disease clinic) :: USDA federal works are public domain; university pages vary — verify EACH page at download. — RECORD final per-record/per-file license in acquisition manifest; unconfirmed pages must be re-checked at download: iNaturalist Research-Grade observations | PlantDoc field dataset (Kaggle/GitHub mirrors) | University/USDA extension fact sheets & diagnostic clinics.,NOT PRE-COUNTED — 30 verified accepts required after gates; collect surplus to survive dedupe/rejection.,"Community consensus (iNaturalist/Wikimedia/Roboflow mirrors): strong for crop, WEAK for disease — phytopathologist re-verification mandatory; expert/extension imagery preferred where listed.",OK (registry key present; disease label still requires lesion-level verification),NEEDS_URL_CHECK; NEEDS_LICENSE_REVERIFY; NEEDS_COUNT_ESTIMATE,P2 per audit; early-stage field progression.
Wave 4,model2,cucumber__powdery_mildew,P2,30,iNaturalist Research-Grade observations + PlantDoc field dataset (Kaggle/GitHub mirrors),iNaturalist Research-Grade observations <https://www.inaturalist.org> | PlantDoc field dataset (Kaggle/GitHub mirrors) <SEARCH at download: Kaggle 'plantdoc' (URL not pre-verified offline)>,https://www.inaturalist.org :: Per-observation license (CC0/CC-BY/CC-BY-NC/all-rights vary) — filter open licenses only; re-verify each record at download. | SEARCH at download: Kaggle 'plantdoc' (URL not pre-verified offline) :: Research-use terms on dataset page — re-verify at download. — RECORD final per-record/per-file license in acquisition manifest; unconfirmed pages must be re-checked at download: iNaturalist Research-Grade observations | PlantDoc field dataset (Kaggle/GitHub mirrors).,NOT PRE-COUNTED — 30 verified accepts required after gates; collect surplus to survive dedupe/rejection.,"Community consensus (iNaturalist/Wikimedia/Roboflow mirrors): strong for crop, WEAK for disease — phytopathologist re-verification mandatory; expert/extension imagery preferred where listed.",OK (registry key present; disease label still requires lesion-level verification),NEEDS_URL_CHECK; NEEDS_LICENSE_REVERIFY; NEEDS_COUNT_ESTIMATE,P2 per audit; mildew-triangle counterpart.
