image_path,split,raw_class,sha256,reason
train/bell_pepper/PepperBell_Nutrition Deficiency/Nutrition Deficiency00001.JPG,train,bell_pepper__PepperBell_Nutrition Deficiency,b797d615ad040d0ae06b628ca684616b2894438f4486863173d729616e121805,"Abiotic nutritional deficiency, non-pathological"
train/bell_pepper/PepperBell_Nutrition Deficiency/Nutrition Deficiency00002.JPG,train,bell_pepper__PepperBell_Nutrition Deficiency,6a46df205dd159d0bbad32d0d6b8140d206e964259a7f0f1ce1877e9971336ba,"Abiotic nutritional deficiency, non-pathological"
train/bell_pepper/PepperBell_Nutrition Deficiency/Nutrition Deficiency00003.JPG,train,bell_pepper__PepperBell_Nutrition Deficiency,7d466ba6007b7f2c28a53bafbc8d9e45a482cf545672c8393f45b0897c46fafe,"Abiotic nutritional deficiency, non-pathological"
train/bell_pepper/PepperBell_Nutrition Deficiency/Nutrition Deficiency00004.JPG,train,bell_pepper__PepperBell_Nutrition Deficiency,d531e1db81ad84b04a18e2d5745e27c59e1edd1075f65b9a8f3cfa2c2612b5c4,"Abiotic nutritional deficiency, non-pathological"
train/bell_pepper/PepperBell_Nutrition Deficiency/Nutrition Deficiency00005.JPG,train,bell_pepper__PepperBell_Nutrition Deficiency,ff5f575daf9354ae6bfebedf3fd0cb917ada8eee5e67444e83154d189b048d5d,"Abiotic nutritional deficiency, non-pathological"
train/bell_pepper/PepperBell_Nutrition Deficiency/Nutrition Deficiency00006.JPG,train,bell_pepper__PepperBell_Nutrition Deficiency,000344844b0bcfa07c0a34505af4784947516129a3882528ff78c8f60ebcda2c,"Abiotic nutritional deficiency, non-pathological"
train/bell_pepper/PepperBell_Nutrition Deficiency/Nutrition Deficiency00007.JPG,train,bell_pepper__PepperBell_Nutrition Deficiency,330f462c14a9c47f467c64fbf3ec2eab8232f6f1dbb5e4b9490a110041d292b4,"Abiotic nutritional deficiency, non-pathological"
train/bell_pepper/PepperBell_Nutrition Deficiency/Nutrition Deficiency00008.JPG,train,bell_pepper__PepperBell_Nutrition Deficiency,04dce8141ba90cf45c44f32094a4a5863cda9a2c06d5e78c2dd5b1b974f43ea9,"Abiotic nutritional deficiency, non-pathological"
train/bell_pepper/PepperBell_Nutrition Deficiency/Nutrition Deficiency00009.JPG,train,bell_pepper__PepperBell_Nutrition Deficiency,6dbe5b2e31c86273b5494ec0ac8de5fc3cb0318d46c55c603dcb63d65b6f7a1a,"Abiotic nutritional deficiency, non-pathological"
train/bell_pepper/PepperBell_Nutrition Deficiency/Nutrition Deficiency00010.JPG,train,bell_pepper__PepperBell_Nutrition Deficiency,603f4a28e5344f4297bdbb7e7cc3ea72d6a9946ed01732bbf32068479b7c0665,"Abiotic nutritional deficiency, non-pathological"
train/bell_pepper/PepperBell_Nutrition Deficiency/Nutrition Deficiency00011.JPG,train,bell_pepper__PepperBell_Nutrition Deficiency,121c83356dcc7f62d2ae5d3c1be2de87dea9ecd56ecde182d0827df1b72ee38e,"Abiotic nutritional deficiency, non-pathological"
train/bell_pepper/PepperBell_Nutrition Deficiency/Nutrition Deficiency00012.JPG,train,bell_pepper__PepperBell_Nutrition Deficiency,e7d57b1e53f5e6db2d56fb631aeb43fc6802498f1a3d5c421c72c8fab6d27af4,"Abiotic nutritional deficiency, non-pathological"
train/bell_pepper/PepperBell_Nutrition Deficiency/Nutrition Deficiency00013.JPG,train,bell_pepper__PepperBell_Nutrition Deficiency,281f004f52a6a474f458d476139531d6947447035be81737a409152af453cf97,"Abiotic nutritional deficiency, non-pathological"
train/bell_pepper/PepperBell_Nutrition Deficiency/Nutrition Deficiency00014.JPG,train,bell_pepper__PepperBell_Nutrition Deficiency,3d6a774ba298d9150e1e1b8d81b999653e3fc186b9f87ec4ff0934606b40ad31,"Abiotic nutritional deficiency, non-pathological"
train/bell_pepper/PepperBell_Nutrition Deficiency/Nutrition Deficiency00015.JPG,train,bell_pepper__PepperBell_Nutrition Deficiency,a73dcb7b3480ebb81fe5070b26ffc4bac6000c099ad3c4054b3ec80cb4ce5b0c,"Abiotic nutritional deficiency, non-pathological"
train/bell_pepper/PepperBell_Nutrition Deficiency/Nutrition Deficiency00016.JPG,train,bell_pepper__PepperBell_Nutrition Deficiency,a450520f92beb12a3b70285b92c6b995a5b6a37fbe0a4fdaa626da4f76257436,"Abiotic nutritional deficiency, non-pathological"
train/bell_pepper/PepperBell_Nutrition Deficiency/Nutrition Deficiency00017.JPG,train,bell_pepper__PepperBell_Nutrition Deficiency,19b421266a217cdf7b805969e6758319ce366b1dc767a65c5aa5873e49b4360d,"Abiotic nutritional deficiency, non-pathological"
train/bell_pepper/PepperBell_Nutrition Deficiency/Nutrition Deficiency00018.JPG,train,bell_pepper__PepperBell_Nutrition Deficiency,b2cddaacc0669799b44dc02f47bd369d4c606760e85aa6e5c8790152dc6b1092,"Abiotic nutritional deficiency, non-pathological"
train/bell_pepper/PepperBell_Nutrition Deficiency/Nutrition Deficiency00019.JPG,train,bell_pepper__PepperBell_Nutrition Deficiency,3520c647d3f2af1f66e33f0b79a37684de59aa4db4ef3e1b31221f210181007c,"Abiotic nutritional deficiency, non-pathological"
train/bell_pepper/PepperBell_Nutrition Deficiency/Nutrition Deficiency00020.JPG,train,bell_pepper__PepperBell_Nutrition Deficiency,f871f515b2ba48bc4d4833cf889fc0f8cc452d3d7ceb12b4437c395977c45db4,"Abiotic nutritional deficiency, non-pathological"
train/bell_pepper/PepperBell_Nutrition Deficiency/Nutrition Deficiency00021.JPG,train,bell_pepper__PepperBell_Nutrition Deficiency,e7828f3e1c00b7d7e6520e3a0d522dd0c0e253072522b606a1316ad09e1859d4,"Abiotic nutritional deficiency, non-pathological"
train/bell_pepper/PepperBell_Nutrition Deficiency/Nutrition Deficiency00022.JPG,train,bell_pepper__PepperBell_Nutrition Deficiency,6a484b91e44c75b90ba63e6373a9f95d4d3c15c9accdaca73ae056568ab7c92f,"Abiotic nutritional deficiency, non-pathological"
train/bell_pepper/PepperBell_Nutrition Deficiency/Nutrition Deficiency00023.JPG,train,bell_pepper__PepperBell_Nutrition Deficiency,cc69deac8b474dba128198a0e8c523c716d2e01827116010c40ec741b8dcd873,"Abiotic nutritional deficiency, non-pathological"
train/bell_pepper/PepperBell_Nutrition Deficiency/Nutrition Deficiency00024.JPG,train,bell_pepper__PepperBell_Nutrition Deficiency,68ea776c8b6ed642da431bf007497c3613f63eab01d83be844b46b76303eec44,"Abiotic nutritional deficiency, non-pathological"
train/bell_pepper/PepperBell_Nutrition Deficiency/Nutrition Deficiency00025.JPG,train,bell_pepper__PepperBell_Nutrition Deficiency,76701378e75e3dff3160297b3d03221bc92f0fc44461ba1c2654638e0c34427c,"Abiotic nutritional deficiency, non-pathological"
train/bell_pepper/PepperBell_Nutrition Deficiency/Nutrition Deficiency00026.JPG,train,bell_pepper__PepperBell_Nutrition Deficiency,6bd58d2fc6bc1639a756aaff880d45d61cb9227d0654680dec7029ea231a97cb,"Abiotic nutritional deficiency, non-pathological"
train/bell_pepper/PepperBell_Nutrition Deficiency/Nutrition Deficiency00027.JPG,train,bell_pepper__PepperBell_Nutrition Deficiency,66bd24f1c56eff93d7607907d68edeb632b74cc4d37d92ad2a946a7f8e5388a1,"Abiotic nutritional deficiency, non-pathological"
train/bell_pepper/PepperBell_Nutrition Deficiency/Nutrition Deficiency00028.JPG,train,bell_pepper__PepperBell_Nutrition Deficiency,dc565afd7fe1edfc71c4e6a38b87d7aa2d3f598860e77f59ceb7a702593ac048,"Abiotic nutritional deficiency, non-pathological"
train/bell_pepper/PepperBell_Nutrition Deficiency/Nutrition Deficiency00029.JPG,train,bell_pepper__PepperBell_Nutrition Deficiency,98e9045a49aef4700296e56328b0b2916b8ab2b1b12ff170abccdab8ad2da12c,"Abiotic nutritional deficiency, non-pathological"
train/bell_pepper/PepperBell_Nutrition Deficiency/Nutrition Deficiency00030.JPG,train,bell_pepper__PepperBell_Nutrition Deficiency,28c50f548fda139ede0153d301db62f6259b24832f1636fd966bc533653dc962,"Abiotic nutritional deficiency, non-pathological"
train/bell_pepper/PepperBell_Nutrition Deficiency/Nutrition Deficiency00031.JPG,train,bell_pepper__PepperBell_Nutrition Deficiency,0278ee5ee1e7c4768c459ca88102cb552baef61ea9d1497a0bdd8fee1e95520a,"Abiotic nutritional deficiency, non-pathological"
train/bell_pepper/PepperBell_Nutrition Deficiency/Nutrition Deficiency00032.JPG,train,bell_pepper__PepperBell_Nutrition Deficiency,83c0dc7a2a13e58ef144fbe88f4a3b0fe3c2ab3ae4c7bdf951869b62e561d907,"Abiotic nutritional deficiency, non-pathological"
train/bell_pepper/PepperBell_Nutrition Deficiency/Nutrition Deficiency00033.JPG,train,bell_pepper__PepperBell_Nutrition Deficiency,bc59fd22ba5cffefff647f75f6f0eb9ffb7661214f66ca95bd73b65142d5f646,"Abiotic nutritional deficiency, non-pathological"
train/bell_pepper/PepperBell_Nutrition Deficiency/Nutrition Deficiency00034.JPG,train,bell_pepper__PepperBell_Nutrition Deficiency,821927ff9ac644bc836f7837da57ccf637ea9bd2e49394ad007252f7df0da686,"Abiotic nutritional deficiency, non-pathological"
train/bell_pepper/PepperBell_Nutrition Deficiency/Nutrition Deficiency00035.JPG,train,bell_pepper__PepperBell_Nutrition Deficiency,3dbf851fefcf21e7b316a9eee5b610d3b0cb757939559da6a448cecd0ce469ae,"Abiotic nutritional deficiency, non-pathological"
train/bell_pepper/PepperBell_Nutrition Deficiency/Nutrition Deficiency00036.JPG,train,bell_pepper__PepperBell_Nutrition Deficiency,21eb52419c733d8b08f74d40b31de47e6d2348901358ffddc8a308e7f8c703ad,"Abiotic nutritional deficiency, non-pathological"
train/bell_pepper/PepperBell_Nutrition Deficiency/Nutrition Deficiency00037.JPG,train,bell_pepper__PepperBell_Nutrition Deficiency,3af1df9e381e6a12d2a178131c0cdf6ee13fdad7d25f3417e16487cece4798c3,"Abiotic nutritional deficiency, non-pathological"
train/bell_pepper/PepperBell_Nutrition Deficiency/Nutrition Deficiency00038.JPG,train,bell_pepper__PepperBell_Nutrition Deficiency,4337fe65946b7b615f3a5c92d7d2afb346d7c0e747bb14554a5ec3b8c955a447,"Abiotic nutritional deficiency, non-pathological"
train/bell_pepper/PepperBell_Nutrition Deficiency/Nutrition Deficiency00039.JPG,train,bell_pepper__PepperBell_Nutrition Deficiency,f6e28cbbec3acecb8ebd96e2e3f7d67caca6fca6ec7b7fa2879c81f2e57b680d,"Abiotic nutritional deficiency, non-pathological"
train/bell_pepper/PepperBell_Nutrition Deficiency/Nutrition Deficiency00040.JPG,train,bell_pepper__PepperBell_Nutrition Deficiency,f3c942cdb07f271bbdeda772aefae81fa14bec82224db20ee7d2e81ac9880af6,"Abiotic nutritional deficiency, non-pathological"
train/bell_pepper/PepperBell_Nutrition Deficiency/Nutrition Deficiency00041.JPG,train,bell_pepper__PepperBell_Nutrition Deficiency,f2399499b36d08592755409f2e549f3951902dce01af5ee4c9b6ac2ece79ac96,"Abiotic nutritional deficiency, non-pathological"
train/bell_pepper/PepperBell_Nutrition Deficiency/Nutrition Deficiency00042.JPG,train,bell_pepper__PepperBell_Nutrition Deficiency,c73d7d7f0c427b89886c7e9b030e4c44a4e7f6a13fbc0b834c04aee6c3863598,"Abiotic nutritional deficiency, non-pathological"
train/bell_pepper/PepperBell_Nutrition Deficiency/Nutrition Deficiency00043.JPG,train,bell_pepper__PepperBell_Nutrition Deficiency,9b5fbabf2d314f425459b605fb4121ff59bef259f2bb99a58854b1fdbee04567,"Abiotic nutritional deficiency, non-pathological"
train/bell_pepper/PepperBell_Nutrition Deficiency/Nutrition Deficiency00044.JPG,train,bell_pepper__PepperBell_Nutrition Deficiency,e9b9aaa6104a190cf7add5435ab2e0d3c74d6c1937f3bc254c0030e15b97a7cc,"Abiotic nutritional deficiency, non-pathological"
train/bell_pepper/PepperBell_Nutrition Deficiency/Nutrition Deficiency00045.JPG,train,bell_pepper__PepperBell_Nutrition Deficiency,631bf185b617666602d2c135532a76886df1b1dba16ac9c504273d1e6964ba32,"Abiotic nutritional deficiency, non-pathological"
train/bell_pepper/PepperBell_Nutrition Deficiency/Nutrition Deficiency00046.JPG,train,bell_pepper__PepperBell_Nutrition Deficiency,6e37e436c1485a0a39d780b047b8a10283e3c363aaea71a7e38b8931d6c761f7,"Abiotic nutritional deficiency, non-pathological"
train/bell_pepper/PepperBell_Nutrition Deficiency/Nutrition Deficiency00047.JPG,train,bell_pepper__PepperBell_Nutrition Deficiency,06a34eab4312c052b17b7197dde3061ea3b7343dd4dc7ebd3bba85c3cbf305a2,"Abiotic nutritional deficiency, non-pathological"
train/bell_pepper/PepperBell_Nutrition Deficiency/Nutrition Deficiency00048.JPG,train,bell_pepper__PepperBell_Nutrition Deficiency,1c55c0ab7df5bb0a914f6c4ec3b142fb0489e0a3777f9277ce0c4eabb3e9fcd6,"Abiotic nutritional deficiency, non-pathological"
train/bell_pepper/PepperBell_Nutrition Deficiency/Nutrition Deficiency00049.JPG,train,bell_pepper__PepperBell_Nutrition Deficiency,a0f54c16b2e7535a23f0c6f01b7e3118b7965add33f31366ba70c4775505eed4,"Abiotic nutritional deficiency, non-pathological"
train/bell_pepper/PepperBell_Nutrition Deficiency/Nutrition Deficiency00050.JPG,train,bell_pepper__PepperBell_Nutrition Deficiency,6f2a9f88caa19652c37c2d62cd59347caf9596826907777af8a4e1a1bff2bddf,"Abiotic nutritional deficiency, non-pathological"
train/bell_pepper/PepperBell_Nutrition Deficiency/Nutrition Deficiency00051.JPG,train,bell_pepper__PepperBell_Nutrition Deficiency,bdc4b8ee9ef8ce79d3f92bfd877ea69c0f0f41c35c5dde7cecee2d72ba7c2ad3,"Abiotic nutritional deficiency, non-pathological"
train/bell_pepper/PepperBell_Nutrition Deficiency/Nutrition Deficiency00052.JPG,train,bell_pepper__PepperBell_Nutrition Deficiency,74a6b3ec8baa5cceaea8a28194e522d8d51b7656440436b9f46d473ad494fe60,"Abiotic nutritional deficiency, non-pathological"
train/bell_pepper/PepperBell_Nutrition Deficiency/Nutrition Deficiency00053.JPG,train,bell_pepper__PepperBell_Nutrition Deficiency,987273b262cbcb28c72140fc738aef62a0cc0caedfd87af6adc49928dae2cf22,"Abiotic nutritional deficiency, non-pathological"
train/bell_pepper/PepperBell_Nutrition Deficiency/Nutrition Deficiency00054.JPG,train,bell_pepper__PepperBell_Nutrition Deficiency,dae0d2f56028701c0cd5b0259310c8da3b3a4b532551119232568a0d50534316,"Abiotic nutritional deficiency, non-pathological"
train/bell_pepper/PepperBell_Nutrition Deficiency/Nutrition Deficiency00055.JPG,train,bell_pepper__PepperBell_Nutrition Deficiency,9f795ffa20f7fd2aefc4fbf43cdd2284424e76151dbb2e603be0936b744e337b,"Abiotic nutritional deficiency, non-pathological"
train/bell_pepper/PepperBell_Nutrition Deficiency/Nutrition Deficiency00056.JPG,train,bell_pepper__PepperBell_Nutrition Deficiency,fb2b7e4d35e647c51cd919ae4bc5b99117f2ffa95094ec3f5760b9ae047a20ad,"Abiotic nutritional deficiency, non-pathological"
train/bell_pepper/PepperBell_Nutrition Deficiency/Nutrition Deficiency00057.JPG,train,bell_pepper__PepperBell_Nutrition Deficiency,07e17bf46d39f93b62dfe634d0479e0bfba8d1a17b5d07b0e975cc3fafa46f97,"Abiotic nutritional deficiency, non-pathological"
train/bell_pepper/PepperBell_Nutrition Deficiency/Nutrition Deficiency00058.JPG,train,bell_pepper__PepperBell_Nutrition Deficiency,89b069f7d776a46e7f8ded38ead8154b913bd70ef9179df97538a9bd9fdd62d2,"Abiotic nutritional deficiency, non-pathological"
train/bell_pepper/PepperBell_Nutrition Deficiency/Nutrition Deficiency00059.JPG,train,bell_pepper__PepperBell_Nutrition Deficiency,84a6f84a9410a56db578fba8aaad4843bdc5ac7aa4b4044256d8bf6fc91d0142,"Abiotic nutritional deficiency, non-pathological"
train/bell_pepper/PepperBell_Nutrition Deficiency/Nutrition Deficiency00060.JPG,train,bell_pepper__PepperBell_Nutrition Deficiency,0b093e7e8300674edb73129854d933a16508ccdd939debf2e16f910747d00270,"Abiotic nutritional deficiency, non-pathological"
train/bell_pepper/PepperBell_Nutrition Deficiency/Nutrition Deficiency00061.JPG,train,bell_pepper__PepperBell_Nutrition Deficiency,8ac47565ebc0d8bace30a3a93cdcc00ad913566930af780718ed52b361af95c5,"Abiotic nutritional deficiency, non-pathological"
train/bell_pepper/PepperBell_Nutrition Deficiency/Nutrition Deficiency00062.JPG,train,bell_pepper__PepperBell_Nutrition Deficiency,97ecd09e25a0d9d728e4d4fe7693bbb1120e7de15dfaf71f5aac91894f42e00b,"Abiotic nutritional deficiency, non-pathological"
train/bell_pepper/PepperBell_Nutrition Deficiency/Nutrition Deficiency00063.JPG,train,bell_pepper__PepperBell_Nutrition Deficiency,49e414890cd8f1b8319a3a1e1b16a6f2a2f666ab3d2178019409e65ce1c89b0f,"Abiotic nutritional deficiency, non-pathological"
train/bell_pepper/PepperBell_Nutrition Deficiency/Nutrition Deficiency00064.JPG,train,bell_pepper__PepperBell_Nutrition Deficiency,b8b41fd7f7cee05ce6d519dad3d054a324cf10a368da61097a1309804304e592,"Abiotic nutritional deficiency, non-pathological"
train/bell_pepper/PepperBell_Nutrition Deficiency/Nutrition Deficiency00065.JPG,train,bell_pepper__PepperBell_Nutrition Deficiency,db8827bfd8a81ea67f76810765972812bf80b2fbf3db07b61572e44549058ccd,"Abiotic nutritional deficiency, non-pathological"
train/bell_pepper/PepperBell_Nutrition Deficiency/Nutrition Deficiency00066.JPG,train,bell_pepper__PepperBell_Nutrition Deficiency,79d347550ca4fae966ca8413971bc1ce4b21443915b3412fbf7d98387b9628a6,"Abiotic nutritional deficiency, non-pathological"
train/bell_pepper/PepperBell_Nutrition Deficiency/Nutrition Deficiency00067.JPG,train,bell_pepper__PepperBell_Nutrition Deficiency,1ce0d2425b1747ec4ed535e472a0452ae2195167fa4c2127982d8687a8b67995,"Abiotic nutritional deficiency, non-pathological"
train/bell_pepper/PepperBell_Nutrition Deficiency/Nutrition Deficiency00068.JPG,train,bell_pepper__PepperBell_Nutrition Deficiency,11117f929b48affd8aab620676635ccffcac5c69bcc1dca6d5d9b1ebbd71c3af,"Abiotic nutritional deficiency, non-pathological"
train/bell_pepper/PepperBell_Nutrition Deficiency/Nutrition Deficiency00069.JPG,train,bell_pepper__PepperBell_Nutrition Deficiency,d321f14511c0413d2cc9342d9521f708283993ee0e31466cbc4fe2398d1cfec1,"Abiotic nutritional deficiency, non-pathological"
train/bell_pepper/PepperBell_Nutrition Deficiency/Nutrition Deficiency00070.JPG,train,bell_pepper__PepperBell_Nutrition Deficiency,b760a0a4723873ac51525d70bf863f6e4bb60f358f392c2e56eafd2e5bbef15b,"Abiotic nutritional deficiency, non-pathological"
train/bell_pepper/PepperBell_Nutrition Deficiency/Nutrition Deficiency00071.JPG,train,bell_pepper__PepperBell_Nutrition Deficiency,3023c4c3ebd3ebcda99725a3696c829018170b1130e83d5501a8d6c07354ac02,"Abiotic nutritional deficiency, non-pathological"
train/bell_pepper/PepperBell_Nutrition Deficiency/Nutrition Deficiency00072.JPG,train,bell_pepper__PepperBell_Nutrition Deficiency,7bb72225ed30683460d8cf4882ba017467d5d4a065097d98dcd1c123d9ca8133,"Abiotic nutritional deficiency, non-pathological"
train/bell_pepper/PepperBell_Nutrition Deficiency/Nutrition Deficiency00073.JPG,train,bell_pepper__PepperBell_Nutrition Deficiency,6c5085aa0457927e61d01b656bba82050e85ce49679c820f1ecc8459bcc3689f,"Abiotic nutritional deficiency, non-pathological"
train/bell_pepper/PepperBell_Nutrition Deficiency/Nutrition Deficiency00074.JPG,train,bell_pepper__PepperBell_Nutrition Deficiency,6588e8f6a678d8643baa9c9a71b9ddddcf02c8ac103e949823e2422af5f10b47,"Abiotic nutritional deficiency, non-pathological"
train/bell_pepper/PepperBell_Nutrition Deficiency/Nutrition Deficiency00075.JPG,train,bell_pepper__PepperBell_Nutrition Deficiency,834f8e6f1893d737f362075540ef262039365774483d850ec21a4f55284da166,"Abiotic nutritional deficiency, non-pathological"
train/bell_pepper/PepperBell_Nutrition Deficiency/Nutrition Deficiency00076.JPG,train,bell_pepper__PepperBell_Nutrition Deficiency,e7905378007957c145854a3ab4b29f4a35a87c2961a56b599b0fd1b90d0b0b4a,"Abiotic nutritional deficiency, non-pathological"
train/bell_pepper/PepperBell_Nutrition Deficiency/Nutrition Deficiency00077.JPG,train,bell_pepper__PepperBell_Nutrition Deficiency,460d98a3be044a79137d1739ebaa376bd13a6e4d4311b0ec4ddea863786c041e,"Abiotic nutritional deficiency, non-pathological"
train/bell_pepper/PepperBell_Nutrition Deficiency/Nutrition Deficiency00078.JPG,train,bell_pepper__PepperBell_Nutrition Deficiency,b2f43f80a695d46a96d1626015fc6c9ce9580f500ee4ee95d18f7e5053b6d11d,"Abiotic nutritional deficiency, non-pathological"
train/bell_pepper/PepperBell_Nutrition Deficiency/Nutrition Deficiency00079.JPG,train,bell_pepper__PepperBell_Nutrition Deficiency,424e85232d9d69bb4508704fa96f0ecd455d55682c676b14498f4cc0439fdbb4,"Abiotic nutritional deficiency, non-pathological"
train/bell_pepper/PepperBell_Nutrition Deficiency/Nutrition Deficiency00080.JPG,train,bell_pepper__PepperBell_Nutrition Deficiency,aea881373cc96acfd7c7887601cdde0a13f66a2f2216728f9319b1dae1907dd6,"Abiotic nutritional deficiency, non-pathological"
train/bell_pepper/PepperBell_Nutrition Deficiency/Nutrition Deficiency00081.JPG,train,bell_pepper__PepperBell_Nutrition Deficiency,1a7ccc2f9919fb0dce255d6784b529f6ddf7b07431dbd5641b6830837dce1e8d,"Abiotic nutritional deficiency, non-pathological"
train/bell_pepper/PepperBell_Nutrition Deficiency/Nutrition Deficiency00082.JPG,train,bell_pepper__PepperBell_Nutrition Deficiency,5a15115b05e506aed1b6c3f226eded67b91bab44496a011f2bb4e99b5f8b0808,"Abiotic nutritional deficiency, non-pathological"
train/bell_pepper/PepperBell_Nutrition Deficiency/Nutrition Deficiency00083.JPG,train,bell_pepper__PepperBell_Nutrition Deficiency,3539f08244dfd8fd0c68917293abea436d68516d37fd470ed5c430eb0662dce5,"Abiotic nutritional deficiency, non-pathological"
train/bell_pepper/PepperBell_Nutrition Deficiency/Nutrition Deficiency00084.JPG,train,bell_pepper__PepperBell_Nutrition Deficiency,09ef298da4caff03bf0cb256e5efc05f9b284172b0279291c85c730f241e039c,"Abiotic nutritional deficiency, non-pathological"
train/bell_pepper/PepperBell_Nutrition Deficiency/Nutrition Deficiency00085.JPG,train,bell_pepper__PepperBell_Nutrition Deficiency,a809092ab92b673a3699dacf475664e86d1fbdea1db90e385776c1b4df718b55,"Abiotic nutritional deficiency, non-pathological"
train/bell_pepper/PepperBell_Nutrition Deficiency/Nutrition Deficiency00086.JPG,train,bell_pepper__PepperBell_Nutrition Deficiency,a78e4923a62e0c3bdbcea542d61b7e39898ff1e178b0126960c6e4404ed6afa5,"Abiotic nutritional deficiency, non-pathological"
train/bell_pepper/PepperBell_Nutrition Deficiency/Nutrition Deficiency00087.JPG,train,bell_pepper__PepperBell_Nutrition Deficiency,510d0b1f465237199edd751d3a532f96be34f151e08e7484f2524f552c4526dd,"Abiotic nutritional deficiency, non-pathological"
train/bell_pepper/PepperBell_Nutrition Deficiency/Nutrition Deficiency00088.JPG,train,bell_pepper__PepperBell_Nutrition Deficiency,f685f2640633acee5aaa232fc63a9f5a2c5107f4e4e7a6644c99520d25c7d0f0,"Abiotic nutritional deficiency, non-pathological"
train/bell_pepper/PepperBell_Nutrition Deficiency/Nutrition Deficiency00089.JPG,train,bell_pepper__PepperBell_Nutrition Deficiency,ef1b190cc71f75e33608f38914c8f848a871effc0eae4591d04a6aaf1d08493b,"Abiotic nutritional deficiency, non-pathological"
train/bell_pepper/PepperBell_Nutrition Deficiency/Nutrition Deficiency00090.JPG,train,bell_pepper__PepperBell_Nutrition Deficiency,b66421b13fd4d87365f6bc41462076f601ac36a01c4e5495917fe6608abdeba1,"Abiotic nutritional deficiency, non-pathological"
train/bell_pepper/PepperBell_Nutrition Deficiency/Nutrition Deficiency00091.JPG,train,bell_pepper__PepperBell_Nutrition Deficiency,cbc0022bb3f32bbab5ad3121ad300b9d98b5b394876262c58ec4e4be9757f82a,"Abiotic nutritional deficiency, non-pathological"
train/bell_pepper/PepperBell_Nutrition Deficiency/Nutrition Deficiency00092.JPG,train,bell_pepper__PepperBell_Nutrition Deficiency,25654697163dda6d73789241c02d62354ded0527fe170b9d08a5ac2743041b1e,"Abiotic nutritional deficiency, non-pathological"
train/bell_pepper/PepperBell_Nutrition Deficiency/Nutrition Deficiency00093.JPG,train,bell_pepper__PepperBell_Nutrition Deficiency,dabaa0105e6f0abd1efe991c03aa62a026b00eb2566c8c42ad0c295bc45d2a42,"Abiotic nutritional deficiency, non-pathological"
train/bell_pepper/PepperBell_Nutrition Deficiency/Nutrition Deficiency00094.JPG,train,bell_pepper__PepperBell_Nutrition Deficiency,e65d3ea44e837f7acc22454a1d3d93ae757ed0a51d9d50a9d7fad0efc3b65d82,"Abiotic nutritional deficiency, non-pathological"
train/bell_pepper/PepperBell_Nutrition Deficiency/Nutrition Deficiency00095.JPG,train,bell_pepper__PepperBell_Nutrition Deficiency,81ebbaafe8f957043a6eb5246d0253a055cbeb87d523d29f49a658179c665f3f,"Abiotic nutritional deficiency, non-pathological"
train/bell_pepper/PepperBell_Nutrition Deficiency/Nutrition Deficiency00096.JPG,train,bell_pepper__PepperBell_Nutrition Deficiency,b89d4aab698ddeea2f76ee26b36f09995f88da1236cdc5eb7e7e372d4dc629d1,"Abiotic nutritional deficiency, non-pathological"
train/bell_pepper/PepperBell_Nutrition Deficiency/Nutrition Deficiency00097.JPG,train,bell_pepper__PepperBell_Nutrition Deficiency,34c1c1af2a57a4f0d2c5f755538863a37aaa24fd0a5ca0fcd6cbb8cd96b35bbc,"Abiotic nutritional deficiency, non-pathological"
train/bell_pepper/PepperBell_Nutrition Deficiency/Nutrition Deficiency00098.JPG,train,bell_pepper__PepperBell_Nutrition Deficiency,cf202c4e6ab1963dfc5d26635cf5aac8a101f274cbdaa29f62a5ae889934baf3,"Abiotic nutritional deficiency, non-pathological"
train/bell_pepper/PepperBell_Nutrition Deficiency/Nutrition Deficiency00099.JPG,train,bell_pepper__PepperBell_Nutrition Deficiency,bb1c266f4a95a4b1469af6e7bbd9302ff5e81faea214a83680128a44691149d1,"Abiotic nutritional deficiency, non-pathological"
train/bell_pepper/PepperBell_Nutrition Deficiency/Nutrition Deficiency00100.JPG,train,bell_pepper__PepperBell_Nutrition Deficiency,91a2fe9e23558725afbf0a9ebd9e65a996fd878e3dbb63badb736b69ddb975ef,"Abiotic nutritional deficiency, non-pathological"
train/bell_pepper/PepperBell_Nutrition Deficiency/Nutrition Deficiency00101.JPG,train,bell_pepper__PepperBell_Nutrition Deficiency,0e56850ced73bc3f0e033e22c50aa4da43b3d75d857a03986f9ccdd15e5c1ada,"Abiotic nutritional deficiency, non-pathological"
train/bell_pepper/PepperBell_Nutrition Deficiency/Nutrition Deficiency00102.JPG,train,bell_pepper__PepperBell_Nutrition Deficiency,09b1204426633b776f3f1c79a386a6c2da35a979ef69f89ba239acf497de425a,"Abiotic nutritional deficiency, non-pathological"
train/bell_pepper/PepperBell_Nutrition Deficiency/Nutrition Deficiency00103.JPG,train,bell_pepper__PepperBell_Nutrition Deficiency,6d75286ee711056ca0f548578ebb347ff4623cdf93388df5c180e70063c95501,"Abiotic nutritional deficiency, non-pathological"
train/bell_pepper/PepperBell_Nutrition Deficiency/Nutrition Deficiency00104.JPG,train,bell_pepper__PepperBell_Nutrition Deficiency,735199c8ff3a0aded72a28fa92ab9dbaf860326ec54c300ff03d72a09bbbdc77,"Abiotic nutritional deficiency, non-pathological"
train/bell_pepper/PepperBell_Nutrition Deficiency/Nutrition Deficiency00105.JPG,train,bell_pepper__PepperBell_Nutrition Deficiency,46dac40ff7da9b23008e30044e19e0160290654aa8f69dc24347a3c1a8519575,"Abiotic nutritional deficiency, non-pathological"
train/bell_pepper/PepperBell_Nutrition Deficiency/Nutrition Deficiency00106.JPG,train,bell_pepper__PepperBell_Nutrition Deficiency,d52ccd42cce19b7f46180aa85283925c234cf6bdfe9defdbb703d2697593e5e0,"Abiotic nutritional deficiency, non-pathological"
train/bell_pepper/PepperBell_Nutrition Deficiency/Nutrition Deficiency00107.JPG,train,bell_pepper__PepperBell_Nutrition Deficiency,4e978b38cb8feadceb4936a8b3ee2ecfcb76c53a0e1d33e87bd8e82966b4989e,"Abiotic nutritional deficiency, non-pathological"
train/bell_pepper/PepperBell_Nutrition Deficiency/Nutrition Deficiency00108.JPG,train,bell_pepper__PepperBell_Nutrition Deficiency,96a72188aa1623ef2839bf4d35f2b88c125d0b333352c1874f3e7348bda327d1,"Abiotic nutritional deficiency, non-pathological"
train/bell_pepper/PepperBell_Nutrition Deficiency/Nutrition Deficiency00109.JPG,train,bell_pepper__PepperBell_Nutrition Deficiency,f783d3330a71c19e98f111659839c370462f4b1006fba7e7adb1e9a86f4820a7,"Abiotic nutritional deficiency, non-pathological"
train/bell_pepper/PepperBell_Nutrition Deficiency/Nutrition Deficiency00110.JPG,train,bell_pepper__PepperBell_Nutrition Deficiency,33d34ad89e4961109f6d42f01d770220e66209ed607562832f70cf42a9a9781f,"Abiotic nutritional deficiency, non-pathological"
train/bell_pepper/PepperBell_Nutrition Deficiency/Nutrition Deficiency00111.JPG,train,bell_pepper__PepperBell_Nutrition Deficiency,f894487b5df738cf8c36a6853e16a19c2dcef66ac08c5ab2e56ca4ec02017547,"Abiotic nutritional deficiency, non-pathological"
train/bell_pepper/PepperBell_Nutrition Deficiency/Nutrition Deficiency00112.JPG,train,bell_pepper__PepperBell_Nutrition Deficiency,d9ffd2605948c28f17105364857e2fcbed2312720cd29044bc9d27232a860dea,"Abiotic nutritional deficiency, non-pathological"
train/bell_pepper/PepperBell_Nutrition Deficiency/Nutrition Deficiency00113.JPG,train,bell_pepper__PepperBell_Nutrition Deficiency,9d77568e2a08a80cb7887766e15dd3d4c10d0cb6067bbfe191f12887e15b55b1,"Abiotic nutritional deficiency, non-pathological"
train/bell_pepper/PepperBell_Nutrition Deficiency/Nutrition Deficiency00114.JPG,train,bell_pepper__PepperBell_Nutrition Deficiency,5f77e8b0774ce76f747bc93a8bc6b5d895df79bdb1dcc1e689f3fed04df3f7f3,"Abiotic nutritional deficiency, non-pathological"
train/bell_pepper/PepperBell_Nutrition Deficiency/Nutrition Deficiency00115.JPG,train,bell_pepper__PepperBell_Nutrition Deficiency,df7cc97957616ffe627c3c24ffbd129f5548a8c81632c29bf687929bb322d20d,"Abiotic nutritional deficiency, non-pathological"
train/bell_pepper/PepperBell_Nutrition Deficiency/Nutrition Deficiency00116.JPG,train,bell_pepper__PepperBell_Nutrition Deficiency,89c6828ecd107bb245d0e14ac7a224ee4f146bccccc577818575d3f5b8b8065f,"Abiotic nutritional deficiency, non-pathological"
train/bell_pepper/PepperBell_Nutrition Deficiency/Nutrition Deficiency00117.JPG,train,bell_pepper__PepperBell_Nutrition Deficiency,ead36d33b463cb87dab48b99636fa50c29447d94e67e23ef699924ea99d8de35,"Abiotic nutritional deficiency, non-pathological"
train/bell_pepper/PepperBell_Nutrition Deficiency/Nutrition Deficiency00118.JPG,train,bell_pepper__PepperBell_Nutrition Deficiency,f97ab5611703737292467820ce4bae5735102a174b04d443cb3351ee012195ce,"Abiotic nutritional deficiency, non-pathological"
train/bell_pepper/PepperBell_Nutrition Deficiency/Nutrition Deficiency00119.JPG,train,bell_pepper__PepperBell_Nutrition Deficiency,ec5d1aa0f8d879e05374da40bd56b8c70191c26430132308ecff24959562c943,"Abiotic nutritional deficiency, non-pathological"
train/bell_pepper/PepperBell_Nutrition Deficiency/Nutrition Deficiency00120.JPG,train,bell_pepper__PepperBell_Nutrition Deficiency,0a0584a94c658dbf31a054abe3dbaf105d0b8bf8711e951e36eb05aba4cf49c8,"Abiotic nutritional deficiency, non-pathological"
train/bell_pepper/PepperBell_Nutrition Deficiency/Nutrition Deficiency00121.JPG,train,bell_pepper__PepperBell_Nutrition Deficiency,b6b8fc0921fa78f7f5d182bd9082d63f622a35c7cf7886f0d3f0ae0261d72764,"Abiotic nutritional deficiency, non-pathological"
train/bell_pepper/PepperBell_Nutrition Deficiency/Nutrition Deficiency00122.JPG,train,bell_pepper__PepperBell_Nutrition Deficiency,de73ce3197f77a031c4b457e002c62091dbe5f6c430c2c7bced27c5095c2a032,"Abiotic nutritional deficiency, non-pathological"
train/bell_pepper/PepperBell_Nutrition Deficiency/Nutrition Deficiency00123.JPG,train,bell_pepper__PepperBell_Nutrition Deficiency,96aff1b04632570108a7af073b469fdda0540096605674c5fb13a3c0c292f60d,"Abiotic nutritional deficiency, non-pathological"
train/bell_pepper/PepperBell_Nutrition Deficiency/Nutrition Deficiency00124.JPG,train,bell_pepper__PepperBell_Nutrition Deficiency,fdbc36c1e1879ca74e1a7f3b1491866dfa848e1c93a360c08a1fa87149cedb84,"Abiotic nutritional deficiency, non-pathological"
train/bell_pepper/PepperBell_Nutrition Deficiency/Nutrition Deficiency00125.JPG,train,bell_pepper__PepperBell_Nutrition Deficiency,9dbd36b3b0b93b7ef3b7dcff4e7a46b8f701a1e9ae4d36e54f7c54725646ef9e,"Abiotic nutritional deficiency, non-pathological"
train/bell_pepper/PepperBell_Nutrition Deficiency/Nutrition Deficiency00126.JPG,train,bell_pepper__PepperBell_Nutrition Deficiency,59c9d93c9de2ac1d80c61e2aae84acf92728d450175e03153ea453fe1636e258,"Abiotic nutritional deficiency, non-pathological"
train/bell_pepper/PepperBell_Nutrition Deficiency/Nutrition Deficiency00127.JPG,train,bell_pepper__PepperBell_Nutrition Deficiency,a35b72a76a5d7bfaec34e5a2465e56988e865148aa3f53e591ea1b5794c63ce7,"Abiotic nutritional deficiency, non-pathological"
train/bell_pepper/PepperBell_Nutrition Deficiency/Nutrition Deficiency00128.JPG,train,bell_pepper__PepperBell_Nutrition Deficiency,e674ca015ebdb53059ce7e7611b6eff6510368a1858503c5476f99fd3a9d6e31,"Abiotic nutritional deficiency, non-pathological"
train/bell_pepper/PepperBell_Nutrition Deficiency/Nutrition Deficiency00129.JPG,train,bell_pepper__PepperBell_Nutrition Deficiency,92b6c434a2c3ddef4d70a7c9c38b0839a848dab185bc82376a45981e22ea0e25,"Abiotic nutritional deficiency, non-pathological"
train/bell_pepper/PepperBell_Nutrition Deficiency/Nutrition Deficiency00130.JPG,train,bell_pepper__PepperBell_Nutrition Deficiency,71671e7366e82e10c2994493c170dc826e66aeb1ad002637b9321ae50c75ae9a,"Abiotic nutritional deficiency, non-pathological"
train/bell_pepper/PepperBell_Nutrition Deficiency/Nutrition Deficiency00131.JPG,train,bell_pepper__PepperBell_Nutrition Deficiency,07b8469eb32df91095117670a35c12dde61d4e849e0af28a080cc05afb945917,"Abiotic nutritional deficiency, non-pathological"
train/bell_pepper/PepperBell_Nutrition Deficiency/Nutrition Deficiency00132.JPG,train,bell_pepper__PepperBell_Nutrition Deficiency,1ca2ca4935eb5db9c2a44fc42652227e3ded19a3b8cebaeae2439b879ff01863,"Abiotic nutritional deficiency, non-pathological"
train/bell_pepper/PepperBell_Nutrition Deficiency/Nutrition Deficiency00133.JPG,train,bell_pepper__PepperBell_Nutrition Deficiency,c75c75bc173ea6bb950ef8e6b5455bc4ede31561c2c61ec352196361717a6b3b,"Abiotic nutritional deficiency, non-pathological"
train/bell_pepper/PepperBell_Nutrition Deficiency/Nutrition Deficiency00134.JPG,train,bell_pepper__PepperBell_Nutrition Deficiency,c4f62c91feea23867e066928de19a08ae9852811a4df220b9f08b4cae02cd6e0,"Abiotic nutritional deficiency, non-pathological"
train/bell_pepper/PepperBell_Nutrition Deficiency/Nutrition Deficiency00135.JPG,train,bell_pepper__PepperBell_Nutrition Deficiency,1ad1b0b10cf7c88534f36483a7bf9882330ea453de475deb479a0ea5a8692184,"Abiotic nutritional deficiency, non-pathological"
train/bell_pepper/PepperBell_Nutrition Deficiency/Nutrition Deficiency00136.JPG,train,bell_pepper__PepperBell_Nutrition Deficiency,2148689fa841d75c78c337c27a1f917b6e548ce42a4e3dbfc58557d93d2a5a11,"Abiotic nutritional deficiency, non-pathological"
train/bell_pepper/PepperBell_Nutrition Deficiency/Nutrition Deficiency00137.JPG,train,bell_pepper__PepperBell_Nutrition Deficiency,60dffb82d8f94b3eab5202ed91801d930526464f6e776849d02d26065e28715a,"Abiotic nutritional deficiency, non-pathological"
train/bell_pepper/PepperBell_Nutrition Deficiency/Nutrition Deficiency00138.JPG,train,bell_pepper__PepperBell_Nutrition Deficiency,450f838b6b094f16c64018bea04fb254bad102db2ffabe9dd49a04af5056f7a6,"Abiotic nutritional deficiency, non-pathological"
train/bell_pepper/PepperBell_Nutrition Deficiency/Nutrition Deficiency00139.JPG,train,bell_pepper__PepperBell_Nutrition Deficiency,b540282882c5e80ebe12bb83b192dab31991208a648aa90b2d985507383529ea,"Abiotic nutritional deficiency, non-pathological"
train/bell_pepper/PepperBell_Nutrition Deficiency/Nutrition Deficiency00140.JPG,train,bell_pepper__PepperBell_Nutrition Deficiency,555a4ffbe56ca9edcf1bb84a9bb8b450062a9f3d48dfdf02f8bf9e109739e379,"Abiotic nutritional deficiency, non-pathological"
train/bell_pepper/PepperBell_Nutrition Deficiency/Nutrition Deficiency00141.JPG,train,bell_pepper__PepperBell_Nutrition Deficiency,3d4a3dd0eefadef7d59d02c9f581b5c05c305c3b44cc417b5eccd37002148f31,"Abiotic nutritional deficiency, non-pathological"
train/bell_pepper/PepperBell_Nutrition Deficiency/Nutrition Deficiency00142.JPG,train,bell_pepper__PepperBell_Nutrition Deficiency,01b1f9c8d2e02a47a97e30a2a6a5a1c6ef32247a49a5610cc5f78e3b715e8159,"Abiotic nutritional deficiency, non-pathological"
train/bell_pepper/PepperBell_Nutrition Deficiency/Nutrition Deficiency00143.JPG,train,bell_pepper__PepperBell_Nutrition Deficiency,ded960e5ccfab15c38ffe87d31b5a5f418557c909ff13f9874a64b66de3431c6,"Abiotic nutritional deficiency, non-pathological"
train/bell_pepper/PepperBell_Nutrition Deficiency/Nutrition Deficiency00144.JPG,train,bell_pepper__PepperBell_Nutrition Deficiency,9bf6a3395ff419ea6272943e5321bc0512e113a0176e7f2cb009e9d3a11d1b28,"Abiotic nutritional deficiency, non-pathological"
train/bell_pepper/PepperBell_Nutrition Deficiency/Nutrition Deficiency00145.JPG,train,bell_pepper__PepperBell_Nutrition Deficiency,37b35d2c8e92ff3810953429605e1fad3552e908ad8bbd5d82f27496497afbac,"Abiotic nutritional deficiency, non-pathological"
train/bell_pepper/PepperBell_Nutrition Deficiency/Nutrition Deficiency00146.JPG,train,bell_pepper__PepperBell_Nutrition Deficiency,3dd9de44e90e15dcbbd30f63438f2044e616f292003e07354e5715842fae8dd1,"Abiotic nutritional deficiency, non-pathological"
train/bell_pepper/PepperBell_Nutrition Deficiency/Nutrition Deficiency00147.JPG,train,bell_pepper__PepperBell_Nutrition Deficiency,186feffe39a7fece296f7e4dc5de10f93179ee01b5e9a5857d1db60498d04335,"Abiotic nutritional deficiency, non-pathological"
train/bell_pepper/PepperBell_Nutrition Deficiency/Nutrition Deficiency00148.JPG,train,bell_pepper__PepperBell_Nutrition Deficiency,4fbee2c232a8dd80fa121997c4fd0fa5befd6ebbeedb354d88f40be2cf14746b,"Abiotic nutritional deficiency, non-pathological"
train/bell_pepper/PepperBell_Nutrition Deficiency/Nutrition Deficiency00149.JPG,train,bell_pepper__PepperBell_Nutrition Deficiency,a1a18f6034a22ab8850b19d42f6489fcf4e8dda1c9c32577129baf942a03147f,"Abiotic nutritional deficiency, non-pathological"
train/bell_pepper/PepperBell_Nutrition Deficiency/Nutrition Deficiency00150.JPG,train,bell_pepper__PepperBell_Nutrition Deficiency,af4dc529bd1c1cbc9699bcebee7925c0a46b60d1d782a2bb89db84f5bc397fe2,"Abiotic nutritional deficiency, non-pathological"
train/bell_pepper/PepperBell_Nutrition Deficiency/Nutrition Deficiency00151.JPG,train,bell_pepper__PepperBell_Nutrition Deficiency,467fdfacf107044bbc650b0830e3380e7f0599d38087f54d85c218258dc8190d,"Abiotic nutritional deficiency, non-pathological"
train/bell_pepper/PepperBell_Nutrition Deficiency/Nutrition Deficiency00152.JPG,train,bell_pepper__PepperBell_Nutrition Deficiency,1a4ad2e3eaca9ebf7526c4787949db135279699f13c9ce14ba4176b9e10e7b15,"Abiotic nutritional deficiency, non-pathological"
train/bell_pepper/PepperBell_Nutrition Deficiency/Nutrition Deficiency00153.JPG,train,bell_pepper__PepperBell_Nutrition Deficiency,f60b90bbb51894b93091f1aab93cabca27a4bf34f0580ac2ccb7b59184afdae0,"Abiotic nutritional deficiency, non-pathological"
train/bell_pepper/PepperBell_Nutrition Deficiency/Nutrition Deficiency00154.JPG,train,bell_pepper__PepperBell_Nutrition Deficiency,a73cab944cc622c9b53ad9cbe5881eafe487f033676828d688449a968217e7c6,"Abiotic nutritional deficiency, non-pathological"
train/bell_pepper/PepperBell_Nutrition Deficiency/Nutrition Deficiency00155.JPG,train,bell_pepper__PepperBell_Nutrition Deficiency,f88f8d1f9a6dd8f15054fe4ed3b621c10e77ccec3b841a547b56adb912719e20,"Abiotic nutritional deficiency, non-pathological"
train/bell_pepper/PepperBell_Nutrition Deficiency/Nutrition Deficiency00156.JPG,train,bell_pepper__PepperBell_Nutrition Deficiency,8abd9bb3046d51d067a05520cb4a3b7b84283db2925796a572733f0f78e6d9d6,"Abiotic nutritional deficiency, non-pathological"
train/bell_pepper/PepperBell_Nutrition Deficiency/Nutrition Deficiency00157.JPG,train,bell_pepper__PepperBell_Nutrition Deficiency,a3d285d9c4770bfcc797d0deb1ecc034ee65e4dad6d1b7a560165dcb2b9ca270,"Abiotic nutritional deficiency, non-pathological"
train/bell_pepper/PepperBell_Nutrition Deficiency/Nutrition Deficiency00158.JPG,train,bell_pepper__PepperBell_Nutrition Deficiency,d80b053fac1cd83dc3fa43f78a03ddc6166ed1a5055ed82f4ac37eeafdeedaee,"Abiotic nutritional deficiency, non-pathological"
train/bell_pepper/PepperBell_Nutrition Deficiency/Nutrition Deficiency00159.JPG,train,bell_pepper__PepperBell_Nutrition Deficiency,6c0b9115dadb186d229c9fae7f5032c4f771d3fc8c9414a243f8d850f9ad6b3c,"Abiotic nutritional deficiency, non-pathological"
train/bell_pepper/PepperBell_Nutrition Deficiency/Nutrition Deficiency00160.JPG,train,bell_pepper__PepperBell_Nutrition Deficiency,fc34bdcc0675ccef6622b1f380054bbffa61909d67d8076894a01285b4fb2772,"Abiotic nutritional deficiency, non-pathological"
train/bell_pepper/PepperBell_Nutrition Deficiency/Nutrition Deficiency00161.JPG,train,bell_pepper__PepperBell_Nutrition Deficiency,f65f68e2cfdacab3e3f4859e96f7ee5253969a3168ec27b2a79376249487d237,"Abiotic nutritional deficiency, non-pathological"
train/bell_pepper/PepperBell_Nutrition Deficiency/Nutrition Deficiency00162.JPG,train,bell_pepper__PepperBell_Nutrition Deficiency,e668ec7ab63940f6f225099765dbd37b0e140949480726911cbf1f62730cd178,"Abiotic nutritional deficiency, non-pathological"
train/bell_pepper/PepperBell_Nutrition Deficiency/Nutrition Deficiency00163.JPG,train,bell_pepper__PepperBell_Nutrition Deficiency,639327820a2d7e04a627d87b88a504c3c0ae165ac85b93b13dc36cef99a28c0e,"Abiotic nutritional deficiency, non-pathological"
train/bell_pepper/PepperBell_Nutrition Deficiency/Nutrition Deficiency00164.JPG,train,bell_pepper__PepperBell_Nutrition Deficiency,717b1239bfa04a7b540c51ae03a70de07b975ad01756178ec72a7569e841f021,"Abiotic nutritional deficiency, non-pathological"
train/bell_pepper/PepperBell_Nutrition Deficiency/Nutrition Deficiency00165.JPG,train,bell_pepper__PepperBell_Nutrition Deficiency,33234f7e1f8dfc9356f9e23c7445ece50ca2326cd5c3aa492987f363dea8e275,"Abiotic nutritional deficiency, non-pathological"
train/bell_pepper/PepperBell_Nutrition Deficiency/Nutrition Deficiency00166.JPG,train,bell_pepper__PepperBell_Nutrition Deficiency,86be8dae9084b734992995b28e6f4e2593447911b6fd6a5f097411073ef75d61,"Abiotic nutritional deficiency, non-pathological"
train/bell_pepper/PepperBell_Nutrition Deficiency/Nutrition Deficiency00167.JPG,train,bell_pepper__PepperBell_Nutrition Deficiency,bbc4ef88b05ceaf1e550388ea93ed194b4f8aab111cfb2137778031c8865b7c3,"Abiotic nutritional deficiency, non-pathological"
train/bell_pepper/PepperBell_Nutrition Deficiency/Nutrition Deficiency00168.JPG,train,bell_pepper__PepperBell_Nutrition Deficiency,d59519c7cba63a39f0c7b9eaf9f34fe2573773151ae9ffcf22fee4ae3b2fe8fb,"Abiotic nutritional deficiency, non-pathological"
train/bell_pepper/PepperBell_Nutrition Deficiency/Nutrition Deficiency00169.JPG,train,bell_pepper__PepperBell_Nutrition Deficiency,cf359b91e2578f79e04454483dccfebda8910ba54ced3d536de60b5cd4034163,"Abiotic nutritional deficiency, non-pathological"
train/bell_pepper/PepperBell_Nutrition Deficiency/Nutrition Deficiency00170.JPG,train,bell_pepper__PepperBell_Nutrition Deficiency,1dde7ebc36917b0922ea1bae81d0df79e112ad6aeacd849af5df0a6bec3f815d,"Abiotic nutritional deficiency, non-pathological"
train/bell_pepper/PepperBell_Nutrition Deficiency/Nutrition Deficiency00171.JPG,train,bell_pepper__PepperBell_Nutrition Deficiency,97ceae0e00decadb2cd77762bba8a43b39dc89952f6ee0ea5150ea9dbfe21d4b,"Abiotic nutritional deficiency, non-pathological"
train/bell_pepper/PepperBell_Nutrition Deficiency/Nutrition Deficiency00172.JPG,train,bell_pepper__PepperBell_Nutrition Deficiency,beeda5d3dcb71cfe1662cda43b74ae8507ecf87669171abb35800c3507f57894,"Abiotic nutritional deficiency, non-pathological"
train/bell_pepper/PepperBell_Nutrition Deficiency/Nutrition Deficiency00173.JPG,train,bell_pepper__PepperBell_Nutrition Deficiency,66f033540a23e4f565005c056f473eb2a83e54930f1b328e8de387ef225ed5da,"Abiotic nutritional deficiency, non-pathological"
train/bell_pepper/PepperBell_Nutrition Deficiency/Nutrition Deficiency00174.JPG,train,bell_pepper__PepperBell_Nutrition Deficiency,9a72f5418e42d3e0114bf742c466c8459896d6c6a75744c4f0f07c3da0adf17b,"Abiotic nutritional deficiency, non-pathological"
train/bell_pepper/PepperBell_Nutrition Deficiency/Nutrition Deficiency00175.JPG,train,bell_pepper__PepperBell_Nutrition Deficiency,9bb90a3410de8b50dd107603907859af15a50a54469cf4bcebb490fd429ac820,"Abiotic nutritional deficiency, non-pathological"
train/bell_pepper/PepperBell_Nutrition Deficiency/Nutrition Deficiency00176.JPG,train,bell_pepper__PepperBell_Nutrition Deficiency,88db3f2914c03d471b75e833ef2bd2fb0a2814ee206c23972399ecf1d08a4248,"Abiotic nutritional deficiency, non-pathological"
train/bell_pepper/PepperBell_Nutrition Deficiency/Nutrition Deficiency00177.JPG,train,bell_pepper__PepperBell_Nutrition Deficiency,8d0dcd0dcf67eb61a1b5f2109e86af39abb8258205051c7619d9e1351172c6f1,"Abiotic nutritional deficiency, non-pathological"
train/bell_pepper/PepperBell_Nutrition Deficiency/Nutrition Deficiency00178.JPG,train,bell_pepper__PepperBell_Nutrition Deficiency,d45debfb85474c8de8a06b14d9a364a438b1dc331909ee757d0cf5abb66fdbf5,"Abiotic nutritional deficiency, non-pathological"
train/bell_pepper/PepperBell_Nutrition Deficiency/Nutrition Deficiency00179.JPG,train,bell_pepper__PepperBell_Nutrition Deficiency,71d94242d28b13c37c6655eb318aa7fdb79843c121ed562f705cde793aefc0fb,"Abiotic nutritional deficiency, non-pathological"
train/bell_pepper/PepperBell_Nutrition Deficiency/Nutrition Deficiency00180.JPG,train,bell_pepper__PepperBell_Nutrition Deficiency,97a543a548dea8f81a340e2e1e2d0c92ea3b0c3e9c4376c3a85f90ed08cf1aa9,"Abiotic nutritional deficiency, non-pathological"
train/bell_pepper/PepperBell_Nutrition Deficiency/Nutrition Deficiency00181.JPG,train,bell_pepper__PepperBell_Nutrition Deficiency,e826dab8dab5ad0c750a551b67248ac2f3a6d441b8e2234d070b8c3c4a2f7571,"Abiotic nutritional deficiency, non-pathological"
train/bell_pepper/PepperBell_Nutrition Deficiency/Nutrition Deficiency00182.JPG,train,bell_pepper__PepperBell_Nutrition Deficiency,66cc8495a3db930fd32db8839371ae8e10d3793588170bd65a97d93b32b70f31,"Abiotic nutritional deficiency, non-pathological"
train/bell_pepper/PepperBell_Nutrition Deficiency/Nutrition Deficiency00183.JPG,train,bell_pepper__PepperBell_Nutrition Deficiency,e57c4333d4d3d6b97a8ea67628b131545a87a9534125a4bf203a2b053d82f136,"Abiotic nutritional deficiency, non-pathological"
train/bell_pepper/PepperBell_Nutrition Deficiency/Nutrition Deficiency00184.JPG,train,bell_pepper__PepperBell_Nutrition Deficiency,6ef4d69f7e0b8fe291b6630ef46ad2f8873f85a0d877365c07fb20fc80f93f85,"Abiotic nutritional deficiency, non-pathological"
train/bell_pepper/PepperBell_Nutrition Deficiency/Nutrition Deficiency00185.JPG,train,bell_pepper__PepperBell_Nutrition Deficiency,fb5fcdb4e722ac9fff14accd8253b65443ff5092f0e5b62322663a1499f261b6,"Abiotic nutritional deficiency, non-pathological"
train/bell_pepper/PepperBell_Nutrition Deficiency/Nutrition Deficiency00186.JPG,train,bell_pepper__PepperBell_Nutrition Deficiency,13753ce2e49cf45977799b9c6cac9d7c6cde96919c6e9da96f459f874d2a67fc,"Abiotic nutritional deficiency, non-pathological"
train/bell_pepper/PepperBell_Nutrition Deficiency/Nutrition Deficiency00187.JPG,train,bell_pepper__PepperBell_Nutrition Deficiency,8314fac1b99a7718631522e0ec35e10f04db10a6d7006fde45fb90c40f908f3f,"Abiotic nutritional deficiency, non-pathological"
train/bell_pepper/PepperBell_Nutrition Deficiency/Nutrition Deficiency00188.JPG,train,bell_pepper__PepperBell_Nutrition Deficiency,eae8b1012322b3236022cad47fe3017fe302c5fad354b4c89e7e37f7003ca4e0,"Abiotic nutritional deficiency, non-pathological"
train/bell_pepper/PepperBell_Nutrition Deficiency/Nutrition Deficiency00189.JPG,train,bell_pepper__PepperBell_Nutrition Deficiency,25de29197bdf18c04862319a7e28d0b294a52b675dc64087b38b49f4347b00d9,"Abiotic nutritional deficiency, non-pathological"
train/bell_pepper/PepperBell_Nutrition Deficiency/Nutrition Deficiency00190.JPG,train,bell_pepper__PepperBell_Nutrition Deficiency,2fee9a6789fc79a8f881ff385c93c60cc88e7c40975f595464a73362611bd008,"Abiotic nutritional deficiency, non-pathological"
train/bell_pepper/PepperBell_Nutrition Deficiency/Nutrition Deficiency00191.JPG,train,bell_pepper__PepperBell_Nutrition Deficiency,e559bc773f81d2072f92595bd40414faf51090edce16a1a42bb370e018d9c3c4,"Abiotic nutritional deficiency, non-pathological"
train/bell_pepper/PepperBell_Nutrition Deficiency/Nutrition Deficiency00192.JPG,train,bell_pepper__PepperBell_Nutrition Deficiency,a7f96bf198b61668d419ffd6edb30d99416c1ac9f40afa10121e4968e3b662a6,"Abiotic nutritional deficiency, non-pathological"
train/bell_pepper/PepperBell_Nutrition Deficiency/Nutrition Deficiency00193.JPG,train,bell_pepper__PepperBell_Nutrition Deficiency,7f61c8b2b954123259e235bd2eee4997271be1353044b6ea23603786e792a131,"Abiotic nutritional deficiency, non-pathological"
train/bell_pepper/PepperBell_Nutrition Deficiency/Nutrition Deficiency00194.JPG,train,bell_pepper__PepperBell_Nutrition Deficiency,1e15ddb108621069d782a653f67933806ccc17c789a705108496092863d9cbb6,"Abiotic nutritional deficiency, non-pathological"
train/bell_pepper/PepperBell_Nutrition Deficiency/Nutrition Deficiency00195.JPG,train,bell_pepper__PepperBell_Nutrition Deficiency,0994ec12fbdc85abb4d05e3129e840cd69ea5191788983529938d6095675dfdc,"Abiotic nutritional deficiency, non-pathological"
train/bell_pepper/PepperBell_Nutrition Deficiency/Nutrition Deficiency00196.JPG,train,bell_pepper__PepperBell_Nutrition Deficiency,77ffbfef830f21e47c42538ba55d9291fe001863568df44c14e86cedae2da4e1,"Abiotic nutritional deficiency, non-pathological"
train/bell_pepper/PepperBell_Nutrition Deficiency/Nutrition Deficiency00197.JPG,train,bell_pepper__PepperBell_Nutrition Deficiency,25000abb7602a55f1f4a512cebcc7e08356705a0b55cd0d606bc6c651d98227f,"Abiotic nutritional deficiency, non-pathological"
train/bell_pepper/PepperBell_Nutrition Deficiency/Nutrition Deficiency00198.JPG,train,bell_pepper__PepperBell_Nutrition Deficiency,7b71abd3aab763da66b371e2c721394c9bee8b3b076c5b436a5b6423e06fcd06,"Abiotic nutritional deficiency, non-pathological"
train/bell_pepper/PepperBell_Nutrition Deficiency/Nutrition Deficiency00199.JPG,train,bell_pepper__PepperBell_Nutrition Deficiency,c97dac4c7c75601135423d80ade49595fb6a4a03caf0c7cd683c642b3cca417d,"Abiotic nutritional deficiency, non-pathological"
train/bell_pepper/PepperBell_Nutrition Deficiency/Nutrition Deficiency00200.JPG,train,bell_pepper__PepperBell_Nutrition Deficiency,48b52335128b0360daf657185dd0bbf6bbb76b9b7769bc66c3867be42a821697,"Abiotic nutritional deficiency, non-pathological"
train/bell_pepper/PepperBell_Nutrition Deficiency/Nutrition Deficiency00201.JPG,train,bell_pepper__PepperBell_Nutrition Deficiency,5b1d7c9c734e01f52f098d46fb1cbd4cf929709a33c90455215e723f9f1de7ae,"Abiotic nutritional deficiency, non-pathological"
train/bell_pepper/PepperBell_Nutrition Deficiency/Nutrition Deficiency00202.JPG,train,bell_pepper__PepperBell_Nutrition Deficiency,e75cf81844ffd323e8ea8d9c8b71d195cc23a528a28b07ff351ea14b826d680b,"Abiotic nutritional deficiency, non-pathological"
train/bell_pepper/PepperBell_Nutrition Deficiency/Nutrition Deficiency00203.JPG,train,bell_pepper__PepperBell_Nutrition Deficiency,7061568b16fc2d399a1dbcd207cca3803233da0389d73f26dc69149f943c8e56,"Abiotic nutritional deficiency, non-pathological"
train/bell_pepper/PepperBell_Nutrition Deficiency/Nutrition Deficiency00204.JPG,train,bell_pepper__PepperBell_Nutrition Deficiency,14261af9320aaf7e801d16fbc45f06f793a25907ef430cb169003ba88f864abb,"Abiotic nutritional deficiency, non-pathological"
train/bell_pepper/PepperBell_Nutrition Deficiency/Nutrition Deficiency00205.JPG,train,bell_pepper__PepperBell_Nutrition Deficiency,408f4fed3da58ca14276599aaa80a646b5c65bf81bcde2b5ff2949d24d675206,"Abiotic nutritional deficiency, non-pathological"
train/bell_pepper/PepperBell_Nutrition Deficiency/Nutrition Deficiency00206.JPG,train,bell_pepper__PepperBell_Nutrition Deficiency,da12bfed00b0001593ad4a76abaaa19d33f9f5918b2a9db0e95e406d217637da,"Abiotic nutritional deficiency, non-pathological"
train/bell_pepper/PepperBell_Nutrition Deficiency/Nutrition Deficiency00207.JPG,train,bell_pepper__PepperBell_Nutrition Deficiency,67b8ce08b798ca1bc179c02ae1c3c1fd9e9b8bc987f9881f26cc07bbd2a681f8,"Abiotic nutritional deficiency, non-pathological"
train/bell_pepper/PepperBell_Nutrition Deficiency/Nutrition Deficiency00208.JPG,train,bell_pepper__PepperBell_Nutrition Deficiency,ac625f8ad66fd0769ceea9c099f2358c31bb22b07ed808d1d029f140d30a15c0,"Abiotic nutritional deficiency, non-pathological"
train/bell_pepper/PepperBell_Nutrition Deficiency/Nutrition Deficiency00209.JPG,train,bell_pepper__PepperBell_Nutrition Deficiency,a7225e29badcf28a8cf6cc8b3ecff15aaa1f1ec22d197271b604c04f9c9d1c5d,"Abiotic nutritional deficiency, non-pathological"
train/bell_pepper/PepperBell_Nutrition Deficiency/Nutrition Deficiency00210.JPG,train,bell_pepper__PepperBell_Nutrition Deficiency,d2ca7039d8331684b87ac47e2870f45f3922639f9a79feb2e2c2a2dda60ff2d8,"Abiotic nutritional deficiency, non-pathological"
train/bell_pepper/PepperBell_Nutrition Deficiency/Nutrition Deficiency00211.JPG,train,bell_pepper__PepperBell_Nutrition Deficiency,7f1bb2c4810a78e67741a9e0a454bcf927afda83b1c962e34cd88b1c3f36de51,"Abiotic nutritional deficiency, non-pathological"
train/bell_pepper/PepperBell_Nutrition Deficiency/Nutrition Deficiency00212.JPG,train,bell_pepper__PepperBell_Nutrition Deficiency,0daa05386936abfd064b4abf37c9df0edad3a069d8dd97376c4cb8ef80f1bd62,"Abiotic nutritional deficiency, non-pathological"
train/bell_pepper/PepperBell_Nutrition Deficiency/Nutrition Deficiency00213.JPG,train,bell_pepper__PepperBell_Nutrition Deficiency,ecb8b34895e519d31a5be4b483602101c06a1f1692dfd8c919324e043ef9b819,"Abiotic nutritional deficiency, non-pathological"
train/bell_pepper/PepperBell_Nutrition Deficiency/Nutrition Deficiency00214.JPG,train,bell_pepper__PepperBell_Nutrition Deficiency,1dd04ec327d314a2e4532cc5c4bf0f44db33538811a9dd6525ec6b1ae61a48ad,"Abiotic nutritional deficiency, non-pathological"
train/bell_pepper/PepperBell_Nutrition Deficiency/Nutrition Deficiency00215.JPG,train,bell_pepper__PepperBell_Nutrition Deficiency,2d86a78ef3d13eedf7a62b62ee9e5eda90afc581ce2a8e8b292fd854d7ead935,"Abiotic nutritional deficiency, non-pathological"
train/bell_pepper/PepperBell_Nutrition Deficiency/Nutrition Deficiency00216.JPG,train,bell_pepper__PepperBell_Nutrition Deficiency,4b15dc1f26159782260090a2b4102431b45a5f978f54f02ee809b21e6506eb11,"Abiotic nutritional deficiency, non-pathological"
train/bell_pepper/PepperBell_Nutrition Deficiency/Nutrition Deficiency00217.JPG,train,bell_pepper__PepperBell_Nutrition Deficiency,413aeab99a663732e2fc378d94152ab994733bffddfcfc063ca6f4223a0aafaf,"Abiotic nutritional deficiency, non-pathological"
train/bell_pepper/PepperBell_Nutrition Deficiency/Nutrition Deficiency00218.JPG,train,bell_pepper__PepperBell_Nutrition Deficiency,4cc500552daad641126ff600fdd33ac7864f1c7073bc8996d69f1b2552123e5a,"Abiotic nutritional deficiency, non-pathological"
train/bell_pepper/PepperBell_Nutrition Deficiency/Nutrition Deficiency00219.JPG,train,bell_pepper__PepperBell_Nutrition Deficiency,9f310aa43ae009e1cdf9522ccbac07d9ff63b465d69088e1aa73984f3c57ec1a,"Abiotic nutritional deficiency, non-pathological"
train/bell_pepper/PepperBell_Nutrition Deficiency/Nutrition Deficiency00220.JPG,train,bell_pepper__PepperBell_Nutrition Deficiency,9288e3c43003a30e8e7e599d7934835f56dd9374303c0893f9754f559a5d32ee,"Abiotic nutritional deficiency, non-pathological"
train/bell_pepper/PepperBell_Nutrition Deficiency/Nutrition Deficiency00221.JPG,train,bell_pepper__PepperBell_Nutrition Deficiency,7d98eb8e5040e0c53eebe24db92a564b93be8e0198f6de436b1fd1c819b83500,"Abiotic nutritional deficiency, non-pathological"
train/bell_pepper/PepperBell_Nutrition Deficiency/Nutrition Deficiency00222.JPG,train,bell_pepper__PepperBell_Nutrition Deficiency,c917bd17ae7cba42f3dcf83f2968ad8cbafdb61fcb1980c0475bea0334fa91e7,"Abiotic nutritional deficiency, non-pathological"
train/bell_pepper/PepperBell_Nutrition Deficiency/Nutrition Deficiency00223.JPG,train,bell_pepper__PepperBell_Nutrition Deficiency,b0fdf3e8f6b31eb44003dfb62856b4b00fcab4ff796186c844b21805bb58d9ad,"Abiotic nutritional deficiency, non-pathological"
train/bell_pepper/PepperBell_Nutrition Deficiency/Nutrition Deficiency00224.JPG,train,bell_pepper__PepperBell_Nutrition Deficiency,0af1ef93ba0b0f8201fc63ff199a5fa7799e4c226ddebe5fc2d982b6239e9303,"Abiotic nutritional deficiency, non-pathological"
train/bell_pepper/PepperBell_Nutrition Deficiency/Nutrition Deficiency00225.JPG,train,bell_pepper__PepperBell_Nutrition Deficiency,0563f456639fdacaaec2ae5ddbf0219df537dcf1fc782584e2e97e91bb895163,"Abiotic nutritional deficiency, non-pathological"
train/bell_pepper/PepperBell_Nutrition Deficiency/Nutrition Deficiency00226.JPG,train,bell_pepper__PepperBell_Nutrition Deficiency,7cc2842ee0e249e0450b364821c576e887361d0483b2be6a9cec9f7019cf42e5,"Abiotic nutritional deficiency, non-pathological"
train/bell_pepper/PepperBell_Nutrition Deficiency/Nutrition Deficiency00227.JPG,train,bell_pepper__PepperBell_Nutrition Deficiency,74a37eb4e64c65834336503be93defb9b7280f6055035f1ca8b7c61df76bfcae,"Abiotic nutritional deficiency, non-pathological"
train/bell_pepper/PepperBell_Nutrition Deficiency/Nutrition Deficiency00228.JPG,train,bell_pepper__PepperBell_Nutrition Deficiency,ddf1bff359cf2f5656a9b5d35d1cb9226fb1eec10dfc6e85c90487e4af9d9089,"Abiotic nutritional deficiency, non-pathological"
train/bell_pepper/PepperBell_Nutrition Deficiency/Nutrition Deficiency00229.JPG,train,bell_pepper__PepperBell_Nutrition Deficiency,7dc151971f83fbead63e57397d30a4cc72d94015f4a4761fa64cacc0d7f433e1,"Abiotic nutritional deficiency, non-pathological"
train/bell_pepper/PepperBell_Nutrition Deficiency/Nutrition Deficiency00230.JPG,train,bell_pepper__PepperBell_Nutrition Deficiency,d5b8fbcdf4c208557c56229dae019f432b7ef3731742787c376efc330582c95d,"Abiotic nutritional deficiency, non-pathological"
train/bell_pepper/PepperBell_Nutrition Deficiency/Nutrition Deficiency00231.JPG,train,bell_pepper__PepperBell_Nutrition Deficiency,dd391b5e788ab624e3dc421a37b2bfee1e2d5b15634c7d6dff1ce2f0ea22985e,"Abiotic nutritional deficiency, non-pathological"
train/bell_pepper/PepperBell_Nutrition Deficiency/Nutrition Deficiency00232.JPG,train,bell_pepper__PepperBell_Nutrition Deficiency,80dd4de14d8754caa4849fcadf86ccce7cd95fa4a41f2e760665842bf12837be,"Abiotic nutritional deficiency, non-pathological"
train/bell_pepper/PepperBell_Nutrition Deficiency/Nutrition Deficiency00233.JPG,train,bell_pepper__PepperBell_Nutrition Deficiency,0faaea7adb7432cf93b0f20b539661a19cf6a66809706ddd90041f0916eb2c5a,"Abiotic nutritional deficiency, non-pathological"
train/bell_pepper/PepperBell_Nutrition Deficiency/Nutrition Deficiency00234.JPG,train,bell_pepper__PepperBell_Nutrition Deficiency,fe5bc0dfbe5bbc2e27b6cbe15f41cb033b5a094d7cbbb5af5a59f2925e733053,"Abiotic nutritional deficiency, non-pathological"
train/bell_pepper/PepperBell_Nutrition Deficiency/Nutrition Deficiency00235.JPG,train,bell_pepper__PepperBell_Nutrition Deficiency,b384c686844ad75e166fd83f640d6dd0cc492781b65b0bddfd165727e8e7db49,"Abiotic nutritional deficiency, non-pathological"
train/bell_pepper/PepperBell_Nutrition Deficiency/Nutrition Deficiency00236.JPG,train,bell_pepper__PepperBell_Nutrition Deficiency,ff503fa5c37ba0b698a95ec5c9f1bb873d69e06f01750b17934b11c5774094da,"Abiotic nutritional deficiency, non-pathological"
train/bell_pepper/PepperBell_Nutrition Deficiency/Nutrition Deficiency00237.JPG,train,bell_pepper__PepperBell_Nutrition Deficiency,16083efe57b0718aab2898a93fce1f1dbfbf2620531b26477783e73498ad777a,"Abiotic nutritional deficiency, non-pathological"
train/bell_pepper/PepperBell_Nutrition Deficiency/Nutrition Deficiency00238.JPG,train,bell_pepper__PepperBell_Nutrition Deficiency,bebe46795626ba067e9118dc53b639d79621e271f98093cf3e905f2f4058f257,"Abiotic nutritional deficiency, non-pathological"
train/bell_pepper/PepperBell_Nutrition Deficiency/Nutrition Deficiency00239.JPG,train,bell_pepper__PepperBell_Nutrition Deficiency,2ed6a6886cacc2606b2a768b07175aae505b57f57ce4622ed9c87246e3a8a0e4,"Abiotic nutritional deficiency, non-pathological"
train/bell_pepper/PepperBell_Nutrition Deficiency/Nutrition Deficiency00240.JPG,train,bell_pepper__PepperBell_Nutrition Deficiency,0b50bcec2982bd0fbc423933bb83c8089fa52ba776c4aae537a700dadc7262d4,"Abiotic nutritional deficiency, non-pathological"
train/bell_pepper/PepperBell_Nutrition Deficiency/Nutrition Deficiency00241.JPG,train,bell_pepper__PepperBell_Nutrition Deficiency,6ca88de1d53f7bd6d72ea7a68b91444689afc045977977f5a1835c9741f0b5e3,"Abiotic nutritional deficiency, non-pathological"
train/bell_pepper/PepperBell_Nutrition Deficiency/Nutrition Deficiency00242.JPG,train,bell_pepper__PepperBell_Nutrition Deficiency,4465ef74ab9dee058c4e627a6c420ad46eec7a73a0e90ee63de9e77ce67af733,"Abiotic nutritional deficiency, non-pathological"
train/bell_pepper/PepperBell_Nutrition Deficiency/Nutrition Deficiency00243.JPG,train,bell_pepper__PepperBell_Nutrition Deficiency,5f3c018fbc5ca21b3f99e565a272a24a171cc65c08387c1075ad80d164d48f20,"Abiotic nutritional deficiency, non-pathological"
train/bell_pepper/PepperBell_Nutrition Deficiency/Nutrition Deficiency00244.JPG,train,bell_pepper__PepperBell_Nutrition Deficiency,edfb23bef2b1b0210432e728fbf42e87b85dfbc7ee77d7bed37a6add08f26a53,"Abiotic nutritional deficiency, non-pathological"
train/bell_pepper/PepperBell_Nutrition Deficiency/Nutrition Deficiency00245.JPG,train,bell_pepper__PepperBell_Nutrition Deficiency,7ce7968743e4c78d480b8f6156aa938d6ba8bbe677761a4dc411f607cc3c21df,"Abiotic nutritional deficiency, non-pathological"
train/bell_pepper/PepperBell_Nutrition Deficiency/Nutrition Deficiency00246.JPG,train,bell_pepper__PepperBell_Nutrition Deficiency,26d8df1b65833fa97e7cda246e38faf5fedccc7c426bc7aa76b0cde9807d63e6,"Abiotic nutritional deficiency, non-pathological"
train/bell_pepper/PepperBell_Nutrition Deficiency/Nutrition Deficiency00247.JPG,train,bell_pepper__PepperBell_Nutrition Deficiency,6e7e6d30495a5f67aea6f071fe23295aed60c0dc32f31b1a255bce77de1820fd,"Abiotic nutritional deficiency, non-pathological"
train/bell_pepper/PepperBell_Nutrition Deficiency/Nutrition Deficiency00248.JPG,train,bell_pepper__PepperBell_Nutrition Deficiency,cb6626df32330c963d0427b78c8cb3d44f3ce506daf03570511cc3163d125bad,"Abiotic nutritional deficiency, non-pathological"
train/bell_pepper/PepperBell_Nutrition Deficiency/Nutrition Deficiency00249.JPG,train,bell_pepper__PepperBell_Nutrition Deficiency,da361e9cff71fe1fb880dcb564226592c5bcb03d7bcfaed0c844be38831bdf49,"Abiotic nutritional deficiency, non-pathological"
train/bell_pepper/PepperBell_Nutrition Deficiency/Nutrition Deficiency00250.JPG,train,bell_pepper__PepperBell_Nutrition Deficiency,9c71c9d1c22b5e91fd0a8e9adb8002dc5d832bbe675c91e20e90676e5b23de3e,"Abiotic nutritional deficiency, non-pathological"
train/bell_pepper/PepperBell_Nutrition Deficiency/Nutrition Deficiency00251.JPG,train,bell_pepper__PepperBell_Nutrition Deficiency,1d657b60e9d75bb99b59056557c99156b2f13e0aa02812ff060935c1db2af71f,"Abiotic nutritional deficiency, non-pathological"
train/bell_pepper/PepperBell_Nutrition Deficiency/Nutrition Deficiency00252.JPG,train,bell_pepper__PepperBell_Nutrition Deficiency,d58a71f51fda0ef8b3631e41f021da43ed934f39ff98b15ee5d03b991c174a58,"Abiotic nutritional deficiency, non-pathological"
train/bell_pepper/PepperBell_Nutrition Deficiency/Nutrition Deficiency00253.JPG,train,bell_pepper__PepperBell_Nutrition Deficiency,a6a4abdbcd39b396bed2d1c2a6b820ee82484a769cc023c707757c215f721cff,"Abiotic nutritional deficiency, non-pathological"
train/bell_pepper/PepperBell_Nutrition Deficiency/Nutrition Deficiency00254.JPG,train,bell_pepper__PepperBell_Nutrition Deficiency,66fe755f4a34c291811294332007fa7850a9787e24e54533aa067a41c24f40f6,"Abiotic nutritional deficiency, non-pathological"
train/bell_pepper/PepperBell_Nutrition Deficiency/Nutrition Deficiency00255.JPG,train,bell_pepper__PepperBell_Nutrition Deficiency,e4386c803d7218ace3e4657bec9757cb703c6612aed0ad73aa70d9ec73ffdc27,"Abiotic nutritional deficiency, non-pathological"
train/bell_pepper/PepperBell_Nutrition Deficiency/Nutrition Deficiency00256.JPG,train,bell_pepper__PepperBell_Nutrition Deficiency,d9ebfe6ccf28d5736998dbcdc3675f0c1d4a7fd954fcdfbd6ec4132f4a29e699,"Abiotic nutritional deficiency, non-pathological"
train/bell_pepper/PepperBell_Nutrition Deficiency/Nutrition Deficiency00257.JPG,train,bell_pepper__PepperBell_Nutrition Deficiency,fa29b1bfdd1301f7d4fa9d10754e8da9eacabca2b140b01457dd134fbaf15f01,"Abiotic nutritional deficiency, non-pathological"
train/bell_pepper/PepperBell_Nutrition Deficiency/Nutrition Deficiency00258.JPG,train,bell_pepper__PepperBell_Nutrition Deficiency,837686419c8f1707994790cf9fedb78dad160f673927a3540cce6cc366a8cf7b,"Abiotic nutritional deficiency, non-pathological"
train/bell_pepper/PepperBell_Nutrition Deficiency/Nutrition Deficiency00259.JPG,train,bell_pepper__PepperBell_Nutrition Deficiency,36f8c9a30f1bcfcb6ee1216939e01c673fcc45bd66b1219eab14598917826bc8,"Abiotic nutritional deficiency, non-pathological"
train/bell_pepper/PepperBell_Nutrition Deficiency/Nutrition Deficiency00260.JPG,train,bell_pepper__PepperBell_Nutrition Deficiency,fe6b033f7f7c14fc8e89dc50795657ad45f01a0baa747bb1fdf727fb45f18be2,"Abiotic nutritional deficiency, non-pathological"
train/bell_pepper/PepperBell_Nutrition Deficiency/Nutrition Deficiency00261.JPG,train,bell_pepper__PepperBell_Nutrition Deficiency,b1a95267f995169a38eecd10a5e228eb04389b04c13b8d531b4d6e7596d66c29,"Abiotic nutritional deficiency, non-pathological"
train/bell_pepper/PepperBell_Nutrition Deficiency/Nutrition Deficiency00262.JPG,train,bell_pepper__PepperBell_Nutrition Deficiency,b1ce9ce0355761f80590371036ead748deea56da08a070e7210ca5abaeb78e21,"Abiotic nutritional deficiency, non-pathological"
train/bell_pepper/PepperBell_Nutrition Deficiency/Nutrition Deficiency00263.JPG,train,bell_pepper__PepperBell_Nutrition Deficiency,d4adb909cf0935164c85e1aa56c72607415ca9811c78bb942c8265459befab56,"Abiotic nutritional deficiency, non-pathological"
train/bell_pepper/PepperBell_Nutrition Deficiency/Nutrition Deficiency00264.JPG,train,bell_pepper__PepperBell_Nutrition Deficiency,50958d1839e555f621021e1308387a82940fa7785203c6673244cc879b7b1e9f,"Abiotic nutritional deficiency, non-pathological"
train/bell_pepper/PepperBell_Nutrition Deficiency/Nutrition Deficiency00265.JPG,train,bell_pepper__PepperBell_Nutrition Deficiency,20df6181dc522d8dbcb969a324955cdeb695274e3d2ad7f75648471e724f1646,"Abiotic nutritional deficiency, non-pathological"
train/bell_pepper/PepperBell_Nutrition Deficiency/Nutrition Deficiency00266.JPG,train,bell_pepper__PepperBell_Nutrition Deficiency,95a1c7f34f705c2808cc4489f9902a0161e80cdb1d2936628b0a65268472b7bc,"Abiotic nutritional deficiency, non-pathological"
train/bell_pepper/PepperBell_Nutrition Deficiency/Nutrition Deficiency00267.JPG,train,bell_pepper__PepperBell_Nutrition Deficiency,d1b98bc87fb42c5f5b3f338cad89224f3ad06f20287291ca6b78d08b74ceb556,"Abiotic nutritional deficiency, non-pathological"
train/bell_pepper/PepperBell_Nutrition Deficiency/Nutrition Deficiency00268.JPG,train,bell_pepper__PepperBell_Nutrition Deficiency,db2156d381d305c9f6726a80d2610ba126b9b5371c7ee05e902cc5c39df6a4eb,"Abiotic nutritional deficiency, non-pathological"
train/bell_pepper/PepperBell_Nutrition Deficiency/Nutrition Deficiency00269.JPG,train,bell_pepper__PepperBell_Nutrition Deficiency,758dbdd3cff1b5f0c136d70e72a233d1dac5cdb9a74fa3b86615dd2cf7343022,"Abiotic nutritional deficiency, non-pathological"
train/bell_pepper/PepperBell_Nutrition Deficiency/Nutrition Deficiency00270.JPG,train,bell_pepper__PepperBell_Nutrition Deficiency,8d8ab91b8f0f35b19b199fe96e7a35a179d3d7e38bb5b10b93eb177050656f0c,"Abiotic nutritional deficiency, non-pathological"
train/bell_pepper/PepperBell_Nutrition Deficiency/Nutrition Deficiency00271.JPG,train,bell_pepper__PepperBell_Nutrition Deficiency,d0d4a78df172ae65e4c206966eaf0238a636b2fa1efdd5a0d47d5ef95fcb0655,"Abiotic nutritional deficiency, non-pathological"
train/bell_pepper/PepperBell_Nutrition Deficiency/Nutrition Deficiency00272.JPG,train,bell_pepper__PepperBell_Nutrition Deficiency,bf5214f8cef7ee8f0d78008a13a6faa8a735209e8ae3705b57c4e1def09aa083,"Abiotic nutritional deficiency, non-pathological"
train/bell_pepper/PepperBell_Nutrition Deficiency/Nutrition Deficiency00273.JPG,train,bell_pepper__PepperBell_Nutrition Deficiency,ecb27bf9f88b5ac99055625ecfb4ca7f13a9edca37c98b5a8e00e7c6715405d7,"Abiotic nutritional deficiency, non-pathological"
train/bell_pepper/PepperBell_Nutrition Deficiency/Nutrition Deficiency00274.JPG,train,bell_pepper__PepperBell_Nutrition Deficiency,e3a7f713056b6715296e2e88034febffce0c1678f617c1d515251f90693182d6,"Abiotic nutritional deficiency, non-pathological"
train/bell_pepper/PepperBell_Nutrition Deficiency/Nutrition Deficiency00275.JPG,train,bell_pepper__PepperBell_Nutrition Deficiency,90887faea41f547757c58ff107372c67beeebc1d016f12e5d4086bc74b330a87,"Abiotic nutritional deficiency, non-pathological"
train/bell_pepper/PepperBell_Nutrition Deficiency/Nutrition Deficiency00276.JPG,train,bell_pepper__PepperBell_Nutrition Deficiency,e2474bf396a23e7f45f85b2ae40706c433933860e00e0654d4531dfa07a222e7,"Abiotic nutritional deficiency, non-pathological"
train/bell_pepper/PepperBell_Nutrition Deficiency/Nutrition Deficiency00277.JPG,train,bell_pepper__PepperBell_Nutrition Deficiency,a332b390cfed59a4e4bad1c74f2c9e8e0363143687ac841ce90703499d0155cf,"Abiotic nutritional deficiency, non-pathological"
train/bell_pepper/PepperBell_Nutrition Deficiency/Nutrition Deficiency00278.JPG,train,bell_pepper__PepperBell_Nutrition Deficiency,21cb29280a7f961167c6e0ea946c2b32e23dc8a35988ffd7aa16ccd5ed58fe76,"Abiotic nutritional deficiency, non-pathological"
train/bell_pepper/PepperBell_Nutrition Deficiency/Nutrition Deficiency00279.JPG,train,bell_pepper__PepperBell_Nutrition Deficiency,7b4c045c9467877b30ebae969fddcb5ba3a3c5baa797904fe8da8d86411814f7,"Abiotic nutritional deficiency, non-pathological"
train/bell_pepper/PepperBell_Nutrition Deficiency/Nutrition Deficiency00280.JPG,train,bell_pepper__PepperBell_Nutrition Deficiency,be470e5be70ff10dbc4de356514b49ca511256d58f33c94e59baa7de39f9eb05,"Abiotic nutritional deficiency, non-pathological"
train/bell_pepper/PepperBell_Nutrition Deficiency/Nutrition Deficiency00281.JPG,train,bell_pepper__PepperBell_Nutrition Deficiency,d705ff75d48dc9fd9a07537034485519c65089b9ff2b56b0e1ecbcc4d14c116f,"Abiotic nutritional deficiency, non-pathological"
train/bell_pepper/PepperBell_Nutrition Deficiency/Nutrition Deficiency00282.JPG,train,bell_pepper__PepperBell_Nutrition Deficiency,09a63da9ca2512b04943339653f995d2c6780beb1e732c576006130f1b5e4b28,"Abiotic nutritional deficiency, non-pathological"
train/bell_pepper/PepperBell_Nutrition Deficiency/Nutrition Deficiency00283.JPG,train,bell_pepper__PepperBell_Nutrition Deficiency,641c470f53d5b2606990d567bbf35a0c971b5af135731f580af096e42e53a4d3,"Abiotic nutritional deficiency, non-pathological"
train/bell_pepper/PepperBell_Nutrition Deficiency/Nutrition Deficiency00284.JPG,train,bell_pepper__PepperBell_Nutrition Deficiency,03a2f53e33e5ca6564dbf308993ff5c18c25c2a9a0821f106646c0e5e8134841,"Abiotic nutritional deficiency, non-pathological"
train/bell_pepper/PepperBell_Nutrition Deficiency/Nutrition Deficiency00285.JPG,train,bell_pepper__PepperBell_Nutrition Deficiency,ad10ac7ba2335d0281e0d47e8b5f8ae79abb4f8b50970d6858fa65408a2ab9fa,"Abiotic nutritional deficiency, non-pathological"
train/bell_pepper/PepperBell_Nutrition Deficiency/Nutrition Deficiency00286.JPG,train,bell_pepper__PepperBell_Nutrition Deficiency,2aa252b8c066e464bef8c37a2489756eb13e45dcfcdc877f6012a44c9edf4b6f,"Abiotic nutritional deficiency, non-pathological"
train/bell_pepper/PepperBell_Nutrition Deficiency/Nutrition Deficiency00287.JPG,train,bell_pepper__PepperBell_Nutrition Deficiency,ed44a92800902b14d0eca7411f09efd24d7ed1455ca9372fe973cc7b42d637d9,"Abiotic nutritional deficiency, non-pathological"
train/bell_pepper/PepperBell_Nutrition Deficiency/Nutrition Deficiency00288.JPG,train,bell_pepper__PepperBell_Nutrition Deficiency,edd42279b644b4f35d036aba29a1b6e92e1446c979a33156d77a8eb8f62604f2,"Abiotic nutritional deficiency, non-pathological"
train/bell_pepper/PepperBell_Nutrition Deficiency/Nutrition Deficiency00289.JPG,train,bell_pepper__PepperBell_Nutrition Deficiency,7e683c707d67a3ce389b785b32418498542768a9f53e0bac2117906ddf213f46,"Abiotic nutritional deficiency, non-pathological"
train/bell_pepper/PepperBell_Nutrition Deficiency/Nutrition Deficiency00290.JPG,train,bell_pepper__PepperBell_Nutrition Deficiency,1a1f80adbaac8fcbd7bbb0368b48de3fac3255a2de7531068c163be251c5c219,"Abiotic nutritional deficiency, non-pathological"
train/bell_pepper/PepperBell_Nutrition Deficiency/Nutrition Deficiency00291.JPG,train,bell_pepper__PepperBell_Nutrition Deficiency,14af78d3e3cc458d5e81e100d8fc0e16ce4898707e1ba1c199ece71f79b0dae4,"Abiotic nutritional deficiency, non-pathological"
train/bell_pepper/PepperBell_Nutrition Deficiency/Nutrition Deficiency00292.JPG,train,bell_pepper__PepperBell_Nutrition Deficiency,af8b85162e51cd83fdc185d8a53b162e89090ed10244278c2c46f73241f4bbc7,"Abiotic nutritional deficiency, non-pathological"
train/bell_pepper/PepperBell_Nutrition Deficiency/Nutrition Deficiency00293.JPG,train,bell_pepper__PepperBell_Nutrition Deficiency,2b01886127450dc5dffec857186e0bb46d1fa7f9902dec80cf024b0ccf7cc754,"Abiotic nutritional deficiency, non-pathological"
train/bell_pepper/PepperBell_Nutrition Deficiency/Nutrition Deficiency00294.JPG,train,bell_pepper__PepperBell_Nutrition Deficiency,1bac2be45ba08743212f8397b5ea85bbe51b4859f62ede15cae0ec923fae1ce3,"Abiotic nutritional deficiency, non-pathological"
train/bell_pepper/PepperBell_Nutrition Deficiency/Nutrition Deficiency00295.JPG,train,bell_pepper__PepperBell_Nutrition Deficiency,df64175908f8ba9d042b91be9796710b8e3acac715940421bd9385e68bad1929,"Abiotic nutritional deficiency, non-pathological"
train/bell_pepper/PepperBell_Nutrition Deficiency/Nutrition Deficiency00296.JPG,train,bell_pepper__PepperBell_Nutrition Deficiency,ffe1557af3b7f8156ee75b507165596d1c0a309d1e49db526ddbab6a633c5855,"Abiotic nutritional deficiency, non-pathological"
train/bell_pepper/PepperBell_Nutrition Deficiency/Nutrition Deficiency00297.JPG,train,bell_pepper__PepperBell_Nutrition Deficiency,d5e6aa5401cfcbf96881ac0e8e03e1f373c3815ae5dfb8e3d7f829658f08165f,"Abiotic nutritional deficiency, non-pathological"
train/bell_pepper/PepperBell_Nutrition Deficiency/Nutrition Deficiency00298.JPG,train,bell_pepper__PepperBell_Nutrition Deficiency,c59bafd69681d3414ed6b1a579c08727bba64a9d454b9efc0c636864165a231a,"Abiotic nutritional deficiency, non-pathological"
train/bell_pepper/PepperBell_Nutrition Deficiency/Nutrition Deficiency00299.JPG,train,bell_pepper__PepperBell_Nutrition Deficiency,b5645cb6b98218d518eee76eaa9a3ca3fdf67a8d433e79881e5ef8ebc2e71df1,"Abiotic nutritional deficiency, non-pathological"
train/bell_pepper/PepperBell_Nutrition Deficiency/Nutrition Deficiency00300.JPG,train,bell_pepper__PepperBell_Nutrition Deficiency,8b71a0240d5dae3cac589f49667691492f65cd6087258bbec29f4eeaa398ad2c,"Abiotic nutritional deficiency, non-pathological"
train/bell_pepper/PepperBell_Nutrition Deficiency/Nutrition Deficiency00301.JPG,train,bell_pepper__PepperBell_Nutrition Deficiency,19ebe8fc333570452bc58108e9ddd70038dbfdda20013a854ec655e0991a7432,"Abiotic nutritional deficiency, non-pathological"
train/bell_pepper/PepperBell_Nutrition Deficiency/Nutrition Deficiency00302.JPG,train,bell_pepper__PepperBell_Nutrition Deficiency,e81b7888dd7aa858746a6c8ba35bd7b44bb59d47c374dd73ffe03b011186db7b,"Abiotic nutritional deficiency, non-pathological"
train/bell_pepper/PepperBell_Nutrition Deficiency/Nutrition Deficiency00303.JPG,train,bell_pepper__PepperBell_Nutrition Deficiency,f01094a952ac52b93e5aba9a25a133f0d16e70263640579465eb032594a18a79,"Abiotic nutritional deficiency, non-pathological"
train/bell_pepper/PepperBell_Nutrition Deficiency/Nutrition Deficiency00304.JPG,train,bell_pepper__PepperBell_Nutrition Deficiency,638252f0eadfe32f99bc83773a9a48c8a268e743189bbc18f9a985fa4d79e312,"Abiotic nutritional deficiency, non-pathological"
train/bell_pepper/PepperBell_Nutrition Deficiency/Nutrition Deficiency00305.JPG,train,bell_pepper__PepperBell_Nutrition Deficiency,fb61c6cb712ea59b6756a701296ed2c1f27fcf476d36cdb271f76a2851db0f28,"Abiotic nutritional deficiency, non-pathological"
train/bell_pepper/PepperBell_Nutrition Deficiency/Nutrition Deficiency00306.JPG,train,bell_pepper__PepperBell_Nutrition Deficiency,252f706e9d2e1e4252b84010541a26bbb06ccb333ab0e492700a38c0a15a4468,"Abiotic nutritional deficiency, non-pathological"
train/bell_pepper/PepperBell_Nutrition Deficiency/Nutrition Deficiency00307.JPG,train,bell_pepper__PepperBell_Nutrition Deficiency,9f06fa9635f284bded969e91080b0b3c3659063d27fde49fc88076d1799a6f94,"Abiotic nutritional deficiency, non-pathological"
train/bell_pepper/PepperBell_Nutrition Deficiency/Nutrition Deficiency00308.JPG,train,bell_pepper__PepperBell_Nutrition Deficiency,b76c3ef1eef451d7494c6a1b1185fb41a96e8cbbc1f3af5cd5dba3ea5f705287,"Abiotic nutritional deficiency, non-pathological"
train/bell_pepper/PepperBell_Nutrition Deficiency/Nutrition Deficiency00309.JPG,train,bell_pepper__PepperBell_Nutrition Deficiency,2a21488891bccf75e674969e31b49b83cd2daffea788bb980fbfc04fd38c2183,"Abiotic nutritional deficiency, non-pathological"
train/bell_pepper/PepperBell_Nutrition Deficiency/Nutrition Deficiency00310.JPG,train,bell_pepper__PepperBell_Nutrition Deficiency,4ed1160a6342b3135347452f921d48d4b13b96906244444319b3e4d20b251033,"Abiotic nutritional deficiency, non-pathological"
train/bell_pepper/PepperBell_Nutrition Deficiency/Nutrition Deficiency00311.JPG,train,bell_pepper__PepperBell_Nutrition Deficiency,d673682919722edce3dfff21130adf1715eefd80e8b1b783951c676653b3179c,"Abiotic nutritional deficiency, non-pathological"
train/bell_pepper/PepperBell_Nutrition Deficiency/Nutrition Deficiency00312.JPG,train,bell_pepper__PepperBell_Nutrition Deficiency,430ae5871b9bf92b4ae07a23720f71afde90b888950600b8ebb7eb880e70164c,"Abiotic nutritional deficiency, non-pathological"
train/bell_pepper/PepperBell_Nutrition Deficiency/Nutrition Deficiency00313.JPG,train,bell_pepper__PepperBell_Nutrition Deficiency,cb78bf41396d671e5bafcb3896aec58e67b65d771a58ad61f870fcd1a48389ab,"Abiotic nutritional deficiency, non-pathological"
train/bell_pepper/PepperBell_Nutrition Deficiency/Nutrition Deficiency00314.JPG,train,bell_pepper__PepperBell_Nutrition Deficiency,736b5c8c2eba1cea76ae678638a8504a55ca5bd73de0e91bd7232c01996b208e,"Abiotic nutritional deficiency, non-pathological"
train/bell_pepper/PepperBell_Nutrition Deficiency/Nutrition Deficiency00315.JPG,train,bell_pepper__PepperBell_Nutrition Deficiency,03dbaa6180ceedb871faa7bc6db66ae98c1d63f30eb40d46418a09cc208c13f4,"Abiotic nutritional deficiency, non-pathological"
train/bell_pepper/PepperBell_Nutrition Deficiency/Nutrition Deficiency00316.JPG,train,bell_pepper__PepperBell_Nutrition Deficiency,e3068c3c13a75e6b2864e7c7f5a148bfcb37e2bf73b1dc76701f1de2e93e6d41,"Abiotic nutritional deficiency, non-pathological"
train/bell_pepper/PepperBell_Nutrition Deficiency/Nutrition Deficiency00317.JPG,train,bell_pepper__PepperBell_Nutrition Deficiency,3c68cdcb947318884c3410a86970a293acb141fbdef00a1b59a20b9be87efddf,"Abiotic nutritional deficiency, non-pathological"
train/bell_pepper/PepperBell_Nutrition Deficiency/Nutrition Deficiency00318.JPG,train,bell_pepper__PepperBell_Nutrition Deficiency,61b0dd366f389d7b151b62a1ecdbccbb9b1c70bf7fdf51f4e1059aaa90156d36,"Abiotic nutritional deficiency, non-pathological"
train/bell_pepper/PepperBell_Nutrition Deficiency/Nutrition Deficiency00319.JPG,train,bell_pepper__PepperBell_Nutrition Deficiency,3ec77d634c261acafecb4451fc748c6a2bd352f60b54e2169b59b04ef9ba5121,"Abiotic nutritional deficiency, non-pathological"
train/bell_pepper/PepperBell_Nutrition Deficiency/Nutrition Deficiency00320.JPG,train,bell_pepper__PepperBell_Nutrition Deficiency,e64bcced06edd37ffebfad0001b71aed792b11222afab026e214b7eb58837b4b,"Abiotic nutritional deficiency, non-pathological"
train/bell_pepper/PepperBell_Nutrition Deficiency/Nutrition Deficiency00321.JPG,train,bell_pepper__PepperBell_Nutrition Deficiency,8e717347e634e2bc538adafbe7c2e5e950fc3006a78e207410b6569501bf0e89,"Abiotic nutritional deficiency, non-pathological"
train/bell_pepper/PepperBell_Nutrition Deficiency/Nutrition Deficiency00322.JPG,train,bell_pepper__PepperBell_Nutrition Deficiency,848d793529e245eb6d069ab20178d415e41f423ce4bcd6ca3941b46f32b0aed9,"Abiotic nutritional deficiency, non-pathological"
train/bell_pepper/PepperBell_Nutrition Deficiency/Nutrition Deficiency00323.JPG,train,bell_pepper__PepperBell_Nutrition Deficiency,0a3cc1c852ce9cfc25d0455a84652caa5fd04d66ea5032f651022f982d5b9c55,"Abiotic nutritional deficiency, non-pathological"
train/bell_pepper/PepperBell_Nutrition Deficiency/Nutrition Deficiency00324.JPG,train,bell_pepper__PepperBell_Nutrition Deficiency,5479530b1b85b7abe6c3fd5550e65b022216f80d4ac20f652161598fe615a586,"Abiotic nutritional deficiency, non-pathological"
train/bell_pepper/PepperBell_Nutrition Deficiency/Nutrition Deficiency00325.JPG,train,bell_pepper__PepperBell_Nutrition Deficiency,2793d30b0c74bccb56f3e81dc72069e22dcc971e65d7a5a0dfb1f3e6bd62a6d3,"Abiotic nutritional deficiency, non-pathological"
train/bell_pepper/PepperBell_Nutrition Deficiency/Nutrition Deficiency00326.JPG,train,bell_pepper__PepperBell_Nutrition Deficiency,1ddfd197d5207020861d60dbee4fc15994ee76bcfab76b8d72f57a59e9d6accd,"Abiotic nutritional deficiency, non-pathological"
train/bell_pepper/PepperBell_Nutrition Deficiency/Nutrition Deficiency00327.JPG,train,bell_pepper__PepperBell_Nutrition Deficiency,ab3dde9ac2fb22d107afcf736547bbfaa08ee78fb3b8b13da0db9c8bd2b8de67,"Abiotic nutritional deficiency, non-pathological"
train/bell_pepper/PepperBell_Nutrition Deficiency/Nutrition Deficiency00328.JPG,train,bell_pepper__PepperBell_Nutrition Deficiency,75b13052ff741ad6a0f7815452f844f557d4a4b2e0a5772e40f81a2e00f1b05f,"Abiotic nutritional deficiency, non-pathological"
train/bell_pepper/PepperBell_Nutrition Deficiency/Nutrition Deficiency00329.JPG,train,bell_pepper__PepperBell_Nutrition Deficiency,57807b4c1fae19eb3f872b0bb3a77b1284091f6619b244ba7f2e011e61fdfc68,"Abiotic nutritional deficiency, non-pathological"
train/bell_pepper/PepperBell_Nutrition Deficiency/Nutrition Deficiency00330.JPG,train,bell_pepper__PepperBell_Nutrition Deficiency,e2bcb8d0885a1ab85f89e2e797aad6a8d7e60194b069a2d1ab88cd0c24337e01,"Abiotic nutritional deficiency, non-pathological"
train/bell_pepper/PepperBell_Nutrition Deficiency/Nutrition Deficiency00331.JPG,train,bell_pepper__PepperBell_Nutrition Deficiency,585832e5b0e4bb4a0baa210a44368fd5c6df7f63d4b3e68012f771479c79e8da,"Abiotic nutritional deficiency, non-pathological"
train/bell_pepper/PepperBell_Nutrition Deficiency/Nutrition Deficiency00332.JPG,train,bell_pepper__PepperBell_Nutrition Deficiency,7adf33994d8667a868699f3e8efae35f7ffe47d58d3f4567193f70efe947898c,"Abiotic nutritional deficiency, non-pathological"
train/bell_pepper/PepperBell_Nutrition Deficiency/Nutrition Deficiency00333.JPG,train,bell_pepper__PepperBell_Nutrition Deficiency,6a739f463a406917bd30e7c7e876a916362d31b4695b154b3683b0dfbee7b3e5,"Abiotic nutritional deficiency, non-pathological"
train/bell_pepper/PepperBell_Nutrition Deficiency/Nutrition Deficiency00334.JPG,train,bell_pepper__PepperBell_Nutrition Deficiency,a1ee33adb39c14686c761bf2755adb210c096fa257146dac0d28c383ad269b25,"Abiotic nutritional deficiency, non-pathological"
train/bell_pepper/PepperBell_Nutrition Deficiency/Nutrition Deficiency00335.JPG,train,bell_pepper__PepperBell_Nutrition Deficiency,fc8099c242527fec877096052c4fcb3a20fde5cc8a3ef30fb01a87c48732d0b3,"Abiotic nutritional deficiency, non-pathological"
train/bell_pepper/PepperBell_Nutrition Deficiency/Nutrition Deficiency00336.JPG,train,bell_pepper__PepperBell_Nutrition Deficiency,2d1fc4cbdf72e91131d4e7802ebe568a1864b9c113a6af42f0c51ed7201c8673,"Abiotic nutritional deficiency, non-pathological"
train/bell_pepper/PepperBell_Nutrition Deficiency/Nutrition Deficiency00337.JPG,train,bell_pepper__PepperBell_Nutrition Deficiency,5e431b1da289325f0a5bde04e2544ddc238641d47589a39c217b9d5aeb6be1e2,"Abiotic nutritional deficiency, non-pathological"
train/bell_pepper/PepperBell_Nutrition Deficiency/Nutrition Deficiency00338.JPG,train,bell_pepper__PepperBell_Nutrition Deficiency,3374e115986b4a0da1a71264614514d0e2a4e320fe213c9d2708b6823cfdaaed,"Abiotic nutritional deficiency, non-pathological"
train/bell_pepper/PepperBell_Nutrition Deficiency/Nutrition Deficiency00339.JPG,train,bell_pepper__PepperBell_Nutrition Deficiency,a6843b439862b8a9961312a95ff28e6342188c890d90157b285c6b2964778da6,"Abiotic nutritional deficiency, non-pathological"
train/bell_pepper/PepperBell_Nutrition Deficiency/Nutrition Deficiency00340.JPG,train,bell_pepper__PepperBell_Nutrition Deficiency,06fa29c7715d1ebefb11390098f221031aed069ede3c4f7085010c0f7747d3c8,"Abiotic nutritional deficiency, non-pathological"
train/bell_pepper/PepperBell_Nutrition Deficiency/Nutrition Deficiency00341.JPG,train,bell_pepper__PepperBell_Nutrition Deficiency,200ab04129f3689d986ef598c521cdfd0aadb6985d78daa30278549500e0dffd,"Abiotic nutritional deficiency, non-pathological"
train/bell_pepper/PepperBell_Nutrition Deficiency/Nutrition Deficiency00342.JPG,train,bell_pepper__PepperBell_Nutrition Deficiency,f6cdc88a40f8d43ddee6479f6ae71315470733aa26247c160dd144da1c184d04,"Abiotic nutritional deficiency, non-pathological"
train/bell_pepper/PepperBell_Nutrition Deficiency/Nutrition Deficiency00343.JPG,train,bell_pepper__PepperBell_Nutrition Deficiency,299a2a5833843c4ebbb0391f759f4ca5b1fec9887daac90c50186e1f39affc2a,"Abiotic nutritional deficiency, non-pathological"
train/bell_pepper/PepperBell_Nutrition Deficiency/Nutrition Deficiency00344.JPG,train,bell_pepper__PepperBell_Nutrition Deficiency,649b685c33c1b5200d64783e0e7f1cb9f358ee1aa183d7a30a046ef06d582429,"Abiotic nutritional deficiency, non-pathological"
train/bell_pepper/PepperBell_Nutrition Deficiency/Nutrition Deficiency00345.JPG,train,bell_pepper__PepperBell_Nutrition Deficiency,1663a389d226215c6a9701d89257c97b06553845d4de4f4909c8b8de41a84440,"Abiotic nutritional deficiency, non-pathological"
train/bell_pepper/PepperBell_Nutrition Deficiency/Nutrition Deficiency00346.JPG,train,bell_pepper__PepperBell_Nutrition Deficiency,b30103a90ee87af73f1ce90f935871864c2de941756baaea6b2882f7ec2e6072,"Abiotic nutritional deficiency, non-pathological"
train/bell_pepper/PepperBell_Nutrition Deficiency/Nutrition Deficiency00347.JPG,train,bell_pepper__PepperBell_Nutrition Deficiency,a0e83d7dfc88241345990c8d5f54bb5fa08cbf61878ee1a31d0b337b06ed21cf,"Abiotic nutritional deficiency, non-pathological"
train/bell_pepper/PepperBell_Nutrition Deficiency/Nutrition Deficiency00348.JPG,train,bell_pepper__PepperBell_Nutrition Deficiency,0d03bcd75823258ebc987c08e0be55f3074c45d0c67e336fadc39d114423c28e,"Abiotic nutritional deficiency, non-pathological"
train/bell_pepper/PepperBell_Nutrition Deficiency/Nutrition Deficiency00349.JPG,train,bell_pepper__PepperBell_Nutrition Deficiency,9e397e4920a165405c296f28fb885a6137ec3d701455b933d492abdf8a2313f7,"Abiotic nutritional deficiency, non-pathological"
train/bell_pepper/PepperBell_Nutrition Deficiency/Nutrition Deficiency00350.JPG,train,bell_pepper__PepperBell_Nutrition Deficiency,e3295cd5642f1036ebb532afeea6f1a43e370ab7e6a841ef05e464232358eaad,"Abiotic nutritional deficiency, non-pathological"
train/bell_pepper/PepperBell_Nutrition Deficiency/Nutrition Deficiency00351.JPG,train,bell_pepper__PepperBell_Nutrition Deficiency,15d4218152f3d8a6861c2036466f2c07c48fe376ddeef464b46f576400acf825,"Abiotic nutritional deficiency, non-pathological"
train/bell_pepper/PepperBell_Nutrition Deficiency/Nutrition Deficiency00352.JPG,train,bell_pepper__PepperBell_Nutrition Deficiency,5ba3f81fab7b804370ee5c77356befdf31523ba40aaa39f57a19aab69bd6bd7f,"Abiotic nutritional deficiency, non-pathological"
train/bell_pepper/PepperBell_Nutrition Deficiency/Nutrition Deficiency00353.JPG,train,bell_pepper__PepperBell_Nutrition Deficiency,3a93148066830184c1ce78d04cc552fe6d21a1d50c45e689c080030df568021c,"Abiotic nutritional deficiency, non-pathological"
train/bell_pepper/PepperBell_Nutrition Deficiency/Nutrition Deficiency00354.JPG,train,bell_pepper__PepperBell_Nutrition Deficiency,764d5c995107f0da3ccd136d92e9839158c7b147414e78100b37e4f8bcc1294b,"Abiotic nutritional deficiency, non-pathological"
train/bell_pepper/PepperBell_Nutrition Deficiency/Nutrition Deficiency00355.JPG,train,bell_pepper__PepperBell_Nutrition Deficiency,e6fa03d8d3fd1a2d8c44cd4e42725fa128e829bed6355684941f4425fe684c0a,"Abiotic nutritional deficiency, non-pathological"
train/bell_pepper/PepperBell_Nutrition Deficiency/Nutrition Deficiency00356.JPG,train,bell_pepper__PepperBell_Nutrition Deficiency,f99bb028b41c5ad383f72669050f80bf14aa03cf233393d51147e2ff2bb3860d,"Abiotic nutritional deficiency, non-pathological"
train/bell_pepper/PepperBell_Nutrition Deficiency/Nutrition Deficiency00357.JPG,train,bell_pepper__PepperBell_Nutrition Deficiency,8d92c53ad94f02a68eff5821c54da8c221f89d485309372488dfd7dac5b9db2f,"Abiotic nutritional deficiency, non-pathological"
train/bell_pepper/PepperBell_Nutrition Deficiency/Nutrition Deficiency00358.JPG,train,bell_pepper__PepperBell_Nutrition Deficiency,620472928ea794ddfebb1dbd0e0093f210b52c12f307247c8c9c627ae41c0fdc,"Abiotic nutritional deficiency, non-pathological"
train/bell_pepper/PepperBell_Nutrition Deficiency/Nutrition Deficiency00359.JPG,train,bell_pepper__PepperBell_Nutrition Deficiency,9b07d4c42adf4422bcf81b1263a84443f953a9b82dea076e4f09f0bb9fbb974e,"Abiotic nutritional deficiency, non-pathological"
train/bell_pepper/PepperBell_Nutrition Deficiency/Nutrition Deficiency00360.JPG,train,bell_pepper__PepperBell_Nutrition Deficiency,c1d5243b87a83d16eb973e29dcf47bb80019bb64e57eb3447bcafea688d10334,"Abiotic nutritional deficiency, non-pathological"
train/bell_pepper/PepperBell_Nutrition Deficiency/Nutrition Deficiency00361.JPG,train,bell_pepper__PepperBell_Nutrition Deficiency,afdf35231b67fe4cd10e4d518f986b78a22c0159a0f8c383f1045f0c782363b4,"Abiotic nutritional deficiency, non-pathological"
train/bell_pepper/PepperBell_Nutrition Deficiency/Nutrition Deficiency00362.JPG,train,bell_pepper__PepperBell_Nutrition Deficiency,7439836e519ec8d30480d4a3071c0faf4268d86822575379974e5af86d93ef40,"Abiotic nutritional deficiency, non-pathological"
train/bell_pepper/PepperBell_Nutrition Deficiency/Nutrition Deficiency00363.JPG,train,bell_pepper__PepperBell_Nutrition Deficiency,3f944610f7587baa136d9d07dae262b2f4ffe0573012e45b37df2f134f9a5d76,"Abiotic nutritional deficiency, non-pathological"
train/bell_pepper/PepperBell_Nutrition Deficiency/Nutrition Deficiency00364.JPG,train,bell_pepper__PepperBell_Nutrition Deficiency,9ddc5685216c9f56f67146f30a82650543839fd97fd228c67a0fafde50655e77,"Abiotic nutritional deficiency, non-pathological"
train/bell_pepper/PepperBell_Nutrition Deficiency/Nutrition Deficiency00365.JPG,train,bell_pepper__PepperBell_Nutrition Deficiency,ed7995cbf493880baa71fef2484ec117c6e687caad2b393f4a620617c2f4674d,"Abiotic nutritional deficiency, non-pathological"
train/bell_pepper/PepperBell_Nutrition Deficiency/Nutrition Deficiency00366.JPG,train,bell_pepper__PepperBell_Nutrition Deficiency,3e72fae596426352164413b377b5e50d3c145aa9306ebf2c7084d2f5d19342cf,"Abiotic nutritional deficiency, non-pathological"
train/bell_pepper/PepperBell_Nutrition Deficiency/Nutrition Deficiency00367.JPG,train,bell_pepper__PepperBell_Nutrition Deficiency,3777b128d81395b43ec281eecec8beb3630b0f61b6a6cb66d7fbd4c508519219,"Abiotic nutritional deficiency, non-pathological"
train/bell_pepper/PepperBell_Nutrition Deficiency/Nutrition Deficiency00368.JPG,train,bell_pepper__PepperBell_Nutrition Deficiency,2cd09593277ddd9b23f6b59ff7c524a1e39390ff34bec57b82bcfac6e98ca0fa,"Abiotic nutritional deficiency, non-pathological"
train/bell_pepper/PepperBell_Nutrition Deficiency/Nutrition Deficiency00369.JPG,train,bell_pepper__PepperBell_Nutrition Deficiency,091d3b370a2b078fff4037d43c22b5151c87688669feff45861c3d3e0d8c8abc,"Abiotic nutritional deficiency, non-pathological"
train/bell_pepper/PepperBell_Nutrition Deficiency/Nutrition Deficiency00370.JPG,train,bell_pepper__PepperBell_Nutrition Deficiency,a08c0980979db835093741966cdbb81b9420b87a42ea3b063fb1f282abf145f8,"Abiotic nutritional deficiency, non-pathological"
train/bell_pepper/PepperBell_Nutrition Deficiency/Nutrition Deficiency00371.JPG,train,bell_pepper__PepperBell_Nutrition Deficiency,e50635cea7b7b82db08d261b093359e5542771cf49188b6bd6f66e77f783b64e,"Abiotic nutritional deficiency, non-pathological"
train/bell_pepper/PepperBell_Nutrition Deficiency/Nutrition Deficiency00372.JPG,train,bell_pepper__PepperBell_Nutrition Deficiency,dbe2de3f5010eabd6c9375948e93dac0efb4963c61be15e14240327b8962f5e7,"Abiotic nutritional deficiency, non-pathological"
train/bell_pepper/PepperBell_Nutrition Deficiency/Nutrition Deficiency00373.JPG,train,bell_pepper__PepperBell_Nutrition Deficiency,85a0ba7cf9f38d205c5b19a3e1f97761abdf9bf83ead3eb25e32b857085ec540,"Abiotic nutritional deficiency, non-pathological"
train/bell_pepper/PepperBell_Nutrition Deficiency/Nutrition Deficiency00374.JPG,train,bell_pepper__PepperBell_Nutrition Deficiency,3a3ec55ea9790498f9278b77a63af2955780497b930976f1ea2bb97e04e99a71,"Abiotic nutritional deficiency, non-pathological"
train/bell_pepper/PepperBell_Nutrition Deficiency/Nutrition Deficiency00375.JPG,train,bell_pepper__PepperBell_Nutrition Deficiency,feefeb8625a7cb0377d01242b69f40794dd07636fd733096ce0d9aa3c8fa976d,"Abiotic nutritional deficiency, non-pathological"
train/bell_pepper/PepperBell_Nutrition Deficiency/Nutrition Deficiency00376.JPG,train,bell_pepper__PepperBell_Nutrition Deficiency,142b8711a2b872f8e4b9ce2aef4f6899a1c2137837b26d3da6e03eb6b5515b77,"Abiotic nutritional deficiency, non-pathological"
train/bell_pepper/PepperBell_Nutrition Deficiency/Nutrition Deficiency00377.JPG,train,bell_pepper__PepperBell_Nutrition Deficiency,65c45e03d0ecce1c9a6bd66d6e8c318165ea5d101356f137a5f4fe63948304eb,"Abiotic nutritional deficiency, non-pathological"
train/bell_pepper/PepperBell_Nutrition Deficiency/Nutrition Deficiency00378.JPG,train,bell_pepper__PepperBell_Nutrition Deficiency,123c3c324653acccf22f4a33e489cc7296ee630d529ee7367531a1da605a90b8,"Abiotic nutritional deficiency, non-pathological"
train/bell_pepper/PepperBell_Nutrition Deficiency/Nutrition Deficiency00379.JPG,train,bell_pepper__PepperBell_Nutrition Deficiency,c8f21c5263a6301a550f3f875c47c6b7a633117d36153db302319d75221924a8,"Abiotic nutritional deficiency, non-pathological"
train/bell_pepper/PepperBell_Nutrition Deficiency/Nutrition Deficiency00380.JPG,train,bell_pepper__PepperBell_Nutrition Deficiency,85ca6ae2b8a570107418b48661523d7d66fd3b1c0335aee641e39670b517a61c,"Abiotic nutritional deficiency, non-pathological"
train/bell_pepper/PepperBell_Nutrition Deficiency/Nutrition Deficiency00381.JPG,train,bell_pepper__PepperBell_Nutrition Deficiency,3c655a0d9dc05e6fdd3b581d9aecc0451997a88feda542bba642c860d513145e,"Abiotic nutritional deficiency, non-pathological"
train/bell_pepper/PepperBell_Nutrition Deficiency/Nutrition Deficiency00382.JPG,train,bell_pepper__PepperBell_Nutrition Deficiency,70aacf31948f71b02c3e3bbfc9bd7bb4bc15d571e036e8e8d34261137f2406f7,"Abiotic nutritional deficiency, non-pathological"
train/bell_pepper/PepperBell_Nutrition Deficiency/Nutrition Deficiency00383.JPG,train,bell_pepper__PepperBell_Nutrition Deficiency,368a12931da85e164483571aeb656ae844e0c0a635183aba5b05f8e09ff332bb,"Abiotic nutritional deficiency, non-pathological"
train/bell_pepper/PepperBell_Nutrition Deficiency/Nutrition Deficiency00384.JPG,train,bell_pepper__PepperBell_Nutrition Deficiency,39b38648db6533a60ceeaf28cc8a21835e5e7938cf82b770f32e510f9e99f6ed,"Abiotic nutritional deficiency, non-pathological"
train/bell_pepper/PepperBell_Nutrition Deficiency/Nutrition Deficiency00385.JPG,train,bell_pepper__PepperBell_Nutrition Deficiency,f446e704f48f7c7505cdcd3bdbed24d259ef64a488967f68dd61f86974667771,"Abiotic nutritional deficiency, non-pathological"
train/bell_pepper/PepperBell_Nutrition Deficiency/Nutrition Deficiency00386.JPG,train,bell_pepper__PepperBell_Nutrition Deficiency,34b9b5da4b237592f793b1d135249b71468803d7da65147651d9972d2cd7e740,"Abiotic nutritional deficiency, non-pathological"
train/bell_pepper/PepperBell_Nutrition Deficiency/Nutrition Deficiency00387.JPG,train,bell_pepper__PepperBell_Nutrition Deficiency,a32eb2baa78d7fb134249dcd4924e2d228e607e1391ad995e1fb3d0ca96c11db,"Abiotic nutritional deficiency, non-pathological"
train/bell_pepper/PepperBell_Nutrition Deficiency/Nutrition Deficiency00388.JPG,train,bell_pepper__PepperBell_Nutrition Deficiency,6c6804ef5411e01fde2867c4deae522a9f225e959a8f5174c13feec5cf1b6b49,"Abiotic nutritional deficiency, non-pathological"
train/bell_pepper/PepperBell_Nutrition Deficiency/Nutrition Deficiency00389.JPG,train,bell_pepper__PepperBell_Nutrition Deficiency,e69c82850de5a3ebcbcd30b2f5140d2831406807a45bca51f8e86c5ca5431ecf,"Abiotic nutritional deficiency, non-pathological"
train/bell_pepper/PepperBell_Nutrition Deficiency/Nutrition Deficiency00390.JPG,train,bell_pepper__PepperBell_Nutrition Deficiency,d01cc8c7c600d38ea6203061e695e8895262a8993c80d411cb8909019efc9432,"Abiotic nutritional deficiency, non-pathological"
train/bell_pepper/PepperBell_Nutrition Deficiency/Nutrition Deficiency00391.JPG,train,bell_pepper__PepperBell_Nutrition Deficiency,d2a5f8a4ddafbcac3c743b4a77a36a5cf48d3a5ade1ff78971bffd48f9d8ea9a,"Abiotic nutritional deficiency, non-pathological"
train/bell_pepper/PepperBell_Nutrition Deficiency/Nutrition Deficiency00392.JPG,train,bell_pepper__PepperBell_Nutrition Deficiency,f62f1bb9d77b85de6adef6e2cc200a9b2a8082110f449d459dcd63f50a888f82,"Abiotic nutritional deficiency, non-pathological"
train/bell_pepper/PepperBell_Nutrition Deficiency/Nutrition Deficiency00393.JPG,train,bell_pepper__PepperBell_Nutrition Deficiency,2ab8e9e5f45495e5e6b93a389ac2bf2772699b6430b02f29b97fd154b09b7765,"Abiotic nutritional deficiency, non-pathological"
train/bell_pepper/PepperBell_Nutrition Deficiency/Nutrition Deficiency00394.JPG,train,bell_pepper__PepperBell_Nutrition Deficiency,e1f7191d64a31d358896d03df9e11dabf9deeb0c717f62d17f32d77656dff6b3,"Abiotic nutritional deficiency, non-pathological"
train/bell_pepper/PepperBell_Nutrition Deficiency/Nutrition Deficiency00395.JPG,train,bell_pepper__PepperBell_Nutrition Deficiency,7845eee1d0685c9185314b306e1ba4855e05aad2ab6e39437aad7b106b43c667,"Abiotic nutritional deficiency, non-pathological"
train/bell_pepper/PepperBell_Nutrition Deficiency/Nutrition Deficiency00396.JPG,train,bell_pepper__PepperBell_Nutrition Deficiency,4969041fc1478635fe0be0e45c9bea6b7012ca289dede596418ea9de7b2228c8,"Abiotic nutritional deficiency, non-pathological"
train/bell_pepper/PepperBell_Nutrition Deficiency/Nutrition Deficiency00397.JPG,train,bell_pepper__PepperBell_Nutrition Deficiency,737457002c4a7ba79977dd4050e233a6b0b042c56b2e4f42853bd1e7a895e74a,"Abiotic nutritional deficiency, non-pathological"
train/bell_pepper/PepperBell_Nutrition Deficiency/Nutrition Deficiency00398.JPG,train,bell_pepper__PepperBell_Nutrition Deficiency,d20e75b59eb62c6866ad515f3a836bb7a7ac1048f141b8185a5be7db6b1e3530,"Abiotic nutritional deficiency, non-pathological"
train/bell_pepper/PepperBell_Nutrition Deficiency/Nutrition Deficiency00399.JPG,train,bell_pepper__PepperBell_Nutrition Deficiency,3245b895cc41b5897f814270ca97d0f68cff0779a22b16a5383410b57c969615,"Abiotic nutritional deficiency, non-pathological"
train/bell_pepper/PepperBell_Nutrition Deficiency/Nutrition Deficiency00400.JPG,train,bell_pepper__PepperBell_Nutrition Deficiency,648e5c00de073dc710005ac0da93e9bfeca1dd278aae009d90aa86c32288e697,"Abiotic nutritional deficiency, non-pathological"
train/bell_pepper/PepperBell_Nutrition Deficiency/Nutrition Deficiency00401.JPG,train,bell_pepper__PepperBell_Nutrition Deficiency,ce849fbd8c2bd751f67c311e38b43840d75bdf81fcf46ea19361fe8c68ef80c3,"Abiotic nutritional deficiency, non-pathological"
train/bell_pepper/PepperBell_Nutrition Deficiency/Nutrition Deficiency00402.JPG,train,bell_pepper__PepperBell_Nutrition Deficiency,e577027355a02a00c50685d848d915b1423d1eb59e7d6c92170852186dfe21c7,"Abiotic nutritional deficiency, non-pathological"
train/bell_pepper/PepperBell_Nutrition Deficiency/Nutrition Deficiency00403.JPG,train,bell_pepper__PepperBell_Nutrition Deficiency,5949a2d438dfd42459179c935962a529979599466d2e25342d8f6f572cae51f6,"Abiotic nutritional deficiency, non-pathological"
train/bell_pepper/PepperBell_Nutrition Deficiency/Nutrition Deficiency00404.JPG,train,bell_pepper__PepperBell_Nutrition Deficiency,66222ac4ae47ffce9acd48f042fc506e6e381f5a29162ccad369ffe5f06190b6,"Abiotic nutritional deficiency, non-pathological"
train/bell_pepper/PepperBell_Nutrition Deficiency/Nutrition Deficiency00405.JPG,train,bell_pepper__PepperBell_Nutrition Deficiency,5644d77a8b59b67947fc68d5fedc116276fe6da513e3368881d634aaf53a459c,"Abiotic nutritional deficiency, non-pathological"
train/bell_pepper/PepperBell_Nutrition Deficiency/Nutrition Deficiency00406.JPG,train,bell_pepper__PepperBell_Nutrition Deficiency,447b1dc6b8980ad7f4258e46288440ba31e7222e41b5090ba2be9f70541bb6ce,"Abiotic nutritional deficiency, non-pathological"
train/bell_pepper/PepperBell_Nutrition Deficiency/Nutrition Deficiency00407.JPG,train,bell_pepper__PepperBell_Nutrition Deficiency,75a4e43ea215043b38f0dd92055a9f1792c4cff8868399b26c76077de07c97dc,"Abiotic nutritional deficiency, non-pathological"
train/bell_pepper/PepperBell_Nutrition Deficiency/Nutrition Deficiency00408.JPG,train,bell_pepper__PepperBell_Nutrition Deficiency,5715b24600c2905361770c73e95e25fb8029120f1eea51dfb95729fdf1780d7a,"Abiotic nutritional deficiency, non-pathological"
train/bell_pepper/PepperBell_Nutrition Deficiency/Nutrition Deficiency00409.JPG,train,bell_pepper__PepperBell_Nutrition Deficiency,0c4e6f457b37dde2a9aae453807a1c931be4ee25d24de83a9087b6d788ec1d23,"Abiotic nutritional deficiency, non-pathological"
train/bell_pepper/PepperBell_Nutrition Deficiency/Nutrition Deficiency00410.JPG,train,bell_pepper__PepperBell_Nutrition Deficiency,41380b0f2da8e3a57e0b2e7bb35cd2e8223aa3e5c9cde2197837575e19c0fe62,"Abiotic nutritional deficiency, non-pathological"
train/bell_pepper/PepperBell_Nutrition Deficiency/Nutrition Deficiency00411.JPG,train,bell_pepper__PepperBell_Nutrition Deficiency,c7e28f7df9b414110094dd3114bb4c92627c4d06dcdf4902bca64132b9cf6ca1,"Abiotic nutritional deficiency, non-pathological"
train/bell_pepper/PepperBell_Nutrition Deficiency/Nutrition Deficiency00412.JPG,train,bell_pepper__PepperBell_Nutrition Deficiency,110eaa750b427433c6cebf96c1336600cd5ac1f24ca94cc3193985af8e21be78,"Abiotic nutritional deficiency, non-pathological"
train/bell_pepper/PepperBell_Nutrition Deficiency/Nutrition Deficiency00413.JPG,train,bell_pepper__PepperBell_Nutrition Deficiency,354c29a21d49fd2dcedae3f408e68a8edd49108d8d592feaaf4b3f518b432de8,"Abiotic nutritional deficiency, non-pathological"
train/bell_pepper/PepperBell_Nutrition Deficiency/Nutrition Deficiency00414.JPG,train,bell_pepper__PepperBell_Nutrition Deficiency,0f61d59577d2bb6f725b1bb9f41cd9315ed6a9f8f1022626fc6b6997619f4242,"Abiotic nutritional deficiency, non-pathological"
train/bell_pepper/PepperBell_Nutrition Deficiency/Nutrition Deficiency00415.JPG,train,bell_pepper__PepperBell_Nutrition Deficiency,03207cbfdc294a9976098eb7f8308bb3efe846e9688fe4a249d43c27eec5adc1,"Abiotic nutritional deficiency, non-pathological"
train/bell_pepper/PepperBell_Nutrition Deficiency/Nutrition Deficiency00416.JPG,train,bell_pepper__PepperBell_Nutrition Deficiency,f74cc418081275dac4067f46fc63764797071fe84308dc35c636bdc8b069ce90,"Abiotic nutritional deficiency, non-pathological"
train/bell_pepper/PepperBell_Nutrition Deficiency/Nutrition Deficiency00417.JPG,train,bell_pepper__PepperBell_Nutrition Deficiency,a48a5cf615afceab98c581435cd747eef8895308599cd648b51676592d2666d1,"Abiotic nutritional deficiency, non-pathological"
train/bell_pepper/PepperBell_Nutrition Deficiency/Nutrition Deficiency00418.JPG,train,bell_pepper__PepperBell_Nutrition Deficiency,b0e3f632b57befc7e8d6918c9420f9d767ff143eea3d04acc69fc70068267ab9,"Abiotic nutritional deficiency, non-pathological"
train/bell_pepper/PepperBell_Nutrition Deficiency/Nutrition Deficiency00419.JPG,train,bell_pepper__PepperBell_Nutrition Deficiency,1b6e06d6913c7ec4b249717844c0e217adb9555ec22acf40730aa16f019bee2a,"Abiotic nutritional deficiency, non-pathological"
train/bell_pepper/PepperBell_Nutrition Deficiency/Nutrition Deficiency00420.JPG,train,bell_pepper__PepperBell_Nutrition Deficiency,356d9ccb0182ddee8936b096ea50fc3cf8b802255105ce5aa38098bdf92f2986,"Abiotic nutritional deficiency, non-pathological"
train/bell_pepper/PepperBell_Nutrition Deficiency/Nutrition Deficiency00421.JPG,train,bell_pepper__PepperBell_Nutrition Deficiency,c8365216549e96c78651cf4204f9a4795e2569085192c8ec7fff143fe6ccaddd,"Abiotic nutritional deficiency, non-pathological"
train/bell_pepper/PepperBell_Nutrition Deficiency/Nutrition Deficiency00422.JPG,train,bell_pepper__PepperBell_Nutrition Deficiency,9bf75e7f77eef8ff9f8f0490d9e1ed18dd4acf0b5467610e97ffdf1ce99d14fc,"Abiotic nutritional deficiency, non-pathological"
train/bell_pepper/PepperBell_Nutrition Deficiency/Nutrition Deficiency00423.JPG,train,bell_pepper__PepperBell_Nutrition Deficiency,6b8a516b5a8409450f54db8e0dd3752ec01844684c8062a9a7c193e1b8887b19,"Abiotic nutritional deficiency, non-pathological"
train/bell_pepper/PepperBell_Nutrition Deficiency/Nutrition Deficiency00424.JPG,train,bell_pepper__PepperBell_Nutrition Deficiency,b90e91c8b98caab4ab8a5832367315934761b189872bac4c74818d3420bc9e54,"Abiotic nutritional deficiency, non-pathological"
train/bell_pepper/PepperBell_Nutrition Deficiency/Nutrition Deficiency00425.JPG,train,bell_pepper__PepperBell_Nutrition Deficiency,8d2a770a18bb5a885f8ed5464bd1f9f177d9ac23dd9b8b66131936a792b65752,"Abiotic nutritional deficiency, non-pathological"
train/bell_pepper/PepperBell_Nutrition Deficiency/Nutrition Deficiency00426.JPG,train,bell_pepper__PepperBell_Nutrition Deficiency,5b528552626c818c605fd17e08740a1489ba808bed2f95c19129eac279906972,"Abiotic nutritional deficiency, non-pathological"
train/bell_pepper/PepperBell_Nutrition Deficiency/Nutrition Deficiency00427.JPG,train,bell_pepper__PepperBell_Nutrition Deficiency,315365c720f6796dfdd30af4f6601c5545ec9334526937c2db91173af858fc88,"Abiotic nutritional deficiency, non-pathological"
train/bell_pepper/PepperBell_Nutrition Deficiency/Nutrition Deficiency00428.JPG,train,bell_pepper__PepperBell_Nutrition Deficiency,715eff2fac4ef47ca8a41ac32c928a655c30437e6558e67d95a57fcf6218e1a7,"Abiotic nutritional deficiency, non-pathological"
train/bell_pepper/PepperBell_Nutrition Deficiency/Nutrition Deficiency00429.JPG,train,bell_pepper__PepperBell_Nutrition Deficiency,6cf9ffbafe7b38f37abc56e90dc5966f46dcc27363101b98a62e16559a7b5ca0,"Abiotic nutritional deficiency, non-pathological"
train/bell_pepper/PepperBell_Nutrition Deficiency/Nutrition Deficiency00430.JPG,train,bell_pepper__PepperBell_Nutrition Deficiency,423d3b024bcc10492b5d02fd4652cb9ae99b6578b7f4262669e2c280834dd2a2,"Abiotic nutritional deficiency, non-pathological"
train/bell_pepper/PepperBell_Nutrition Deficiency/Nutrition Deficiency00431.JPG,train,bell_pepper__PepperBell_Nutrition Deficiency,9aaa6da828dcbcff4e5774a2e3b9fcae7265e972c55f041190b67cd77d227db6,"Abiotic nutritional deficiency, non-pathological"
train/bell_pepper/PepperBell_Nutrition Deficiency/Nutrition Deficiency00432.JPG,train,bell_pepper__PepperBell_Nutrition Deficiency,ecce7d6c9f9e52420e05e94e29942ea89f9c9925c0f855cbd147b7f82996bcee,"Abiotic nutritional deficiency, non-pathological"
train/bell_pepper/PepperBell_Nutrition Deficiency/Nutrition Deficiency00433.JPG,train,bell_pepper__PepperBell_Nutrition Deficiency,15f40a1621a98ba06ac73d63d555f4c774cde2093476b91b89ce8a35f4a23264,"Abiotic nutritional deficiency, non-pathological"
train/bell_pepper/PepperBell_Nutrition Deficiency/Nutrition Deficiency00434.JPG,train,bell_pepper__PepperBell_Nutrition Deficiency,04255605decd78cdfb29984bddbbaed5f215471f01881f4fdbf5916a9d6a9cf3,"Abiotic nutritional deficiency, non-pathological"
train/bell_pepper/PepperBell_Nutrition Deficiency/Nutrition Deficiency00435.JPG,train,bell_pepper__PepperBell_Nutrition Deficiency,5d827333a44818595d130ba79f7090e2946d3863feed361ea851a1767e1256b8,"Abiotic nutritional deficiency, non-pathological"
train/bell_pepper/PepperBell_Nutrition Deficiency/Nutrition Deficiency00436.JPG,train,bell_pepper__PepperBell_Nutrition Deficiency,56348a9796b33d4f49985e40c2324f4b689de9b457ef9f0159e85434c5c80720,"Abiotic nutritional deficiency, non-pathological"
train/bell_pepper/PepperBell_Nutrition Deficiency/Nutrition Deficiency00437.JPG,train,bell_pepper__PepperBell_Nutrition Deficiency,e440190db96bfafbdc21a8231abfa811d8b1afa90d83678d8ce205d703ad33b8,"Abiotic nutritional deficiency, non-pathological"
train/bell_pepper/PepperBell_Nutrition Deficiency/Nutrition Deficiency00438.JPG,train,bell_pepper__PepperBell_Nutrition Deficiency,27df3d240c6a9578dbb3aa2895e2cc1a54b91c1aa2be125a921c71d1b7f8506e,"Abiotic nutritional deficiency, non-pathological"
train/bell_pepper/PepperBell_Nutrition Deficiency/Nutrition Deficiency00439.JPG,train,bell_pepper__PepperBell_Nutrition Deficiency,d85a9fe76b725be08755dd63d3f04424f3a7d7c44d0635f4cbc334c81a124b43,"Abiotic nutritional deficiency, non-pathological"
train/bell_pepper/PepperBell_Nutrition Deficiency/Nutrition Deficiency00440.JPG,train,bell_pepper__PepperBell_Nutrition Deficiency,e5033ef39217d4072060215f7aaeeb6db82305e9e3fc2be839acb14fa39c5e88,"Abiotic nutritional deficiency, non-pathological"
train/bell_pepper/PepperBell_Nutrition Deficiency/Nutrition Deficiency00441.JPG,train,bell_pepper__PepperBell_Nutrition Deficiency,9623bb26ac60f206161485683bdc7eaaf52fb7a81541f233b8c5426c7d266a11,"Abiotic nutritional deficiency, non-pathological"
train/bell_pepper/PepperBell_Nutrition Deficiency/Nutrition Deficiency00442.JPG,train,bell_pepper__PepperBell_Nutrition Deficiency,0b82b8afbe6618bb9c5ff0ce4cf923006c8d849c0c17fc5ede9b1ea38c0adc4b,"Abiotic nutritional deficiency, non-pathological"
train/bell_pepper/PepperBell_Nutrition Deficiency/Nutrition Deficiency00443.JPG,train,bell_pepper__PepperBell_Nutrition Deficiency,97a93b4765a58f067c548aa56734327b6038984fba6c8f4077b13d9a0c1f3ee7,"Abiotic nutritional deficiency, non-pathological"
train/bell_pepper/PepperBell_Nutrition Deficiency/Nutrition Deficiency00444.JPG,train,bell_pepper__PepperBell_Nutrition Deficiency,215394f2844f793f9291113751e7d966821ff17a61ab1e8b26bf0aaf2f18cc44,"Abiotic nutritional deficiency, non-pathological"
train/cauliflower/cauliflower_fruit_Purple Tinges/Purple Tinges_1.jpeg,train,cauliflower__cauliflower_fruit_Purple Tinges,8f4b7eff05cc52d1da4e6eb03991fb20dca413039d854364ee88bbafcf5d553f,"Physiological/abiotic sun exposure anthocyanin response, non-pathological"
train/cauliflower/cauliflower_fruit_Purple Tinges/Purple Tinges_1.jpg,train,cauliflower__cauliflower_fruit_Purple Tinges,97a021fec43fb7d1399b1e2e9f20c2688d086a12ba203f9db06afa6e5e705a6c,"Physiological/abiotic sun exposure anthocyanin response, non-pathological"
train/cauliflower/cauliflower_fruit_Purple Tinges/Purple Tinges_10.jpeg,train,cauliflower__cauliflower_fruit_Purple Tinges,cae9fb3eb5d4305439af2cd71700baa8d5ebf825b94f0dec0ad4aae75269a9f0,"Physiological/abiotic sun exposure anthocyanin response, non-pathological"
train/cauliflower/cauliflower_fruit_Purple Tinges/Purple Tinges_10.jpg,train,cauliflower__cauliflower_fruit_Purple Tinges,e2de2fa2de33ea1f51c0773c090bc95d7fe651b0a8cf38f4589c84e533b62ead,"Physiological/abiotic sun exposure anthocyanin response, non-pathological"
train/cauliflower/cauliflower_fruit_Purple Tinges/Purple Tinges_100.jpeg,train,cauliflower__cauliflower_fruit_Purple Tinges,65da33c616af7adaf1e2696ae6bcafddd2de37a60ec9ddd8215265e528aece1d,"Physiological/abiotic sun exposure anthocyanin response, non-pathological"
train/cauliflower/cauliflower_fruit_Purple Tinges/Purple Tinges_101.jpeg,train,cauliflower__cauliflower_fruit_Purple Tinges,82b27d87ef1e1b0f133b821b3924b3a20fd093cff59ae5f36bc0658d1fba3bb1,"Physiological/abiotic sun exposure anthocyanin response, non-pathological"
train/cauliflower/cauliflower_fruit_Purple Tinges/Purple Tinges_102.jpeg,train,cauliflower__cauliflower_fruit_Purple Tinges,b790b0481f411df84c0f946e400a899651f124a0193947a809b8193250e18a66,"Physiological/abiotic sun exposure anthocyanin response, non-pathological"
train/cauliflower/cauliflower_fruit_Purple Tinges/Purple Tinges_103.jpeg,train,cauliflower__cauliflower_fruit_Purple Tinges,fec0180837aa0dccf2a5d7c8b3db4df53044101f237c5e7c506c3fa28b1cf122,"Physiological/abiotic sun exposure anthocyanin response, non-pathological"
train/cauliflower/cauliflower_fruit_Purple Tinges/Purple Tinges_104.jpeg,train,cauliflower__cauliflower_fruit_Purple Tinges,aed8596235da22c8d1d4d34de43e5100b8fd0f8b1a2880dbb69dff8f9016b3f1,"Physiological/abiotic sun exposure anthocyanin response, non-pathological"
train/cauliflower/cauliflower_fruit_Purple Tinges/Purple Tinges_105.jpeg,train,cauliflower__cauliflower_fruit_Purple Tinges,47e3134b101be015f274ff75a7770408823e51d7b928f8c3afe6818ae1a4aa9f,"Physiological/abiotic sun exposure anthocyanin response, non-pathological"
train/cauliflower/cauliflower_fruit_Purple Tinges/Purple Tinges_106.jpeg,train,cauliflower__cauliflower_fruit_Purple Tinges,4491f1eb3805a591d29f77a0bcb891b93d2cdc1899f0ff00d5b59be3409d31e5,"Physiological/abiotic sun exposure anthocyanin response, non-pathological"
train/cauliflower/cauliflower_fruit_Purple Tinges/Purple Tinges_107.jpeg,train,cauliflower__cauliflower_fruit_Purple Tinges,03592d7ca12e1ae50a30b5445d3785f0e1299f63b27de24ad349a89acd112416,"Physiological/abiotic sun exposure anthocyanin response, non-pathological"
train/cauliflower/cauliflower_fruit_Purple Tinges/Purple Tinges_108.jpeg,train,cauliflower__cauliflower_fruit_Purple Tinges,4afd6955d91cadbe861a00376f5d070908aa31460331fb8e1086fd94540bc50a,"Physiological/abiotic sun exposure anthocyanin response, non-pathological"
train/cauliflower/cauliflower_fruit_Purple Tinges/Purple Tinges_109.jpeg,train,cauliflower__cauliflower_fruit_Purple Tinges,f6477cf310556300e04ce1304b9c3d530292ec19f387e28e019d6703d90c3e0b,"Physiological/abiotic sun exposure anthocyanin response, non-pathological"
train/cauliflower/cauliflower_fruit_Purple Tinges/Purple Tinges_11.jpeg,train,cauliflower__cauliflower_fruit_Purple Tinges,06ce4fa051d66a7412335c1492aa72a790cb624e25f21fcf47084f92cfb34f8a,"Physiological/abiotic sun exposure anthocyanin response, non-pathological"
train/cauliflower/cauliflower_fruit_Purple Tinges/Purple Tinges_11.jpg,train,cauliflower__cauliflower_fruit_Purple Tinges,2c64a6923a55f3857898bae81734254ef3f7b3858c4e11a6a37873124c9a8d97,"Physiological/abiotic sun exposure anthocyanin response, non-pathological"
train/cauliflower/cauliflower_fruit_Purple Tinges/Purple Tinges_110.jpeg,train,cauliflower__cauliflower_fruit_Purple Tinges,0c00c4c7a32ab7272f5c5d563f24e5fb8816c9661fb4704bd00cb3822c7db365,"Physiological/abiotic sun exposure anthocyanin response, non-pathological"
train/cauliflower/cauliflower_fruit_Purple Tinges/Purple Tinges_111.jpeg,train,cauliflower__cauliflower_fruit_Purple Tinges,1b4c9438a75a439c7bcbaf127a65747df44c39d82a501e2674784520df0a4d16,"Physiological/abiotic sun exposure anthocyanin response, non-pathological"
train/cauliflower/cauliflower_fruit_Purple Tinges/Purple Tinges_112.jpeg,train,cauliflower__cauliflower_fruit_Purple Tinges,22cef6f88ab1f3c55e961c60c08542eb36c922e9327918f593c1f33b30b88181,"Physiological/abiotic sun exposure anthocyanin response, non-pathological"
train/cauliflower/cauliflower_fruit_Purple Tinges/Purple Tinges_113.jpeg,train,cauliflower__cauliflower_fruit_Purple Tinges,bac43da48cdc8d72d61cd7abacc528fccd972e28a7900d431d2b2cb2309ac6ca,"Physiological/abiotic sun exposure anthocyanin response, non-pathological"
train/cauliflower/cauliflower_fruit_Purple Tinges/Purple Tinges_114.jpeg,train,cauliflower__cauliflower_fruit_Purple Tinges,ce50e48c36bbf1e2f9cc01218d92db280dfed850a92121e46caacf84c84b167d,"Physiological/abiotic sun exposure anthocyanin response, non-pathological"
train/cauliflower/cauliflower_fruit_Purple Tinges/Purple Tinges_115.jpeg,train,cauliflower__cauliflower_fruit_Purple Tinges,44d30c4d9e890134c9da63650aff49663209adc668ec7d2cfecb05e906714d64,"Physiological/abiotic sun exposure anthocyanin response, non-pathological"
train/cauliflower/cauliflower_fruit_Purple Tinges/Purple Tinges_116.jpeg,train,cauliflower__cauliflower_fruit_Purple Tinges,fc9f9c1a14477ab8ee8e9a9d8e8f5c4bd1a8016f37c7781d809aa12616edfa52,"Physiological/abiotic sun exposure anthocyanin response, non-pathological"
train/cauliflower/cauliflower_fruit_Purple Tinges/Purple Tinges_117.jpeg,train,cauliflower__cauliflower_fruit_Purple Tinges,85ac6f8a5cbf38ac70b51c06c536f541c02231aeffa9be49ef948588d3c16d0a,"Physiological/abiotic sun exposure anthocyanin response, non-pathological"
train/cauliflower/cauliflower_fruit_Purple Tinges/Purple Tinges_118.jpeg,train,cauliflower__cauliflower_fruit_Purple Tinges,daebf09887f2f2ab80c1e5b6f60eb80c9d608184cca01dcea46a326de8a17bb5,"Physiological/abiotic sun exposure anthocyanin response, non-pathological"
train/cauliflower/cauliflower_fruit_Purple Tinges/Purple Tinges_119.jpeg,train,cauliflower__cauliflower_fruit_Purple Tinges,f0833bf48b995994d6a195a056521f14ec885875e05affdbbf684b94c065db06,"Physiological/abiotic sun exposure anthocyanin response, non-pathological"
train/cauliflower/cauliflower_fruit_Purple Tinges/Purple Tinges_12.jpeg,train,cauliflower__cauliflower_fruit_Purple Tinges,774c58bdb75713162fa870e2ca7101d335e4f012ed37e83bc1418423e57f5c17,"Physiological/abiotic sun exposure anthocyanin response, non-pathological"
train/cauliflower/cauliflower_fruit_Purple Tinges/Purple Tinges_12.jpg,train,cauliflower__cauliflower_fruit_Purple Tinges,ceafca02bfb66214b46e310d7221815544ca1d023badaa45493b0c6606f3bd4e,"Physiological/abiotic sun exposure anthocyanin response, non-pathological"
train/cauliflower/cauliflower_fruit_Purple Tinges/Purple Tinges_120.jpeg,train,cauliflower__cauliflower_fruit_Purple Tinges,addd39fcd3b153efd0c933fb0a700c3a708cb65e2202359e0659bb4581a57faa,"Physiological/abiotic sun exposure anthocyanin response, non-pathological"
train/cauliflower/cauliflower_fruit_Purple Tinges/Purple Tinges_121.jpeg,train,cauliflower__cauliflower_fruit_Purple Tinges,4ced72c3ac4c0e1acc6ab8927507c8b10ccb7de501adcba27074d74239c8355f,"Physiological/abiotic sun exposure anthocyanin response, non-pathological"
train/cauliflower/cauliflower_fruit_Purple Tinges/Purple Tinges_122.jpeg,train,cauliflower__cauliflower_fruit_Purple Tinges,22b1111f84d84ff15f9cc0f7d94e9823074945145a5c54abf8785baa9a182bed,"Physiological/abiotic sun exposure anthocyanin response, non-pathological"
train/cauliflower/cauliflower_fruit_Purple Tinges/Purple Tinges_123.jpeg,train,cauliflower__cauliflower_fruit_Purple Tinges,446b91024be09fd7f440783ede2941d6c9df0ef42eff2609f82a496da63dd736,"Physiological/abiotic sun exposure anthocyanin response, non-pathological"
train/cauliflower/cauliflower_fruit_Purple Tinges/Purple Tinges_124.jpeg,train,cauliflower__cauliflower_fruit_Purple Tinges,473dc34da9417b01d08d72b839e8af7453987a2454ab83cc4df656879302c6cb,"Physiological/abiotic sun exposure anthocyanin response, non-pathological"
train/cauliflower/cauliflower_fruit_Purple Tinges/Purple Tinges_125.jpeg,train,cauliflower__cauliflower_fruit_Purple Tinges,5e67c1496a4b83b83e382fc315cbfc7bbb8d88873df335d11d5c71f8edecdf26,"Physiological/abiotic sun exposure anthocyanin response, non-pathological"
train/cauliflower/cauliflower_fruit_Purple Tinges/Purple Tinges_126.jpeg,train,cauliflower__cauliflower_fruit_Purple Tinges,76df91a21451f9e55ad8cae1ade8cc6c43a0e881e1fd4a9c8292c90b1f82e0d5,"Physiological/abiotic sun exposure anthocyanin response, non-pathological"
train/cauliflower/cauliflower_fruit_Purple Tinges/Purple Tinges_127.jpeg,train,cauliflower__cauliflower_fruit_Purple Tinges,e1d1efc1bcedaad2a513e23f13af34acf97899dfbb5b2af078fb0876b6abcd7a,"Physiological/abiotic sun exposure anthocyanin response, non-pathological"
train/cauliflower/cauliflower_fruit_Purple Tinges/Purple Tinges_128.jpeg,train,cauliflower__cauliflower_fruit_Purple Tinges,41c4d00e34b3b6352c1a271d42d3a412de5e1fa6b8a14081bbe1098f04f6032b,"Physiological/abiotic sun exposure anthocyanin response, non-pathological"
train/cauliflower/cauliflower_fruit_Purple Tinges/Purple Tinges_129.jpeg,train,cauliflower__cauliflower_fruit_Purple Tinges,c85701318672679ddb3caaa558d3ea66bb1e231c481dc600ba414fbc04e39d96,"Physiological/abiotic sun exposure anthocyanin response, non-pathological"
train/cauliflower/cauliflower_fruit_Purple Tinges/Purple Tinges_13.jpeg,train,cauliflower__cauliflower_fruit_Purple Tinges,6c8aa83f5a8af9835ca4cc419dbe0692f1c1659db6688f833f49af157eeb3252,"Physiological/abiotic sun exposure anthocyanin response, non-pathological"
train/cauliflower/cauliflower_fruit_Purple Tinges/Purple Tinges_13.jpg,train,cauliflower__cauliflower_fruit_Purple Tinges,70955d6bd8fa7ad1b6a601b335cf617db4891431d187f3a4fa4716f5404339eb,"Physiological/abiotic sun exposure anthocyanin response, non-pathological"
train/cauliflower/cauliflower_fruit_Purple Tinges/Purple Tinges_14.jpeg,train,cauliflower__cauliflower_fruit_Purple Tinges,a7854500f7600a6075a35b90d6400dd90ae4e1e4bd9b348c00fd05c90ab8553e,"Physiological/abiotic sun exposure anthocyanin response, non-pathological"
train/cauliflower/cauliflower_fruit_Purple Tinges/Purple Tinges_14.jpg,train,cauliflower__cauliflower_fruit_Purple Tinges,837c7ede2a9470211e8deea6d54ea73357e81a3962ada25074684b9d9aa7e2bc,"Physiological/abiotic sun exposure anthocyanin response, non-pathological"
train/cauliflower/cauliflower_fruit_Purple Tinges/Purple Tinges_15.jpeg,train,cauliflower__cauliflower_fruit_Purple Tinges,db99e9fc4da362c99b7613d5f095f339c40a7df8d672908f74a670670b263938,"Physiological/abiotic sun exposure anthocyanin response, non-pathological"
train/cauliflower/cauliflower_fruit_Purple Tinges/Purple Tinges_15.jpg,train,cauliflower__cauliflower_fruit_Purple Tinges,e671364d17fb30d59a368419bc0113a900a9a6ef2f8ed6ecded35697a29e695b,"Physiological/abiotic sun exposure anthocyanin response, non-pathological"
train/cauliflower/cauliflower_fruit_Purple Tinges/Purple Tinges_16.jpeg,train,cauliflower__cauliflower_fruit_Purple Tinges,f84e6b3ccd89fdbdf8b80e13d44bc0c2d830f02226ead20c55246c43c91cc7b9,"Physiological/abiotic sun exposure anthocyanin response, non-pathological"
train/cauliflower/cauliflower_fruit_Purple Tinges/Purple Tinges_16.jpg,train,cauliflower__cauliflower_fruit_Purple Tinges,efcaada59c3d8f44232a9ee6f74bf597f4358e3fdf46e3f499f74a2b68bba428,"Physiological/abiotic sun exposure anthocyanin response, non-pathological"
train/cauliflower/cauliflower_fruit_Purple Tinges/Purple Tinges_17.jpeg,train,cauliflower__cauliflower_fruit_Purple Tinges,9ddf76a5d2a4fdc253e80075ec71630a3b43b72eef37804f60191db1ddb36c95,"Physiological/abiotic sun exposure anthocyanin response, non-pathological"
train/cauliflower/cauliflower_fruit_Purple Tinges/Purple Tinges_17.jpg,train,cauliflower__cauliflower_fruit_Purple Tinges,a3c6a1fbf1ca3bf8092f93ab846c7c41ecc785488f25a15836e8ffa8d8e99d77,"Physiological/abiotic sun exposure anthocyanin response, non-pathological"
train/cauliflower/cauliflower_fruit_Purple Tinges/Purple Tinges_18.jpeg,train,cauliflower__cauliflower_fruit_Purple Tinges,9b7e82ce6f5a68adc5f1d6a93ede9be886de89555d9b76485b498e7d499a251b,"Physiological/abiotic sun exposure anthocyanin response, non-pathological"
train/cauliflower/cauliflower_fruit_Purple Tinges/Purple Tinges_18.jpg,train,cauliflower__cauliflower_fruit_Purple Tinges,ab8825a053ef9faea7a21cd532503d06125607418709f8e34d6c79944e43bb5e,"Physiological/abiotic sun exposure anthocyanin response, non-pathological"
train/cauliflower/cauliflower_fruit_Purple Tinges/Purple Tinges_19.jpeg,train,cauliflower__cauliflower_fruit_Purple Tinges,3a535ec018d50ef2aad9fbd4c48674ce249fb118f147ceb432eb1a975305e5db,"Physiological/abiotic sun exposure anthocyanin response, non-pathological"
train/cauliflower/cauliflower_fruit_Purple Tinges/Purple Tinges_19.jpg,train,cauliflower__cauliflower_fruit_Purple Tinges,61b8a9e74c50784f279b430b772180818ad675f71020825474d686bc4805e040,"Physiological/abiotic sun exposure anthocyanin response, non-pathological"
train/cauliflower/cauliflower_fruit_Purple Tinges/Purple Tinges_2.jpeg,train,cauliflower__cauliflower_fruit_Purple Tinges,7cf2853f94d097da3d13238d773ea7e284f29b7c2e16bc9c6a58e4b99b5f4206,"Physiological/abiotic sun exposure anthocyanin response, non-pathological"
train/cauliflower/cauliflower_fruit_Purple Tinges/Purple Tinges_2.jpg,train,cauliflower__cauliflower_fruit_Purple Tinges,dfccd6dae29cdbd2d9e6ad34e36be8ad8721d40c029a9f4df2ce792d44a9c1f7,"Physiological/abiotic sun exposure anthocyanin response, non-pathological"
train/cauliflower/cauliflower_fruit_Purple Tinges/Purple Tinges_20.jpeg,train,cauliflower__cauliflower_fruit_Purple Tinges,fcadeac9664ba96f67c9428367fb754b9ea4336ac38204e82e73766d31ce4144,"Physiological/abiotic sun exposure anthocyanin response, non-pathological"
train/cauliflower/cauliflower_fruit_Purple Tinges/Purple Tinges_20.jpg,train,cauliflower__cauliflower_fruit_Purple Tinges,5d74ab552d264c0c88fcf2c04ce57bfc6105ac0e42bd5449fe1498de02d8da37,"Physiological/abiotic sun exposure anthocyanin response, non-pathological"
train/cauliflower/cauliflower_fruit_Purple Tinges/Purple Tinges_21.jpeg,train,cauliflower__cauliflower_fruit_Purple Tinges,8058d89f59cc11d166ddbdb36c0c59521ec123c137517c308897740754d3bd1e,"Physiological/abiotic sun exposure anthocyanin response, non-pathological"
train/cauliflower/cauliflower_fruit_Purple Tinges/Purple Tinges_21.jpg,train,cauliflower__cauliflower_fruit_Purple Tinges,f9297ed2a9188e382a7850800a9ecacfb991af1c75d88df0a78af044fdef1ce0,"Physiological/abiotic sun exposure anthocyanin response, non-pathological"
train/cauliflower/cauliflower_fruit_Purple Tinges/Purple Tinges_22.jpeg,train,cauliflower__cauliflower_fruit_Purple Tinges,e41271e62eaf8543495e56573adc430df6396399185d42450bc06f1716cfcf11,"Physiological/abiotic sun exposure anthocyanin response, non-pathological"
train/cauliflower/cauliflower_fruit_Purple Tinges/Purple Tinges_22.jpg,train,cauliflower__cauliflower_fruit_Purple Tinges,6869a93e621af3b4d46e79f375e49804ffffe59273ada6e9624d59282dd6348f,"Physiological/abiotic sun exposure anthocyanin response, non-pathological"
train/cauliflower/cauliflower_fruit_Purple Tinges/Purple Tinges_23.jpeg,train,cauliflower__cauliflower_fruit_Purple Tinges,89855fc4f9c6356148da0df5fb2f96cfe8de87f34edd6418e1d638d16721cac9,"Physiological/abiotic sun exposure anthocyanin response, non-pathological"
train/cauliflower/cauliflower_fruit_Purple Tinges/Purple Tinges_23.jpg,train,cauliflower__cauliflower_fruit_Purple Tinges,fab5b240f20d131e4a5cbd85b806bb7edae88b052f7b57490669ee125b5f61d8,"Physiological/abiotic sun exposure anthocyanin response, non-pathological"
train/cauliflower/cauliflower_fruit_Purple Tinges/Purple Tinges_24.jpeg,train,cauliflower__cauliflower_fruit_Purple Tinges,1b1ae6483d60517fc75087efd14d65dd70bba3b798a835849ff4ec34e52fa36a,"Physiological/abiotic sun exposure anthocyanin response, non-pathological"
train/cauliflower/cauliflower_fruit_Purple Tinges/Purple Tinges_24.jpg,train,cauliflower__cauliflower_fruit_Purple Tinges,960953d60e8c72f70540d26ee51f0a3c7bc984ae5939f076e79309bddb6533db,"Physiological/abiotic sun exposure anthocyanin response, non-pathological"
train/cauliflower/cauliflower_fruit_Purple Tinges/Purple Tinges_25.jpeg,train,cauliflower__cauliflower_fruit_Purple Tinges,88e2f08a4823e9a1f4b0517d8a18a85bbc8b2a29528654c8330daba3f744cefa,"Physiological/abiotic sun exposure anthocyanin response, non-pathological"
train/cauliflower/cauliflower_fruit_Purple Tinges/Purple Tinges_26.jpeg,train,cauliflower__cauliflower_fruit_Purple Tinges,cd000d20cf520a99c23849f789671369ad00ee6dcfa2af654390ca138f8f481d,"Physiological/abiotic sun exposure anthocyanin response, non-pathological"
train/cauliflower/cauliflower_fruit_Purple Tinges/Purple Tinges_27.jpeg,train,cauliflower__cauliflower_fruit_Purple Tinges,39f9249be83fc4cd30a2706dae5ff62b5fdd40bad8daf32fe1d5d14af4544b9b,"Physiological/abiotic sun exposure anthocyanin response, non-pathological"
train/cauliflower/cauliflower_fruit_Purple Tinges/Purple Tinges_28.jpeg,train,cauliflower__cauliflower_fruit_Purple Tinges,9282d79b7aff80cacb9b74b600d0c45fd51cc55e3811a4b5b99e70d456950637,"Physiological/abiotic sun exposure anthocyanin response, non-pathological"
train/cauliflower/cauliflower_fruit_Purple Tinges/Purple Tinges_29.jpeg,train,cauliflower__cauliflower_fruit_Purple Tinges,513eafc631b4229817596ce7ba9076734722bbf25a39fb2b8086d0ae2299d683,"Physiological/abiotic sun exposure anthocyanin response, non-pathological"
train/cauliflower/cauliflower_fruit_Purple Tinges/Purple Tinges_3.jpeg,train,cauliflower__cauliflower_fruit_Purple Tinges,eb939f3451bdf02dae7740b2219819cf650644e5c6b3b4ee7b60ac5ba4db76d7,"Physiological/abiotic sun exposure anthocyanin response, non-pathological"
train/cauliflower/cauliflower_fruit_Purple Tinges/Purple Tinges_3.jpg,train,cauliflower__cauliflower_fruit_Purple Tinges,5ac9870830e5b7fd39252ec43a29e4441085c55f989c852c3b621b4121aaf1c8,"Physiological/abiotic sun exposure anthocyanin response, non-pathological"
train/cauliflower/cauliflower_fruit_Purple Tinges/Purple Tinges_30.jpeg,train,cauliflower__cauliflower_fruit_Purple Tinges,727a2990b664b7233fc408bd6bd803a99682853e9804dd8f04557cf49995a69d,"Physiological/abiotic sun exposure anthocyanin response, non-pathological"
train/cauliflower/cauliflower_fruit_Purple Tinges/Purple Tinges_31.jpeg,train,cauliflower__cauliflower_fruit_Purple Tinges,2a9adf701d4a204adf4bdf7a38c0da0c856a94624e0f4cd24baeb8acb290daa1,"Physiological/abiotic sun exposure anthocyanin response, non-pathological"
train/cauliflower/cauliflower_fruit_Purple Tinges/Purple Tinges_32.jpeg,train,cauliflower__cauliflower_fruit_Purple Tinges,57cb01b69b01ca410500e8cf95dd93c3ef567478babda1e32ba04615e6d0dba5,"Physiological/abiotic sun exposure anthocyanin response, non-pathological"
train/cauliflower/cauliflower_fruit_Purple Tinges/Purple Tinges_33.jpeg,train,cauliflower__cauliflower_fruit_Purple Tinges,4ae566342653d050499c0ae8d8b8f5cfe2cd6708cffa04550e822801773ccacc,"Physiological/abiotic sun exposure anthocyanin response, non-pathological"
train/cauliflower/cauliflower_fruit_Purple Tinges/Purple Tinges_34.jpeg,train,cauliflower__cauliflower_fruit_Purple Tinges,4341a121ade128d88c3d98fed2fe262e4ee91eb91f43b50873defc60c08a5d6f,"Physiological/abiotic sun exposure anthocyanin response, non-pathological"
train/cauliflower/cauliflower_fruit_Purple Tinges/Purple Tinges_35.jpeg,train,cauliflower__cauliflower_fruit_Purple Tinges,3c0b2aa13d8a39b2ce406dc73033dd0258f6ce42fcc9be2a8efe1ebc2dd2290a,"Physiological/abiotic sun exposure anthocyanin response, non-pathological"
train/cauliflower/cauliflower_fruit_Purple Tinges/Purple Tinges_36.jpeg,train,cauliflower__cauliflower_fruit_Purple Tinges,db684cf64119bd383abec2cacd725536df549322389a5c72e68252ee4cd10a76,"Physiological/abiotic sun exposure anthocyanin response, non-pathological"
train/cauliflower/cauliflower_fruit_Purple Tinges/Purple Tinges_37.jpeg,train,cauliflower__cauliflower_fruit_Purple Tinges,cc5dfac70bf5c725974f5a39cbbfb8e97e2ed6bbb42656cc50398c4255b0e891,"Physiological/abiotic sun exposure anthocyanin response, non-pathological"
train/cauliflower/cauliflower_fruit_Purple Tinges/Purple Tinges_38.jpeg,train,cauliflower__cauliflower_fruit_Purple Tinges,62d7fa7617137e8246518d99c7fd826980d041a1d036c88110f1fce753f357e7,"Physiological/abiotic sun exposure anthocyanin response, non-pathological"
train/cauliflower/cauliflower_fruit_Purple Tinges/Purple Tinges_39.jpeg,train,cauliflower__cauliflower_fruit_Purple Tinges,2ab661323cfee773f61a18dcef270aa9442d71ae87cf7e74a6b329741a4ebbd7,"Physiological/abiotic sun exposure anthocyanin response, non-pathological"
train/cauliflower/cauliflower_fruit_Purple Tinges/Purple Tinges_4.jpeg,train,cauliflower__cauliflower_fruit_Purple Tinges,8fd75d23b036f01d1c09af54ca0d81f27643e721d8cf27ae448a9921e63e390a,"Physiological/abiotic sun exposure anthocyanin response, non-pathological"
train/cauliflower/cauliflower_fruit_Purple Tinges/Purple Tinges_4.jpg,train,cauliflower__cauliflower_fruit_Purple Tinges,6693d10c3fe8210abe166ca745dd2aacec66a0389194d79ccfd7c1ae3e9fc6fb,"Physiological/abiotic sun exposure anthocyanin response, non-pathological"
train/cauliflower/cauliflower_fruit_Purple Tinges/Purple Tinges_40.jpeg,train,cauliflower__cauliflower_fruit_Purple Tinges,1a1ec4a28ce524d7c7d0b6ae36ca5c1df64df046e590f77497ba9792ddb98bae,"Physiological/abiotic sun exposure anthocyanin response, non-pathological"
train/cauliflower/cauliflower_fruit_Purple Tinges/Purple Tinges_41.jpeg,train,cauliflower__cauliflower_fruit_Purple Tinges,d5d22241a558cebb6f93634c29647968c9cfb1e7870c8bedca87b58d8d103232,"Physiological/abiotic sun exposure anthocyanin response, non-pathological"
train/cauliflower/cauliflower_fruit_Purple Tinges/Purple Tinges_42.jpeg,train,cauliflower__cauliflower_fruit_Purple Tinges,1cde0c7d9adc9fd83f1c2769602a2da42947fc123d1a86cd0b2f66cf85de33d1,"Physiological/abiotic sun exposure anthocyanin response, non-pathological"
train/cauliflower/cauliflower_fruit_Purple Tinges/Purple Tinges_43.jpeg,train,cauliflower__cauliflower_fruit_Purple Tinges,7fc6f093ccc410999bfd4998fb6b77669a3b3b74a75eff457019ff4d0692c125,"Physiological/abiotic sun exposure anthocyanin response, non-pathological"
train/cauliflower/cauliflower_fruit_Purple Tinges/Purple Tinges_44.jpeg,train,cauliflower__cauliflower_fruit_Purple Tinges,bb85c705d7f1806418b1d5512557082908aeccec8e0a70d1b44e4ef2c9f1578e,"Physiological/abiotic sun exposure anthocyanin response, non-pathological"
train/cauliflower/cauliflower_fruit_Purple Tinges/Purple Tinges_45.jpeg,train,cauliflower__cauliflower_fruit_Purple Tinges,e89641d6a2ff161f9b331603efff47698645c93e1f9690c2e34eaf8956b55f27,"Physiological/abiotic sun exposure anthocyanin response, non-pathological"
train/cauliflower/cauliflower_fruit_Purple Tinges/Purple Tinges_46.jpeg,train,cauliflower__cauliflower_fruit_Purple Tinges,738e4409a32d66519b1bb785111175d186dc1b94e34830b3fdc2bbfeb243d287,"Physiological/abiotic sun exposure anthocyanin response, non-pathological"
train/cauliflower/cauliflower_fruit_Purple Tinges/Purple Tinges_47.jpeg,train,cauliflower__cauliflower_fruit_Purple Tinges,f37200cb30b261d54be49a63cf4f05d507492bb1c3a8077f52ab6a18b7efc18c,"Physiological/abiotic sun exposure anthocyanin response, non-pathological"
train/cauliflower/cauliflower_fruit_Purple Tinges/Purple Tinges_48.jpeg,train,cauliflower__cauliflower_fruit_Purple Tinges,73eae44a5a3d9bf950dc0a0d491ca0fadb05204d14666a1ccd6c3f08b6705eea,"Physiological/abiotic sun exposure anthocyanin response, non-pathological"
train/cauliflower/cauliflower_fruit_Purple Tinges/Purple Tinges_49.jpeg,train,cauliflower__cauliflower_fruit_Purple Tinges,d86efb536ba023dc3f0653c67676c0cc7f2a0872e2f7185fb11363951204c776,"Physiological/abiotic sun exposure anthocyanin response, non-pathological"
train/cauliflower/cauliflower_fruit_Purple Tinges/Purple Tinges_5.jpeg,train,cauliflower__cauliflower_fruit_Purple Tinges,562dafcbfbc3b61d478dc5424c3f3dbd239c942691b2511ba6c568bf54b1b306,"Physiological/abiotic sun exposure anthocyanin response, non-pathological"
train/cauliflower/cauliflower_fruit_Purple Tinges/Purple Tinges_5.jpg,train,cauliflower__cauliflower_fruit_Purple Tinges,08a1a27b4978f62c7a1b62e5f6da7061cff99f3fcad68c63c3b704e4f28c59e3,"Physiological/abiotic sun exposure anthocyanin response, non-pathological"
train/cauliflower/cauliflower_fruit_Purple Tinges/Purple Tinges_50.jpeg,train,cauliflower__cauliflower_fruit_Purple Tinges,884fdd30fa69c2c97b58d8494f3e81734db35ad93324d6759adb417b12784ddd,"Physiological/abiotic sun exposure anthocyanin response, non-pathological"
train/cauliflower/cauliflower_fruit_Purple Tinges/Purple Tinges_51.jpeg,train,cauliflower__cauliflower_fruit_Purple Tinges,ecfec6410039fa0cd19a7461a1c313014cab773670169ac9cb5f89bbe66bc1c6,"Physiological/abiotic sun exposure anthocyanin response, non-pathological"
train/cauliflower/cauliflower_fruit_Purple Tinges/Purple Tinges_52.jpeg,train,cauliflower__cauliflower_fruit_Purple Tinges,f8f2979b56c61769679af6335003eb1d7d92212dfb55cf104a984ca21a80e88f,"Physiological/abiotic sun exposure anthocyanin response, non-pathological"
train/cauliflower/cauliflower_fruit_Purple Tinges/Purple Tinges_53.jpeg,train,cauliflower__cauliflower_fruit_Purple Tinges,aff63d6bf88e8030fd079229f0b4fa01547e5f3aedabe2262142ab65ddc1b674,"Physiological/abiotic sun exposure anthocyanin response, non-pathological"
train/cauliflower/cauliflower_fruit_Purple Tinges/Purple Tinges_54.jpeg,train,cauliflower__cauliflower_fruit_Purple Tinges,5d72df8d8f4e097177b29447d64a396e832bdab300f6083d6cd3e3646421b3a7,"Physiological/abiotic sun exposure anthocyanin response, non-pathological"
train/cauliflower/cauliflower_fruit_Purple Tinges/Purple Tinges_55.jpeg,train,cauliflower__cauliflower_fruit_Purple Tinges,c59ac0baa9f29ca9bb0d7a2f71a8ee0666a1badafd8ed320ee004d8d56e96c85,"Physiological/abiotic sun exposure anthocyanin response, non-pathological"
train/cauliflower/cauliflower_fruit_Purple Tinges/Purple Tinges_56.jpeg,train,cauliflower__cauliflower_fruit_Purple Tinges,b929d8383a076890634a22e24d1b2aa0cf7af9ffb6798d1457457b473c293158,"Physiological/abiotic sun exposure anthocyanin response, non-pathological"
train/cauliflower/cauliflower_fruit_Purple Tinges/Purple Tinges_57.jpeg,train,cauliflower__cauliflower_fruit_Purple Tinges,6d158c051f02e4ac44e0d2c42ffde0e48790bfa13ae154771b5d062ec971d309,"Physiological/abiotic sun exposure anthocyanin response, non-pathological"
train/cauliflower/cauliflower_fruit_Purple Tinges/Purple Tinges_58.jpeg,train,cauliflower__cauliflower_fruit_Purple Tinges,def22ccd4769843dead84d705ce610ad2c2a42d845f5ea8a4d61edd2d3681f2b,"Physiological/abiotic sun exposure anthocyanin response, non-pathological"
train/cauliflower/cauliflower_fruit_Purple Tinges/Purple Tinges_59.jpeg,train,cauliflower__cauliflower_fruit_Purple Tinges,58cf8ad919df2208cb5dc899fec31f95dd3af4f3ecaf9f6a9992ff89899a2342,"Physiological/abiotic sun exposure anthocyanin response, non-pathological"
train/cauliflower/cauliflower_fruit_Purple Tinges/Purple Tinges_6.jpeg,train,cauliflower__cauliflower_fruit_Purple Tinges,3745ac43926cb18d8efe0d61e8dc07e607bfb7c54be4d5423adb1b7100c9be20,"Physiological/abiotic sun exposure anthocyanin response, non-pathological"
train/cauliflower/cauliflower_fruit_Purple Tinges/Purple Tinges_6.jpg,train,cauliflower__cauliflower_fruit_Purple Tinges,3a693ebc0ac56ea2aac364eff2a1854edf733289e7813f0f14db719af8c90ded,"Physiological/abiotic sun exposure anthocyanin response, non-pathological"
train/cauliflower/cauliflower_fruit_Purple Tinges/Purple Tinges_60.jpeg,train,cauliflower__cauliflower_fruit_Purple Tinges,aeae46b356dc8d4120565e6cf107dc6c50bfd0fe4d6d4319b61ab46a8d155d08,"Physiological/abiotic sun exposure anthocyanin response, non-pathological"
train/cauliflower/cauliflower_fruit_Purple Tinges/Purple Tinges_61.jpeg,train,cauliflower__cauliflower_fruit_Purple Tinges,fd801174bf0ca078097f341b64556a181aa2819b44caf6b747fcf77327e6af40,"Physiological/abiotic sun exposure anthocyanin response, non-pathological"
train/cauliflower/cauliflower_fruit_Purple Tinges/Purple Tinges_62.jpeg,train,cauliflower__cauliflower_fruit_Purple Tinges,6016479d27f0cb96fe62f99a1264947235eab2d46b8b6a7447e5bfb179997d02,"Physiological/abiotic sun exposure anthocyanin response, non-pathological"
train/cauliflower/cauliflower_fruit_Purple Tinges/Purple Tinges_63.jpeg,train,cauliflower__cauliflower_fruit_Purple Tinges,e16622720497eb6eb9881ee567b5de3f6b23fe11d83e886feaac200c72218872,"Physiological/abiotic sun exposure anthocyanin response, non-pathological"
train/cauliflower/cauliflower_fruit_Purple Tinges/Purple Tinges_64.jpeg,train,cauliflower__cauliflower_fruit_Purple Tinges,1f3bd6fe1bb152963dc5272fd356e3a96ee4ae9440f53ba0e5d655ac53118222,"Physiological/abiotic sun exposure anthocyanin response, non-pathological"
train/cauliflower/cauliflower_fruit_Purple Tinges/Purple Tinges_65.jpeg,train,cauliflower__cauliflower_fruit_Purple Tinges,8c1f11d5297fadac6112e01d6ad97e5e82d59362b9219eda2757d3ea25fcd076,"Physiological/abiotic sun exposure anthocyanin response, non-pathological"
train/cauliflower/cauliflower_fruit_Purple Tinges/Purple Tinges_66.jpeg,train,cauliflower__cauliflower_fruit_Purple Tinges,2c42bdd93d107d79c94e0948625c521d71cac92e75f6a35f86a0b8a1b06aed9f,"Physiological/abiotic sun exposure anthocyanin response, non-pathological"
train/cauliflower/cauliflower_fruit_Purple Tinges/Purple Tinges_67.jpeg,train,cauliflower__cauliflower_fruit_Purple Tinges,1f9a36b85fcb0cd2d0b9b9e7187d209a63e9b8c5a4e9f333bc5ec775192a1617,"Physiological/abiotic sun exposure anthocyanin response, non-pathological"
train/cauliflower/cauliflower_fruit_Purple Tinges/Purple Tinges_68.jpeg,train,cauliflower__cauliflower_fruit_Purple Tinges,51fe978c9a235f0d27bc7fecff97af01612f2a8bb061d29f7217e9119812a772,"Physiological/abiotic sun exposure anthocyanin response, non-pathological"
train/cauliflower/cauliflower_fruit_Purple Tinges/Purple Tinges_69.jpeg,train,cauliflower__cauliflower_fruit_Purple Tinges,f2aa48757d057c02cd25d012fe5e7a9f5da3455c8d9e1546740ac0c207520171,"Physiological/abiotic sun exposure anthocyanin response, non-pathological"
train/cauliflower/cauliflower_fruit_Purple Tinges/Purple Tinges_7.jpeg,train,cauliflower__cauliflower_fruit_Purple Tinges,b22c2e8a9829de950e92ddc4484385cefc949f803a552d9abe12aba124d6ea17,"Physiological/abiotic sun exposure anthocyanin response, non-pathological"
train/cauliflower/cauliflower_fruit_Purple Tinges/Purple Tinges_7.jpg,train,cauliflower__cauliflower_fruit_Purple Tinges,20507efd45e325ecda3155c73512713ae286e69e205709ec0ab5fc8ff117f0f3,"Physiological/abiotic sun exposure anthocyanin response, non-pathological"
train/cauliflower/cauliflower_fruit_Purple Tinges/Purple Tinges_70.jpeg,train,cauliflower__cauliflower_fruit_Purple Tinges,4704786196b1da8296aaf771d27a30f87589ddb17a9ba3f0e9e65f144f82484c,"Physiological/abiotic sun exposure anthocyanin response, non-pathological"
train/cauliflower/cauliflower_fruit_Purple Tinges/Purple Tinges_71.jpeg,train,cauliflower__cauliflower_fruit_Purple Tinges,e74d7e129ca44a275d8c986ee6bffc19957844f5b2f9342c88afa8e11c471b16,"Physiological/abiotic sun exposure anthocyanin response, non-pathological"
train/cauliflower/cauliflower_fruit_Purple Tinges/Purple Tinges_72.jpeg,train,cauliflower__cauliflower_fruit_Purple Tinges,3b88067acce3022df06445f08cd64d26d35d0bf5dd356a55a0f5fb6df7c47552,"Physiological/abiotic sun exposure anthocyanin response, non-pathological"
train/cauliflower/cauliflower_fruit_Purple Tinges/Purple Tinges_73.jpeg,train,cauliflower__cauliflower_fruit_Purple Tinges,d6ba2f355b84b7b35e37a9876bb7b1677ff07516a4d9bbd8ec5432b09aca4801,"Physiological/abiotic sun exposure anthocyanin response, non-pathological"
train/cauliflower/cauliflower_fruit_Purple Tinges/Purple Tinges_74.jpeg,train,cauliflower__cauliflower_fruit_Purple Tinges,c61ad64efeb83ec48b08ea2859cbb570d22a856846853b5817bfe15e39e03533,"Physiological/abiotic sun exposure anthocyanin response, non-pathological"
train/cauliflower/cauliflower_fruit_Purple Tinges/Purple Tinges_75.jpeg,train,cauliflower__cauliflower_fruit_Purple Tinges,1ca9ce6ac59618ab9d17a0152d842aa21a56455885bea9bef7bb10dae5dc4994,"Physiological/abiotic sun exposure anthocyanin response, non-pathological"
train/cauliflower/cauliflower_fruit_Purple Tinges/Purple Tinges_76.jpeg,train,cauliflower__cauliflower_fruit_Purple Tinges,f2719b7f2f35503a54c358c1308342586f802c5d99cebf1624131aae9d86e529,"Physiological/abiotic sun exposure anthocyanin response, non-pathological"
train/cauliflower/cauliflower_fruit_Purple Tinges/Purple Tinges_77.jpeg,train,cauliflower__cauliflower_fruit_Purple Tinges,8bc6616ec453bc66dfe064d8fb927158323392c23fe71800c16546ca87dc1662,"Physiological/abiotic sun exposure anthocyanin response, non-pathological"
train/cauliflower/cauliflower_fruit_Purple Tinges/Purple Tinges_78.jpeg,train,cauliflower__cauliflower_fruit_Purple Tinges,43156edb8de8754aa17688e3663fc6aed196c9bbbb3c3e99a8eaf7bb5a4994a5,"Physiological/abiotic sun exposure anthocyanin response, non-pathological"
train/cauliflower/cauliflower_fruit_Purple Tinges/Purple Tinges_79.jpeg,train,cauliflower__cauliflower_fruit_Purple Tinges,e5e47e57fbf93f0fed92c7475d8b493a8a162cb9b4fc82333a3fda7f20b391b1,"Physiological/abiotic sun exposure anthocyanin response, non-pathological"
train/cauliflower/cauliflower_fruit_Purple Tinges/Purple Tinges_8.jpeg,train,cauliflower__cauliflower_fruit_Purple Tinges,66b6fd0a668659cc8ce4133935b9a6660f0e71a8ed48bdcbd97cf65bf4b48278,"Physiological/abiotic sun exposure anthocyanin response, non-pathological"
train/cauliflower/cauliflower_fruit_Purple Tinges/Purple Tinges_8.jpg,train,cauliflower__cauliflower_fruit_Purple Tinges,d7774af635b87f7e89377463d08cfc443f13f788bcc6d7dd470f066c950ed27a,"Physiological/abiotic sun exposure anthocyanin response, non-pathological"
train/cauliflower/cauliflower_fruit_Purple Tinges/Purple Tinges_80.jpeg,train,cauliflower__cauliflower_fruit_Purple Tinges,8ff2ebd1644f13ab56276a337acfacd1450603dbe52d0062813d6d91f1c466a1,"Physiological/abiotic sun exposure anthocyanin response, non-pathological"
train/cauliflower/cauliflower_fruit_Purple Tinges/Purple Tinges_81.jpeg,train,cauliflower__cauliflower_fruit_Purple Tinges,73499c07b0eefe8d82e0c7dc307b4484c8b5401e799ed5e7ba18318f066e830d,"Physiological/abiotic sun exposure anthocyanin response, non-pathological"
train/cauliflower/cauliflower_fruit_Purple Tinges/Purple Tinges_82.jpeg,train,cauliflower__cauliflower_fruit_Purple Tinges,8f861ab9b194b94d686ec87a4d13f41b2ce6a86dde4f32693831233dee0b67f9,"Physiological/abiotic sun exposure anthocyanin response, non-pathological"
train/cauliflower/cauliflower_fruit_Purple Tinges/Purple Tinges_83.jpeg,train,cauliflower__cauliflower_fruit_Purple Tinges,ffc884a2a6853743dba73e7907b890d7c06dd3a58a560be1f38426d138ad019d,"Physiological/abiotic sun exposure anthocyanin response, non-pathological"
train/cauliflower/cauliflower_fruit_Purple Tinges/Purple Tinges_84.jpeg,train,cauliflower__cauliflower_fruit_Purple Tinges,c6ecb615673e5c31ffa124419d224f9108a75484cfef7683ea79e9fb0798e16f,"Physiological/abiotic sun exposure anthocyanin response, non-pathological"
train/cauliflower/cauliflower_fruit_Purple Tinges/Purple Tinges_85.jpeg,train,cauliflower__cauliflower_fruit_Purple Tinges,db82b59f90079489eadf9bc75d2d829e22ea18544d15937b4f39f1821e54dbbf,"Physiological/abiotic sun exposure anthocyanin response, non-pathological"
train/cauliflower/cauliflower_fruit_Purple Tinges/Purple Tinges_86.jpeg,train,cauliflower__cauliflower_fruit_Purple Tinges,aedd955fa4934a28fbc2f3cb633111188e2c268cdd553f9ff2d42135f939a9d7,"Physiological/abiotic sun exposure anthocyanin response, non-pathological"
train/cauliflower/cauliflower_fruit_Purple Tinges/Purple Tinges_87.jpeg,train,cauliflower__cauliflower_fruit_Purple Tinges,00a1dbd53865cad298b003e34967ea12c4f21be8915212b4983094dcac50ab07,"Physiological/abiotic sun exposure anthocyanin response, non-pathological"
train/cauliflower/cauliflower_fruit_Purple Tinges/Purple Tinges_88.jpeg,train,cauliflower__cauliflower_fruit_Purple Tinges,23ed4be5d8d5778012c4143038cefb698656e81c590e2996e3a8e71079f6eeda,"Physiological/abiotic sun exposure anthocyanin response, non-pathological"
train/cauliflower/cauliflower_fruit_Purple Tinges/Purple Tinges_89.jpeg,train,cauliflower__cauliflower_fruit_Purple Tinges,aff7fd136edc8637299d1268bbc04fd5d75869632684cb70d9a6be70dea0d043,"Physiological/abiotic sun exposure anthocyanin response, non-pathological"
train/cauliflower/cauliflower_fruit_Purple Tinges/Purple Tinges_9.jpeg,train,cauliflower__cauliflower_fruit_Purple Tinges,ce1ebc71983541145ec43b1824ec2798296b0b73967d1328fee76dd6face5427,"Physiological/abiotic sun exposure anthocyanin response, non-pathological"
train/cauliflower/cauliflower_fruit_Purple Tinges/Purple Tinges_9.jpg,train,cauliflower__cauliflower_fruit_Purple Tinges,eaecf883b9489e88425016c71960bc3d02a11398b1288e8ed448380f68f585b3,"Physiological/abiotic sun exposure anthocyanin response, non-pathological"
train/cauliflower/cauliflower_fruit_Purple Tinges/Purple Tinges_90.jpeg,train,cauliflower__cauliflower_fruit_Purple Tinges,6fa025d5ec4ce42cda099a577f03ad41c935f55dba171732ddeabd407dba00d3,"Physiological/abiotic sun exposure anthocyanin response, non-pathological"
train/cauliflower/cauliflower_fruit_Purple Tinges/Purple Tinges_91.jpeg,train,cauliflower__cauliflower_fruit_Purple Tinges,ed75d287fe449f614ce1c051fcb9171a735efc4d991d5608b4228b18c06cb30d,"Physiological/abiotic sun exposure anthocyanin response, non-pathological"
train/cauliflower/cauliflower_fruit_Purple Tinges/Purple Tinges_92.jpeg,train,cauliflower__cauliflower_fruit_Purple Tinges,20c59b486736be0660beb5794b097b99d4e69428629092c8386795599f7b7234,"Physiological/abiotic sun exposure anthocyanin response, non-pathological"
train/cauliflower/cauliflower_fruit_Purple Tinges/Purple Tinges_93.jpeg,train,cauliflower__cauliflower_fruit_Purple Tinges,5462a512f644df59d64a9484dcc65a7d8c59dcda1257fe7e5fa358e593ee1637,"Physiological/abiotic sun exposure anthocyanin response, non-pathological"
train/cauliflower/cauliflower_fruit_Purple Tinges/Purple Tinges_94.jpeg,train,cauliflower__cauliflower_fruit_Purple Tinges,ac85c58844134e6c422baa909771cb186e310f04e4582fed259b3eb624168e24,"Physiological/abiotic sun exposure anthocyanin response, non-pathological"
train/cauliflower/cauliflower_fruit_Purple Tinges/Purple Tinges_95.jpeg,train,cauliflower__cauliflower_fruit_Purple Tinges,c535a483f6e5b796b1624f15a201e09c1fdd4b8e7e8ec0069f5d8ce744b60771,"Physiological/abiotic sun exposure anthocyanin response, non-pathological"
train/cauliflower/cauliflower_fruit_Purple Tinges/Purple Tinges_96.jpeg,train,cauliflower__cauliflower_fruit_Purple Tinges,c397185666dc593d3f99eaf177701efaa99f169f11868d55a6ebf918fdc0a690,"Physiological/abiotic sun exposure anthocyanin response, non-pathological"
train/cauliflower/cauliflower_fruit_Purple Tinges/Purple Tinges_97.jpeg,train,cauliflower__cauliflower_fruit_Purple Tinges,0a179315cbd457bbe85aa10db89c33c687aa13ed0c8a5fa066f287962019891e,"Physiological/abiotic sun exposure anthocyanin response, non-pathological"
train/cauliflower/cauliflower_fruit_Purple Tinges/Purple Tinges_98.jpeg,train,cauliflower__cauliflower_fruit_Purple Tinges,088a564c074c1a82364c7c8bf52d4ebfc34aa0a65cb7b3876daeeb300a8aa0d5,"Physiological/abiotic sun exposure anthocyanin response, non-pathological"
train/cauliflower/cauliflower_fruit_Purple Tinges/Purple Tinges_99.jpeg,train,cauliflower__cauliflower_fruit_Purple Tinges,45a94cbe48b90753d0ec314df21c791cb02c4d2a3a0d6c1a304d3f8989500f97,"Physiological/abiotic sun exposure anthocyanin response, non-pathological"
train/bell_pepper/bacterial_spot/efeb1a44-bc48-4099-924b-ebc42827801e___JR_B.Spot_3387.JPG,train,bell_pepper__bacterial_spot,1597d0e25bd58718735bdc186c190dc0eb459e4c194ac2dcdab5ca33bb1dbe70,Train copy of validation image (excluded to prevent val leakage)
train/bell_pepper/bacterial_spot/f31f4122-67f4-4395-8e7d-2ac6e8241f37___JR_B.Spot_3135.JPG,train,bell_pepper__bacterial_spot,99ca53fa047f058556f737812647316ebc2243e3fa79aec9b6799ebdb5efdb86,Train copy of validation image (excluded to prevent val leakage)
train/bell_pepper/Cerespora/e8fc71b3-6ab8-4ca7-93c8-89fdc03ec004___JR_B.Spot 8990.JPG,train,bell_pepper__Cerespora,e743de3a13d87c0a06d8c2e15de31976c66e9417e4e822bad20141372431d2df,Train copy of validation image (excluded to prevent val leakage)
train/bell_pepper/Cerespora/f3cdfb4a-f1d9-4f95-a036-5a9fb585e570___JR_B.Spot 3110.JPG,train,bell_pepper__Cerespora,6b0fd98eb3875f356816cecc106ab8096f482fe3a622bfd5c597ec289d505590,Train copy of validation image (excluded to prevent val leakage)
train/broccoli/downy_mildew/f91ad46af4_broccoli_downy_mildew_google_0045.jpg,train,broccoli__downy_mildew,f91ad46af4be150c0a94626e90cb3009b1deff75daeca08ecd62f9dbc2fe6f12,Train copy of validation image (excluded to prevent val leakage)
train/cauliflower/cauliflower_leaf_Alternaria Leaf Spot/Alternaria Leaf Spot_10.jpg,train,cauliflower__cauliflower_leaf_Alternaria Leaf Spot,5f69c428fcffa74283f7ed1c69d31698a4ba19e4fdd7a91bd76f2a5472f2be16,Train copy of protected test image (excluded to prevent test leakage)
train/cauliflower/cauliflower_leaf_Alternaria Leaf Spot/Alternaria Leaf Spot_268.jpeg,train,cauliflower__cauliflower_leaf_Alternaria Leaf Spot,cac5d03e3342b779dfc0141bd7c8fcd1ba2bf5526af086ceaadb209f7e76e076,Train copy of validation image (excluded to prevent val leakage)
train/cauliflower/cauliflower_leaf_Alternaria Leaf Spot/Alternaria Leaf Spot_284.jpeg,train,cauliflower__cauliflower_leaf_Alternaria Leaf Spot,c2914e1e3ed7bb9821ae486801484404ce1eb41dcf82f3691d64f263240f52cf,Train copy of validation image (excluded to prevent val leakage)
train/cauliflower/cauliflower_leaf_Downy Mildew/Downy Mildew_149.jpg,train,cauliflower__cauliflower_leaf_Downy Mildew,0a41ada9bc859a2663e2fc3a5c14e394d6a5b4379bc58f4fa58f397e6a5f87c0,Train copy of protected test image (excluded to prevent test leakage)
